{
"type": "FeatureCollection",
"name": "nablus-checkpoints",
"crs": { "type": "name", "properties": { "name": "urn:ogc:def:crs:OGC:1.3:CRS84" } },
"features": [
{ "type": "Feature", "properties": { "checkpoint": null, "after_28feb_2025": 0, "open_or_closed": null, "creationdate": null, "creationdate_1": 1663740977860, "affected_community1": null, "obstaclewaitingtime": null, "open_or_closed_gate": null, "closutretype": 1, "comments_oct_7": null, "if_closure_status_is_type_chang": null, "closurestatus": 2, "date_time3": null, "totalpopulationaffected": null, "months": null, "created_user": "OPT_GIS_UNOCHA", "test": null, "near_dist": 1993.0615922899999, "closuretype": null, "rg_oc1": null, "name": "Huwwara-Jirzeem Mountain", "region": 1, "editdate": null, "pcp_og": null, "to_period1": null, "to_period2": null, "globalid": "{3D09595A-6DF6-474F-B1A8-897C70765A17}", "from_period2": null, "h2": "2", "pcp_status": null, "openingclosingfrequency": null, "from_period1": null, "y_coordinate": 32.1764817, "closure_operational": null, "description_ceasefire": null, "iscounted": 1, "operatinghours": null, "affectedpopulation": null, "editor_1": "yaghiemap", "governoratet": "Nablus", "governorates": 15, "last_edited_date": 1758613177574, "groupedfields": null, "x_coordinate": 35.27233099, "editor": null, "creator": null, "near_fid": 638, "installedsincegazaceasefire": 2, "working_hours_from": null, "last_edited_user": "OPT_GIS_UNOCHA", "x": 35.27233099, "y": 32.1764817, "oct_7_status": "2", "created_date": 1750068812087, "objectid": 12, "editdate_1": 1713630272715 }, "geometry": { "type": "Point", "coordinates": [ 35.26894163344496, 32.176342985458362 ] } },
{ "type": "Feature", "properties": { "checkpoint": null, "after_28feb_2025": 0, "open_or_closed": null, "creationdate": null, "creationdate_1": 1663740977860, "affected_community1": 151090, "obstaclewaitingtime": null, "open_or_closed_gate": null, "closutretype": 1, "comments_oct_7": null, "if_closure_status_is_type_chang": null, "closurestatus": 2, "date_time3": null, "totalpopulationaffected": null, "months": null, "created_user": "OPT_GIS_UNOCHA", "test": null, "near_dist": 1851.78517773, "closuretype": null, "rg_oc1": null, "name": "Beit Furik", "region": 1, "editdate": null, "pcp_og": null, "to_period1": null, "to_period2": null, "globalid": "{AE92EF6B-45D0-40BC-A6F2-5B76D296A20E}", "from_period2": null, "h2": "2", "pcp_status": null, "openingclosingfrequency": null, "from_period1": null, "y_coordinate": 32.19978, "closure_operational": null, "description_ceasefire": null, "iscounted": 1, "operatinghours": null, "affectedpopulation": null, "editor_1": "yaghiemap", "governoratet": "Nablus", "governorates": 15, "last_edited_date": 1758613177574, "groupedfields": null, "x_coordinate": 35.317732, "editor": null, "creator": null, "near_fid": 583, "installedsincegazaceasefire": 2, "working_hours_from": null, "last_edited_user": "OPT_GIS_UNOCHA", "x": 35.317732, "y": 32.19978, "oct_7_status": "2", "created_date": 1750068812087, "objectid": 14, "editdate_1": 1713630272715 }, "geometry": { "type": "Point", "coordinates": [ 35.316811382005035, 32.200726841325491 ] } },
{ "type": "Feature", "properties": { "checkpoint": null, "after_28feb_2025": 0, "open_or_closed": null, "creationdate": null, "creationdate_1": 1663740977860, "affected_community1": 151135, "obstaclewaitingtime": null, "open_or_closed_gate": null, "closutretype": 1, "comments_oct_7": null, "if_closure_status_is_type_chang": null, "closurestatus": 2, "date_time3": 1703980800000, "totalpopulationaffected": null, "months": null, "created_user": "OPT_GIS_UNOCHA", "test": null, "near_dist": 2010.1922974700001, "closuretype": null, "rg_oc1": null, "name": "Huwwara-Awarta ", "region": 1, "editdate": null, "pcp_og": null, "to_period1": null, "to_period2": null, "globalid": "{87CDCA31-5277-48D5-8C5E-37E573949F95}", "from_period2": null, "h2": "2", "pcp_status": null, "openingclosingfrequency": null, "from_period1": null, "y_coordinate": 32.17615086, "closure_operational": null, "description_ceasefire": null, "iscounted": 1, "operatinghours": null, "affectedpopulation": null, "editor_1": "yaghiemap", "governoratet": "Nablus", "governorates": 15, "last_edited_date": 1758613177574, "groupedfields": null, "x_coordinate": 35.27286647, "editor": null, "creator": null, "near_fid": 638, "installedsincegazaceasefire": 2, "working_hours_from": null, "last_edited_user": "OPT_GIS_UNOCHA", "x": 35.27286647, "y": 32.17615086, "oct_7_status": "1", "created_date": 1750068812367, "objectid": 42, "editdate_1": 1713630272715 }, "geometry": { "type": "Point", "coordinates": [ 35.274768404320383, 32.175212178341738 ] } },
{ "type": "Feature", "properties": { "checkpoint": null, "after_28feb_2025": 0, "open_or_closed": null, "creationdate": null, "creationdate_1": 1672755318519, "affected_community1": 150920, "obstaclewaitingtime": null, "open_or_closed_gate": null, "closutretype": 1, "comments_oct_7": "Frequently closed", "if_closure_status_is_type_chang": null, "closurestatus": 2, "date_time3": 1703980800000, "totalpopulationaffected": null, "months": null, "created_user": "OPT_GIS_UNOCHA", "test": null, "near_dist": 1112.32870385, "closuretype": null, "rg_oc1": null, "name": "Shave Shomron", "region": 1, "editdate": null, "pcp_og": null, "to_period1": null, "to_period2": null, "globalid": "{E1F23F02-3996-42E2-94D0-7AF130A1F7BA}", "from_period2": null, "h2": "2", "pcp_status": null, "openingclosingfrequency": null, "from_period1": null, "y_coordinate": 32.26449448, "closure_operational": null, "description_ceasefire": null, "iscounted": 1, "operatinghours": null, "affectedpopulation": null, "editor_1": "yaghiemap", "governoratet": "Nablus", "governorates": 15, "last_edited_date": 1758613177574, "groupedfields": null, "x_coordinate": 35.1880383, "editor": null, "creator": null, "near_fid": 593, "installedsincegazaceasefire": 2, "working_hours_from": null, "last_edited_user": "OPT_GIS_UNOCHA", "x": 35.1880383, "y": 32.26449448, "oct_7_status": "1", "created_date": 1750068812632, "objectid": 77, "editdate_1": 1713630272715 }, "geometry": { "type": "Point", "coordinates": [ 35.188038300805637, 32.264494483986034 ] } },
{ "type": "Feature", "properties": { "checkpoint": 1, "after_28feb_2025": 0, "open_or_closed": null, "creationdate": null, "creationdate_1": 1709709451487, "affected_community1": 150920, "obstaclewaitingtime": null, "open_or_closed_gate": null, "closutretype": 1, "comments_oct_7": "mostly open, with movement restriction\r\n", "if_closure_status_is_type_chang": null, "closurestatus": 2, "date_time3": 1703980800000, "totalpopulationaffected": null, "months": null, "created_user": "OPT_GIS_UNOCHA", "test": null, "near_dist": -1.0, "closuretype": null, "rg_oc1": null, "name": "Tell (Al Murab'a)", "region": 1, "editdate": null, "pcp_og": null, "to_period1": null, "to_period2": null, "globalid": "{3FCDE9EB-9E05-41B8-A554-859330F63572}", "from_period2": null, "h2": "2", "pcp_status": null, "openingclosingfrequency": null, "from_period1": null, "y_coordinate": 32.195488, "closure_operational": null, "description_ceasefire": null, "iscounted": 1, "operatinghours": null, "affectedpopulation": null, "editor_1": "yaghiemap", "governoratet": "Nablus", "governorates": 15, "last_edited_date": 1758613177574, "groupedfields": null, "x_coordinate": 35.231, "editor": null, "creator": null, "near_fid": -1, "installedsincegazaceasefire": 2, "working_hours_from": null, "last_edited_user": "OPT_GIS_UNOCHA", "x": 35.231, "y": 32.195488, "oct_7_status": "1", "created_date": 1750068812632, "objectid": 78, "editdate_1": 1713630272715 }, "geometry": { "type": "Point", "coordinates": [ 35.231010088699541, 32.195485521613044 ] } },
{ "type": "Feature", "properties": { "checkpoint": 1, "after_28feb_2025": 0, "open_or_closed": null, "creationdate": null, "creationdate_1": 1709725828740, "affected_community1": 150810, "obstaclewaitingtime": null, "open_or_closed_gate": null, "closutretype": 1, "comments_oct_7": null, "if_closure_status_is_type_chang": "PCP to CP", "closurestatus": 2, "date_time3": 1703980800000, "totalpopulationaffected": null, "months": null, "created_user": "OPT_GIS_UNOCHA", "test": null, "near_dist": 417.96763413999997, "closuretype": null, "rg_oc1": null, "name": "Deir Sharaf", "region": 1, "editdate": null, "pcp_og": null, "to_period1": null, "to_period2": null, "globalid": "{F00CEE57-A7DC-4208-9F1C-E9FDE81AEF2C}", "from_period2": null, "h2": "2", "pcp_status": null, "openingclosingfrequency": null, "from_period1": null, "y_coordinate": 32.25546555, "closure_operational": null, "description_ceasefire": null, "iscounted": 1, "operatinghours": null, "affectedpopulation": null, "editor_1": "yaghiemap", "governoratet": "Nablus", "governorates": 15, "last_edited_date": 1758613177574, "groupedfields": null, "x_coordinate": 35.1845972, "editor": null, "creator": null, "near_fid": 149, "installedsincegazaceasefire": 2, "working_hours_from": null, "last_edited_user": "OPT_GIS_UNOCHA", "x": 35.1845972, "y": 32.25546555, "oct_7_status": "1", "created_date": 1750068812720, "objectid": 81, "editdate_1": 1713630272715 }, "geometry": { "type": "Point", "coordinates": [ 35.184597196986552, 32.255465553423448 ] } },
{ "type": "Feature", "properties": { "checkpoint": null, "after_28feb_2025": 0, "open_or_closed": null, "creationdate": null, "creationdate_1": 1709727318845, "affected_community1": 150920, "obstaclewaitingtime": null, "open_or_closed_gate": null, "closutretype": 10, "comments_oct_7": "from PCP to CP", "if_closure_status_is_type_chang": null, "closurestatus": 2, "date_time3": 1703980800000, "totalpopulationaffected": null, "months": null, "created_user": "OPT_GIS_UNOCHA", "test": null, "near_dist": -1.0, "closuretype": null, "rg_oc1": null, "name": "Huwwara", "region": 1, "editdate": null, "pcp_og": null, "to_period1": null, "to_period2": null, "globalid": "{1D73751F-9AF4-4965-A1A1-A5DC637CA0F3}", "from_period2": null, "h2": "2", "pcp_status": null, "openingclosingfrequency": null, "from_period1": null, "y_coordinate": 32.177657, "closure_operational": null, "description_ceasefire": null, "iscounted": 1, "operatinghours": null, "affectedpopulation": null, "editor_1": "yaghiemap", "governoratet": "Nablus", "governorates": 15, "last_edited_date": 1758613177574, "groupedfields": null, "x_coordinate": 35.273422, "editor": null, "creator": null, "near_fid": -1, "installedsincegazaceasefire": 2, "working_hours_from": null, "last_edited_user": "OPT_GIS_UNOCHA", "x": 35.273422, "y": 32.177657, "oct_7_status": "1", "created_date": 1750068812720, "objectid": 82, "editdate_1": 1713630272715 }, "geometry": { "type": "Point", "coordinates": [ 35.27470508677591, 32.179969376965182 ] } },
{ "type": "Feature", "properties": { "checkpoint": null, "after_28feb_2025": 0, "open_or_closed": 1, "creationdate": null, "creationdate_1": 1663740993047, "affected_community1": null, "obstaclewaitingtime": null, "open_or_closed_gate": "Open", "closutretype": 6, "comments_oct_7": " above the tunnel on the road leads to road 60 ", "if_closure_status_is_type_chang": null, "closurestatus": 2, "date_time3": null, "totalpopulationaffected": null, "months": null, "created_user": "OPT_GIS_UNOCHA", "test": null, "near_dist": -1.0, "closuretype": null, "rg_oc1": 1, "name": "Tell Madama road gate", "region": 1, "editdate": null, "pcp_og": null, "to_period1": null, "to_period2": null, "globalid": "{D2A44F08-FAAA-49AE-9128-6AF6DDA7B322}", "from_period2": null, "h2": "2", "pcp_status": null, "openingclosingfrequency": null, "from_period1": null, "y_coordinate": 32.18905081, "closure_operational": null, "description_ceasefire": null, "iscounted": 1, "operatinghours": null, "affectedpopulation": null, "editor_1": "yaghiemap", "governoratet": "Nablus", "governorates": 15, "last_edited_date": 1758613177574, "groupedfields": null, "x_coordinate": 35.23057093, "editor": null, "creator": null, "near_fid": -1, "installedsincegazaceasefire": 2, "working_hours_from": null, "last_edited_user": "OPT_GIS_UNOCHA", "x": 35.23057093, "y": 32.18905081, "oct_7_status": "1", "created_date": 1750068812720, "objectid": 87, "editdate_1": 1713630021441 }, "geometry": { "type": "Point", "coordinates": [ 35.230570930262168, 32.189050814387073 ] } },
{ "type": "Feature", "properties": { "checkpoint": null, "after_28feb_2025": 0, "open_or_closed": 1, "creationdate": null, "creationdate_1": 1663740993047, "affected_community1": 151245, "obstaclewaitingtime": null, "open_or_closed_gate": "Open", "closutretype": 3, "comments_oct_7": null, "if_closure_status_is_type_chang": null, "closurestatus": 2, "date_time3": null, "totalpopulationaffected": null, "months": null, "created_user": "OPT_GIS_UNOCHA", "test": null, "near_dist": -1.0, "closuretype": null, "rg_oc1": 1, "name": "505 Jamma'in Marda", "region": 1, "editdate": null, "pcp_og": null, "to_period1": null, "to_period2": null, "globalid": "{1A3B3E92-AEF3-4251-B9E3-0DD9368815F0}", "from_period2": null, "h2": "2", "pcp_status": null, "openingclosingfrequency": null, "from_period1": null, "y_coordinate": 32.1223208, "closure_operational": null, "description_ceasefire": null, "iscounted": 1, "operatinghours": null, "affectedpopulation": null, "editor_1": "yaghiemap", "governoratet": "Nablus", "governorates": 15, "last_edited_date": 1758613177574, "groupedfields": null, "x_coordinate": 35.20371692, "editor": null, "creator": null, "near_fid": -1, "installedsincegazaceasefire": 2, "working_hours_from": null, "last_edited_user": "OPT_GIS_UNOCHA", "x": 35.20371692, "y": 32.1223208, "oct_7_status": "2", "created_date": 1750068812808, "objectid": 96, "editdate_1": 1713630021441 }, "geometry": { "type": "Point", "coordinates": [ 35.203716919925043, 32.122320801509645 ] } },
{ "type": "Feature", "properties": { "checkpoint": null, "after_28feb_2025": 0, "open_or_closed": 1, "creationdate": null, "creationdate_1": 1663740993047, "affected_community1": 251300, "obstaclewaitingtime": null, "open_or_closed_gate": "Open", "closutretype": 6, "comments_oct_7": null, "if_closure_status_is_type_chang": null, "closurestatus": 2, "date_time3": null, "totalpopulationaffected": null, "months": null, "created_user": "OPT_GIS_UNOCHA", "test": null, "near_dist": -1.0, "closuretype": null, "rg_oc1": 1, "name": "505 Marda Jamma'in 2", "region": 1, "editdate": null, "pcp_og": null, "to_period1": null, "to_period2": null, "globalid": "{FF93DB74-983B-402F-8A13-613322CD0C98}", "from_period2": null, "h2": "2", "pcp_status": null, "openingclosingfrequency": null, "from_period1": null, "y_coordinate": 32.12127731, "closure_operational": null, "description_ceasefire": "closed since the escalation in Oct 2023", "iscounted": 1, "operatinghours": null, "affectedpopulation": null, "editor_1": "yaghiemap", "governoratet": "Nablus", "governorates": 15, "last_edited_date": 1758613177574, "groupedfields": null, "x_coordinate": 35.2017088, "editor": null, "creator": null, "near_fid": -1, "installedsincegazaceasefire": 2, "working_hours_from": null, "last_edited_user": "OPT_GIS_UNOCHA", "x": 35.2017088, "y": 32.12127731, "oct_7_status": "1", "created_date": 1750068812808, "objectid": 97, "editdate_1": 1713630021441 }, "geometry": { "type": "Point", "coordinates": [ 35.201708798219151, 32.121277308352603 ] } },
{ "type": "Feature", "properties": { "checkpoint": null, "after_28feb_2025": 0, "open_or_closed": 2, "creationdate": null, "creationdate_1": 1663740993047, "affected_community1": 150785, "obstaclewaitingtime": null, "open_or_closed_gate": "Closed", "closutretype": 6, "comments_oct_7": "open to closed RG", "if_closure_status_is_type_chang": null, "closurestatus": 2, "date_time3": 1703980800000, "totalpopulationaffected": null, "months": null, "created_user": "OPT_GIS_UNOCHA", "test": null, "near_dist": -1.0, "closuretype": null, "rg_oc1": 2, "name": "Al Naqura - Shave Shomron road gate", "region": 1, "editdate": null, "pcp_og": null, "to_period1": null, "to_period2": null, "globalid": "{1FEF3836-EEF2-406B-9A6E-FE421A326024}", "from_period2": null, "h2": "2", "pcp_status": null, "openingclosingfrequency": null, "from_period1": null, "y_coordinate": 32.2641169, "closure_operational": null, "description_ceasefire": null, "iscounted": 1, "operatinghours": null, "affectedpopulation": null, "editor_1": "yaghiemap", "governoratet": "Nablus", "governorates": 15, "last_edited_date": 1758613177574, "groupedfields": null, "x_coordinate": 35.18980403, "editor": null, "creator": null, "near_fid": -1, "installedsincegazaceasefire": 2, "working_hours_from": null, "last_edited_user": "OPT_GIS_UNOCHA", "x": 35.18980403, "y": 32.2641169, "oct_7_status": "1", "created_date": 1750068812895, "objectid": 105, "editdate_1": 1713630021441 }, "geometry": { "type": "Point", "coordinates": [ 35.192165826515335, 32.263019108372916 ] } },
{ "type": "Feature", "properties": { "checkpoint": null, "after_28feb_2025": 0, "open_or_closed": 2, "creationdate": null, "creationdate_1": 1663740993047, "affected_community1": null, "obstaclewaitingtime": null, "open_or_closed_gate": "Closed", "closutretype": 6, "comments_oct_7": null, "if_closure_status_is_type_chang": null, "closurestatus": 2, "date_time3": null, "totalpopulationaffected": null, "months": null, "created_user": "OPT_GIS_UNOCHA", "test": null, "near_dist": -1.0, "closuretype": null, "rg_oc1": 2, "name": "Awarta DCO", "region": 1, "editdate": null, "pcp_og": null, "to_period1": null, "to_period2": null, "globalid": "{EEEB660A-A899-4389-AB39-50B2BF763275}", "from_period2": null, "h2": "2", "pcp_status": null, "openingclosingfrequency": null, "from_period1": null, "y_coordinate": 32.172694, "closure_operational": null, "description_ceasefire": null, "iscounted": 1, "operatinghours": null, "affectedpopulation": null, "editor_1": "yaghiemap", "governoratet": "Nablus", "governorates": 15, "last_edited_date": 1758613177574, "groupedfields": null, "x_coordinate": 35.282866, "editor": null, "creator": null, "near_fid": -1, "installedsincegazaceasefire": 2, "working_hours_from": null, "last_edited_user": "OPT_GIS_UNOCHA", "x": 35.282866, "y": 32.172694, "oct_7_status": "2", "created_date": 1750068812982, "objectid": 112, "editdate_1": 1713630021441 }, "geometry": { "type": "Point", "coordinates": [ 35.282866000003501, 32.172693999387995 ] } },
{ "type": "Feature", "properties": { "checkpoint": null, "after_28feb_2025": 0, "open_or_closed": 1, "creationdate": null, "creationdate_1": 1663740993047, "affected_community1": null, "obstaclewaitingtime": null, "open_or_closed_gate": "Open", "closutretype": 3, "comments_oct_7": null, "if_closure_status_is_type_chang": null, "closurestatus": 2, "date_time3": null, "totalpopulationaffected": null, "months": null, "created_user": "OPT_GIS_UNOCHA", "test": null, "near_dist": -1.0, "closuretype": null, "rg_oc1": 1, "name": "At Tur", "region": 1, "editdate": null, "pcp_og": null, "to_period1": null, "to_period2": null, "globalid": "{C19F0CD3-9908-4D09-AF25-30EF8F2BA9BD}", "from_period2": null, "h2": "2", "pcp_status": null, "openingclosingfrequency": null, "from_period1": null, "y_coordinate": 32.20523, "closure_operational": null, "description_ceasefire": null, "iscounted": 1, "operatinghours": null, "affectedpopulation": null, "editor_1": "yaghiemap", "governoratet": "Nablus", "governorates": 15, "last_edited_date": 1758613177574, "groupedfields": null, "x_coordinate": 35.266408, "editor": null, "creator": null, "near_fid": -1, "installedsincegazaceasefire": 2, "working_hours_from": null, "last_edited_user": "OPT_GIS_UNOCHA", "x": 35.266408, "y": 32.20523, "oct_7_status": "2", "created_date": 1750068812982, "objectid": 113, "editdate_1": 1713630021441 }, "geometry": { "type": "Point", "coordinates": [ 35.266407999860149, 32.205230000135842 ] } },
{ "type": "Feature", "properties": { "checkpoint": null, "after_28feb_2025": 0, "open_or_closed": 1, "creationdate": null, "creationdate_1": 1663740993047, "affected_community1": null, "obstaclewaitingtime": null, "open_or_closed_gate": "Open", "closutretype": 3, "comments_oct_7": null, "if_closure_status_is_type_chang": null, "closurestatus": 2, "date_time3": null, "totalpopulationaffected": null, "months": null, "created_user": "OPT_GIS_UNOCHA", "test": null, "near_dist": -1.0, "closuretype": null, "rg_oc1": 1, "name": "Tell al khadhaba dirt road east", "region": 1, "editdate": null, "pcp_og": null, "to_period1": null, "to_period2": null, "globalid": "{D2BBBFB4-90BF-4BF7-AABE-E47F55577784}", "from_period2": null, "h2": "2", "pcp_status": null, "openingclosingfrequency": null, "from_period1": null, "y_coordinate": 32.10137452, "closure_operational": null, "description_ceasefire": null, "iscounted": 1, "operatinghours": null, "affectedpopulation": null, "editor_1": "yaghiemap", "governoratet": "Nablus", "governorates": 15, "last_edited_date": 1758613177574, "groupedfields": null, "x_coordinate": 35.38615433, "editor": null, "creator": null, "near_fid": -1, "installedsincegazaceasefire": 2, "working_hours_from": null, "last_edited_user": "OPT_GIS_UNOCHA", "x": 35.38615433, "y": 32.10137452, "oct_7_status": "2", "created_date": 1750068813249, "objectid": 141, "editdate_1": 1713630021441 }, "geometry": { "type": "Point", "coordinates": [ 35.386154332522068, 32.101374522464951 ] } },
{ "type": "Feature", "properties": { "checkpoint": null, "after_28feb_2025": 0, "open_or_closed": 2, "creationdate": null, "creationdate_1": 1663740993047, "affected_community1": null, "obstaclewaitingtime": null, "open_or_closed_gate": "Closed", "closutretype": 6, "comments_oct_7": null, "if_closure_status_is_type_chang": null, "closurestatus": 2, "date_time3": null, "totalpopulationaffected": null, "months": null, "created_user": "OPT_GIS_UNOCHA", "test": null, "near_dist": -1.0, "closuretype": null, "rg_oc1": 2, "name": "Beit Furik north", "region": 1, "editdate": null, "pcp_og": null, "to_period1": null, "to_period2": null, "globalid": "{425009E1-B4B8-4BF5-A9BF-B10FEA9EBC47}", "from_period2": null, "h2": "2", "pcp_status": null, "openingclosingfrequency": null, "from_period1": null, "y_coordinate": 32.19891746, "closure_operational": null, "description_ceasefire": null, "iscounted": 1, "operatinghours": null, "affectedpopulation": null, "editor_1": "yaghiemap", "governoratet": "Nablus", "governorates": 15, "last_edited_date": 1758613177574, "groupedfields": null, "x_coordinate": 35.336518, "editor": null, "creator": null, "near_fid": -1, "installedsincegazaceasefire": 2, "working_hours_from": null, "last_edited_user": "OPT_GIS_UNOCHA", "x": 35.336518, "y": 32.19891746, "oct_7_status": "2", "created_date": 1750068813334, "objectid": 152, "editdate_1": 1713630021441 }, "geometry": { "type": "Point", "coordinates": [ 35.336517999306345, 32.198917460558974 ] } },
{ "type": "Feature", "properties": { "checkpoint": null, "after_28feb_2025": 0, "open_or_closed": 2, "creationdate": null, "creationdate_1": 1663740993047, "affected_community1": null, "obstaclewaitingtime": null, "open_or_closed_gate": "Closed", "closutretype": 6, "comments_oct_7": null, "if_closure_status_is_type_chang": null, "closurestatus": 2, "date_time3": null, "totalpopulationaffected": null, "months": null, "created_user": "OPT_GIS_UNOCHA", "test": null, "near_dist": -1.0, "closuretype": null, "rg_oc1": 2, "name": "'Awarta commercial", "region": 1, "editdate": null, "pcp_og": null, "to_period1": null, "to_period2": null, "globalid": "{831258BC-25ED-4AD1-BF45-43F6B258A8D7}", "from_period2": null, "h2": "2", "pcp_status": null, "openingclosingfrequency": null, "from_period1": null, "y_coordinate": 32.17952811, "closure_operational": null, "description_ceasefire": null, "iscounted": 1, "operatinghours": null, "affectedpopulation": null, "editor_1": "yaghiemap", "governoratet": "Nablus", "governorates": 15, "last_edited_date": 1758613177574, "groupedfields": null, "x_coordinate": 35.28267559, "editor": null, "creator": null, "near_fid": -1, "installedsincegazaceasefire": 2, "working_hours_from": null, "last_edited_user": "OPT_GIS_UNOCHA", "x": 35.28267559, "y": 32.17952811, "oct_7_status": "2", "created_date": 1750068813508, "objectid": 174, "editdate_1": 1713630021441 }, "geometry": { "type": "Point", "coordinates": [ 35.282675587718991, 32.179528111601947 ] } },
{ "type": "Feature", "properties": { "checkpoint": null, "after_28feb_2025": 0, "open_or_closed": 2, "creationdate": null, "creationdate_1": 1663740993047, "affected_community1": 151080, "obstaclewaitingtime": null, "open_or_closed_gate": "Closed", "closutretype": 6, "comments_oct_7": null, "if_closure_status_is_type_chang": null, "closurestatus": 2, "date_time3": null, "totalpopulationaffected": null, "months": null, "created_user": "OPT_GIS_UNOCHA", "test": null, "near_dist": -1.0, "closuretype": null, "rg_oc1": 2, "name": "Burin- Brakha", "region": 1, "editdate": null, "pcp_og": null, "to_period1": null, "to_period2": null, "globalid": "{9F64BFA4-733F-4D7E-A85D-F7DFA4DCA25A}", "from_period2": null, "h2": "2", "pcp_status": null, "openingclosingfrequency": null, "from_period1": null, "y_coordinate": 32.1928145, "closure_operational": null, "description_ceasefire": null, "iscounted": 1, "operatinghours": null, "affectedpopulation": null, "editor_1": "yaghiemap", "governoratet": "Nablus", "governorates": 15, "last_edited_date": 1758613177574, "groupedfields": null, "x_coordinate": 35.24777673, "editor": null, "creator": null, "near_fid": -1, "installedsincegazaceasefire": 2, "working_hours_from": null, "last_edited_user": "OPT_GIS_UNOCHA", "x": 35.24777673, "y": 32.1928145, "oct_7_status": "2", "created_date": 1750068813773, "objectid": 209, "editdate_1": 1713630021441 }, "geometry": { "type": "Point", "coordinates": [ 35.24777672742178, 32.192814503275706 ] } },
{ "type": "Feature", "properties": { "checkpoint": null, "after_28feb_2025": 0, "open_or_closed": 2, "creationdate": null, "creationdate_1": 1664359928690, "affected_community1": 151365, "obstaclewaitingtime": null, "open_or_closed_gate": "Closed", "closutretype": 6, "comments_oct_7": null, "if_closure_status_is_type_chang": null, "closurestatus": 2, "date_time3": null, "totalpopulationaffected": null, "months": null, "created_user": "OPT_GIS_UNOCHA", "test": null, "near_dist": -1.0, "closuretype": null, "rg_oc1": 2, "name": "Migdalim settlement gate", "region": 1, "editdate": null, "pcp_og": null, "to_period1": null, "to_period2": null, "globalid": "{AF717292-A25E-4A5F-AF65-92E3CD5B15AD}", "from_period2": null, "h2": "2", "pcp_status": null, "openingclosingfrequency": null, "from_period1": null, "y_coordinate": 32.09419764, "closure_operational": null, "description_ceasefire": null, "iscounted": 1, "operatinghours": null, "affectedpopulation": null, "editor_1": "yaghiemap", "governoratet": "Nablus", "governorates": 15, "last_edited_date": 1758613177574, "groupedfields": null, "x_coordinate": 35.3472035, "editor": null, "creator": null, "near_fid": -1, "installedsincegazaceasefire": 2, "working_hours_from": null, "last_edited_user": "OPT_GIS_UNOCHA", "x": 35.3472035, "y": 32.09419764, "oct_7_status": "2", "created_date": 1750068814043, "objectid": 232, "editdate_1": 1713630021441 }, "geometry": { "type": "Point", "coordinates": [ 35.347203500369105, 32.094197635423399 ] } },
{ "type": "Feature", "properties": { "checkpoint": null, "after_28feb_2025": 0, "open_or_closed": 2, "creationdate": null, "creationdate_1": 1665046678517, "affected_community1": 999911, "obstaclewaitingtime": null, "open_or_closed_gate": "Closed", "closutretype": 6, "comments_oct_7": null, "if_closure_status_is_type_chang": null, "closurestatus": 2, "date_time3": null, "totalpopulationaffected": null, "months": null, "created_user": "OPT_GIS_UNOCHA", "test": null, "near_dist": -1.0, "closuretype": null, "rg_oc1": 2, "name": "Lifjim RG 2", "region": 1, "editdate": null, "pcp_og": null, "to_period1": null, "to_period2": null, "globalid": "{A61C4C23-6877-4737-BD2A-3F396B98512E}", "from_period2": null, "h2": "2", "pcp_status": null, "openingclosingfrequency": null, "from_period1": null, "y_coordinate": 32.10781878, "closure_operational": null, "description_ceasefire": null, "iscounted": 1, "operatinghours": null, "affectedpopulation": null, "editor_1": "yaghiemap", "governoratet": "Nablus", "governorates": 15, "last_edited_date": 1758613177574, "groupedfields": null, "x_coordinate": 35.39996743, "editor": null, "creator": null, "near_fid": -1, "installedsincegazaceasefire": 2, "working_hours_from": null, "last_edited_user": "OPT_GIS_UNOCHA", "x": 35.39996743, "y": 32.10781878, "oct_7_status": "2", "created_date": 1750068814135, "objectid": 242, "editdate_1": 1713630021441 }, "geometry": { "type": "Point", "coordinates": [ 35.399967433037219, 32.107818782941756 ] } },
{ "type": "Feature", "properties": { "checkpoint": null, "after_28feb_2025": 0, "open_or_closed": 1, "creationdate": null, "creationdate_1": 1709630822791, "affected_community1": 151270, "obstaclewaitingtime": null, "open_or_closed_gate": "Open", "closutretype": 3, "comments_oct_7": null, "if_closure_status_is_type_chang": null, "closurestatus": 2, "date_time3": 1703980800000, "totalpopulationaffected": null, "months": null, "created_user": "OPT_GIS_UNOCHA", "test": null, "near_dist": -1.0, "closuretype": null, "rg_oc1": 1, "name": "Aqraba RG", "region": 1, "editdate": null, "pcp_og": null, "to_period1": null, "to_period2": null, "globalid": "{6F846246-8243-4F7C-B57A-604B1BAC674F}", "from_period2": null, "h2": "2", "pcp_status": null, "openingclosingfrequency": null, "from_period1": null, "y_coordinate": 32.120724, "closure_operational": null, "description_ceasefire": null, "iscounted": 1, "operatinghours": null, "affectedpopulation": null, "editor_1": "yaghiemap", "governoratet": "Nablus", "governorates": 15, "last_edited_date": 1758613177574, "groupedfields": null, "x_coordinate": 35.3198985, "editor": null, "creator": null, "near_fid": -1, "installedsincegazaceasefire": 2, "working_hours_from": null, "last_edited_user": "OPT_GIS_UNOCHA", "x": 35.3198985, "y": 32.120724, "oct_7_status": "1", "created_date": 1750068814319, "objectid": 263, "editdate_1": 1713630021441 }, "geometry": { "type": "Point", "coordinates": [ 35.319898500445191, 32.120724000131055 ] } },
{ "type": "Feature", "properties": { "checkpoint": null, "after_28feb_2025": 0, "open_or_closed": 1, "creationdate": null, "creationdate_1": 1709637036428, "affected_community1": 151080, "obstaclewaitingtime": null, "open_or_closed_gate": "Open", "closutretype": 11, "comments_oct_7": "open road gate and CP", "if_closure_status_is_type_chang": null, "closurestatus": 2, "date_time3": 1703980800000, "totalpopulationaffected": null, "months": null, "created_user": "OPT_GIS_UNOCHA", "test": null, "near_dist": -1.0, "closuretype": null, "rg_oc1": 1, "name": "Burin RG", "region": 1, "editdate": null, "pcp_og": null, "to_period1": null, "to_period2": null, "globalid": "{B7B7CC60-E57D-409C-925E-3AD64B9C6BD2}", "from_period2": null, "h2": "2", "pcp_status": null, "openingclosingfrequency": null, "from_period1": null, "y_coordinate": 32.1714793, "closure_operational": null, "description_ceasefire": null, "iscounted": 1, "operatinghours": null, "affectedpopulation": null, "editor_1": "yaghiemap", "governoratet": "Nablus", "governorates": 15, "last_edited_date": 1758613177574, "groupedfields": null, "x_coordinate": 35.268959, "editor": null, "creator": null, "near_fid": -1, "installedsincegazaceasefire": 2, "working_hours_from": null, "last_edited_user": "OPT_GIS_UNOCHA", "x": 35.268959, "y": 32.1714793, "oct_7_status": "1", "created_date": 1750068814319, "objectid": 264, "editdate_1": 1713630021441 }, "geometry": { "type": "Point", "coordinates": [ 35.268959000140562, 32.171479300038769 ] } },
{ "type": "Feature", "properties": { "checkpoint": null, "after_28feb_2025": 0, "open_or_closed": 1, "creationdate": null, "creationdate_1": 1709646118038, "affected_community1": 151345, "obstaclewaitingtime": null, "open_or_closed_gate": "Open", "closutretype": 3, "comments_oct_7": "installed on Feb 2024", "if_closure_status_is_type_chang": null, "closurestatus": 2, "date_time3": 1703980800000, "totalpopulationaffected": null, "months": null, "created_user": "OPT_GIS_UNOCHA", "test": null, "near_dist": -1.0, "closuretype": null, "rg_oc1": 1, "name": "Jurish RG", "region": 1, "editdate": null, "pcp_og": null, "to_period1": null, "to_period2": null, "globalid": "{05D4A1E4-5173-4980-873B-24D1E0EA5CD3}", "from_period2": null, "h2": "2", "pcp_status": null, "openingclosingfrequency": null, "from_period1": null, "y_coordinate": 32.1052127, "closure_operational": null, "description_ceasefire": null, "iscounted": 1, "operatinghours": null, "affectedpopulation": null, "editor_1": "yaghiemap", "governoratet": "Nablus", "governorates": 15, "last_edited_date": 1758618476625, "groupedfields": null, "x_coordinate": 35.3405062, "editor": null, "creator": null, "near_fid": -1, "installedsincegazaceasefire": 2, "working_hours_from": null, "last_edited_user": "OPT_GIS_UNOCHA", "x": 35.3405062, "y": 32.1052127, "oct_7_status": "1", "created_date": 1750068814319, "objectid": 267, "editdate_1": 1713630021441 }, "geometry": { "type": "Point", "coordinates": [ 35.34050619962975, 32.105212699578388 ] } },
{ "type": "Feature", "properties": { "checkpoint": null, "after_28feb_2025": 0, "open_or_closed": 1, "creationdate": null, "creationdate_1": 1709649981150, "affected_community1": 151385, "obstaclewaitingtime": null, "open_or_closed_gate": "Open", "closutretype": 3, "comments_oct_7": null, "if_closure_status_is_type_chang": null, "closurestatus": 2, "date_time3": 1703980800000, "totalpopulationaffected": null, "months": null, "created_user": "OPT_GIS_UNOCHA", "test": null, "near_dist": -1.0, "closuretype": null, "rg_oc1": 1, "name": "Majdal Bani Fadil RG", "region": 1, "editdate": null, "pcp_og": null, "to_period1": null, "to_period2": null, "globalid": "{43C3B3CC-3799-49CE-88C7-D67BC912EBCE}", "from_period2": null, "h2": "2", "pcp_status": null, "openingclosingfrequency": null, "from_period1": null, "y_coordinate": 32.0883452, "closure_operational": null, "description_ceasefire": null, "iscounted": 1, "operatinghours": null, "affectedpopulation": null, "editor_1": "yaghiemap", "governoratet": "Nablus", "governorates": 15, "last_edited_date": 1758613177574, "groupedfields": null, "x_coordinate": 35.3510203, "editor": null, "creator": null, "near_fid": -1, "installedsincegazaceasefire": 2, "working_hours_from": null, "last_edited_user": "OPT_GIS_UNOCHA", "x": 35.3510203, "y": 32.0883452, "oct_7_status": "1", "created_date": 1750068814319, "objectid": 268, "editdate_1": 1713630021441 }, "geometry": { "type": "Point", "coordinates": [ 35.351020300134373, 32.088345200214199 ] } },
{ "type": "Feature", "properties": { "checkpoint": null, "after_28feb_2025": 0, "open_or_closed": 1, "creationdate": null, "creationdate_1": 1709651621663, "affected_community1": 151365, "obstaclewaitingtime": null, "open_or_closed_gate": "Open", "closutretype": 3, "comments_oct_7": null, "if_closure_status_is_type_chang": null, "closurestatus": 2, "date_time3": 1703980800000, "totalpopulationaffected": null, "months": null, "created_user": "OPT_GIS_UNOCHA", "test": null, "near_dist": -1.0, "closuretype": null, "rg_oc1": 1, "name": "Qusra RG", "region": 1, "editdate": null, "pcp_og": null, "to_period1": null, "to_period2": null, "globalid": "{AF9CDBA3-147B-4CAD-8880-29DCF9DD51FF}", "from_period2": null, "h2": "2", "pcp_status": null, "openingclosingfrequency": null, "from_period1": null, "y_coordinate": 32.0852051, "closure_operational": null, "description_ceasefire": null, "iscounted": 1, "operatinghours": null, "affectedpopulation": null, "editor_1": "yaghiemap", "governoratet": "Nablus", "governorates": 15, "last_edited_date": 1758613177574, "groupedfields": null, "x_coordinate": 35.3411405, "editor": null, "creator": null, "near_fid": -1, "installedsincegazaceasefire": 2, "working_hours_from": null, "last_edited_user": "OPT_GIS_UNOCHA", "x": 35.3411405, "y": 32.0852051, "oct_7_status": "1", "created_date": 1750068814319, "objectid": 270, "editdate_1": 1713630021441 }, "geometry": { "type": "Point", "coordinates": [ 35.341140499847008, 32.085205099698868 ] } },
{ "type": "Feature", "properties": { "checkpoint": null, "after_28feb_2025": 0, "open_or_closed": 2, "creationdate": null, "creationdate_1": 1709708653347, "affected_community1": 151405, "obstaclewaitingtime": null, "open_or_closed_gate": "Closed", "closutretype": 10, "comments_oct_7": "PCP to closed RG", "if_closure_status_is_type_chang": "PCP to RG", "closurestatus": 2, "date_time3": 1703980800000, "totalpopulationaffected": null, "months": null, "created_user": "OPT_GIS_UNOCHA", "test": null, "near_dist": -1.0, "closuretype": null, "rg_oc1": 2, "name": "Al Lubban ash Sharqiya RG", "region": 1, "editdate": null, "pcp_og": null, "to_period1": null, "to_period2": null, "globalid": "{0EDDDA11-BC56-48A1-A520-12BDD4901C8F}", "from_period2": null, "h2": "2", "pcp_status": null, "openingclosingfrequency": null, "from_period1": null, "y_coordinate": 32.0722, "closure_operational": null, "description_ceasefire": null, "iscounted": 1, "operatinghours": null, "affectedpopulation": null, "editor_1": "yaghiemap", "governoratet": "Nablus", "governorates": 15, "last_edited_date": 1758613177574, "groupedfields": null, "x_coordinate": 35.2458, "editor": null, "creator": null, "near_fid": -1, "installedsincegazaceasefire": 2, "working_hours_from": null, "last_edited_user": "OPT_GIS_UNOCHA", "x": 35.2458, "y": 32.0722, "oct_7_status": "1", "created_date": 1750068814406, "objectid": 272, "editdate_1": 1713630021441 }, "geometry": { "type": "Point", "coordinates": [ 35.245800000470183, 32.072200000422342 ] } },
{ "type": "Feature", "properties": { "checkpoint": null, "after_28feb_2025": 0, "open_or_closed": 1, "creationdate": null, "creationdate_1": 1711620998219, "affected_community1": null, "obstaclewaitingtime": null, "open_or_closed_gate": "Open", "closutretype": 3, "comments_oct_7": null, "if_closure_status_is_type_chang": null, "closurestatus": 2, "date_time3": null, "totalpopulationaffected": null, "months": null, "created_user": "OPT_GIS_UNOCHA", "test": null, "near_dist": -1.0, "closuretype": null, "rg_oc1": 1, "name": "Huwwara-Yitzhar junction -road 60", "region": 1, "editdate": null, "pcp_og": null, "to_period1": null, "to_period2": null, "globalid": "{1B953948-3701-40B9-91F3-FA387005E122}", "from_period2": null, "h2": "2", "pcp_status": null, "openingclosingfrequency": null, "from_period1": null, "y_coordinate": 32.16229958, "closure_operational": null, "description_ceasefire": null, "iscounted": null, "operatinghours": null, "affectedpopulation": null, "editor_1": "yaghiemap", "governoratet": "Nablus", "governorates": 15, "last_edited_date": 1758613177574, "groupedfields": null, "x_coordinate": 35.26165222, "editor": null, "creator": null, "near_fid": -1, "installedsincegazaceasefire": 2, "working_hours_from": null, "last_edited_user": "OPT_GIS_UNOCHA", "x": 35.26165222, "y": 32.16229958, "oct_7_status": "1", "created_date": 1750068814678, "objectid": 303, "editdate_1": 1713630021441 }, "geometry": { "type": "Point", "coordinates": [ 35.26165222438631, 32.162299579402038 ] } },
{ "type": "Feature", "properties": { "checkpoint": null, "after_28feb_2025": 0, "open_or_closed": 1, "creationdate": null, "creationdate_1": 1711621065651, "affected_community1": null, "obstaclewaitingtime": null, "open_or_closed_gate": "Open", "closutretype": 3, "comments_oct_7": null, "if_closure_status_is_type_chang": null, "closurestatus": 2, "date_time3": null, "totalpopulationaffected": null, "months": null, "created_user": "OPT_GIS_UNOCHA", "test": null, "near_dist": -1.0, "closuretype": null, "rg_oc1": 1, "name": "Huwwara-Yitzhar junction toward Burin", "region": 1, "editdate": null, "pcp_og": null, "to_period1": null, "to_period2": null, "globalid": "{4F6C08DD-D818-4D90-B7FD-B0E7D810AC61}", "from_period2": null, "h2": "2", "pcp_status": null, "openingclosingfrequency": null, "from_period1": null, "y_coordinate": 32.16445119, "closure_operational": null, "description_ceasefire": null, "iscounted": null, "operatinghours": null, "affectedpopulation": null, "editor_1": "yaghiemap", "governoratet": "Nablus", "governorates": 15, "last_edited_date": 1758613177574, "groupedfields": null, "x_coordinate": 35.26268727, "editor": null, "creator": null, "near_fid": -1, "installedsincegazaceasefire": 2, "working_hours_from": null, "last_edited_user": "OPT_GIS_UNOCHA", "x": 35.26268727, "y": 32.16445119, "oct_7_status": "1", "created_date": 1750068814678, "objectid": 304, "editdate_1": 1713630021441 }, "geometry": { "type": "Point", "coordinates": [ 35.262687272726069, 32.16445118764873 ] } },
{ "type": "Feature", "properties": { "checkpoint": null, "after_28feb_2025": 0, "open_or_closed": null, "creationdate": null, "creationdate_1": 1663741005297, "affected_community1": null, "obstaclewaitingtime": null, "open_or_closed_gate": null, "closutretype": 4, "comments_oct_7": null, "if_closure_status_is_type_chang": null, "closurestatus": 2, "date_time3": null, "totalpopulationaffected": null, "months": null, "created_user": "OPT_GIS_UNOCHA", "test": null, "near_dist": -1.0, "closuretype": null, "rg_oc1": null, "name": "North Hamra Earthmound 1", "region": 1, "editdate": null, "pcp_og": null, "to_period1": null, "to_period2": null, "globalid": "{23DCE39A-9DDC-4190-A8CB-59044D70CFCC}", "from_period2": null, "h2": "2", "pcp_status": null, "openingclosingfrequency": null, "from_period1": null, "y_coordinate": 32.209167, "closure_operational": null, "description_ceasefire": null, "iscounted": 1, "operatinghours": null, "affectedpopulation": null, "editor_1": "yaghiemap", "governoratet": "Nablus", "governorates": 15, "last_edited_date": 1758613177574, "groupedfields": null, "x_coordinate": 35.450639, "editor": null, "creator": null, "near_fid": -1, "installedsincegazaceasefire": 2, "working_hours_from": null, "last_edited_user": "OPT_GIS_UNOCHA", "x": 35.450639, "y": 32.209167, "oct_7_status": "2", "created_date": 1750068814766, "objectid": 313, "editdate_1": 1711627446443 }, "geometry": { "type": "Point", "coordinates": [ 35.450638999304992, 32.209167000232199 ] } },
{ "type": "Feature", "properties": { "checkpoint": null, "after_28feb_2025": 0, "open_or_closed": null, "creationdate": null, "creationdate_1": 1663741005297, "affected_community1": null, "obstaclewaitingtime": null, "open_or_closed_gate": null, "closutretype": 4, "comments_oct_7": null, "if_closure_status_is_type_chang": null, "closurestatus": 2, "date_time3": null, "totalpopulationaffected": null, "months": null, "created_user": "OPT_GIS_UNOCHA", "test": null, "near_dist": -1.0, "closuretype": null, "rg_oc1": null, "name": "Aqraba original entrance 505", "region": 1, "editdate": null, "pcp_og": null, "to_period1": null, "to_period2": null, "globalid": "{D7937731-4125-434F-AA4E-839397538E97}", "from_period2": null, "h2": "2", "pcp_status": null, "openingclosingfrequency": null, "from_period1": null, "y_coordinate": 32.10258176, "closure_operational": null, "description_ceasefire": null, "iscounted": 1, "operatinghours": null, "affectedpopulation": null, "editor_1": "yaghiemap", "governoratet": "Nablus", "governorates": 15, "last_edited_date": 1758613177574, "groupedfields": null, "x_coordinate": 35.34362487, "editor": null, "creator": null, "near_fid": -1, "installedsincegazaceasefire": 2, "working_hours_from": null, "last_edited_user": "OPT_GIS_UNOCHA", "x": 35.34362487, "y": 32.10258176, "oct_7_status": "2", "created_date": 1750068814766, "objectid": 314, "editdate_1": 1711627446443 }, "geometry": { "type": "Point", "coordinates": [ 35.343624873037037, 32.102581757076535 ] } },
{ "type": "Feature", "properties": { "checkpoint": null, "after_28feb_2025": 0, "open_or_closed": null, "creationdate": null, "creationdate_1": 1663741005297, "affected_community1": null, "obstaclewaitingtime": null, "open_or_closed_gate": null, "closutretype": 5, "comments_oct_7": null, "if_closure_status_is_type_chang": null, "closurestatus": 2, "date_time3": null, "totalpopulationaffected": null, "months": null, "created_user": "OPT_GIS_UNOCHA", "test": null, "near_dist": -1.0, "closuretype": null, "rg_oc1": null, "name": "Burin 3 roadblock", "region": 1, "editdate": null, "pcp_og": null, "to_period1": null, "to_period2": null, "globalid": "{CF379B05-8F36-410D-B09F-FCEB82CB60EE}", "from_period2": null, "h2": "2", "pcp_status": null, "openingclosingfrequency": null, "from_period1": null, "y_coordinate": 32.17705046, "closure_operational": null, "description_ceasefire": null, "iscounted": 1, "operatinghours": null, "affectedpopulation": null, "editor_1": "yaghiemap", "governoratet": "Nablus", "governorates": 15, "last_edited_date": 1758613177574, "groupedfields": null, "x_coordinate": 35.24629479, "editor": null, "creator": null, "near_fid": -1, "installedsincegazaceasefire": 2, "working_hours_from": null, "last_edited_user": "OPT_GIS_UNOCHA", "x": 35.24629479, "y": 32.17705046, "oct_7_status": "2", "created_date": 1750068814766, "objectid": 315, "editdate_1": 1711627446443 }, "geometry": { "type": "Point", "coordinates": [ 35.246294791282473, 32.177050464048953 ] } },
{ "type": "Feature", "properties": { "checkpoint": null, "after_28feb_2025": 0, "open_or_closed": null, "creationdate": null, "creationdate_1": 1663741005297, "affected_community1": null, "obstaclewaitingtime": null, "open_or_closed_gate": null, "closutretype": 1, "comments_oct_7": null, "if_closure_status_is_type_chang": null, "closurestatus": 2, "date_time3": null, "totalpopulationaffected": null, "months": null, "created_user": "OPT_GIS_UNOCHA", "test": null, "near_dist": 346.67908045000001, "closuretype": null, "rg_oc1": null, "name": "Hamra", "region": 1, "editdate": null, "pcp_og": null, "to_period1": null, "to_period2": null, "globalid": "{8E6968B5-18F6-4F76-B605-488C56C5BF22}", "from_period2": null, "h2": "2", "pcp_status": null, "openingclosingfrequency": null, "from_period1": null, "y_coordinate": 32.206522, "closure_operational": null, "description_ceasefire": null, "iscounted": 1, "operatinghours": null, "affectedpopulation": null, "editor_1": "yaghiemap", "governoratet": "15", "governorates": 15, "last_edited_date": 1758613177574, "groupedfields": null, "x_coordinate": 35.449029, "editor": null, "creator": null, "near_fid": 760, "installedsincegazaceasefire": 2, "working_hours_from": null, "last_edited_user": "OPT_GIS_UNOCHA", "x": 35.449029, "y": 32.206522, "oct_7_status": "1", "created_date": 1750068814853, "objectid": 321, "editdate_1": 1711627446443 }, "geometry": { "type": "Point", "coordinates": [ 35.449028999540239, 32.206522000060318 ] } },
{ "type": "Feature", "properties": { "checkpoint": null, "after_28feb_2025": 0, "open_or_closed": null, "creationdate": null, "creationdate_1": 1663741005297, "affected_community1": null, "obstaclewaitingtime": null, "open_or_closed_gate": null, "closutretype": 5, "comments_oct_7": null, "if_closure_status_is_type_chang": null, "closurestatus": 2, "date_time3": null, "totalpopulationaffected": null, "months": null, "created_user": "OPT_GIS_UNOCHA", "test": null, "near_dist": -1.0, "closuretype": null, "rg_oc1": null, "name": "Road 60 Yatma culvert", "region": 1, "editdate": null, "pcp_og": null, "to_period1": null, "to_period2": null, "globalid": "{FA0540B4-733E-4AD0-8E58-3BC67E7B88D1}", "from_period2": null, "h2": "2", "pcp_status": null, "openingclosingfrequency": null, "from_period1": null, "y_coordinate": 32.096754, "closure_operational": null, "description_ceasefire": null, "iscounted": 1, "operatinghours": null, "affectedpopulation": null, "editor_1": "yaghiemap", "governoratet": "Nablus", "governorates": 15, "last_edited_date": 1758613177574, "groupedfields": null, "x_coordinate": 35.247601, "editor": null, "creator": null, "near_fid": -1, "installedsincegazaceasefire": 2, "working_hours_from": null, "last_edited_user": "OPT_GIS_UNOCHA", "x": 35.247601, "y": 32.096754, "oct_7_status": "2", "created_date": 1750068814853, "objectid": 322, "editdate_1": 1711627446443 }, "geometry": { "type": "Point", "coordinates": [ 35.247601000697337, 32.096754000208286 ] } },
{ "type": "Feature", "properties": { "checkpoint": null, "after_28feb_2025": 0, "open_or_closed": null, "creationdate": null, "creationdate_1": 1663741005297, "affected_community1": null, "obstaclewaitingtime": null, "open_or_closed_gate": null, "closutretype": 2, "comments_oct_7": null, "if_closure_status_is_type_chang": null, "closurestatus": 2, "date_time3": null, "totalpopulationaffected": null, "months": null, "created_user": "OPT_GIS_UNOCHA", "test": null, "near_dist": -1.0, "closuretype": null, "rg_oc1": null, "name": "Bracha - Samaritan road", "region": 1, "editdate": null, "pcp_og": null, "to_period1": null, "to_period2": null, "globalid": "{1ABDA017-2307-4E69-A7AB-1922EEA85469}", "from_period2": null, "h2": "2", "pcp_status": null, "openingclosingfrequency": null, "from_period1": null, "y_coordinate": 32.193942, "closure_operational": null, "description_ceasefire": null, "iscounted": 1, "operatinghours": null, "affectedpopulation": null, "editor_1": "yaghiemap", "governoratet": "Nablus", "governorates": 15, "last_edited_date": 1758613177574, "groupedfields": null, "x_coordinate": 35.268373, "editor": null, "creator": null, "near_fid": -1, "installedsincegazaceasefire": 2, "working_hours_from": null, "last_edited_user": "OPT_GIS_UNOCHA", "x": 35.268373, "y": 32.193942, "oct_7_status": "2", "created_date": 1750068814853, "objectid": 323, "editdate_1": 1711627446443 }, "geometry": { "type": "Point", "coordinates": [ 35.268372999503754, 32.193941999920916 ] } },
{ "type": "Feature", "properties": { "checkpoint": null, "after_28feb_2025": 0, "open_or_closed": null, "creationdate": null, "creationdate_1": 1663741005297, "affected_community1": null, "obstaclewaitingtime": null, "open_or_closed_gate": null, "closutretype": 2, "comments_oct_7": null, "if_closure_status_is_type_chang": null, "closurestatus": 2, "date_time3": null, "totalpopulationaffected": null, "months": null, "created_user": "OPT_GIS_UNOCHA", "test": null, "near_dist": -1.0, "closuretype": null, "rg_oc1": null, "name": "Yitzhar-Jit", "region": 1, "editdate": null, "pcp_og": null, "to_period1": null, "to_period2": null, "globalid": "{CBE51CC5-2A39-4D3A-BA5F-34AC70EB888C}", "from_period2": null, "h2": "2", "pcp_status": null, "openingclosingfrequency": null, "from_period1": null, "y_coordinate": 32.16370759, "closure_operational": null, "description_ceasefire": null, "iscounted": 1, "operatinghours": null, "affectedpopulation": null, "editor_1": "yaghiemap", "governoratet": "Nablus", "governorates": 15, "last_edited_date": 1758613177574, "groupedfields": null, "x_coordinate": 35.26175691, "editor": null, "creator": null, "near_fid": -1, "installedsincegazaceasefire": 2, "working_hours_from": null, "last_edited_user": "OPT_GIS_UNOCHA", "x": 35.26175691, "y": 32.16370759, "oct_7_status": "2", "created_date": 1750068814853, "objectid": 324, "editdate_1": 1711627446443 }, "geometry": { "type": "Point", "coordinates": [ 35.261756913902097, 32.163707588574368 ] } },
{ "type": "Feature", "properties": { "checkpoint": null, "after_28feb_2025": 0, "open_or_closed": null, "creationdate": null, "creationdate_1": 1663741005297, "affected_community1": null, "obstaclewaitingtime": null, "open_or_closed_gate": null, "closutretype": 2, "comments_oct_7": null, "if_closure_status_is_type_chang": null, "closurestatus": 2, "date_time3": null, "totalpopulationaffected": null, "months": null, "created_user": "OPT_GIS_UNOCHA", "test": null, "near_dist": -1.0, "closuretype": null, "rg_oc1": null, "name": "Ma'ale Efrayim", "region": 1, "editdate": null, "pcp_og": null, "to_period1": null, "to_period2": null, "globalid": "{9CFF5CB8-732A-48EA-893D-0E8B26869285}", "from_period2": null, "h2": "2", "pcp_status": null, "openingclosingfrequency": null, "from_period1": null, "y_coordinate": 32.08918, "closure_operational": null, "description_ceasefire": null, "iscounted": 1, "operatinghours": null, "affectedpopulation": null, "editor_1": "yaghiemap", "governoratet": "Nablus", "governorates": 15, "last_edited_date": 1758613177574, "groupedfields": null, "x_coordinate": 35.37943, "editor": null, "creator": null, "near_fid": -1, "installedsincegazaceasefire": 2, "working_hours_from": null, "last_edited_user": "OPT_GIS_UNOCHA", "x": 35.37943, "y": 32.08918, "oct_7_status": "2", "created_date": 1750068814853, "objectid": 326, "editdate_1": 1711627446443 }, "geometry": { "type": "Point", "coordinates": [ 35.379430000553626, 32.089179999881033 ] } },
{ "type": "Feature", "properties": { "checkpoint": null, "after_28feb_2025": 0, "open_or_closed": null, "creationdate": null, "creationdate_1": 1663741005297, "affected_community1": null, "obstaclewaitingtime": null, "open_or_closed_gate": null, "closutretype": 4, "comments_oct_7": null, "if_closure_status_is_type_chang": null, "closurestatus": 2, "date_time3": null, "totalpopulationaffected": null, "months": null, "created_user": "OPT_GIS_UNOCHA", "test": null, "near_dist": -1.0, "closuretype": null, "rg_oc1": null, "name": "557 Salim", "region": 1, "editdate": null, "pcp_og": null, "to_period1": null, "to_period2": null, "globalid": "{A7364AD6-E373-4D7E-9E83-B968053BCAFF}", "from_period2": null, "h2": "2", "pcp_status": null, "openingclosingfrequency": null, "from_period1": null, "y_coordinate": 32.21786746, "closure_operational": null, "description_ceasefire": null, "iscounted": 1, "operatinghours": null, "affectedpopulation": null, "editor_1": "yaghiemap", "governoratet": "Nablus", "governorates": 15, "last_edited_date": 1758613177574, "groupedfields": null, "x_coordinate": 35.33416357, "editor": null, "creator": null, "near_fid": -1, "installedsincegazaceasefire": 2, "working_hours_from": null, "last_edited_user": "OPT_GIS_UNOCHA", "x": 35.33416357, "y": 32.21786746, "oct_7_status": "2", "created_date": 1750068814853, "objectid": 328, "editdate_1": 1711627446443 }, "geometry": { "type": "Point", "coordinates": [ 35.334163571167103, 32.217867459311144 ] } },
{ "type": "Feature", "properties": { "checkpoint": null, "after_28feb_2025": 0, "open_or_closed": null, "creationdate": null, "creationdate_1": 1663741005297, "affected_community1": null, "obstaclewaitingtime": null, "open_or_closed_gate": null, "closutretype": 4, "comments_oct_7": null, "if_closure_status_is_type_chang": null, "closurestatus": 2, "date_time3": null, "totalpopulationaffected": null, "months": null, "created_user": "OPT_GIS_UNOCHA", "test": null, "near_dist": -1.0, "closuretype": null, "rg_oc1": null, "name": "557 Salim 2", "region": 1, "editdate": null, "pcp_og": null, "to_period1": null, "to_period2": null, "globalid": "{2E2B7F20-D053-45B9-BD2C-3F61792BE98E}", "from_period2": null, "h2": "2", "pcp_status": null, "openingclosingfrequency": null, "from_period1": null, "y_coordinate": 32.20672911, "closure_operational": null, "description_ceasefire": null, "iscounted": 1, "operatinghours": null, "affectedpopulation": null, "editor_1": "yaghiemap", "governoratet": "Nablus", "governorates": 15, "last_edited_date": 1758613177574, "groupedfields": null, "x_coordinate": 35.34333519, "editor": null, "creator": null, "near_fid": -1, "installedsincegazaceasefire": 2, "working_hours_from": null, "last_edited_user": "OPT_GIS_UNOCHA", "x": 35.34333519, "y": 32.20672911, "oct_7_status": "2", "created_date": 1750068814853, "objectid": 329, "editdate_1": 1711627446443 }, "geometry": { "type": "Point", "coordinates": [ 35.343335187014702, 32.206729114439568 ] } },
{ "type": "Feature", "properties": { "checkpoint": null, "after_28feb_2025": 0, "open_or_closed": null, "creationdate": null, "creationdate_1": 1663741005297, "affected_community1": null, "obstaclewaitingtime": null, "open_or_closed_gate": null, "closutretype": 4, "comments_oct_7": null, "if_closure_status_is_type_chang": null, "closurestatus": 2, "date_time3": null, "totalpopulationaffected": null, "months": null, "created_user": "OPT_GIS_UNOCHA", "test": null, "near_dist": -1.0, "closuretype": null, "rg_oc1": null, "name": "505 Jamma'in", "region": 1, "editdate": null, "pcp_og": null, "to_period1": null, "to_period2": null, "globalid": "{20B0BDEC-4D95-4F66-9B5C-C866EFFB2F11}", "from_period2": null, "h2": "2", "pcp_status": null, "openingclosingfrequency": null, "from_period1": null, "y_coordinate": 32.12296, "closure_operational": null, "description_ceasefire": null, "iscounted": 1, "operatinghours": null, "affectedpopulation": null, "editor_1": "yaghiemap", "governoratet": "Nablus", "governorates": 15, "last_edited_date": 1758613177574, "groupedfields": null, "x_coordinate": 35.20981, "editor": null, "creator": null, "near_fid": -1, "installedsincegazaceasefire": 2, "working_hours_from": null, "last_edited_user": "OPT_GIS_UNOCHA", "x": 35.20981, "y": 32.12296, "oct_7_status": "2", "created_date": 1750068814853, "objectid": 330, "editdate_1": 1711627446443 }, "geometry": { "type": "Point", "coordinates": [ 35.20980999967297, 32.122959999490433 ] } },
{ "type": "Feature", "properties": { "checkpoint": null, "after_28feb_2025": 0, "open_or_closed": null, "creationdate": null, "creationdate_1": 1663741005297, "affected_community1": null, "obstaclewaitingtime": null, "open_or_closed_gate": null, "closutretype": 4, "comments_oct_7": null, "if_closure_status_is_type_chang": null, "closurestatus": 2, "date_time3": null, "totalpopulationaffected": null, "months": null, "created_user": "OPT_GIS_UNOCHA", "test": null, "near_dist": -1.0, "closuretype": null, "rg_oc1": null, "name": "East Qaryut", "region": 1, "editdate": null, "pcp_og": null, "to_period1": null, "to_period2": null, "globalid": "{623839C8-5C6A-4A2A-BCEB-1E447AA1A8D1}", "from_period2": null, "h2": "2", "pcp_status": null, "openingclosingfrequency": null, "from_period1": null, "y_coordinate": 32.056623, "closure_operational": null, "description_ceasefire": null, "iscounted": 1, "operatinghours": null, "affectedpopulation": null, "editor_1": "yaghiemap", "governoratet": "Nablus", "governorates": 15, "last_edited_date": 1758613177574, "groupedfields": null, "x_coordinate": 35.315875, "editor": null, "creator": null, "near_fid": -1, "installedsincegazaceasefire": 2, "working_hours_from": null, "last_edited_user": "OPT_GIS_UNOCHA", "x": 35.315875, "y": 32.056623, "oct_7_status": "2", "created_date": 1750068814939, "objectid": 331, "editdate_1": 1711627446443 }, "geometry": { "type": "Point", "coordinates": [ 35.315875000701872, 32.056623000180693 ] } },
{ "type": "Feature", "properties": { "checkpoint": null, "after_28feb_2025": 0, "open_or_closed": null, "creationdate": null, "creationdate_1": 1663741005297, "affected_community1": null, "obstaclewaitingtime": null, "open_or_closed_gate": null, "closutretype": 4, "comments_oct_7": null, "if_closure_status_is_type_chang": null, "closurestatus": 2, "date_time3": null, "totalpopulationaffected": null, "months": null, "created_user": "OPT_GIS_UNOCHA", "test": null, "near_dist": -1.0, "closuretype": null, "rg_oc1": null, "name": "West Huwwara EM", "region": 1, "editdate": null, "pcp_og": null, "to_period1": null, "to_period2": null, "globalid": "{C8D15E6B-F02C-497A-B58C-94838DDC8F07}", "from_period2": null, "h2": "2", "pcp_status": null, "openingclosingfrequency": null, "from_period1": null, "y_coordinate": 32.181887, "closure_operational": null, "description_ceasefire": null, "iscounted": 1, "operatinghours": null, "affectedpopulation": null, "editor_1": "yaghiemap", "governoratet": "Nablus", "governorates": 15, "last_edited_date": 1758613177574, "groupedfields": null, "x_coordinate": 35.272524, "editor": null, "creator": null, "near_fid": -1, "installedsincegazaceasefire": 2, "working_hours_from": null, "last_edited_user": "OPT_GIS_UNOCHA", "x": 35.272524, "y": 32.181887, "oct_7_status": "2", "created_date": 1750068814939, "objectid": 334, "editdate_1": 1711627446443 }, "geometry": { "type": "Point", "coordinates": [ 35.272523999760004, 32.181887000505185 ] } },
{ "type": "Feature", "properties": { "checkpoint": null, "after_28feb_2025": 0, "open_or_closed": null, "creationdate": null, "creationdate_1": 1663741005297, "affected_community1": null, "obstaclewaitingtime": null, "open_or_closed_gate": null, "closutretype": 5, "comments_oct_7": null, "if_closure_status_is_type_chang": null, "closurestatus": 2, "date_time3": null, "totalpopulationaffected": null, "months": null, "created_user": "OPT_GIS_UNOCHA", "test": null, "near_dist": -1.0, "closuretype": null, "rg_oc1": null, "name": "aqraba west block", "region": 1, "editdate": null, "pcp_og": null, "to_period1": null, "to_period2": null, "globalid": "{2B11C365-2B2B-4547-AADE-F5F4ABE6EA8A}", "from_period2": null, "h2": "2", "pcp_status": null, "openingclosingfrequency": null, "from_period1": null, "y_coordinate": 32.120448, "closure_operational": null, "description_ceasefire": null, "iscounted": 1, "operatinghours": null, "affectedpopulation": null, "editor_1": "yaghiemap", "governoratet": "Nablus", "governorates": 15, "last_edited_date": 1758613177574, "groupedfields": null, "x_coordinate": 35.326788, "editor": null, "creator": null, "near_fid": -1, "installedsincegazaceasefire": 2, "working_hours_from": null, "last_edited_user": "OPT_GIS_UNOCHA", "x": 35.326788, "y": 32.120448, "oct_7_status": "2", "created_date": 1750068814939, "objectid": 337, "editdate_1": 1711627446443 }, "geometry": { "type": "Point", "coordinates": [ 35.326787999788905, 32.120447999848395 ] } },
{ "type": "Feature", "properties": { "checkpoint": null, "after_28feb_2025": 0, "open_or_closed": null, "creationdate": null, "creationdate_1": 1663741005297, "affected_community1": null, "obstaclewaitingtime": null, "open_or_closed_gate": null, "closutretype": 5, "comments_oct_7": null, "if_closure_status_is_type_chang": null, "closurestatus": 2, "date_time3": null, "totalpopulationaffected": null, "months": null, "created_user": "OPT_GIS_UNOCHA", "test": null, "near_dist": -1.0, "closuretype": null, "rg_oc1": null, "name": "East Jammain dirt road", "region": 1, "editdate": null, "pcp_og": null, "to_period1": null, "to_period2": null, "globalid": "{F41E85B1-5259-4E56-A16B-228C2FBD08AB}", "from_period2": null, "h2": "2", "pcp_status": null, "openingclosingfrequency": null, "from_period1": null, "y_coordinate": 32.125621, "closure_operational": null, "description_ceasefire": null, "iscounted": 1, "operatinghours": null, "affectedpopulation": null, "editor_1": "yaghiemap", "governoratet": "Nablus", "governorates": 15, "last_edited_date": 1758613177574, "groupedfields": null, "x_coordinate": 35.229474, "editor": null, "creator": null, "near_fid": -1, "installedsincegazaceasefire": 2, "working_hours_from": null, "last_edited_user": "OPT_GIS_UNOCHA", "x": 35.229474, "y": 32.125621, "oct_7_status": "2", "created_date": 1750068814939, "objectid": 339, "editdate_1": 1711627446443 }, "geometry": { "type": "Point", "coordinates": [ 35.229474000107814, 32.125620999736391 ] } },
{ "type": "Feature", "properties": { "checkpoint": null, "after_28feb_2025": 0, "open_or_closed": null, "creationdate": null, "creationdate_1": 1663741005297, "affected_community1": null, "obstaclewaitingtime": null, "open_or_closed_gate": null, "closutretype": 5, "comments_oct_7": null, "if_closure_status_is_type_chang": null, "closurestatus": 2, "date_time3": null, "totalpopulationaffected": null, "months": null, "created_user": "OPT_GIS_UNOCHA", "test": null, "near_dist": -1.0, "closuretype": null, "rg_oc1": null, "name": "Beita West to Huwara road", "region": 1, "editdate": null, "pcp_og": null, "to_period1": null, "to_period2": null, "globalid": "{9D77BB6A-06E2-4A6A-BDF7-C4D8C7BCEBFD}", "from_period2": null, "h2": "2", "pcp_status": null, "openingclosingfrequency": null, "from_period1": null, "y_coordinate": 32.13425, "closure_operational": null, "description_ceasefire": null, "iscounted": 1, "operatinghours": null, "affectedpopulation": null, "editor_1": "yaghiemap", "governoratet": "Nablus", "governorates": 15, "last_edited_date": 1758613177574, "groupedfields": null, "x_coordinate": 35.258008, "editor": null, "creator": null, "near_fid": -1, "installedsincegazaceasefire": 2, "working_hours_from": null, "last_edited_user": "OPT_GIS_UNOCHA", "x": 35.258008, "y": 32.13425, "oct_7_status": "2", "created_date": 1750068814939, "objectid": 340, "editdate_1": 1711627446443 }, "geometry": { "type": "Point", "coordinates": [ 35.258008000076664, 32.134249999628722 ] } },
{ "type": "Feature", "properties": { "checkpoint": null, "after_28feb_2025": 0, "open_or_closed": null, "creationdate": null, "creationdate_1": 1663741005297, "affected_community1": null, "obstaclewaitingtime": null, "open_or_closed_gate": null, "closutretype": 4, "comments_oct_7": null, "if_closure_status_is_type_chang": null, "closurestatus": 2, "date_time3": null, "totalpopulationaffected": null, "months": null, "created_user": "OPT_GIS_UNOCHA", "test": null, "near_dist": -1.0, "closuretype": null, "rg_oc1": null, "name": "North Hamra Earthmound 2", "region": 1, "editdate": null, "pcp_og": null, "to_period1": null, "to_period2": null, "globalid": "{D3CC6B67-262B-4F06-A8A1-525F2F5A6CB2}", "from_period2": null, "h2": "2", "pcp_status": null, "openingclosingfrequency": null, "from_period1": null, "y_coordinate": 32.210847, "closure_operational": null, "description_ceasefire": null, "iscounted": 1, "operatinghours": null, "affectedpopulation": null, "editor_1": "yaghiemap", "governoratet": "Nablus", "governorates": 15, "last_edited_date": 1758613177574, "groupedfields": null, "x_coordinate": 35.450246, "editor": null, "creator": null, "near_fid": -1, "installedsincegazaceasefire": 2, "working_hours_from": null, "last_edited_user": "OPT_GIS_UNOCHA", "x": 35.450246, "y": 32.210847, "oct_7_status": "2", "created_date": 1750068815043, "objectid": 345, "editdate_1": 1711627446443 }, "geometry": { "type": "Point", "coordinates": [ 35.450245999705729, 32.21084699975151 ] } },
{ "type": "Feature", "properties": { "checkpoint": null, "after_28feb_2025": 0, "open_or_closed": null, "creationdate": null, "creationdate_1": 1663741005297, "affected_community1": null, "obstaclewaitingtime": null, "open_or_closed_gate": null, "closutretype": 4, "comments_oct_7": null, "if_closure_status_is_type_chang": null, "closurestatus": 2, "date_time3": 1664877593778, "totalpopulationaffected": null, "months": null, "created_user": "OPT_GIS_UNOCHA", "test": null, "near_dist": -1.0, "closuretype": null, "rg_oc1": null, "name": "North Hamra Earthmound 3", "region": 1, "editdate": null, "pcp_og": null, "to_period1": null, "to_period2": null, "globalid": "{2852E9D4-67F9-4AFA-91F2-FA3A58F581D1}", "from_period2": null, "h2": "2", "pcp_status": null, "openingclosingfrequency": null, "from_period1": null, "y_coordinate": 32.212998, "closure_operational": null, "description_ceasefire": null, "iscounted": 1, "operatinghours": null, "affectedpopulation": null, "editor_1": "yaghiemap", "governoratet": "Nablus", "governorates": 15, "last_edited_date": 1758613177574, "groupedfields": null, "x_coordinate": 35.449651, "editor": null, "creator": null, "near_fid": -1, "installedsincegazaceasefire": 2, "working_hours_from": null, "last_edited_user": "OPT_GIS_UNOCHA", "x": 35.449651, "y": 32.212998, "oct_7_status": "2", "created_date": 1750068815043, "objectid": 348, "editdate_1": 1711627446443 }, "geometry": { "type": "Point", "coordinates": [ 35.449651000342271, 32.212997999823635 ] } },
{ "type": "Feature", "properties": { "checkpoint": null, "after_28feb_2025": 0, "open_or_closed": null, "creationdate": null, "creationdate_1": 1663741005297, "affected_community1": null, "obstaclewaitingtime": null, "open_or_closed_gate": null, "closutretype": 2, "comments_oct_7": null, "if_closure_status_is_type_chang": null, "closurestatus": 2, "date_time3": null, "totalpopulationaffected": null, "months": null, "created_user": "OPT_GIS_UNOCHA", "test": null, "near_dist": -1.0, "closuretype": null, "rg_oc1": null, "name": "At Tanib - Deir Sharaf", "region": 1, "editdate": null, "pcp_og": null, "to_period1": null, "to_period2": null, "globalid": "{36D30FB4-AE87-459A-A887-9F5721AD8A03}", "from_period2": null, "h2": "2", "pcp_status": null, "openingclosingfrequency": null, "from_period1": null, "y_coordinate": 32.26369647, "closure_operational": null, "description_ceasefire": null, "iscounted": 1, "operatinghours": null, "affectedpopulation": null, "editor_1": "yaghiemap", "governoratet": "Nablus", "governorates": 15, "last_edited_date": 1758613177574, "groupedfields": null, "x_coordinate": 35.17176439, "editor": null, "creator": null, "near_fid": -1, "installedsincegazaceasefire": 2, "working_hours_from": null, "last_edited_user": "OPT_GIS_UNOCHA", "x": 35.17176439, "y": 32.26369647, "oct_7_status": "2", "created_date": 1750068815243, "objectid": 367, "editdate_1": 1711627446443 }, "geometry": { "type": "Point", "coordinates": [ 35.171764387603162, 32.26369647338224 ] } },
{ "type": "Feature", "properties": { "checkpoint": null, "after_28feb_2025": 0, "open_or_closed": null, "creationdate": null, "creationdate_1": 1663741005297, "affected_community1": null, "obstaclewaitingtime": null, "open_or_closed_gate": null, "closutretype": 2, "comments_oct_7": null, "if_closure_status_is_type_chang": null, "closurestatus": 2, "date_time3": null, "totalpopulationaffected": null, "months": null, "created_user": "OPT_GIS_UNOCHA", "test": null, "near_dist": -1.0, "closuretype": null, "rg_oc1": null, "name": "Beita main entrance PcP", "region": 1, "editdate": null, "pcp_og": null, "to_period1": null, "to_period2": null, "globalid": "{980ED9E3-2A9B-4E89-9ABE-C175E84599F4}", "from_period2": null, "h2": "2", "pcp_status": null, "openingclosingfrequency": null, "from_period1": null, "y_coordinate": 32.13706028, "closure_operational": null, "description_ceasefire": null, "iscounted": 1, "operatinghours": null, "affectedpopulation": null, "editor_1": "yaghiemap", "governoratet": "Nablus", "governorates": 15, "last_edited_date": 1758613177574, "groupedfields": null, "x_coordinate": 35.25846142, "editor": null, "creator": null, "near_fid": -1, "installedsincegazaceasefire": 2, "working_hours_from": null, "last_edited_user": "OPT_GIS_UNOCHA", "x": 35.25846142, "y": 32.13706028, "oct_7_status": "2", "created_date": 1750068815243, "objectid": 368, "editdate_1": 1711627446443 }, "geometry": { "type": "Point", "coordinates": [ 35.258461418777856, 32.137060277012488 ] } },
{ "type": "Feature", "properties": { "checkpoint": null, "after_28feb_2025": 0, "open_or_closed": null, "creationdate": null, "creationdate_1": 1663741005297, "affected_community1": null, "obstaclewaitingtime": null, "open_or_closed_gate": null, "closutretype": 4, "comments_oct_7": null, "if_closure_status_is_type_chang": null, "closurestatus": 2, "date_time3": null, "totalpopulationaffected": null, "months": null, "created_user": "OPT_GIS_UNOCHA", "test": null, "near_dist": -1.0, "closuretype": null, "rg_oc1": null, "name": "Aqraba west 1 em", "region": 1, "editdate": null, "pcp_og": null, "to_period1": null, "to_period2": null, "globalid": "{4A38B03D-445C-434F-A23C-DA56E6BC9AE5}", "from_period2": null, "h2": "2", "pcp_status": null, "openingclosingfrequency": null, "from_period1": null, "y_coordinate": 32.11559417, "closure_operational": null, "description_ceasefire": null, "iscounted": 1, "operatinghours": null, "affectedpopulation": null, "editor_1": "yaghiemap", "governoratet": "Nablus", "governorates": 15, "last_edited_date": 1758613177574, "groupedfields": null, "x_coordinate": 35.33517322, "editor": null, "creator": null, "near_fid": -1, "installedsincegazaceasefire": 2, "working_hours_from": null, "last_edited_user": "OPT_GIS_UNOCHA", "x": 35.33517322, "y": 32.11559417, "oct_7_status": "2", "created_date": 1750068815243, "objectid": 369, "editdate_1": 1711627446443 }, "geometry": { "type": "Point", "coordinates": [ 35.335173220077984, 32.115594170031194 ] } },
{ "type": "Feature", "properties": { "checkpoint": null, "after_28feb_2025": 0, "open_or_closed": null, "creationdate": null, "creationdate_1": 1663741005297, "affected_community1": null, "obstaclewaitingtime": null, "open_or_closed_gate": null, "closutretype": 5, "comments_oct_7": null, "if_closure_status_is_type_chang": null, "closurestatus": 2, "date_time3": null, "totalpopulationaffected": null, "months": null, "created_user": "OPT_GIS_UNOCHA", "test": null, "near_dist": -1.0, "closuretype": null, "rg_oc1": null, "name": "Qaryut  road to road 60", "region": 1, "editdate": null, "pcp_og": null, "to_period1": null, "to_period2": null, "globalid": "{1C07F80D-86E9-49BA-A506-E5CEFB1AA506}", "from_period2": null, "h2": "2", "pcp_status": null, "openingclosingfrequency": null, "from_period1": null, "y_coordinate": 32.05890369, "closure_operational": null, "description_ceasefire": null, "iscounted": 1, "operatinghours": null, "affectedpopulation": null, "editor_1": "yaghiemap", "governoratet": "Nablus", "governorates": 15, "last_edited_date": 1758613177574, "groupedfields": null, "x_coordinate": 35.28457613, "editor": null, "creator": null, "near_fid": -1, "installedsincegazaceasefire": 2, "working_hours_from": null, "last_edited_user": "OPT_GIS_UNOCHA", "x": 35.28457613, "y": 32.05890369, "oct_7_status": "2", "created_date": 1750068815594, "objectid": 410, "editdate_1": 1711627446443 }, "geometry": { "type": "Point", "coordinates": [ 35.284576129539502, 32.058903690615708 ] } },
{ "type": "Feature", "properties": { "checkpoint": null, "after_28feb_2025": 0, "open_or_closed": null, "creationdate": null, "creationdate_1": 1663741005297, "affected_community1": null, "obstaclewaitingtime": null, "open_or_closed_gate": null, "closutretype": 4, "comments_oct_7": null, "if_closure_status_is_type_chang": null, "closurestatus": 2, "date_time3": 1664866080646, "totalpopulationaffected": null, "months": null, "created_user": "OPT_GIS_UNOCHA", "test": null, "near_dist": -1.0, "closuretype": null, "rg_oc1": null, "name": "Lifjim south road 508 EM 1", "region": 1, "editdate": null, "pcp_og": null, "to_period1": null, "to_period2": null, "globalid": "{3B9E762D-EEA5-4BC6-B064-3C92B6E16CDC}", "from_period2": null, "h2": "2", "pcp_status": null, "openingclosingfrequency": null, "from_period1": null, "y_coordinate": 32.108611, "closure_operational": null, "description_ceasefire": null, "iscounted": 1, "operatinghours": null, "affectedpopulation": null, "editor_1": "yaghiemap", "governoratet": "Nablus", "governorates": 15, "last_edited_date": 1758613177574, "groupedfields": null, "x_coordinate": 35.420556, "editor": null, "creator": null, "near_fid": -1, "installedsincegazaceasefire": 2, "working_hours_from": null, "last_edited_user": "OPT_GIS_UNOCHA", "x": 35.420556, "y": 32.108611, "oct_7_status": "2", "created_date": 1750068815688, "objectid": 411, "editdate_1": 1711627446443 }, "geometry": { "type": "Point", "coordinates": [ 35.420556000308764, 32.108611000116895 ] } },
{ "type": "Feature", "properties": { "checkpoint": null, "after_28feb_2025": 0, "open_or_closed": null, "creationdate": null, "creationdate_1": 1663741005297, "affected_community1": null, "obstaclewaitingtime": null, "open_or_closed_gate": null, "closutretype": 4, "comments_oct_7": null, "if_closure_status_is_type_chang": null, "closurestatus": 2, "date_time3": null, "totalpopulationaffected": null, "months": null, "created_user": "OPT_GIS_UNOCHA", "test": null, "near_dist": -1.0, "closuretype": null, "rg_oc1": null, "name": "Huwwara earth mound", "region": 1, "editdate": null, "pcp_og": null, "to_period1": null, "to_period2": null, "globalid": "{CABD9B9E-720E-4D3C-8A1F-8FB129D061A4}", "from_period2": null, "h2": "2", "pcp_status": null, "openingclosingfrequency": null, "from_period1": null, "y_coordinate": 32.16661138, "closure_operational": null, "description_ceasefire": null, "iscounted": 1, "operatinghours": null, "affectedpopulation": null, "editor_1": "yaghiemap", "governoratet": "Nablus", "governorates": 15, "last_edited_date": 1758613177574, "groupedfields": null, "x_coordinate": 35.26503579, "editor": null, "creator": null, "near_fid": -1, "installedsincegazaceasefire": 2, "working_hours_from": null, "last_edited_user": "OPT_GIS_UNOCHA", "x": 35.26503579, "y": 32.16661138, "oct_7_status": "2", "created_date": 1750068815786, "objectid": 426, "editdate_1": 1711627446443 }, "geometry": { "type": "Point", "coordinates": [ 35.265035791990762, 32.166611374920357 ] } },
{ "type": "Feature", "properties": { "checkpoint": null, "after_28feb_2025": 0, "open_or_closed": null, "creationdate": null, "creationdate_1": 1663741005297, "affected_community1": null, "obstaclewaitingtime": null, "open_or_closed_gate": null, "closutretype": 5, "comments_oct_7": null, "if_closure_status_is_type_chang": null, "closurestatus": 2, "date_time3": null, "totalpopulationaffected": null, "months": null, "created_user": "OPT_GIS_UNOCHA", "test": null, "near_dist": -1.0, "closuretype": null, "rg_oc1": null, "name": "Road blocks huwwara", "region": 1, "editdate": null, "pcp_og": null, "to_period1": null, "to_period2": null, "globalid": "{B5BB6A4B-4D40-406B-9156-08C0E509DC80}", "from_period2": null, "h2": "2", "pcp_status": null, "openingclosingfrequency": null, "from_period1": null, "y_coordinate": 32.16714292, "closure_operational": null, "description_ceasefire": null, "iscounted": 1, "operatinghours": null, "affectedpopulation": null, "editor_1": "yaghiemap", "governoratet": "Nablus", "governorates": 15, "last_edited_date": 1758613177574, "groupedfields": null, "x_coordinate": 35.26569192, "editor": null, "creator": null, "near_fid": -1, "installedsincegazaceasefire": 2, "working_hours_from": null, "last_edited_user": "OPT_GIS_UNOCHA", "x": 35.26569192, "y": 32.16714292, "oct_7_status": "2", "created_date": 1750068815786, "objectid": 427, "editdate_1": 1711627446443 }, "geometry": { "type": "Point", "coordinates": [ 35.265691917885412, 32.167142915357019 ] } },
{ "type": "Feature", "properties": { "checkpoint": null, "after_28feb_2025": 0, "open_or_closed": null, "creationdate": null, "creationdate_1": 1663741005297, "affected_community1": null, "obstaclewaitingtime": null, "open_or_closed_gate": null, "closutretype": 11, "comments_oct_7": null, "if_closure_status_is_type_chang": null, "closurestatus": 2, "date_time3": null, "totalpopulationaffected": null, "months": null, "created_user": "OPT_GIS_UNOCHA", "test": null, "near_dist": -1.0, "closuretype": null, "rg_oc1": null, "name": "Beit Furik entrance PCP with open road gate- road 555", "region": 1, "editdate": null, "pcp_og": null, "to_period1": null, "to_period2": null, "globalid": "{917F3EEA-14FC-4AD2-9AD9-B3E41C186B8F}", "from_period2": null, "h2": "2", "pcp_status": null, "openingclosingfrequency": null, "from_period1": null, "y_coordinate": 32.19862564, "closure_operational": null, "description_ceasefire": null, "iscounted": 1, "operatinghours": null, "affectedpopulation": null, "editor_1": "yaghiemap", "governoratet": "Nablus", "governorates": 15, "last_edited_date": 1758613177574, "groupedfields": null, "x_coordinate": 35.31807958, "editor": null, "creator": null, "near_fid": -1, "installedsincegazaceasefire": 2, "working_hours_from": null, "last_edited_user": "OPT_GIS_UNOCHA", "x": 35.31807958, "y": 32.19862564, "oct_7_status": "2", "created_date": 1750068815786, "objectid": 430, "editdate_1": 1711627446443 }, "geometry": { "type": "Point", "coordinates": [ 35.319220745516802, 32.196575696571529 ] } },
{ "type": "Feature", "properties": { "checkpoint": null, "after_28feb_2025": 0, "open_or_closed": null, "creationdate": null, "creationdate_1": 1663741005297, "affected_community1": null, "obstaclewaitingtime": null, "open_or_closed_gate": null, "closutretype": 2, "comments_oct_7": null, "if_closure_status_is_type_chang": null, "closurestatus": 2, "date_time3": null, "totalpopulationaffected": null, "months": null, "created_user": "OPT_GIS_UNOCHA", "test": null, "near_dist": -1.0, "closuretype": null, "rg_oc1": null, "name": "Al Junidi ", "region": 1, "editdate": null, "pcp_og": null, "to_period1": null, "to_period2": null, "globalid": "{F32A538B-3010-466F-B4C8-ADA55A2E7EA9}", "from_period2": null, "h2": "2", "pcp_status": null, "openingclosingfrequency": null, "from_period1": null, "y_coordinate": 32.2658243, "closure_operational": null, "description_ceasefire": null, "iscounted": 1, "operatinghours": null, "affectedpopulation": null, "editor_1": "yaghiemap", "governoratet": "Nablus", "governorates": 15, "last_edited_date": 1758613177574, "groupedfields": null, "x_coordinate": 35.16803709, "editor": null, "creator": null, "near_fid": -1, "installedsincegazaceasefire": 2, "working_hours_from": null, "last_edited_user": "OPT_GIS_UNOCHA", "x": 35.16803709, "y": 32.2658243, "oct_7_status": "2", "created_date": 1750068815874, "objectid": 431, "editdate_1": 1711627446443 }, "geometry": { "type": "Point", "coordinates": [ 35.168037094650472, 32.265824296788033 ] } },
{ "type": "Feature", "properties": { "checkpoint": null, "after_28feb_2025": 0, "open_or_closed": null, "creationdate": null, "creationdate_1": 1663741005297, "affected_community1": null, "obstaclewaitingtime": null, "open_or_closed_gate": null, "closutretype": 2, "comments_oct_7": null, "if_closure_status_is_type_chang": null, "closurestatus": 2, "date_time3": null, "totalpopulationaffected": null, "months": null, "created_user": "OPT_GIS_UNOCHA", "test": null, "near_dist": -1.0, "closuretype": null, "rg_oc1": null, "name": "Sabastiya main entrance", "region": 1, "editdate": null, "pcp_og": null, "to_period1": null, "to_period2": null, "globalid": "{AB4336BD-BD76-44CC-81CC-3384DA54AEC1}", "from_period2": null, "h2": "2", "pcp_status": null, "openingclosingfrequency": null, "from_period1": null, "y_coordinate": 32.2714362, "closure_operational": null, "description_ceasefire": null, "iscounted": 1, "operatinghours": null, "affectedpopulation": null, "editor_1": "yaghiemap", "governoratet": "Nablus", "governorates": 15, "last_edited_date": 1758613177574, "groupedfields": null, "x_coordinate": 35.18215082, "editor": null, "creator": null, "near_fid": -1, "installedsincegazaceasefire": 2, "working_hours_from": null, "last_edited_user": "OPT_GIS_UNOCHA", "x": 35.18215082, "y": 32.2714362, "oct_7_status": "2", "created_date": 1750068815874, "objectid": 434, "editdate_1": 1711627446443 }, "geometry": { "type": "Point", "coordinates": [ 35.182150823112494, 32.27143619599255 ] } },
{ "type": "Feature", "properties": { "checkpoint": null, "after_28feb_2025": 0, "open_or_closed": null, "creationdate": null, "creationdate_1": 1663741005297, "affected_community1": null, "obstaclewaitingtime": null, "open_or_closed_gate": null, "closutretype": 2, "comments_oct_7": null, "if_closure_status_is_type_chang": null, "closurestatus": 2, "date_time3": null, "totalpopulationaffected": null, "months": null, "created_user": "OPT_GIS_UNOCHA", "test": null, "near_dist": -1.0, "closuretype": null, "rg_oc1": null, "name": "Sabastiya- Sahel Ramin", "region": 1, "editdate": null, "pcp_og": null, "to_period1": null, "to_period2": null, "globalid": "{56E370FF-443B-40A9-A1C8-ACBA8EE16166}", "from_period2": null, "h2": "2", "pcp_status": null, "openingclosingfrequency": null, "from_period1": null, "y_coordinate": 32.27521338, "closure_operational": null, "description_ceasefire": null, "iscounted": 1, "operatinghours": null, "affectedpopulation": null, "editor_1": "yaghiemap", "governoratet": "Nablus", "governorates": 15, "last_edited_date": 1758613177574, "groupedfields": null, "x_coordinate": 35.17675469, "editor": null, "creator": null, "near_fid": -1, "installedsincegazaceasefire": 2, "working_hours_from": null, "last_edited_user": "OPT_GIS_UNOCHA", "x": 35.17675469, "y": 32.27521338, "oct_7_status": "2", "created_date": 1750068815874, "objectid": 435, "editdate_1": 1711627446443 }, "geometry": { "type": "Point", "coordinates": [ 35.177733771695934, 32.277626345768013 ] } },
{ "type": "Feature", "properties": { "checkpoint": null, "after_28feb_2025": 0, "open_or_closed": null, "creationdate": null, "creationdate_1": 1663741005297, "affected_community1": null, "obstaclewaitingtime": null, "open_or_closed_gate": null, "closutretype": 11, "comments_oct_7": null, "if_closure_status_is_type_chang": null, "closurestatus": 2, "date_time3": null, "totalpopulationaffected": null, "months": null, "created_user": "OPT_GIS_UNOCHA", "test": null, "near_dist": -1.0, "closuretype": null, "rg_oc1": null, "name": "Evacuated Homesh Israeli settlement ( Burqa village lands) to road “60”", "region": 1, "editdate": null, "pcp_og": null, "to_period1": null, "to_period2": null, "globalid": "{2B84E75F-45E0-4AF9-B44A-474DE0E6D8BD}", "from_period2": null, "h2": "2", "pcp_status": null, "openingclosingfrequency": null, "from_period1": null, "y_coordinate": 32.30866955, "closure_operational": null, "description_ceasefire": null, "iscounted": 1, "operatinghours": null, "affectedpopulation": null, "editor_1": "yaghiemap", "governoratet": "Nablus", "governorates": 15, "last_edited_date": 1758613177574, "groupedfields": null, "x_coordinate": 35.17986434, "editor": null, "creator": null, "near_fid": -1, "installedsincegazaceasefire": 2, "working_hours_from": null, "last_edited_user": "OPT_GIS_UNOCHA", "x": 35.17986434, "y": 32.30866955, "oct_7_status": "2", "created_date": 1750068815874, "objectid": 436, "editdate_1": 1711627446443 }, "geometry": { "type": "Point", "coordinates": [ 35.179864342667621, 32.308669550798875 ] } },
{ "type": "Feature", "properties": { "checkpoint": null, "after_28feb_2025": 0, "open_or_closed": null, "creationdate": null, "creationdate_1": 1663741005297, "affected_community1": null, "obstaclewaitingtime": null, "open_or_closed_gate": null, "closutretype": 2, "comments_oct_7": null, "if_closure_status_is_type_chang": null, "closurestatus": 2, "date_time3": null, "totalpopulationaffected": null, "months": null, "created_user": "OPT_GIS_UNOCHA", "test": null, "near_dist": -1.0, "closuretype": null, "rg_oc1": null, "name": "Beit circle road 60", "region": 1, "editdate": null, "pcp_og": null, "to_period1": null, "to_period2": null, "globalid": "{A1E4E489-E112-490F-9201-3E2F766BA742}", "from_period2": null, "h2": "2", "pcp_status": null, "openingclosingfrequency": null, "from_period1": null, "y_coordinate": 32.13708201, "closure_operational": null, "description_ceasefire": null, "iscounted": 1, "operatinghours": null, "affectedpopulation": null, "editor_1": "yaghiemap", "governoratet": "Nablus", "governorates": 15, "last_edited_date": 1758613177574, "groupedfields": null, "x_coordinate": 35.25808435, "editor": null, "creator": null, "near_fid": -1, "installedsincegazaceasefire": 2, "working_hours_from": null, "last_edited_user": "OPT_GIS_UNOCHA", "x": 35.25808435, "y": 32.13708201, "oct_7_status": "2", "created_date": 1750068815984, "objectid": 441, "editdate_1": 1711627446443 }, "geometry": { "type": "Point", "coordinates": [ 35.258084346777977, 32.137082005201982 ] } },
{ "type": "Feature", "properties": { "checkpoint": null, "after_28feb_2025": 0, "open_or_closed": null, "creationdate": null, "creationdate_1": 1663741005297, "affected_community1": null, "obstaclewaitingtime": null, "open_or_closed_gate": null, "closutretype": 4, "comments_oct_7": null, "if_closure_status_is_type_chang": null, "closurestatus": 2, "date_time3": null, "totalpopulationaffected": null, "months": null, "created_user": "OPT_GIS_UNOCHA", "test": null, "near_dist": -1.0, "closuretype": null, "rg_oc1": null, "name": "Jurish em", "region": 1, "editdate": null, "pcp_og": null, "to_period1": null, "to_period2": null, "globalid": "{F0694961-37BF-43E7-BBDB-88616854F58A}", "from_period2": null, "h2": "2", "pcp_status": null, "openingclosingfrequency": null, "from_period1": null, "y_coordinate": 32.1195987, "closure_operational": null, "description_ceasefire": null, "iscounted": 1, "operatinghours": null, "affectedpopulation": null, "editor_1": "yaghiemap", "governoratet": "Nablus", "governorates": 15, "last_edited_date": 1758613177574, "groupedfields": null, "x_coordinate": 35.31569451, "editor": null, "creator": null, "near_fid": -1, "installedsincegazaceasefire": 2, "working_hours_from": null, "last_edited_user": "OPT_GIS_UNOCHA", "x": 35.31569451, "y": 32.1195987, "oct_7_status": "2", "created_date": 1750068815984, "objectid": 442, "editdate_1": 1711627446443 }, "geometry": { "type": "Point", "coordinates": [ 35.315694510091774, 32.119598697476071 ] } },
{ "type": "Feature", "properties": { "checkpoint": null, "after_28feb_2025": 0, "open_or_closed": null, "creationdate": null, "creationdate_1": 1663741005297, "affected_community1": null, "obstaclewaitingtime": null, "open_or_closed_gate": null, "closutretype": 4, "comments_oct_7": null, "if_closure_status_is_type_chang": null, "closurestatus": 2, "date_time3": null, "totalpopulationaffected": null, "months": null, "created_user": "OPT_GIS_UNOCHA", "test": null, "near_dist": -1.0, "closuretype": null, "rg_oc1": null, "name": "Aqraba agricultural road to rd 505", "region": 1, "editdate": null, "pcp_og": null, "to_period1": null, "to_period2": null, "globalid": "{0FB4B6C2-AAF7-4606-8151-5A044BD59A40}", "from_period2": null, "h2": "2", "pcp_status": null, "openingclosingfrequency": null, "from_period1": null, "y_coordinate": 32.11962148, "closure_operational": null, "description_ceasefire": null, "iscounted": 1, "operatinghours": null, "affectedpopulation": null, "editor_1": "yaghiemap", "governoratet": "Nablus", "governorates": 15, "last_edited_date": 1758613177574, "groupedfields": null, "x_coordinate": 35.31518913, "editor": null, "creator": null, "near_fid": -1, "installedsincegazaceasefire": 2, "working_hours_from": null, "last_edited_user": "OPT_GIS_UNOCHA", "x": 35.31518913, "y": 32.11962148, "oct_7_status": "2", "created_date": 1750068815984, "objectid": 443, "editdate_1": 1711627446443 }, "geometry": { "type": "Point", "coordinates": [ 35.315189129261952, 32.11962147783035 ] } },
{ "type": "Feature", "properties": { "checkpoint": null, "after_28feb_2025": 0, "open_or_closed": null, "creationdate": null, "creationdate_1": 1663741005297, "affected_community1": null, "obstaclewaitingtime": null, "open_or_closed_gate": null, "closutretype": 4, "comments_oct_7": null, "if_closure_status_is_type_chang": null, "closurestatus": 2, "date_time3": null, "totalpopulationaffected": null, "months": null, "created_user": "OPT_GIS_UNOCHA", "test": null, "near_dist": -1.0, "closuretype": null, "rg_oc1": null, "name": "Aqraba west agricultural road", "region": 1, "editdate": null, "pcp_og": null, "to_period1": null, "to_period2": null, "globalid": "{996B91B5-151A-47FC-8099-981F47475FA2}", "from_period2": null, "h2": "2", "pcp_status": null, "openingclosingfrequency": null, "from_period1": null, "y_coordinate": 32.10548624, "closure_operational": null, "description_ceasefire": null, "iscounted": 1, "operatinghours": null, "affectedpopulation": null, "editor_1": "yaghiemap", "governoratet": "Nablus", "governorates": 15, "last_edited_date": 1758613177574, "groupedfields": null, "x_coordinate": 35.34230679, "editor": null, "creator": null, "near_fid": -1, "installedsincegazaceasefire": 2, "working_hours_from": null, "last_edited_user": "OPT_GIS_UNOCHA", "x": 35.34230679, "y": 32.10548624, "oct_7_status": "2", "created_date": 1750068815984, "objectid": 444, "editdate_1": 1711627446443 }, "geometry": { "type": "Point", "coordinates": [ 35.342306794422718, 32.105486237615132 ] } },
{ "type": "Feature", "properties": { "checkpoint": null, "after_28feb_2025": 0, "open_or_closed": null, "creationdate": null, "creationdate_1": 1663741005297, "affected_community1": null, "obstaclewaitingtime": null, "open_or_closed_gate": null, "closutretype": 2, "comments_oct_7": null, "if_closure_status_is_type_chang": null, "closurestatus": 2, "date_time3": null, "totalpopulationaffected": null, "months": null, "created_user": "OPT_GIS_UNOCHA", "test": null, "near_dist": -1.0, "closuretype": null, "rg_oc1": null, "name": "Qusra entrance pcp", "region": 1, "editdate": null, "pcp_og": null, "to_period1": null, "to_period2": null, "globalid": "{FB3DF6CD-DC10-4C63-8AF2-7C2011952AA3}", "from_period2": null, "h2": "2", "pcp_status": null, "openingclosingfrequency": null, "from_period1": null, "y_coordinate": 32.08551755, "closure_operational": null, "description_ceasefire": null, "iscounted": 1, "operatinghours": null, "affectedpopulation": null, "editor_1": "yaghiemap", "governoratet": "Nablus", "governorates": 15, "last_edited_date": 1758613177574, "groupedfields": null, "x_coordinate": 35.34234698, "editor": null, "creator": null, "near_fid": -1, "installedsincegazaceasefire": 2, "working_hours_from": null, "last_edited_user": "OPT_GIS_UNOCHA", "x": 35.34234698, "y": 32.08551755, "oct_7_status": "2", "created_date": 1750068815984, "objectid": 445, "editdate_1": 1711627446443 }, "geometry": { "type": "Point", "coordinates": [ 35.34234698373433, 32.085517552912521 ] } },
{ "type": "Feature", "properties": { "checkpoint": null, "after_28feb_2025": 0, "open_or_closed": null, "creationdate": null, "creationdate_1": 1663741005297, "affected_community1": null, "obstaclewaitingtime": null, "open_or_closed_gate": null, "closutretype": 2, "comments_oct_7": null, "if_closure_status_is_type_chang": null, "closurestatus": 2, "date_time3": null, "totalpopulationaffected": null, "months": null, "created_user": "OPT_GIS_UNOCHA", "test": null, "near_dist": -1.0, "closuretype": null, "rg_oc1": null, "name": "Bizzariya", "region": 1, "editdate": null, "pcp_og": null, "to_period1": null, "to_period2": null, "globalid": "{D2F443A4-4599-4384-A23F-272380BCAFA7}", "from_period2": null, "h2": "2", "pcp_status": null, "openingclosingfrequency": null, "from_period1": null, "y_coordinate": 32.30619166, "closure_operational": null, "description_ceasefire": null, "iscounted": 1, "operatinghours": null, "affectedpopulation": null, "editor_1": "yaghiemap", "governoratet": "Nablus", "governorates": 15, "last_edited_date": 1758613177574, "groupedfields": null, "x_coordinate": 35.17573197, "editor": null, "creator": null, "near_fid": -1, "installedsincegazaceasefire": 2, "working_hours_from": null, "last_edited_user": "OPT_GIS_UNOCHA", "x": 35.17573197, "y": 32.30619166, "oct_7_status": "2", "created_date": 1750068816069, "objectid": 457, "editdate_1": 1711627446443 }, "geometry": { "type": "Point", "coordinates": [ 35.175731974049, 32.306191656083499 ] } },
{ "type": "Feature", "properties": { "checkpoint": null, "after_28feb_2025": 0, "open_or_closed": null, "creationdate": null, "creationdate_1": 1663835757614, "affected_community1": null, "obstaclewaitingtime": null, "open_or_closed_gate": null, "closutretype": 11, "comments_oct_7": null, "if_closure_status_is_type_chang": null, "closurestatus": 2, "date_time3": null, "totalpopulationaffected": null, "months": null, "created_user": "OPT_GIS_UNOCHA", "test": null, "near_dist": 1275.7703310300001, "closuretype": null, "rg_oc1": null, "name": "Tell-concrete blocks with road gate", "region": 1, "editdate": null, "pcp_og": null, "to_period1": null, "to_period2": null, "globalid": "{B88006FD-28C0-4E32-8088-2C8BE491E34D}", "from_period2": null, "h2": "2", "pcp_status": null, "openingclosingfrequency": null, "from_period1": null, "y_coordinate": 32.19802692, "closure_operational": null, "description_ceasefire": null, "iscounted": 1, "operatinghours": null, "affectedpopulation": null, "editor_1": "yaghiemap", "governoratet": "Nablus", "governorates": 15, "last_edited_date": 1758613177574, "groupedfields": null, "x_coordinate": 35.23117338, "editor": null, "creator": null, "near_fid": 578, "installedsincegazaceasefire": 2, "working_hours_from": null, "last_edited_user": "OPT_GIS_UNOCHA", "x": 35.23117338, "y": 32.19802692, "oct_7_status": "2", "created_date": 1750068816514, "objectid": 509, "editdate_1": 1711627446443 }, "geometry": { "type": "Point", "coordinates": [ 35.231183850691565, 32.198051513536114 ] } },
{ "type": "Feature", "properties": { "checkpoint": null, "after_28feb_2025": 0, "open_or_closed": null, "creationdate": null, "creationdate_1": 1663838211942, "affected_community1": null, "obstaclewaitingtime": null, "open_or_closed_gate": null, "closutretype": 2, "comments_oct_7": null, "if_closure_status_is_type_chang": null, "closurestatus": 2, "date_time3": null, "totalpopulationaffected": null, "months": null, "created_user": "OPT_GIS_UNOCHA", "test": null, "near_dist": -1.0, "closuretype": null, "rg_oc1": null, "name": "Evatar PcP", "region": 1, "editdate": null, "pcp_og": null, "to_period1": null, "to_period2": null, "globalid": "{F2C405C8-79A1-4540-B632-EA4657C77BFD}", "from_period2": null, "h2": "2", "pcp_status": null, "openingclosingfrequency": null, "from_period1": null, "y_coordinate": 32.11719057, "closure_operational": null, "description_ceasefire": null, "iscounted": 1, "operatinghours": null, "affectedpopulation": null, "editor_1": "yaghiemap", "governoratet": "Nablus", "governorates": 15, "last_edited_date": 1758613177574, "groupedfields": null, "x_coordinate": 35.27389875, "editor": null, "creator": null, "near_fid": -1, "installedsincegazaceasefire": 2, "working_hours_from": null, "last_edited_user": "OPT_GIS_UNOCHA", "x": 35.27389875, "y": 32.11719057, "oct_7_status": "2", "created_date": 1750068816605, "objectid": 512, "editdate_1": 1711627446443 }, "geometry": { "type": "Point", "coordinates": [ 35.273898752748323, 32.117190570176056 ] } },
{ "type": "Feature", "properties": { "checkpoint": null, "after_28feb_2025": 0, "open_or_closed": null, "creationdate": null, "creationdate_1": 1663838327316, "affected_community1": null, "obstaclewaitingtime": null, "open_or_closed_gate": null, "closutretype": 5, "comments_oct_7": null, "if_closure_status_is_type_chang": null, "closurestatus": 2, "date_time3": null, "totalpopulationaffected": null, "months": null, "created_user": "OPT_GIS_UNOCHA", "test": null, "near_dist": -1.0, "closuretype": null, "rg_oc1": null, "name": "Evatar road block", "region": 1, "editdate": null, "pcp_og": null, "to_period1": null, "to_period2": null, "globalid": "{AF4B0BD5-C9AF-48A6-B7BE-F4B20786CF1E}", "from_period2": null, "h2": "2", "pcp_status": null, "openingclosingfrequency": null, "from_period1": null, "y_coordinate": 32.11973468, "closure_operational": null, "description_ceasefire": null, "iscounted": 1, "operatinghours": null, "affectedpopulation": null, "editor_1": "yaghiemap", "governoratet": "Nablus", "governorates": 15, "last_edited_date": 1758613177574, "groupedfields": null, "x_coordinate": 35.28641453, "editor": null, "creator": null, "near_fid": -1, "installedsincegazaceasefire": 2, "working_hours_from": null, "last_edited_user": "OPT_GIS_UNOCHA", "x": 35.28641453, "y": 32.11973468, "oct_7_status": "2", "created_date": 1750068816605, "objectid": 513, "editdate_1": 1711627446443 }, "geometry": { "type": "Point", "coordinates": [ 35.286414530316549, 32.119734681954931 ] } },
{ "type": "Feature", "properties": { "checkpoint": null, "after_28feb_2025": 0, "open_or_closed": null, "creationdate": null, "creationdate_1": 1663839065497, "affected_community1": null, "obstaclewaitingtime": null, "open_or_closed_gate": null, "closutretype": 4, "comments_oct_7": null, "if_closure_status_is_type_chang": null, "closurestatus": 2, "date_time3": null, "totalpopulationaffected": null, "months": null, "created_user": "OPT_GIS_UNOCHA", "test": null, "near_dist": -1.0, "closuretype": null, "rg_oc1": null, "name": "Osarin ", "region": 1, "editdate": null, "pcp_og": null, "to_period1": null, "to_period2": null, "globalid": "{FB7BCF5C-5ECD-4919-9274-E267FE70C2B6}", "from_period2": null, "h2": "2", "pcp_status": null, "openingclosingfrequency": null, "from_period1": null, "y_coordinate": 32.12185402, "closure_operational": null, "description_ceasefire": null, "iscounted": 1, "operatinghours": null, "affectedpopulation": null, "editor_1": "yaghiemap", "governoratet": "Nablus", "governorates": 15, "last_edited_date": 1758613177574, "groupedfields": null, "x_coordinate": 35.31256346, "editor": null, "creator": null, "near_fid": -1, "installedsincegazaceasefire": 2, "working_hours_from": null, "last_edited_user": "OPT_GIS_UNOCHA", "x": 35.31256346, "y": 32.12185402, "oct_7_status": "2", "created_date": 1750068816605, "objectid": 514, "editdate_1": 1711627446443 }, "geometry": { "type": "Point", "coordinates": [ 35.312563458804028, 32.121854022028593 ] } },
{ "type": "Feature", "properties": { "checkpoint": null, "after_28feb_2025": 0, "open_or_closed": null, "creationdate": null, "creationdate_1": 1663840636002, "affected_community1": null, "obstaclewaitingtime": null, "open_or_closed_gate": null, "closutretype": 5, "comments_oct_7": null, "if_closure_status_is_type_chang": null, "closurestatus": 2, "date_time3": null, "totalpopulationaffected": null, "months": null, "created_user": "OPT_GIS_UNOCHA", "test": null, "near_dist": -1.0, "closuretype": null, "rg_oc1": null, "name": "Aqraba agricultural entrance", "region": 1, "editdate": null, "pcp_og": null, "to_period1": null, "to_period2": null, "globalid": "{5AFC8EAD-7B71-4B95-8F2C-011FEAA4EA3F}", "from_period2": null, "h2": "2", "pcp_status": null, "openingclosingfrequency": null, "from_period1": null, "y_coordinate": 32.11789763, "closure_operational": null, "description_ceasefire": null, "iscounted": 1, "operatinghours": null, "affectedpopulation": null, "editor_1": "yaghiemap", "governoratet": "Nablus", "governorates": 15, "last_edited_date": 1758613177574, "groupedfields": null, "x_coordinate": 35.33186195, "editor": null, "creator": null, "near_fid": -1, "installedsincegazaceasefire": 2, "working_hours_from": null, "last_edited_user": "OPT_GIS_UNOCHA", "x": 35.33186195, "y": 32.11789763, "oct_7_status": "2", "created_date": 1750068816605, "objectid": 517, "editdate_1": 1711627446443 }, "geometry": { "type": "Point", "coordinates": [ 35.33186194529258, 32.117897626119117 ] } },
{ "type": "Feature", "properties": { "checkpoint": null, "after_28feb_2025": 0, "open_or_closed": null, "creationdate": null, "creationdate_1": 1663840823655, "affected_community1": null, "obstaclewaitingtime": null, "open_or_closed_gate": null, "closutretype": 4, "comments_oct_7": null, "if_closure_status_is_type_chang": null, "closurestatus": 2, "date_time3": null, "totalpopulationaffected": null, "months": null, "created_user": "OPT_GIS_UNOCHA", "test": null, "near_dist": -1.0, "closuretype": null, "rg_oc1": null, "name": "Jurish/Qusra Agriculture earth mound", "region": 1, "editdate": null, "pcp_og": null, "to_period1": null, "to_period2": null, "globalid": "{B2DE7065-F07B-4454-9D33-7DFB770AF74F}", "from_period2": null, "h2": "2", "pcp_status": null, "openingclosingfrequency": null, "from_period1": null, "y_coordinate": 32.11571047, "closure_operational": null, "description_ceasefire": null, "iscounted": 1, "operatinghours": null, "affectedpopulation": null, "editor_1": "yaghiemap", "governoratet": "Nablus", "governorates": 15, "last_edited_date": 1758613177574, "groupedfields": null, "x_coordinate": 35.33384076, "editor": null, "creator": null, "near_fid": -1, "installedsincegazaceasefire": 2, "working_hours_from": null, "last_edited_user": "OPT_GIS_UNOCHA", "x": 35.33384076, "y": 32.11571047, "oct_7_status": "2", "created_date": 1750068816605, "objectid": 518, "editdate_1": 1711627446443 }, "geometry": { "type": "Point", "coordinates": [ 35.333840757175302, 32.115710465732825 ] } },
{ "type": "Feature", "properties": { "checkpoint": null, "after_28feb_2025": 0, "open_or_closed": null, "creationdate": null, "creationdate_1": 1663840965898, "affected_community1": null, "obstaclewaitingtime": null, "open_or_closed_gate": null, "closutretype": 4, "comments_oct_7": null, "if_closure_status_is_type_chang": null, "closurestatus": 2, "date_time3": null, "totalpopulationaffected": null, "months": null, "created_user": "OPT_GIS_UNOCHA", "test": null, "near_dist": -1.0, "closuretype": null, "rg_oc1": null, "name": "Aqraba/Jurish agriculture earthmound", "region": 1, "editdate": null, "pcp_og": null, "to_period1": null, "to_period2": null, "globalid": "{7CB3D259-13F3-4866-952A-28AEDF85FD0F}", "from_period2": null, "h2": "2", "pcp_status": null, "openingclosingfrequency": null, "from_period1": null, "y_coordinate": 32.11615394, "closure_operational": null, "description_ceasefire": null, "iscounted": 1, "operatinghours": null, "affectedpopulation": null, "editor_1": "yaghiemap", "governoratet": "Nablus", "governorates": 15, "last_edited_date": 1758613177574, "groupedfields": null, "x_coordinate": 35.33361306, "editor": null, "creator": null, "near_fid": -1, "installedsincegazaceasefire": 2, "working_hours_from": null, "last_edited_user": "OPT_GIS_UNOCHA", "x": 35.33361306, "y": 32.11615394, "oct_7_status": "2", "created_date": 1750068816605, "objectid": 519, "editdate_1": 1711627446443 }, "geometry": { "type": "Point", "coordinates": [ 35.333613059355471, 32.116153939315467 ] } },
{ "type": "Feature", "properties": { "checkpoint": null, "after_28feb_2025": 0, "open_or_closed": null, "creationdate": null, "creationdate_1": 1664355626687, "affected_community1": null, "obstaclewaitingtime": null, "open_or_closed_gate": null, "closutretype": 4, "comments_oct_7": null, "if_closure_status_is_type_chang": null, "closurestatus": 2, "date_time3": null, "totalpopulationaffected": null, "months": null, "created_user": "OPT_GIS_UNOCHA", "test": null, "near_dist": -1.0, "closuretype": null, "rg_oc1": null, "name": "Luban agr entrance", "region": 1, "editdate": null, "pcp_og": null, "to_period1": null, "to_period2": null, "globalid": "{EA9D70FC-5D28-461C-863D-E34E7689672D}", "from_period2": null, "h2": "2", "pcp_status": null, "openingclosingfrequency": null, "from_period1": null, "y_coordinate": 32.06373827, "closure_operational": null, "description_ceasefire": null, "iscounted": 1, "operatinghours": null, "affectedpopulation": null, "editor_1": "yaghiemap", "governoratet": "Nablus", "governorates": 15, "last_edited_date": 1758613177574, "groupedfields": null, "x_coordinate": 35.24662686, "editor": null, "creator": null, "near_fid": -1, "installedsincegazaceasefire": 2, "working_hours_from": null, "last_edited_user": "OPT_GIS_UNOCHA", "x": 35.24662686, "y": 32.06373827, "oct_7_status": "2", "created_date": 1750068816806, "objectid": 534, "editdate_1": 1711627446443 }, "geometry": { "type": "Point", "coordinates": [ 35.246626860688309, 32.063738266954019 ] } },
{ "type": "Feature", "properties": { "checkpoint": null, "after_28feb_2025": 0, "open_or_closed": null, "creationdate": null, "creationdate_1": 1664356848965, "affected_community1": null, "obstaclewaitingtime": null, "open_or_closed_gate": null, "closutretype": 5, "comments_oct_7": null, "if_closure_status_is_type_chang": null, "closurestatus": 2, "date_time3": null, "totalpopulationaffected": null, "months": null, "created_user": "OPT_GIS_UNOCHA", "test": null, "near_dist": -1.0, "closuretype": null, "rg_oc1": null, "name": "Laban 2 rb", "region": 1, "editdate": null, "pcp_og": null, "to_period1": null, "to_period2": null, "globalid": "{C8B5A325-DD45-455B-8976-3ACDE0BC9533}", "from_period2": null, "h2": "2", "pcp_status": null, "openingclosingfrequency": null, "from_period1": null, "y_coordinate": 32.06320401, "closure_operational": null, "description_ceasefire": null, "iscounted": 1, "operatinghours": null, "affectedpopulation": null, "editor_1": "yaghiemap", "governoratet": "Nablus", "governorates": 15, "last_edited_date": 1758613177574, "groupedfields": null, "x_coordinate": 35.24655196, "editor": null, "creator": null, "near_fid": -1, "installedsincegazaceasefire": 2, "working_hours_from": null, "last_edited_user": "OPT_GIS_UNOCHA", "x": 35.24655196, "y": 32.06320401, "oct_7_status": "2", "created_date": 1750068816806, "objectid": 536, "editdate_1": 1711627446443 }, "geometry": { "type": "Point", "coordinates": [ 35.246551957714132, 32.063204014102716 ] } },
{ "type": "Feature", "properties": { "checkpoint": null, "after_28feb_2025": 0, "open_or_closed": null, "creationdate": null, "creationdate_1": 1664357981222, "affected_community1": null, "obstaclewaitingtime": null, "open_or_closed_gate": null, "closutretype": 5, "comments_oct_7": null, "if_closure_status_is_type_chang": null, "closurestatus": 2, "date_time3": null, "totalpopulationaffected": null, "months": null, "created_user": "OPT_GIS_UNOCHA", "test": null, "near_dist": -1.0, "closuretype": null, "rg_oc1": null, "name": "Lubban3", "region": 1, "editdate": null, "pcp_og": null, "to_period1": null, "to_period2": null, "globalid": "{F7FA3ED1-22B4-4CF4-A15E-3D87888BFBBB}", "from_period2": null, "h2": "2", "pcp_status": null, "openingclosingfrequency": null, "from_period1": null, "y_coordinate": 32.06642803, "closure_operational": null, "description_ceasefire": null, "iscounted": 1, "operatinghours": null, "affectedpopulation": null, "editor_1": "yaghiemap", "governoratet": "Nablus", "governorates": 15, "last_edited_date": 1758613177574, "groupedfields": null, "x_coordinate": 35.24677604, "editor": null, "creator": null, "near_fid": -1, "installedsincegazaceasefire": 2, "working_hours_from": null, "last_edited_user": "OPT_GIS_UNOCHA", "x": 35.24677604, "y": 32.06642803, "oct_7_status": "2", "created_date": 1750068816806, "objectid": 537, "editdate_1": 1711627446443 }, "geometry": { "type": "Point", "coordinates": [ 35.246776039180801, 32.066428032221509 ] } },
{ "type": "Feature", "properties": { "checkpoint": null, "after_28feb_2025": 0, "open_or_closed": null, "creationdate": null, "creationdate_1": 1664359479022, "affected_community1": null, "obstaclewaitingtime": null, "open_or_closed_gate": null, "closutretype": 4, "comments_oct_7": null, "if_closure_status_is_type_chang": null, "closurestatus": 2, "date_time3": null, "totalpopulationaffected": null, "months": null, "created_user": "OPT_GIS_UNOCHA", "test": null, "near_dist": -1.0, "closuretype": null, "rg_oc1": null, "name": "Jurish em", "region": 1, "editdate": null, "pcp_og": null, "to_period1": null, "to_period2": null, "globalid": "{F5E5AAB9-88B8-4225-A000-098218F143CB}", "from_period2": null, "h2": "2", "pcp_status": null, "openingclosingfrequency": null, "from_period1": null, "y_coordinate": 32.09665634, "closure_operational": null, "description_ceasefire": null, "iscounted": 1, "operatinghours": null, "affectedpopulation": null, "editor_1": "yaghiemap", "governoratet": "Nablus", "governorates": 15, "last_edited_date": 1758613177574, "groupedfields": null, "x_coordinate": 35.3450142, "editor": null, "creator": null, "near_fid": -1, "installedsincegazaceasefire": 2, "working_hours_from": null, "last_edited_user": "OPT_GIS_UNOCHA", "x": 35.3450142, "y": 32.09665634, "oct_7_status": "2", "created_date": 1750068816806, "objectid": 540, "editdate_1": 1711627446443 }, "geometry": { "type": "Point", "coordinates": [ 35.345014204672424, 32.096656335440358 ] } },
{ "type": "Feature", "properties": { "checkpoint": null, "after_28feb_2025": 0, "open_or_closed": null, "creationdate": null, "creationdate_1": 1664359667031, "affected_community1": null, "obstaclewaitingtime": null, "open_or_closed_gate": null, "closutretype": 5, "comments_oct_7": null, "if_closure_status_is_type_chang": null, "closurestatus": 2, "date_time3": null, "totalpopulationaffected": null, "months": null, "created_user": "OPT_GIS_UNOCHA", "test": null, "near_dist": -1.0, "closuretype": null, "rg_oc1": null, "name": "Jurish/Qusra road block 2", "region": 1, "editdate": null, "pcp_og": null, "to_period1": null, "to_period2": null, "globalid": "{B66570DF-BBB9-4FB5-A071-1EA5A1C84C9B}", "from_period2": null, "h2": "2", "pcp_status": null, "openingclosingfrequency": null, "from_period1": null, "y_coordinate": 32.09531207, "closure_operational": null, "description_ceasefire": null, "iscounted": 1, "operatinghours": null, "affectedpopulation": null, "editor_1": "yaghiemap", "governoratet": "Nablus", "governorates": 15, "last_edited_date": 1758613177574, "groupedfields": null, "x_coordinate": 35.34673706, "editor": null, "creator": null, "near_fid": -1, "installedsincegazaceasefire": 2, "working_hours_from": null, "last_edited_user": "OPT_GIS_UNOCHA", "x": 35.34673706, "y": 32.09531207, "oct_7_status": "2", "created_date": 1750068816894, "objectid": 541, "editdate_1": 1711627446443 }, "geometry": { "type": "Point", "coordinates": [ 35.346737062454707, 32.095312074533147 ] } },
{ "type": "Feature", "properties": { "checkpoint": null, "after_28feb_2025": 0, "open_or_closed": null, "creationdate": null, "creationdate_1": 1664359714578, "affected_community1": null, "obstaclewaitingtime": null, "open_or_closed_gate": null, "closutretype": 5, "comments_oct_7": null, "if_closure_status_is_type_chang": null, "closurestatus": 2, "date_time3": null, "totalpopulationaffected": null, "months": null, "created_user": "OPT_GIS_UNOCHA", "test": null, "near_dist": -1.0, "closuretype": null, "rg_oc1": null, "name": "Jurish- Qusra road block", "region": 1, "editdate": null, "pcp_og": null, "to_period1": null, "to_period2": null, "globalid": "{A2008B47-6AD4-4F57-A97F-39A205D1862B}", "from_period2": null, "h2": "2", "pcp_status": null, "openingclosingfrequency": null, "from_period1": null, "y_coordinate": 32.09560137, "closure_operational": null, "description_ceasefire": null, "iscounted": 1, "operatinghours": null, "affectedpopulation": null, "editor_1": "yaghiemap", "governoratet": "Nablus", "governorates": 15, "last_edited_date": 1758613177574, "groupedfields": null, "x_coordinate": 35.34661566, "editor": null, "creator": null, "near_fid": -1, "installedsincegazaceasefire": 2, "working_hours_from": null, "last_edited_user": "OPT_GIS_UNOCHA", "x": 35.34661566, "y": 32.09560137, "oct_7_status": "2", "created_date": 1750068816894, "objectid": 542, "editdate_1": 1711627446443 }, "geometry": { "type": "Point", "coordinates": [ 35.34661566225077, 32.095601370112284 ] } },
{ "type": "Feature", "properties": { "checkpoint": null, "after_28feb_2025": 0, "open_or_closed": null, "creationdate": null, "creationdate_1": 1664359860638, "affected_community1": null, "obstaclewaitingtime": null, "open_or_closed_gate": null, "closutretype": 5, "comments_oct_7": null, "if_closure_status_is_type_chang": null, "closurestatus": 2, "date_time3": null, "totalpopulationaffected": null, "months": null, "created_user": "OPT_GIS_UNOCHA", "test": null, "near_dist": -1.0, "closuretype": null, "rg_oc1": null, "name": "Qusra-Jurish agricultural lands road block ", "region": 1, "editdate": null, "pcp_og": null, "to_period1": null, "to_period2": null, "globalid": "{4A82DB57-44A2-4533-8160-3707AC8E362D}", "from_period2": null, "h2": "2", "pcp_status": null, "openingclosingfrequency": null, "from_period1": null, "y_coordinate": 32.09497507, "closure_operational": null, "description_ceasefire": null, "iscounted": 1, "operatinghours": null, "affectedpopulation": null, "editor_1": "yaghiemap", "governoratet": "Nablus", "governorates": 15, "last_edited_date": 1758613177574, "groupedfields": null, "x_coordinate": 35.34695626, "editor": null, "creator": null, "near_fid": -1, "installedsincegazaceasefire": 2, "working_hours_from": null, "last_edited_user": "OPT_GIS_UNOCHA", "x": 35.34695626, "y": 32.09497507, "oct_7_status": "2", "created_date": 1750068816894, "objectid": 543, "editdate_1": 1711627446443 }, "geometry": { "type": "Point", "coordinates": [ 35.34695626513799, 32.094975066924512 ] } },
{ "type": "Feature", "properties": { "checkpoint": null, "after_28feb_2025": 0, "open_or_closed": null, "creationdate": null, "creationdate_1": 1664456456417, "affected_community1": null, "obstaclewaitingtime": null, "open_or_closed_gate": null, "closutretype": 2, "comments_oct_7": null, "if_closure_status_is_type_chang": null, "closurestatus": 2, "date_time3": null, "totalpopulationaffected": null, "months": null, "created_user": "OPT_GIS_UNOCHA", "test": null, "near_dist": -1.0, "closuretype": null, "rg_oc1": null, "name": "Burqa PCP", "region": 1, "editdate": null, "pcp_og": null, "to_period1": null, "to_period2": null, "globalid": "{7AA79E50-DD25-461F-B563-173A2621E9BD}", "from_period2": null, "h2": "2", "pcp_status": null, "openingclosingfrequency": null, "from_period1": null, "y_coordinate": 32.28568326, "closure_operational": null, "description_ceasefire": null, "iscounted": 1, "operatinghours": null, "affectedpopulation": null, "editor_1": "yaghiemap", "governoratet": "Nablus", "governorates": 15, "last_edited_date": 1758613177574, "groupedfields": null, "x_coordinate": 35.18190335, "editor": null, "creator": null, "near_fid": -1, "installedsincegazaceasefire": 2, "working_hours_from": null, "last_edited_user": "OPT_GIS_UNOCHA", "x": 35.18190335, "y": 32.28568326, "oct_7_status": "2", "created_date": 1750068816894, "objectid": 545, "editdate_1": 1711627446443 }, "geometry": { "type": "Point", "coordinates": [ 35.181903350834503, 32.28568326450381 ] } },
{ "type": "Feature", "properties": { "checkpoint": null, "after_28feb_2025": 0, "open_or_closed": null, "creationdate": null, "creationdate_1": 1665039884015, "affected_community1": null, "obstaclewaitingtime": null, "open_or_closed_gate": null, "closutretype": 4, "comments_oct_7": null, "if_closure_status_is_type_chang": null, "closurestatus": 2, "date_time3": null, "totalpopulationaffected": null, "months": null, "created_user": "OPT_GIS_UNOCHA", "test": null, "near_dist": -1.0, "closuretype": null, "rg_oc1": null, "name": "Duma West EM 1", "region": 1, "editdate": null, "pcp_og": null, "to_period1": null, "to_period2": null, "globalid": "{F9996F1B-AB9A-4E78-B836-6292E8D12596}", "from_period2": null, "h2": "2", "pcp_status": null, "openingclosingfrequency": null, "from_period1": null, "y_coordinate": 32.06033408, "closure_operational": null, "description_ceasefire": null, "iscounted": 1, "operatinghours": null, "affectedpopulation": null, "editor_1": "yaghiemap", "governoratet": "Nablus", "governorates": 15, "last_edited_date": 1758613177574, "groupedfields": null, "x_coordinate": 35.35355992, "editor": null, "creator": null, "near_fid": -1, "installedsincegazaceasefire": 2, "working_hours_from": null, "last_edited_user": "OPT_GIS_UNOCHA", "x": 35.35355992, "y": 32.06033408, "oct_7_status": "2", "created_date": 1750068817068, "objectid": 565, "editdate_1": 1711627446443 }, "geometry": { "type": "Point", "coordinates": [ 35.353559916734902, 32.060334083798971 ] } },
{ "type": "Feature", "properties": { "checkpoint": null, "after_28feb_2025": 0, "open_or_closed": null, "creationdate": null, "creationdate_1": 1665040045768, "affected_community1": null, "obstaclewaitingtime": null, "open_or_closed_gate": null, "closutretype": 4, "comments_oct_7": null, "if_closure_status_is_type_chang": null, "closurestatus": 2, "date_time3": null, "totalpopulationaffected": null, "months": null, "created_user": "OPT_GIS_UNOCHA", "test": null, "near_dist": -1.0, "closuretype": null, "rg_oc1": null, "name": "Duma West EM 2", "region": 1, "editdate": null, "pcp_og": null, "to_period1": null, "to_period2": null, "globalid": "{6B7960EF-14E9-4B17-948C-68E4BA305C9F}", "from_period2": null, "h2": "2", "pcp_status": null, "openingclosingfrequency": null, "from_period1": null, "y_coordinate": 32.05981733, "closure_operational": null, "description_ceasefire": null, "iscounted": 1, "operatinghours": null, "affectedpopulation": null, "editor_1": "yaghiemap", "governoratet": "Nablus", "governorates": 15, "last_edited_date": 1758613177574, "groupedfields": null, "x_coordinate": 35.35352637, "editor": null, "creator": null, "near_fid": -1, "installedsincegazaceasefire": 2, "working_hours_from": null, "last_edited_user": "OPT_GIS_UNOCHA", "x": 35.35352637, "y": 32.05981733, "oct_7_status": "2", "created_date": 1750068817068, "objectid": 566, "editdate_1": 1711627446443 }, "geometry": { "type": "Point", "coordinates": [ 35.353526366823218, 32.05981733336322 ] } },
{ "type": "Feature", "properties": { "checkpoint": null, "after_28feb_2025": 0, "open_or_closed": null, "creationdate": null, "creationdate_1": 1665040083166, "affected_community1": null, "obstaclewaitingtime": null, "open_or_closed_gate": null, "closutretype": 4, "comments_oct_7": null, "if_closure_status_is_type_chang": null, "closurestatus": 2, "date_time3": null, "totalpopulationaffected": null, "months": null, "created_user": "OPT_GIS_UNOCHA", "test": null, "near_dist": -1.0, "closuretype": null, "rg_oc1": null, "name": "Duma West EM 3", "region": 1, "editdate": null, "pcp_og": null, "to_period1": null, "to_period2": null, "globalid": "{05E9D301-344A-444D-B61C-1ECDACE8EF1C}", "from_period2": null, "h2": "2", "pcp_status": null, "openingclosingfrequency": null, "from_period1": null, "y_coordinate": 32.05981823, "closure_operational": null, "description_ceasefire": null, "iscounted": 1, "operatinghours": null, "affectedpopulation": null, "editor_1": "yaghiemap", "governoratet": "Nablus", "governorates": 15, "last_edited_date": 1758613177574, "groupedfields": null, "x_coordinate": 35.35349224, "editor": null, "creator": null, "near_fid": -1, "installedsincegazaceasefire": 2, "working_hours_from": null, "last_edited_user": "OPT_GIS_UNOCHA", "x": 35.35349224, "y": 32.05981823, "oct_7_status": "2", "created_date": 1750068817068, "objectid": 567, "editdate_1": 1711627446443 }, "geometry": { "type": "Point", "coordinates": [ 35.353492242552299, 32.059818234282254 ] } },
{ "type": "Feature", "properties": { "checkpoint": null, "after_28feb_2025": 0, "open_or_closed": null, "creationdate": null, "creationdate_1": 1665047510518, "affected_community1": null, "obstaclewaitingtime": null, "open_or_closed_gate": null, "closutretype": 4, "comments_oct_7": null, "if_closure_status_is_type_chang": null, "closurestatus": 2, "date_time3": null, "totalpopulationaffected": null, "months": null, "created_user": "OPT_GIS_UNOCHA", "test": null, "near_dist": -1.0, "closuretype": null, "rg_oc1": null, "name": "Majdal Bani Fadil EM", "region": 1, "editdate": null, "pcp_og": null, "to_period1": null, "to_period2": null, "globalid": "{B895BD0F-38B4-4C44-B87A-C95353860F92}", "from_period2": null, "h2": "2", "pcp_status": null, "openingclosingfrequency": null, "from_period1": null, "y_coordinate": 32.07325187, "closure_operational": null, "description_ceasefire": null, "iscounted": 1, "operatinghours": null, "affectedpopulation": null, "editor_1": "yaghiemap", "governoratet": "Nablus", "governorates": 15, "last_edited_date": 1758613177574, "groupedfields": null, "x_coordinate": 35.35824027, "editor": null, "creator": null, "near_fid": -1, "installedsincegazaceasefire": 2, "working_hours_from": null, "last_edited_user": "OPT_GIS_UNOCHA", "x": 35.35824027, "y": 32.07325187, "oct_7_status": "2", "created_date": 1750068817068, "objectid": 568, "editdate_1": 1711627446443 }, "geometry": { "type": "Point", "coordinates": [ 35.358240266821433, 32.07325186904496 ] } },
{ "type": "Feature", "properties": { "checkpoint": null, "after_28feb_2025": 0, "open_or_closed": null, "creationdate": null, "creationdate_1": 1665047708051, "affected_community1": null, "obstaclewaitingtime": null, "open_or_closed_gate": null, "closutretype": 5, "comments_oct_7": null, "if_closure_status_is_type_chang": null, "closurestatus": 2, "date_time3": null, "totalpopulationaffected": null, "months": null, "created_user": "OPT_GIS_UNOCHA", "test": null, "near_dist": -1.0, "closuretype": null, "rg_oc1": null, "name": "Duma North RB", "region": 1, "editdate": null, "pcp_og": null, "to_period1": null, "to_period2": null, "globalid": "{175261DF-6707-4EC0-B5C6-797219C000E9}", "from_period2": null, "h2": "2", "pcp_status": null, "openingclosingfrequency": null, "from_period1": null, "y_coordinate": 32.07309819, "closure_operational": null, "description_ceasefire": null, "iscounted": 1, "operatinghours": null, "affectedpopulation": null, "editor_1": "yaghiemap", "governoratet": "Nablus", "governorates": 15, "last_edited_date": 1758613177574, "groupedfields": null, "x_coordinate": 35.35807546, "editor": null, "creator": null, "near_fid": -1, "installedsincegazaceasefire": 2, "working_hours_from": null, "last_edited_user": "OPT_GIS_UNOCHA", "x": 35.35807546, "y": 32.07309819, "oct_7_status": "2", "created_date": 1750068817068, "objectid": 569, "editdate_1": 1711627446443 }, "geometry": { "type": "Point", "coordinates": [ 35.358075461619457, 32.073098185099809 ] } },
{ "type": "Feature", "properties": { "checkpoint": null, "after_28feb_2025": 0, "open_or_closed": null, "creationdate": null, "creationdate_1": 1668690469691, "affected_community1": null, "obstaclewaitingtime": null, "open_or_closed_gate": null, "closutretype": 4, "comments_oct_7": null, "if_closure_status_is_type_chang": null, "closurestatus": 2, "date_time3": null, "totalpopulationaffected": null, "months": null, "created_user": "OPT_GIS_UNOCHA", "test": null, "near_dist": -1.0, "closuretype": null, "rg_oc1": null, "name": "Burqa earth mound", "region": 1, "editdate": null, "pcp_og": null, "to_period1": null, "to_period2": null, "globalid": "{C185982D-9337-4FB1-8C94-03BD3FDF23D4}", "from_period2": null, "h2": "2", "pcp_status": null, "openingclosingfrequency": null, "from_period1": null, "y_coordinate": 32.28884841, "closure_operational": null, "description_ceasefire": null, "iscounted": 1, "operatinghours": null, "affectedpopulation": null, "editor_1": "yaghiemap", "governoratet": "Nablus", "governorates": 15, "last_edited_date": 1758613177574, "groupedfields": null, "x_coordinate": 35.18488694, "editor": null, "creator": null, "near_fid": -1, "installedsincegazaceasefire": 2, "working_hours_from": null, "last_edited_user": "OPT_GIS_UNOCHA", "x": 35.18488694, "y": 32.28884841, "oct_7_status": "2", "created_date": 1750068817318, "objectid": 590, "editdate_1": 1711627446443 }, "geometry": { "type": "Point", "coordinates": [ 35.184886939750903, 32.288848408754781 ] } },
{ "type": "Feature", "properties": { "checkpoint": null, "after_28feb_2025": 0, "open_or_closed": null, "creationdate": null, "creationdate_1": 1668690626641, "affected_community1": null, "obstaclewaitingtime": null, "open_or_closed_gate": null, "closutretype": 2, "comments_oct_7": null, "if_closure_status_is_type_chang": null, "closurestatus": 2, "date_time3": null, "totalpopulationaffected": null, "months": null, "created_user": "OPT_GIS_UNOCHA", "test": null, "near_dist": -1.0, "closuretype": null, "rg_oc1": null, "name": "Masudiya PcP", "region": 1, "editdate": null, "pcp_og": null, "to_period1": null, "to_period2": null, "globalid": "{017CDC31-48F7-4CC7-8B57-521C29B42D28}", "from_period2": null, "h2": "2", "pcp_status": null, "openingclosingfrequency": null, "from_period1": null, "y_coordinate": 32.28291845, "closure_operational": null, "description_ceasefire": null, "iscounted": 1, "operatinghours": null, "affectedpopulation": null, "editor_1": "yaghiemap", "governoratet": "Nablus", "governorates": 15, "last_edited_date": 1758613177574, "groupedfields": null, "x_coordinate": 35.18148909, "editor": null, "creator": null, "near_fid": -1, "installedsincegazaceasefire": 2, "working_hours_from": null, "last_edited_user": "OPT_GIS_UNOCHA", "x": 35.18148909, "y": 32.28291845, "oct_7_status": "2", "created_date": 1750068817501, "objectid": 591, "editdate_1": 1711627446443 }, "geometry": { "type": "Point", "coordinates": [ 35.181489085475846, 32.28291844504939 ] } },
{ "type": "Feature", "properties": { "checkpoint": null, "after_28feb_2025": 0, "open_or_closed": null, "creationdate": null, "creationdate_1": 1668690758449, "affected_community1": null, "obstaclewaitingtime": null, "open_or_closed_gate": null, "closutretype": 4, "comments_oct_7": null, "if_closure_status_is_type_chang": null, "closurestatus": 2, "date_time3": null, "totalpopulationaffected": null, "months": null, "created_user": "OPT_GIS_UNOCHA", "test": null, "near_dist": -1.0, "closuretype": null, "rg_oc1": null, "name": "Masudiya- Sabastiya earth-mound", "region": 1, "editdate": null, "pcp_og": null, "to_period1": null, "to_period2": null, "globalid": "{BD54EBC8-30EA-4656-B3E7-F3AA43D582E3}", "from_period2": null, "h2": "2", "pcp_status": null, "openingclosingfrequency": null, "from_period1": null, "y_coordinate": 32.28320804, "closure_operational": null, "description_ceasefire": null, "iscounted": 1, "operatinghours": null, "affectedpopulation": null, "editor_1": "yaghiemap", "governoratet": "Nablus", "governorates": 15, "last_edited_date": 1758613177574, "groupedfields": null, "x_coordinate": 35.18192195, "editor": null, "creator": null, "near_fid": -1, "installedsincegazaceasefire": 2, "working_hours_from": null, "last_edited_user": "OPT_GIS_UNOCHA", "x": 35.18192195, "y": 32.28320804, "oct_7_status": "2", "created_date": 1750068817501, "objectid": 592, "editdate_1": 1711627446443 }, "geometry": { "type": "Point", "coordinates": [ 35.181921945125325, 32.283208045023244 ] } },
{ "type": "Feature", "properties": { "checkpoint": null, "after_28feb_2025": 0, "open_or_closed": null, "creationdate": null, "creationdate_1": 1669032958089, "affected_community1": null, "obstaclewaitingtime": null, "open_or_closed_gate": null, "closutretype": 5, "comments_oct_7": null, "if_closure_status_is_type_chang": null, "closurestatus": 2, "date_time3": null, "totalpopulationaffected": null, "months": null, "created_user": "OPT_GIS_UNOCHA", "test": null, "near_dist": -1.0, "closuretype": null, "rg_oc1": null, "name": "Beita-Osarin road block at road 505", "region": 1, "editdate": null, "pcp_og": null, "to_period1": null, "to_period2": null, "globalid": "{75460CAC-E83E-44CB-B1C6-B8693FF09140}", "from_period2": null, "h2": "2", "pcp_status": null, "openingclosingfrequency": null, "from_period1": null, "y_coordinate": 32.11951719, "closure_operational": null, "description_ceasefire": null, "iscounted": 1, "operatinghours": null, "affectedpopulation": null, "editor_1": "yaghiemap", "governoratet": "Nablus", "governorates": 15, "last_edited_date": 1758613177574, "groupedfields": null, "x_coordinate": 35.29185015, "editor": null, "creator": null, "near_fid": -1, "installedsincegazaceasefire": 2, "working_hours_from": null, "last_edited_user": "OPT_GIS_UNOCHA", "x": 35.29185015, "y": 32.11951719, "oct_7_status": "2", "created_date": 1750068817501, "objectid": 593, "editdate_1": 1711627446443 }, "geometry": { "type": "Point", "coordinates": [ 35.291850144729459, 32.119517189572655 ] } },
{ "type": "Feature", "properties": { "checkpoint": null, "after_28feb_2025": 0, "open_or_closed": null, "creationdate": null, "creationdate_1": 1669033200166, "affected_community1": null, "obstaclewaitingtime": null, "open_or_closed_gate": null, "closutretype": 2, "comments_oct_7": null, "if_closure_status_is_type_chang": null, "closurestatus": 2, "date_time3": null, "totalpopulationaffected": null, "months": null, "created_user": "OPT_GIS_UNOCHA", "test": null, "near_dist": -1.0, "closuretype": null, "rg_oc1": null, "name": "Beita observation PCP at road 505", "region": 1, "editdate": null, "pcp_og": null, "to_period1": null, "to_period2": null, "globalid": "{6CA61C73-B9B4-4012-9DF6-8E56999632F8}", "from_period2": null, "h2": "2", "pcp_status": null, "openingclosingfrequency": null, "from_period1": null, "y_coordinate": 32.12005882, "closure_operational": null, "description_ceasefire": null, "iscounted": 1, "operatinghours": null, "affectedpopulation": null, "editor_1": "yaghiemap", "governoratet": "Nablus", "governorates": 15, "last_edited_date": 1758613177574, "groupedfields": null, "x_coordinate": 35.28288845, "editor": null, "creator": null, "near_fid": -1, "installedsincegazaceasefire": 2, "working_hours_from": null, "last_edited_user": "OPT_GIS_UNOCHA", "x": 35.28288845, "y": 32.12005882, "oct_7_status": "2", "created_date": 1750068817501, "objectid": 594, "editdate_1": 1711627446443 }, "geometry": { "type": "Point", "coordinates": [ 35.282888448985702, 32.120058817828017 ] } },
{ "type": "Feature", "properties": { "checkpoint": null, "after_28feb_2025": 0, "open_or_closed": null, "creationdate": null, "creationdate_1": 1669033301426, "affected_community1": null, "obstaclewaitingtime": null, "open_or_closed_gate": null, "closutretype": 4, "comments_oct_7": null, "if_closure_status_is_type_chang": null, "closurestatus": 2, "date_time3": null, "totalpopulationaffected": null, "months": null, "created_user": "OPT_GIS_UNOCHA", "test": null, "near_dist": -1.0, "closuretype": null, "rg_oc1": null, "name": "Beita agricultural lands em", "region": 1, "editdate": null, "pcp_og": null, "to_period1": null, "to_period2": null, "globalid": "{62B8E1B9-2642-499B-87EF-30B4DC0EB4F2}", "from_period2": null, "h2": "2", "pcp_status": null, "openingclosingfrequency": null, "from_period1": null, "y_coordinate": 32.12062585, "closure_operational": null, "description_ceasefire": null, "iscounted": 1, "operatinghours": null, "affectedpopulation": null, "editor_1": "yaghiemap", "governoratet": "Nablus", "governorates": 15, "last_edited_date": 1758613177574, "groupedfields": null, "x_coordinate": 35.28284886, "editor": null, "creator": null, "near_fid": -1, "installedsincegazaceasefire": 2, "working_hours_from": null, "last_edited_user": "OPT_GIS_UNOCHA", "x": 35.28284886, "y": 32.12062585, "oct_7_status": "2", "created_date": 1750068817501, "objectid": 595, "editdate_1": 1711627446443 }, "geometry": { "type": "Point", "coordinates": [ 35.282848864164364, 32.120625851763926 ] } },
{ "type": "Feature", "properties": { "checkpoint": null, "after_28feb_2025": 0, "open_or_closed": null, "creationdate": null, "creationdate_1": 1669033830421, "affected_community1": null, "obstaclewaitingtime": null, "open_or_closed_gate": null, "closutretype": 2, "comments_oct_7": null, "if_closure_status_is_type_chang": null, "closurestatus": 2, "date_time3": null, "totalpopulationaffected": null, "months": null, "created_user": "OPT_GIS_UNOCHA", "test": null, "near_dist": -1.0, "closuretype": null, "rg_oc1": null, "name": "Huwwara PcP6 near beita circle", "region": 1, "editdate": null, "pcp_og": null, "to_period1": null, "to_period2": null, "globalid": "{B9ED1CF4-0F07-4021-B869-003547E5F714}", "from_period2": null, "h2": "2", "pcp_status": null, "openingclosingfrequency": null, "from_period1": null, "y_coordinate": 32.13948865, "closure_operational": null, "description_ceasefire": null, "iscounted": 1, "operatinghours": null, "affectedpopulation": null, "editor_1": "yaghiemap", "governoratet": "Nablus", "governorates": 15, "last_edited_date": 1758613177574, "groupedfields": null, "x_coordinate": 35.25803643, "editor": null, "creator": null, "near_fid": -1, "installedsincegazaceasefire": 2, "working_hours_from": null, "last_edited_user": "OPT_GIS_UNOCHA", "x": 35.25803643, "y": 32.13948865, "oct_7_status": "2", "created_date": 1750068817501, "objectid": 596, "editdate_1": 1711627446443 }, "geometry": { "type": "Point", "coordinates": [ 35.258036425462315, 32.139488648945168 ] } },
{ "type": "Feature", "properties": { "checkpoint": null, "after_28feb_2025": 0, "open_or_closed": null, "creationdate": null, "creationdate_1": 1669034105066, "affected_community1": null, "obstaclewaitingtime": null, "open_or_closed_gate": null, "closutretype": 2, "comments_oct_7": null, "if_closure_status_is_type_chang": null, "closurestatus": 2, "date_time3": null, "totalpopulationaffected": null, "months": null, "created_user": "OPT_GIS_UNOCHA", "test": null, "near_dist": -1.0, "closuretype": null, "rg_oc1": null, "name": "Huwwara main road PcP5", "region": 1, "editdate": null, "pcp_og": null, "to_period1": null, "to_period2": null, "globalid": "{D07C0666-687C-4AB0-A188-FF6D39DB60D7}", "from_period2": null, "h2": "2", "pcp_status": null, "openingclosingfrequency": null, "from_period1": null, "y_coordinate": 32.14447697, "closure_operational": null, "description_ceasefire": null, "iscounted": 1, "operatinghours": null, "affectedpopulation": null, "editor_1": "yaghiemap", "governoratet": "Nablus", "governorates": 15, "last_edited_date": 1758613177574, "groupedfields": null, "x_coordinate": 35.25816338, "editor": null, "creator": null, "near_fid": -1, "installedsincegazaceasefire": 2, "working_hours_from": null, "last_edited_user": "OPT_GIS_UNOCHA", "x": 35.25816338, "y": 32.14447697, "oct_7_status": "2", "created_date": 1750068817501, "objectid": 597, "editdate_1": 1711627446443 }, "geometry": { "type": "Point", "coordinates": [ 35.258163378152467, 32.144476973847098 ] } },
{ "type": "Feature", "properties": { "checkpoint": null, "after_28feb_2025": 0, "open_or_closed": null, "creationdate": null, "creationdate_1": 1669034190205, "affected_community1": null, "obstaclewaitingtime": null, "open_or_closed_gate": null, "closutretype": 2, "comments_oct_7": null, "if_closure_status_is_type_chang": null, "closurestatus": 2, "date_time3": null, "totalpopulationaffected": null, "months": null, "created_user": "OPT_GIS_UNOCHA", "test": null, "near_dist": -1.0, "closuretype": null, "rg_oc1": null, "name": "Huwwara main road PcP4", "region": 1, "editdate": null, "pcp_og": null, "to_period1": null, "to_period2": null, "globalid": "{EDF04B28-6192-4FEE-AB33-BF343BED560C}", "from_period2": null, "h2": "2", "pcp_status": null, "openingclosingfrequency": null, "from_period1": null, "y_coordinate": 32.14662766, "closure_operational": null, "description_ceasefire": null, "iscounted": 1, "operatinghours": null, "affectedpopulation": null, "editor_1": "yaghiemap", "governoratet": "Nablus", "governorates": 15, "last_edited_date": 1758613177574, "groupedfields": null, "x_coordinate": 35.25801445, "editor": null, "creator": null, "near_fid": -1, "installedsincegazaceasefire": 2, "working_hours_from": null, "last_edited_user": "OPT_GIS_UNOCHA", "x": 35.25801445, "y": 32.14662766, "oct_7_status": "2", "created_date": 1750068817501, "objectid": 598, "editdate_1": 1711627446443 }, "geometry": { "type": "Point", "coordinates": [ 35.258014454841749, 32.146627658303906 ] } },
{ "type": "Feature", "properties": { "checkpoint": null, "after_28feb_2025": 0, "open_or_closed": null, "creationdate": null, "creationdate_1": 1669034255390, "affected_community1": null, "obstaclewaitingtime": null, "open_or_closed_gate": null, "closutretype": 2, "comments_oct_7": null, "if_closure_status_is_type_chang": null, "closurestatus": 2, "date_time3": null, "totalpopulationaffected": null, "months": null, "created_user": "OPT_GIS_UNOCHA", "test": null, "near_dist": -1.0, "closuretype": null, "rg_oc1": null, "name": "Huwwara main road PcP3", "region": 1, "editdate": null, "pcp_og": null, "to_period1": null, "to_period2": null, "globalid": "{20F5D413-BBCF-434D-9901-DFD9FAA5AF10}", "from_period2": null, "h2": "2", "pcp_status": null, "openingclosingfrequency": null, "from_period1": null, "y_coordinate": 32.14859935, "closure_operational": null, "description_ceasefire": null, "iscounted": 1, "operatinghours": null, "affectedpopulation": null, "editor_1": "yaghiemap", "governoratet": "Nablus", "governorates": 15, "last_edited_date": 1758613177574, "groupedfields": null, "x_coordinate": 35.25795454, "editor": null, "creator": null, "near_fid": -1, "installedsincegazaceasefire": 2, "working_hours_from": null, "last_edited_user": "OPT_GIS_UNOCHA", "x": 35.25795454, "y": 32.14859935, "oct_7_status": "2", "created_date": 1750068817501, "objectid": 599, "editdate_1": 1711627446443 }, "geometry": { "type": "Point", "coordinates": [ 35.257954537396031, 32.148599350618966 ] } },
{ "type": "Feature", "properties": { "checkpoint": null, "after_28feb_2025": 0, "open_or_closed": null, "creationdate": null, "creationdate_1": 1669034456731, "affected_community1": null, "obstaclewaitingtime": null, "open_or_closed_gate": null, "closutretype": 2, "comments_oct_7": null, "if_closure_status_is_type_chang": null, "closurestatus": 2, "date_time3": null, "totalpopulationaffected": null, "months": null, "created_user": "OPT_GIS_UNOCHA", "test": null, "near_dist": -1.0, "closuretype": null, "rg_oc1": null, "name": "Huwwara main road PcP2", "region": 1, "editdate": null, "pcp_og": null, "to_period1": null, "to_period2": null, "globalid": "{68489FC3-DD24-4D7B-868D-D4AE19B633B2}", "from_period2": null, "h2": "2", "pcp_status": null, "openingclosingfrequency": null, "from_period1": null, "y_coordinate": 32.1514037, "closure_operational": null, "description_ceasefire": null, "iscounted": 1, "operatinghours": null, "affectedpopulation": null, "editor_1": "yaghiemap", "governoratet": "Nablus", "governorates": 15, "last_edited_date": 1758613177574, "groupedfields": null, "x_coordinate": 35.25856929, "editor": null, "creator": null, "near_fid": -1, "installedsincegazaceasefire": 2, "working_hours_from": null, "last_edited_user": "OPT_GIS_UNOCHA", "x": 35.25856929, "y": 32.1514037, "oct_7_status": "2", "created_date": 1750068817501, "objectid": 600, "editdate_1": 1711627446443 }, "geometry": { "type": "Point", "coordinates": [ 35.258569290700102, 32.151403701032493 ] } },
{ "type": "Feature", "properties": { "checkpoint": null, "after_28feb_2025": 0, "open_or_closed": null, "creationdate": null, "creationdate_1": 1669034821204, "affected_community1": null, "obstaclewaitingtime": null, "open_or_closed_gate": null, "closutretype": 2, "comments_oct_7": null, "if_closure_status_is_type_chang": null, "closurestatus": 2, "date_time3": null, "totalpopulationaffected": null, "months": null, "created_user": "OPT_GIS_UNOCHA", "test": null, "near_dist": -1.0, "closuretype": null, "rg_oc1": null, "name": "Huwwara main road PcP1", "region": 1, "editdate": null, "pcp_og": null, "to_period1": null, "to_period2": null, "globalid": "{7D0B2404-037E-4FC5-99B1-1D07F78B1EC2}", "from_period2": null, "h2": "2", "pcp_status": null, "openingclosingfrequency": null, "from_period1": null, "y_coordinate": 32.15573854, "closure_operational": null, "description_ceasefire": null, "iscounted": 1, "operatinghours": null, "affectedpopulation": null, "editor_1": "yaghiemap", "governoratet": "Nablus", "governorates": 15, "last_edited_date": 1758613177574, "groupedfields": null, "x_coordinate": 35.25962402, "editor": null, "creator": null, "near_fid": -1, "installedsincegazaceasefire": 2, "working_hours_from": null, "last_edited_user": "OPT_GIS_UNOCHA", "x": 35.25962402, "y": 32.15573854, "oct_7_status": "2", "created_date": 1750068817590, "objectid": 601, "editdate_1": 1711627446443 }, "geometry": { "type": "Point", "coordinates": [ 35.25962401715762, 32.155738537188853 ] } },
{ "type": "Feature", "properties": { "checkpoint": null, "after_28feb_2025": 0, "open_or_closed": null, "creationdate": null, "creationdate_1": 1669804070591, "affected_community1": null, "obstaclewaitingtime": null, "open_or_closed_gate": null, "closutretype": 2, "comments_oct_7": null, "if_closure_status_is_type_chang": null, "closurestatus": 2, "date_time3": null, "totalpopulationaffected": null, "months": null, "created_user": "OPT_GIS_UNOCHA", "test": null, "near_dist": -1.0, "closuretype": null, "rg_oc1": null, "name": "Tell-Jit pcp R60", "region": 1, "editdate": null, "pcp_og": null, "to_period1": null, "to_period2": null, "globalid": "{50F51E38-959F-4C5E-966F-BE8F28A4973B}", "from_period2": null, "h2": "2", "pcp_status": null, "openingclosingfrequency": null, "from_period1": null, "y_coordinate": 32.19029757, "closure_operational": null, "description_ceasefire": null, "iscounted": 1, "operatinghours": null, "affectedpopulation": null, "editor_1": "yaghiemap", "governoratet": "Nablus", "governorates": 15, "last_edited_date": 1758613177574, "groupedfields": null, "x_coordinate": 35.20779273, "editor": null, "creator": null, "near_fid": -1, "installedsincegazaceasefire": 2, "working_hours_from": null, "last_edited_user": "OPT_GIS_UNOCHA", "x": 35.20779273, "y": 32.19029757, "oct_7_status": "2", "created_date": 1750068817590, "objectid": 604, "editdate_1": 1711627446443 }, "geometry": { "type": "Point", "coordinates": [ 35.207792733521494, 32.190297566994239 ] } },
{ "type": "Feature", "properties": { "checkpoint": null, "after_28feb_2025": 0, "open_or_closed": null, "creationdate": null, "creationdate_1": 1669893899821, "affected_community1": null, "obstaclewaitingtime": null, "open_or_closed_gate": null, "closutretype": 4, "comments_oct_7": null, "if_closure_status_is_type_chang": null, "closurestatus": 2, "date_time3": null, "totalpopulationaffected": null, "months": null, "created_user": "OPT_GIS_UNOCHA", "test": null, "near_dist": -1.0, "closuretype": null, "rg_oc1": null, "name": "Beita South internal road em", "region": 1, "editdate": null, "pcp_og": null, "to_period1": null, "to_period2": null, "globalid": "{5B35FB0A-4991-404A-AC7A-614C1A6E38E0}", "from_period2": null, "h2": "2", "pcp_status": null, "openingclosingfrequency": null, "from_period1": null, "y_coordinate": 32.12120646, "closure_operational": null, "description_ceasefire": null, "iscounted": 1, "operatinghours": null, "affectedpopulation": null, "editor_1": "yaghiemap", "governoratet": "Nablus", "governorates": 15, "last_edited_date": 1758613177574, "groupedfields": null, "x_coordinate": 35.27976091, "editor": null, "creator": null, "near_fid": -1, "installedsincegazaceasefire": 2, "working_hours_from": null, "last_edited_user": "OPT_GIS_UNOCHA", "x": 35.27976091, "y": 32.12120646, "oct_7_status": "2", "created_date": 1750068817590, "objectid": 605, "editdate_1": 1711627446443 }, "geometry": { "type": "Point", "coordinates": [ 35.27976090625404, 32.121206462097909 ] } },
{ "type": "Feature", "properties": { "checkpoint": null, "after_28feb_2025": 0, "open_or_closed": null, "creationdate": null, "creationdate_1": 1669894153940, "affected_community1": null, "obstaclewaitingtime": null, "open_or_closed_gate": null, "closutretype": 4, "comments_oct_7": null, "if_closure_status_is_type_chang": null, "closurestatus": 2, "date_time3": null, "totalpopulationaffected": null, "months": null, "created_user": "OPT_GIS_UNOCHA", "test": null, "near_dist": -1.0, "closuretype": null, "rg_oc1": null, "name": "Beita southeast internal road em", "region": 1, "editdate": null, "pcp_og": null, "to_period1": null, "to_period2": null, "globalid": "{48054249-49C0-44A5-8AA2-8CD0377C64C4}", "from_period2": null, "h2": "2", "pcp_status": null, "openingclosingfrequency": null, "from_period1": null, "y_coordinate": 32.12128899, "closure_operational": null, "description_ceasefire": null, "iscounted": 1, "operatinghours": null, "affectedpopulation": null, "editor_1": "yaghiemap", "governoratet": "Nablus", "governorates": 15, "last_edited_date": 1758613177574, "groupedfields": null, "x_coordinate": 35.28264241, "editor": null, "creator": null, "near_fid": -1, "installedsincegazaceasefire": 2, "working_hours_from": null, "last_edited_user": "OPT_GIS_UNOCHA", "x": 35.28264241, "y": 32.12128899, "oct_7_status": "2", "created_date": 1750068817590, "objectid": 606, "editdate_1": 1711627446443 }, "geometry": { "type": "Point", "coordinates": [ 35.282642413645561, 32.121288993566928 ] } },
{ "type": "Feature", "properties": { "checkpoint": null, "after_28feb_2025": 0, "open_or_closed": null, "creationdate": null, "creationdate_1": 1669895207041, "affected_community1": null, "obstaclewaitingtime": null, "open_or_closed_gate": null, "closutretype": 4, "comments_oct_7": null, "if_closure_status_is_type_chang": null, "closurestatus": 2, "date_time3": null, "totalpopulationaffected": null, "months": null, "created_user": "OPT_GIS_UNOCHA", "test": null, "near_dist": -1.0, "closuretype": null, "rg_oc1": null, "name": "Beita southeast em2", "region": 1, "editdate": null, "pcp_og": null, "to_period1": null, "to_period2": null, "globalid": "{9A520E99-D144-4A4E-ABC6-761526DE6DE6}", "from_period2": null, "h2": "2", "pcp_status": null, "openingclosingfrequency": null, "from_period1": null, "y_coordinate": 32.123753, "closure_operational": null, "description_ceasefire": null, "iscounted": 1, "operatinghours": null, "affectedpopulation": null, "editor_1": "yaghiemap", "governoratet": "Nablus", "governorates": 15, "last_edited_date": 1758613177574, "groupedfields": null, "x_coordinate": 35.28437493, "editor": null, "creator": null, "near_fid": -1, "installedsincegazaceasefire": 2, "working_hours_from": null, "last_edited_user": "OPT_GIS_UNOCHA", "x": 35.28437493, "y": 32.123753, "oct_7_status": "2", "created_date": 1750068817590, "objectid": 607, "editdate_1": 1711627446443 }, "geometry": { "type": "Point", "coordinates": [ 35.284374933503393, 32.123752995409646 ] } },
{ "type": "Feature", "properties": { "checkpoint": null, "after_28feb_2025": 0, "open_or_closed": null, "creationdate": null, "creationdate_1": 1709641105488, "affected_community1": 150680, "obstaclewaitingtime": null, "open_or_closed_gate": null, "closutretype": 4, "comments_oct_7": null, "if_closure_status_is_type_chang": null, "closurestatus": 2, "date_time3": 1703980800000, "totalpopulationaffected": null, "months": null, "created_user": "OPT_GIS_UNOCHA", "test": null, "near_dist": -1.0, "closuretype": null, "rg_oc1": null, "name": "Burqa", "region": 1, "editdate": null, "pcp_og": null, "to_period1": null, "to_period2": null, "globalid": "{5DE1ABDD-3694-493E-9702-3529990A31DF}", "from_period2": null, "h2": "2", "pcp_status": null, "openingclosingfrequency": null, "from_period1": null, "y_coordinate": 32.302598, "closure_operational": null, "description_ceasefire": null, "iscounted": 1, "operatinghours": null, "affectedpopulation": null, "editor_1": "yaghiemap", "governoratet": "Nablus", "governorates": 15, "last_edited_date": 1758613177574, "groupedfields": null, "x_coordinate": 35.183463, "editor": null, "creator": null, "near_fid": -1, "installedsincegazaceasefire": 2, "working_hours_from": null, "last_edited_user": "OPT_GIS_UNOCHA", "x": 35.183463, "y": 32.302598, "oct_7_status": "1", "created_date": 1750068817938, "objectid": 641, "editdate_1": 1711627446443 }, "geometry": { "type": "Point", "coordinates": [ 35.183462999729691, 32.302598000057088 ] } },
{ "type": "Feature", "properties": { "checkpoint": null, "after_28feb_2025": 0, "open_or_closed": null, "creationdate": null, "creationdate_1": 1709641418053, "affected_community1": 150990, "obstaclewaitingtime": null, "open_or_closed_gate": null, "closutretype": 4, "comments_oct_7": null, "if_closure_status_is_type_chang": null, "closurestatus": 2, "date_time3": 1703980800000, "totalpopulationaffected": null, "months": null, "created_user": "OPT_GIS_UNOCHA", "test": null, "near_dist": -1.0, "closuretype": null, "rg_oc1": null, "name": "Burin/Tell Junction EM", "region": 1, "editdate": null, "pcp_og": null, "to_period1": null, "to_period2": null, "globalid": "{F5C549EC-C0C5-4890-B875-4C9C0DCA72BD}", "from_period2": null, "h2": "2", "pcp_status": null, "openingclosingfrequency": null, "from_period1": null, "y_coordinate": 32.195741, "closure_operational": null, "description_ceasefire": null, "iscounted": 1, "operatinghours": null, "affectedpopulation": null, "editor_1": "yaghiemap", "governoratet": "Nablus", "governorates": 15, "last_edited_date": 1758613177574, "groupedfields": null, "x_coordinate": 35.230721, "editor": null, "creator": null, "near_fid": -1, "installedsincegazaceasefire": 2, "working_hours_from": null, "last_edited_user": "OPT_GIS_UNOCHA", "x": 35.230721, "y": 32.195741, "oct_7_status": "1", "created_date": 1750068817938, "objectid": 642, "editdate_1": 1711627446443 }, "geometry": { "type": "Point", "coordinates": [ 35.230721000181518, 32.195740999722616 ] } },
{ "type": "Feature", "properties": { "checkpoint": null, "after_28feb_2025": 0, "open_or_closed": null, "creationdate": null, "creationdate_1": 1709650193750, "affected_community1": 150810, "obstaclewaitingtime": null, "open_or_closed_gate": null, "closutretype": 4, "comments_oct_7": null, "if_closure_status_is_type_chang": null, "closurestatus": 2, "date_time3": 1703980800000, "totalpopulationaffected": null, "months": null, "created_user": "OPT_GIS_UNOCHA", "test": null, "near_dist": -1.0, "closuretype": null, "rg_oc1": null, "name": "Nablus/Jenin road, Deir sharaf1", "region": 1, "editdate": null, "pcp_og": null, "to_period1": null, "to_period2": null, "globalid": "{D44D7BDD-DBAF-4F86-A2AA-EDCB2F11BB97}", "from_period2": null, "h2": "2", "pcp_status": null, "openingclosingfrequency": null, "from_period1": null, "y_coordinate": 32.255409, "closure_operational": null, "description_ceasefire": null, "iscounted": 1, "operatinghours": null, "affectedpopulation": null, "editor_1": "yaghiemap", "governoratet": "Nablus", "governorates": 15, "last_edited_date": 1758613177574, "groupedfields": null, "x_coordinate": 35.185448, "editor": null, "creator": null, "near_fid": -1, "installedsincegazaceasefire": 2, "working_hours_from": null, "last_edited_user": "OPT_GIS_UNOCHA", "x": 35.185448, "y": 32.255409, "oct_7_status": "2", "created_date": 1750068818030, "objectid": 654, "editdate_1": 1711627446443 }, "geometry": { "type": "Point", "coordinates": [ 35.185448000421346, 32.255408999717169 ] } },
{ "type": "Feature", "properties": { "checkpoint": null, "after_28feb_2025": 0, "open_or_closed": null, "creationdate": null, "creationdate_1": 1709650348454, "affected_community1": 150810, "obstaclewaitingtime": null, "open_or_closed_gate": null, "closutretype": 4, "comments_oct_7": null, "if_closure_status_is_type_chang": null, "closurestatus": 2, "date_time3": 1703980800000, "totalpopulationaffected": null, "months": null, "created_user": "OPT_GIS_UNOCHA", "test": null, "near_dist": -1.0, "closuretype": null, "rg_oc1": null, "name": "Nablus/Jenin road, Deir sharaf2", "region": 1, "editdate": null, "pcp_og": null, "to_period1": null, "to_period2": null, "globalid": "{9A4360FC-ECEB-4619-9DDF-D364BADC75E3}", "from_period2": null, "h2": "2", "pcp_status": null, "openingclosingfrequency": null, "from_period1": null, "y_coordinate": 32.255241, "closure_operational": null, "description_ceasefire": null, "iscounted": 1, "operatinghours": null, "affectedpopulation": null, "editor_1": "yaghiemap", "governoratet": "Nablus", "governorates": 15, "last_edited_date": 1758613177574, "groupedfields": null, "x_coordinate": 35.1852, "editor": null, "creator": null, "near_fid": -1, "installedsincegazaceasefire": 2, "working_hours_from": null, "last_edited_user": "OPT_GIS_UNOCHA", "x": 35.1852, "y": 32.255241, "oct_7_status": "2", "created_date": 1750068818030, "objectid": 655, "editdate_1": 1711627446443 }, "geometry": { "type": "Point", "coordinates": [ 35.185200000148441, 32.255241000127327 ] } },
{ "type": "Feature", "properties": { "checkpoint": null, "after_28feb_2025": 0, "open_or_closed": null, "creationdate": null, "creationdate_1": 1709650496986, "affected_community1": 150810, "obstaclewaitingtime": null, "open_or_closed_gate": null, "closutretype": 4, "comments_oct_7": null, "if_closure_status_is_type_chang": null, "closurestatus": 2, "date_time3": 1703980800000, "totalpopulationaffected": null, "months": null, "created_user": "OPT_GIS_UNOCHA", "test": null, "near_dist": -1.0, "closuretype": null, "rg_oc1": null, "name": "Nablus/Tulkarm road, Deir sharaf", "region": 1, "editdate": null, "pcp_og": null, "to_period1": null, "to_period2": null, "globalid": "{0141D4D5-5399-48A2-9C5D-AB4BB3456CFC}", "from_period2": null, "h2": "2", "pcp_status": null, "openingclosingfrequency": null, "from_period1": null, "y_coordinate": 32.25566, "closure_operational": null, "description_ceasefire": null, "iscounted": 1, "operatinghours": null, "affectedpopulation": null, "editor_1": "yaghiemap", "governoratet": "Nablus", "governorates": 15, "last_edited_date": 1758613177574, "groupedfields": null, "x_coordinate": 35.18398, "editor": null, "creator": null, "near_fid": -1, "installedsincegazaceasefire": 2, "working_hours_from": null, "last_edited_user": "OPT_GIS_UNOCHA", "x": 35.18398, "y": 32.25566, "oct_7_status": "1", "created_date": 1750068818030, "objectid": 656, "editdate_1": 1711627446443 }, "geometry": { "type": "Point", "coordinates": [ 35.183979999807491, 32.255659999830485 ] } },
{ "type": "Feature", "properties": { "checkpoint": null, "after_28feb_2025": 0, "open_or_closed": null, "creationdate": null, "creationdate_1": 1709650733097, "affected_community1": 151335, "obstaclewaitingtime": null, "open_or_closed_gate": null, "closutretype": 4, "comments_oct_7": null, "if_closure_status_is_type_chang": null, "closurestatus": 2, "date_time3": 1703980800000, "totalpopulationaffected": null, "months": null, "created_user": "OPT_GIS_UNOCHA", "test": null, "near_dist": -1.0, "closuretype": null, "rg_oc1": null, "name": "Qabalan EM1", "region": 1, "editdate": null, "pcp_og": null, "to_period1": null, "to_period2": null, "globalid": "{F6863748-E0FF-4EBE-B0EC-6685236311A0}", "from_period2": null, "h2": "2", "pcp_status": null, "openingclosingfrequency": null, "from_period1": null, "y_coordinate": 32.100029, "closure_operational": null, "description_ceasefire": null, "iscounted": 1, "operatinghours": null, "affectedpopulation": null, "editor_1": "yaghiemap", "governoratet": "Nablus", "governorates": 15, "last_edited_date": 1758613177574, "groupedfields": null, "x_coordinate": 35.261822, "editor": null, "creator": null, "near_fid": -1, "installedsincegazaceasefire": 2, "working_hours_from": null, "last_edited_user": "OPT_GIS_UNOCHA", "x": 35.261822, "y": 32.100029, "oct_7_status": "1", "created_date": 1750068818030, "objectid": 657, "editdate_1": 1711627446443 }, "geometry": { "type": "Point", "coordinates": [ 35.261821999585045, 32.100028999819628 ] } },
{ "type": "Feature", "properties": { "checkpoint": null, "after_28feb_2025": 0, "open_or_closed": null, "creationdate": null, "creationdate_1": 1709650847067, "affected_community1": 151335, "obstaclewaitingtime": null, "open_or_closed_gate": null, "closutretype": 4, "comments_oct_7": null, "if_closure_status_is_type_chang": null, "closurestatus": 2, "date_time3": 1703980800000, "totalpopulationaffected": null, "months": null, "created_user": "OPT_GIS_UNOCHA", "test": null, "near_dist": -1.0, "closuretype": null, "rg_oc1": null, "name": "Qabalan EM2", "region": 1, "editdate": null, "pcp_og": null, "to_period1": null, "to_period2": null, "globalid": "{D501E0D5-8E2F-453B-8829-48D68D4625E2}", "from_period2": null, "h2": "2", "pcp_status": null, "openingclosingfrequency": null, "from_period1": null, "y_coordinate": 32.116647, "closure_operational": null, "description_ceasefire": null, "iscounted": 1, "operatinghours": null, "affectedpopulation": null, "editor_1": "yaghiemap", "governoratet": "Nablus", "governorates": 15, "last_edited_date": 1758613177574, "groupedfields": null, "x_coordinate": 35.303895, "editor": null, "creator": null, "near_fid": -1, "installedsincegazaceasefire": 2, "working_hours_from": null, "last_edited_user": "OPT_GIS_UNOCHA", "x": 35.303895, "y": 32.116647, "oct_7_status": "1", "created_date": 1750068818030, "objectid": 658, "editdate_1": 1711627446443 }, "geometry": { "type": "Point", "coordinates": [ 35.303895000263914, 32.116646999773515 ] } },
{ "type": "Feature", "properties": { "checkpoint": null, "after_28feb_2025": 0, "open_or_closed": null, "creationdate": null, "creationdate_1": 1709651088316, "affected_community1": 151335, "obstaclewaitingtime": null, "open_or_closed_gate": null, "closutretype": 4, "comments_oct_7": null, "if_closure_status_is_type_chang": null, "closurestatus": 2, "date_time3": 1703980800000, "totalpopulationaffected": null, "months": null, "created_user": "OPT_GIS_UNOCHA", "test": null, "near_dist": -1.0, "closuretype": null, "rg_oc1": null, "name": "Qabalan EM3", "region": 1, "editdate": null, "pcp_og": null, "to_period1": null, "to_period2": null, "globalid": "{A48346CD-C3D1-40D1-B5E0-D565728EB9E0}", "from_period2": null, "h2": "2", "pcp_status": null, "openingclosingfrequency": null, "from_period1": null, "y_coordinate": 32.119074, "closure_operational": null, "description_ceasefire": null, "iscounted": 1, "operatinghours": null, "affectedpopulation": null, "editor_1": "yaghiemap", "governoratet": "Nablus", "governorates": 15, "last_edited_date": 1758613177574, "groupedfields": null, "x_coordinate": 35.314952, "editor": null, "creator": null, "near_fid": -1, "installedsincegazaceasefire": 2, "working_hours_from": null, "last_edited_user": "OPT_GIS_UNOCHA", "x": 35.314952, "y": 32.119074, "oct_7_status": "1", "created_date": 1750068818030, "objectid": 659, "editdate_1": 1711627446443 }, "geometry": { "type": "Point", "coordinates": [ 35.314951999804975, 32.119074000162072 ] } },
{ "type": "Feature", "properties": { "checkpoint": null, "after_28feb_2025": 0, "open_or_closed": null, "creationdate": null, "creationdate_1": 1709651438852, "affected_community1": 151410, "obstaclewaitingtime": null, "open_or_closed_gate": null, "closutretype": 4, "comments_oct_7": null, "if_closure_status_is_type_chang": null, "closurestatus": 2, "date_time3": 1703980800000, "totalpopulationaffected": null, "months": null, "created_user": "OPT_GIS_UNOCHA", "test": null, "near_dist": -1.0, "closuretype": null, "rg_oc1": null, "name": "Qaryut/ Betisha Area B", "region": 1, "editdate": null, "pcp_og": null, "to_period1": null, "to_period2": null, "globalid": "{5140143D-EC51-47F1-9F77-23E9D107A5FD}", "from_period2": null, "h2": "2", "pcp_status": null, "openingclosingfrequency": null, "from_period1": null, "y_coordinate": 32.06899, "closure_operational": null, "description_ceasefire": null, "iscounted": 1, "operatinghours": null, "affectedpopulation": null, "editor_1": "yaghiemap", "governoratet": "Nablus", "governorates": 15, "last_edited_date": 1758613177574, "groupedfields": null, "x_coordinate": 35.290131, "editor": null, "creator": null, "near_fid": -1, "installedsincegazaceasefire": 2, "working_hours_from": null, "last_edited_user": "OPT_GIS_UNOCHA", "x": 35.290131, "y": 32.06899, "oct_7_status": "1", "created_date": 1750068818030, "objectid": 660, "editdate_1": 1711627446443 }, "geometry": { "type": "Point", "coordinates": [ 35.290130999684571, 32.068989999795171 ] } },
{ "type": "Feature", "properties": { "checkpoint": null, "after_28feb_2025": 0, "open_or_closed": null, "creationdate": null, "creationdate_1": 1709651515977, "affected_community1": 151410, "obstaclewaitingtime": null, "open_or_closed_gate": null, "closutretype": 4, "comments_oct_7": null, "if_closure_status_is_type_chang": null, "closurestatus": 2, "date_time3": 1703980800000, "totalpopulationaffected": null, "months": null, "created_user": "OPT_GIS_UNOCHA", "test": null, "near_dist": -1.0, "closuretype": null, "rg_oc1": null, "name": "Qaryut/Water spring", "region": 1, "editdate": null, "pcp_og": null, "to_period1": null, "to_period2": null, "globalid": "{F8BF7A91-DC7E-4CDA-9A6E-99C51EF50A11}", "from_period2": null, "h2": "2", "pcp_status": null, "openingclosingfrequency": null, "from_period1": null, "y_coordinate": 32.074304, "closure_operational": null, "description_ceasefire": null, "iscounted": 1, "operatinghours": null, "affectedpopulation": null, "editor_1": "yaghiemap", "governoratet": "Nablus", "governorates": 15, "last_edited_date": 1758613177574, "groupedfields": null, "x_coordinate": 35.290123, "editor": null, "creator": null, "near_fid": -1, "installedsincegazaceasefire": 2, "working_hours_from": null, "last_edited_user": "OPT_GIS_UNOCHA", "x": 35.290123, "y": 32.074304, "oct_7_status": "1", "created_date": 1750068818118, "objectid": 661, "editdate_1": 1711627446443 }, "geometry": { "type": "Point", "coordinates": [ 35.290122999791947, 32.074303999753013 ] } },
{ "type": "Feature", "properties": { "checkpoint": null, "after_28feb_2025": 0, "open_or_closed": null, "creationdate": null, "creationdate_1": 1711625882291, "affected_community1": null, "obstaclewaitingtime": null, "open_or_closed_gate": null, "closutretype": 5, "comments_oct_7": null, "if_closure_status_is_type_chang": null, "closurestatus": 2, "date_time3": null, "totalpopulationaffected": null, "months": null, "created_user": "OPT_GIS_UNOCHA", "test": null, "near_dist": -1.0, "closuretype": null, "rg_oc1": null, "name": "Asira ash Shamaliya-Zawata Bypass road", "region": 1, "editdate": null, "pcp_og": null, "to_period1": null, "to_period2": null, "globalid": "{C42BEB76-128D-4B5B-A40C-1BAEAEFFDFCC}", "from_period2": null, "h2": "2", "pcp_status": null, "openingclosingfrequency": null, "from_period1": null, "y_coordinate": 32.24613501, "closure_operational": null, "description_ceasefire": null, "iscounted": null, "operatinghours": null, "affectedpopulation": null, "editor_1": "yaghiemap", "governoratet": "Nablus", "governorates": 15, "last_edited_date": 1758613177574, "groupedfields": null, "x_coordinate": 35.24409187, "editor": null, "creator": null, "near_fid": -1, "installedsincegazaceasefire": 2, "working_hours_from": null, "last_edited_user": "OPT_GIS_UNOCHA", "x": 35.24409187, "y": 32.24613501, "oct_7_status": "2", "created_date": 1750068818204, "objectid": 680, "editdate_1": 1711627446443 }, "geometry": { "type": "Point", "coordinates": [ 35.244091865846784, 32.246135005477612 ] } },
{ "type": "Feature", "properties": { "checkpoint": null, "after_28feb_2025": 0, "open_or_closed": null, "creationdate": null, "creationdate_1": 1711626047444, "affected_community1": null, "obstaclewaitingtime": null, "open_or_closed_gate": null, "closutretype": 4, "comments_oct_7": null, "if_closure_status_is_type_chang": null, "closurestatus": 2, "date_time3": null, "totalpopulationaffected": null, "months": null, "created_user": "OPT_GIS_UNOCHA", "test": null, "near_dist": -1.0, "closuretype": null, "rg_oc1": null, "name": "Burqa- left road 60 (toward Jenin)", "region": 1, "editdate": null, "pcp_og": null, "to_period1": null, "to_period2": null, "globalid": "{9631CDD5-6F3C-454E-BD81-379A6BF28F17}", "from_period2": null, "h2": "2", "pcp_status": null, "openingclosingfrequency": null, "from_period1": null, "y_coordinate": 32.3029051, "closure_operational": null, "description_ceasefire": null, "iscounted": null, "operatinghours": null, "affectedpopulation": null, "editor_1": "yaghiemap", "governoratet": "Nablus", "governorates": 15, "last_edited_date": 1758613177574, "groupedfields": null, "x_coordinate": 35.18287903, "editor": null, "creator": null, "near_fid": -1, "installedsincegazaceasefire": 2, "working_hours_from": null, "last_edited_user": "OPT_GIS_UNOCHA", "x": 35.18287903, "y": 32.3029051, "oct_7_status": "2", "created_date": 1750068818289, "objectid": 681, "editdate_1": 1711627446443 }, "geometry": { "type": "Point", "coordinates": [ 35.182879032173858, 32.30290509846494 ] } },
{ "type": "Feature", "properties": { "checkpoint": null, "after_28feb_2025": 0, "open_or_closed": null, "creationdate": null, "creationdate_1": 1711626156941, "affected_community1": null, "obstaclewaitingtime": null, "open_or_closed_gate": null, "closutretype": 4, "comments_oct_7": null, "if_closure_status_is_type_chang": null, "closurestatus": 2, "date_time3": null, "totalpopulationaffected": null, "months": null, "created_user": "OPT_GIS_UNOCHA", "test": null, "near_dist": -1.0, "closuretype": null, "rg_oc1": null, "name": "Mas'udiya entrance", "region": 1, "editdate": null, "pcp_og": null, "to_period1": null, "to_period2": null, "globalid": "{8791406E-544C-4C61-B7BB-EBB5A507B2CD}", "from_period2": null, "h2": "2", "pcp_status": null, "openingclosingfrequency": null, "from_period1": null, "y_coordinate": 32.2829169, "closure_operational": null, "description_ceasefire": null, "iscounted": null, "operatinghours": null, "affectedpopulation": null, "editor_1": "yaghiemap", "governoratet": "Nablus", "governorates": 15, "last_edited_date": 1758613177574, "groupedfields": null, "x_coordinate": 35.18147526, "editor": null, "creator": null, "near_fid": -1, "installedsincegazaceasefire": 2, "working_hours_from": null, "last_edited_user": "OPT_GIS_UNOCHA", "x": 35.18147526, "y": 32.2829169, "oct_7_status": "2", "created_date": 1750068818289, "objectid": 682, "editdate_1": 1711627446443 }, "geometry": { "type": "Point", "coordinates": [ 35.181475255578356, 32.282916898395158 ] } }
]
}
