{
"type": "FeatureCollection",
"name": "nablus_bounds",
"crs": { "type": "name", "properties": { "name": "urn:ogc:def:crs:OGC:1.3:CRS84" } },
"features": [
{ "type": "Feature", "properties": { "adm2_name": "Nablus", "adm2_name1": null, "adm2_name2": null, "adm2_name3": null, "adm2_pcode": "PS0115", "adm1_name": "West Bank", "adm1_name1": null, "adm1_name2": null, "adm1_name3": null, "adm1_pcode": "PS01", "adm0_name": "State of Palestine", "adm0_name1": null, "adm0_name2": null, "adm0_name3": null, "adm0_pcode": "PS", "valid_on": "2023-10-19", "valid_to": null, "area_sqkm": 604.99662137999997, "version": "v01", "lang": "en", "lang1": null, "lang2": null, "lang3": null, "center_lat": 32.1792899, "center_lon": 35.30167525 }, "geometry": { "type": "Polygon", "coordinates": [ [ [ 35.317374450000102, 32.300298416000032 ], [ 35.316886792000105, 32.300517506000062 ], [ 35.316552607000062, 32.300608383000167 ], [ 35.316348282000092, 32.300663926000084 ], [ 35.315965748000053, 32.300836989000118 ], [ 35.315505585000096, 32.30087738400016 ], [ 35.315204537000056, 32.30093272400012 ], [ 35.314921447000074, 32.301022993 ], [ 35.314756390000184, 32.301183334000086 ], [ 35.314609034000114, 32.301298571000075 ], [ 35.314455763000126, 32.301463973000125 ], [ 35.314232020000134, 32.301517981000131 ], [ 35.313965953999968, 32.301552294000032 ], [ 35.31367572400012, 32.301641580000137 ], [ 35.313393683000186, 32.30178538600012 ], [ 35.313208373000123, 32.301936019999971 ], [ 35.31310376600004, 32.302155069000094 ], [ 35.31291847000017, 32.302319368999974 ], [ 35.312628274000133, 32.3024427470001 ], [ 35.312120367000148, 32.302525298999967 ], [ 35.311749602000134, 32.302703412000085 ], [ 35.311410924000143, 32.302792588000159 ], [ 35.311064186000067, 32.302792860000181 ], [ 35.310717407000084, 32.302758893000146 ], [ 35.310443184000178, 32.302772774000118 ], [ 35.310136759000159, 32.302773013000035 ], [ 35.309774055000162, 32.30304693000005 ], [ 35.309197033000032, 32.303508126000054 ], [ 35.30879628100007, 32.303891270000122 ], [ 35.308023138000181, 32.303714884999977 ], [ 35.307594778000066, 32.303883167000095 ], [ 35.306745805000048, 32.304011465000031 ], [ 35.306082751000076, 32.304082692000122 ], [ 35.305751169000189, 32.304146768000123 ], [ 35.305204348000188, 32.30545193800009 ], [ 35.304090686000052, 32.306683826000096 ], [ 35.302506551000135, 32.30700454000015 ], [ 35.301461790000133, 32.307157740000036 ], [ 35.300452043000178, 32.307492954000054 ], [ 35.299233711000056, 32.308495482000069 ], [ 35.298609067000086, 32.307825495000145 ], [ 35.29760659100009, 32.308500118000097 ], [ 35.29723051700006, 32.308382437000034 ], [ 35.295699881000075, 32.309744443000113 ], [ 35.295783397000037, 32.310170196000058 ], [ 35.295103448000191, 32.311059040000032 ], [ 35.29471565900019, 32.311567955000157 ], [ 35.293328784999972, 32.312183052000137 ], [ 35.292999641000108, 32.31223469300005 ], [ 35.292590281000173, 32.313510409000116 ], [ 35.289949254000078, 32.313682700000072 ], [ 35.289671987000133, 32.314841376000174 ], [ 35.288165382000045, 32.315044628000123 ], [ 35.28700003400013, 32.315794226000151 ], [ 35.286465789000033, 32.316048026000033 ], [ 35.285905342000149, 32.316327343000125 ], [ 35.283501148000141, 32.316683522 ], [ 35.281200473000126, 32.317039314000169 ], [ 35.279731686, 32.317297820000022 ], [ 35.280536466000171, 32.316439850000108 ], [ 35.280727120000108, 32.316220926000142 ], [ 35.280899573000113, 32.315853638000078 ], [ 35.280955711000104, 32.31548599000007 ], [ 35.280856364000158, 32.315106313000172 ], [ 35.280827547000172, 32.31451791700016 ], [ 35.280926234000106, 32.314027237000062 ], [ 35.281024827000181, 32.313413833000141 ], [ 35.281208674000027, 32.312983978000148 ], [ 35.280940029000078, 32.312738953000064 ], [ 35.280447526999978, 32.311578883000152 ], [ 35.279087085000072, 32.312618775000033 ], [ 35.278494553000087, 32.312131562000161 ], [ 35.277955748000181, 32.310905986000193 ], [ 35.278681309000035, 32.310221804000037 ], [ 35.278536825000174, 32.310032646000025 ], [ 35.27894918100003, 32.309200819000068 ], [ 35.278034315000184, 32.308506648000105 ], [ 35.276768954000033, 32.307666955000172 ], [ 35.274334598000053, 32.307792737000057 ], [ 35.274596191000114, 32.307236604000138 ], [ 35.274103921000062, 32.306979417000093 ], [ 35.274211278000109, 32.306752508000045 ], [ 35.273118839000063, 32.306639897000082 ], [ 35.272584491000089, 32.307464861000142 ], [ 35.271792233000099, 32.306667444000141 ], [ 35.272028087000081, 32.305551943000125 ], [ 35.272119863, 32.305089031000193 ], [ 35.272212600000159, 32.304581314000188 ], [ 35.272066688000166, 32.304205594 ], [ 35.271832570000129, 32.303917979000119 ], [ 35.271535076000021, 32.303627576000167 ], [ 35.268661270000109, 32.301245800000061 ], [ 35.268462728000031, 32.302116529999978 ], [ 35.266512010000099, 32.302341985999988 ], [ 35.265446298000029, 32.302430083000104 ], [ 35.263617478000072, 32.302609368000105 ], [ 35.262815131000025, 32.302844015000062 ], [ 35.261749943000154, 32.303296457000044 ], [ 35.260081579000143, 32.30294146100016 ], [ 35.257306319, 32.301586996000083 ], [ 35.2535845270001, 32.303524709000101 ], [ 35.253567183000087, 32.303688586000021 ], [ 35.252770856000041, 32.304108737000092 ], [ 35.252202696000097, 32.303142462000153 ], [ 35.252040643999976, 32.302844502000028 ], [ 35.251168453000048, 32.302773478000177 ], [ 35.250573284000097, 32.302602746000105 ], [ 35.249989502000119, 32.303085938000095 ], [ 35.249005962000069, 32.304171046000192 ], [ 35.248744084000066, 32.304392481000093 ], [ 35.248545878000186, 32.304941216000145 ], [ 35.248463557000036, 32.305276027000048 ], [ 35.248218621000035, 32.305557198000088 ], [ 35.247915240000054, 32.305724395000027 ], [ 35.247534066000128, 32.305949243000157 ], [ 35.247098548000167, 32.306364467000037 ], [ 35.24674403400013, 32.306905493000045 ], [ 35.246545892000086, 32.307229624000115 ], [ 35.246143175999975, 32.307544511000117 ], [ 35.245556774000136, 32.3078142170001 ], [ 35.24525898600001, 32.307886156000052 ], [ 35.244060411000078, 32.306896339000161 ], [ 35.243534227000055, 32.307157564000192 ], [ 35.242910941000162, 32.306801232 ], [ 35.242066923000152, 32.307225131000166 ], [ 35.241509856000164, 32.30794485600012 ], [ 35.241049037000153, 32.307699368000101 ], [ 35.240002925000056, 32.308147393000127 ], [ 35.239500420000184, 32.308312080000121 ], [ 35.238898846000097, 32.30840957300012 ], [ 35.238504771000123, 32.308319054000037 ], [ 35.238067887, 32.308206140999971 ], [ 35.237522211000169, 32.308859198000107 ], [ 35.237119994000182, 32.308716261000086 ], [ 35.236706114000071, 32.309008575000121 ], [ 35.23625453600016, 32.308542838000051 ], [ 35.234611680000114, 32.307326300000113 ], [ 35.233608268000069, 32.306741585000168 ], [ 35.233628748000172, 32.307054671000117 ], [ 35.231963064000183, 32.307386769000061 ], [ 35.231863534000126, 32.305942386000027 ], [ 35.232242820000067, 32.306000378000192 ], [ 35.231978848000097, 32.305202343000133 ], [ 35.231227999000055, 32.30545679100004 ], [ 35.231141841000181, 32.306011399000113 ], [ 35.230989189000184, 32.306737214000066 ], [ 35.230840140000169, 32.307254492000027 ], [ 35.230508741000051, 32.307713183000089 ], [ 35.230126059000156, 32.308113826000067 ], [ 35.228922374000149, 32.309119194000118 ], [ 35.228497530000141, 32.30948743100015 ], [ 35.228027587999975, 32.310065334000058 ], [ 35.226788030000137, 32.310126637999986 ], [ 35.226902109000036, 32.309682216000169 ], [ 35.226824662000126, 32.307846537999978 ], [ 35.226762741000073, 32.306613640000137 ], [ 35.227495077000071, 32.306629053000051 ], [ 35.227399604000084, 32.306204945000161 ], [ 35.22737801500017, 32.306063622000067 ], [ 35.227070862000062, 32.305739159000154 ], [ 35.227229597000132, 32.30550580400012 ], [ 35.227157759000079, 32.304500468000072 ], [ 35.226412630000141, 32.304263837000121 ], [ 35.226095917000123, 32.304278527000122 ], [ 35.225235284000064, 32.304912403000117 ], [ 35.224859758000093, 32.305558483000141 ], [ 35.225882389000049, 32.306422817000055 ], [ 35.225947450000035, 32.306583440000111 ], [ 35.225829839000141, 32.306714632000137 ], [ 35.226109786000109, 32.307079541000064 ], [ 35.225006920000169, 32.307906198000126 ], [ 35.224971194000091, 32.308674123000173 ], [ 35.224356484000168, 32.308715471000028 ], [ 35.222906015000149, 32.308388144000048 ], [ 35.221501015000115, 32.309641309000085 ], [ 35.22176798900017, 32.309771482000087 ], [ 35.222009485000058, 32.31056742800007 ], [ 35.221772548000104, 32.31051418300018 ], [ 35.221638470000187, 32.310346802000083 ], [ 35.221028488000172, 32.311373748000165 ], [ 35.221159931000102, 32.311707397000134 ], [ 35.220733398000107, 32.312219189000018 ], [ 35.219734117000087, 32.312984498000048 ], [ 35.219008808000012, 32.312198582000178 ], [ 35.217841075000138, 32.312515954000162 ], [ 35.21699204000015, 32.312302239000132 ], [ 35.216808540000045, 32.312474148000092 ], [ 35.216740059000188, 32.313314779000109 ], [ 35.216142412000181, 32.313574063000033 ], [ 35.21540888300018, 32.314068089000045 ], [ 35.214598175000049, 32.31414208100017 ], [ 35.214067375000184, 32.313908192000099 ], [ 35.213521817000185, 32.313879737000093 ], [ 35.212373954000157, 32.314579046000176 ], [ 35.212100509000152, 32.314625546000116 ], [ 35.211930767000126, 32.314373327999988 ], [ 35.212134854000055, 32.313953296000079 ], [ 35.211764343000027, 32.313943575000053 ], [ 35.211790063000024, 32.31373827900012 ], [ 35.21091100100017, 32.313541432000079 ], [ 35.210698112000046, 32.313868184000114 ], [ 35.210573168000167, 32.314148157000147 ], [ 35.210263676000125, 32.316203225000152 ], [ 35.20996269200009, 32.315804605000039 ], [ 35.209753132000174, 32.315483483000094 ], [ 35.209622222000178, 32.31523985900003 ], [ 35.209438885, 32.314907746000188 ], [ 35.209320755000192, 32.314564364000034 ], [ 35.209189685000183, 32.314220980000187 ], [ 35.208993568000039, 32.313966364000066 ], [ 35.208614776000161, 32.31363424500006 ], [ 35.208040367000137, 32.313169247000133 ], [ 35.2076259910001, 32.314558819000183 ], [ 35.207418712000106, 32.315301231000149 ], [ 35.208071767000035, 32.316020985000193 ], [ 35.208423377000031, 32.31581034800007 ], [ 35.20846351300014, 32.316319854000142 ], [ 35.20889344200009, 32.316086952000035 ], [ 35.209155101000192, 32.316452321000156 ], [ 35.208269015000042, 32.317006891000062 ], [ 35.208116543000017, 32.316563181000106 ], [ 35.207465098000057, 32.316707587000167 ], [ 35.206930963000161, 32.316829728000016 ], [ 35.206565125999987, 32.316231720000133 ], [ 35.205964201000143, 32.315179428000079 ], [ 35.204805208000039, 32.315124416000174 ], [ 35.204323836000185, 32.315346167000143 ], [ 35.203686316000187, 32.315645546000098 ], [ 35.203230989000076, 32.315856164000138 ], [ 35.203205560000015, 32.316299303000108 ], [ 35.201565218000042, 32.316022725000153 ], [ 35.201265890000116, 32.315967466000131 ], [ 35.198559768000052, 32.315967909000051 ], [ 35.198078399999986, 32.316034504000129 ], [ 35.197831311000073, 32.316167488000133 ], [ 35.197532271000057, 32.316400226000042 ], [ 35.197337431000051, 32.316643966000129 ], [ 35.19723336300018, 32.316832482000109 ], [ 35.197129591000134, 32.317231365000168 ], [ 35.197038777000046, 32.317519502000096 ], [ 35.196557264000091, 32.317408695000097 ], [ 35.196297106000088, 32.317286921000118 ], [ 35.196010745000081, 32.317098498000064 ], [ 35.195789433000073, 32.316876970000067 ], [ 35.195685272000048, 32.31664432600013 ], [ 35.195593943000063, 32.316090143000054 ], [ 35.195571760000064, 32.31581833700011 ], [ 35.195233603000077, 32.315785181000024 ], [ 35.194895086000031, 32.315031586000146 ], [ 35.194349032000162, 32.314976135000052 ], [ 35.193321626000056, 32.314931884000032 ], [ 35.193282660000023, 32.314798866000046 ], [ 35.193243525000071, 32.314688109000031 ], [ 35.19321751200016, 32.314510709000103 ], [ 35.193269684000029, 32.314167053000062 ], [ 35.192840600000068, 32.314178121000111 ], [ 35.192606485000169, 32.314144973000055 ], [ 35.192424484000071, 32.314067306000084 ], [ 35.192294420000167, 32.31396752600017 ], [ 35.19219057700019, 32.31384563000006 ], [ 35.19212558900017, 32.313601715 ], [ 35.192125837000162, 32.3132248 ], [ 35.190617819000067, 32.312980789000164 ], [ 35.190007130000083, 32.312670416000174 ], [ 35.189110593000066, 32.312248957000179 ], [ 35.187551803000076, 32.311483558000191 ], [ 35.186344052000038, 32.310961976000044 ], [ 35.185439153000061, 32.311444944000186 ], [ 35.185036890000106, 32.311134168000081 ], [ 35.184063454000182, 32.310557099000164 ], [ 35.183699978000163, 32.310390609000081 ], [ 35.18316758900005, 32.310257335000074 ], [ 35.182647959000064, 32.310179578000145 ], [ 35.182219250000173, 32.310112829 ], [ 35.181959607000124, 32.310057251000046 ], [ 35.181726218000051, 32.309890790000054 ], [ 35.18141502800006, 32.30967978200016 ], [ 35.181155588000138, 32.309524302000057 ], [ 35.180818155000168, 32.309402056000067 ], [ 35.180532644000095, 32.309313217000124 ], [ 35.180286137000053, 32.309179859000096 ], [ 35.179949423000039, 32.308913327000084 ], [ 35.178986281000107, 32.309379326000169 ], [ 35.177919091000092, 32.309867553000174 ], [ 35.177098974000046, 32.310266931000172 ], [ 35.176400674000149, 32.310569956999984 ], [ 35.17558071000019, 32.31096932500003 ], [ 35.174383370000044, 32.311535262 ], [ 35.17407104900002, 32.311679453000124 ], [ 35.173654678000162, 32.311857007000071 ], [ 35.173534201000052, 32.313077755 ], [ 35.172610533000181, 32.313399575000176 ], [ 35.172365248000062, 32.312755852000123 ], [ 35.172079355000108, 32.312778024000181 ], [ 35.1717670540001, 32.312855703000139 ], [ 35.171532512000056, 32.313066561000142 ], [ 35.171376138000085, 32.313233057000105 ], [ 35.171193893000179, 32.313366151000082 ], [ 35.170816719000072, 32.313432676000161 ], [ 35.170465616000058, 32.313454824000019 ], [ 35.170711077000021, 32.314054165000186 ], [ 35.16995567500004, 32.314653318000069 ], [ 35.169501931000184, 32.314165076 ], [ 35.169149592000053, 32.314686580000171 ], [ 35.168914610000172, 32.315097093000134 ], [ 35.168706273000055, 32.315307952000069 ], [ 35.168458775000033, 32.31551865900019 ], [ 35.168328264000138, 32.315707283000165 ], [ 35.168222009000146, 32.316182935000086 ], [ 35.16780359500018, 32.317425272000094 ], [ 35.167453577000174, 32.316892817 ], [ 35.167205631000058, 32.317325442000026 ], [ 35.167140101000143, 32.317636109000034 ], [ 35.167022423, 32.318035387000066 ], [ 35.166813615000137, 32.318501278000156 ], [ 35.166539533000048, 32.319089027000189 ], [ 35.166551433000109, 32.319843143000071 ], [ 35.16657612400013, 32.320907532000092 ], [ 35.166341941000042, 32.320996359000105 ], [ 35.166211629000088, 32.3210962120001 ], [ 35.166094589000181, 32.32120705900013 ], [ 35.165881261000095, 32.321394382000051 ], [ 35.165621531999989, 32.32113939300018 ], [ 35.16463474700015, 32.320097189000137 ], [ 35.164167616000157, 32.319509589000177 ], [ 35.164375992000146, 32.319265483000038 ], [ 35.164220526000065, 32.318921761000013 ], [ 35.164000461000114, 32.318367226000078 ], [ 35.163714599000059, 32.3182894790001 ], [ 35.163557901000047, 32.318711001000167 ], [ 35.163427109000054, 32.319088147000116 ], [ 35.16324454700009, 32.319465273000048 ], [ 35.16311397700008, 32.31973138800015 ], [ 35.162840300000084, 32.320130742000117 ], [ 35.162566859000151, 32.320396940000137 ], [ 35.162241485000038, 32.320651988000122 ], [ 35.162020020000114, 32.320840570000087 ], [ 35.161889810000162, 32.321051310000087 ], [ 35.161525757000163, 32.321029183000121 ], [ 35.161513132999971, 32.320751881000092 ], [ 35.161253362000082, 32.320596642000169 ], [ 35.16062996, 32.320263999000076 ], [ 35.160214233000147, 32.320075584 ], [ 35.160006118000069, 32.320131012000161 ], [ 35.159686782000108, 32.32025952500004 ], [ 35.159581674000151, 32.320958219000147 ], [ 35.159229966000169, 32.321390786000109 ], [ 35.158917503000168, 32.321679083000106 ], [ 35.159631440000169, 32.322421940000027 ], [ 35.159423057000083, 32.322643774000085 ], [ 35.159799449000104, 32.323153719000061 ], [ 35.158563510000079, 32.323730340000054 ], [ 35.158043309000107, 32.323963171000059 ], [ 35.157875093000087, 32.323320158000058 ], [ 35.157746037000038, 32.322688155000094 ], [ 35.155705565000176, 32.322532829000011 ], [ 35.15532850000011, 32.322610436000161 ], [ 35.155042251000168, 32.322876615000041 ], [ 35.154742545000033, 32.323430931000075 ], [ 35.154664175000164, 32.323763567000071 ], [ 35.15478090900001, 32.323907623000082 ], [ 35.154858609000087, 32.32410717800019 ], [ 35.154650378000156, 32.324329004000049 ], [ 35.154233882000142, 32.324816620000092 ], [ 35.154025589000071, 32.325127076000172 ], [ 35.154025183000044, 32.325503991000176 ], [ 35.153752151000162, 32.325581501000045 ], [ 35.153297412000143, 32.325658927000063 ], [ 35.152999005000027, 32.325204377000091 ], [ 35.152583798000023, 32.324716516000137 ], [ 35.15224622400018, 32.324527969000087 ], [ 35.15150611200005, 32.324283713000113 ], [ 35.151375470000062, 32.324849096000094 ], [ 35.15095088400011, 32.324750962000167 ], [ 35.15031850600019, 32.324698379000154 ], [ 35.149584344, 32.324732822000044 ], [ 35.148911228000088, 32.324801950000108 ], [ 35.148258697000017, 32.324853615000052 ], [ 35.147748891000106, 32.324888019000014 ], [ 35.147096262000048, 32.325078888000121 ], [ 35.146586533000061, 32.325234886000032 ], [ 35.145771447000129, 32.324955615000135 ], [ 35.145894320000082, 32.324398832000156 ], [ 35.145323181000151, 32.324798413000053 ], [ 35.144874811000193, 32.325006571000074 ], [ 35.144752771000014, 32.324658475000035 ], [ 35.144120931000145, 32.324779312000032 ], [ 35.144039580000083, 32.324605254000176 ], [ 35.143326415000161, 32.324743375000139 ], [ 35.142796629000031, 32.324864260000084 ], [ 35.142368939000164, 32.324933069000053 ], [ 35.142002300000115, 32.325019379000082 ], [ 35.141696770000067, 32.325053449000052 ], [ 35.141208088000099, 32.324808991000054 ], [ 35.141656213000147, 32.324496860000067 ], [ 35.141676606000146, 32.32430552500017 ], [ 35.140819663000059, 32.324318006000055 ], [ 35.140515981000135, 32.323694481000018 ], [ 35.140740026000117, 32.323451410000075 ], [ 35.14082192800015, 32.322912362000068 ], [ 35.14129062100011, 32.322599963000073 ], [ 35.142126338000082, 32.322114031000183 ], [ 35.142492644000185, 32.322445215000073 ], [ 35.143022623000036, 32.322271914 ], [ 35.143430441000021, 32.322133205000171 ], [ 35.143715598000085, 32.322255382000094 ], [ 35.144266124000183, 32.322116890000189 ], [ 35.144571811000162, 32.322082391000038 ], [ 35.145121884000105, 32.322326728000121 ], [ 35.145468661000109, 32.322152898000127 ], [ 35.145835109000075, 32.322536346000049 ], [ 35.146527442000036, 32.323181056000124 ], [ 35.145915468000055, 32.323615703000087 ], [ 35.145650116000127, 32.323859044000073 ], [ 35.146220651000135, 32.324051112000177 ], [ 35.147158158000025, 32.32438272100012 ], [ 35.147545408999974, 32.324470137000105 ], [ 35.148646731000156, 32.324296963000165 ], [ 35.149299222000081, 32.324297429000183 ], [ 35.148504636000041, 32.323652683000148 ], [ 35.148729724000191, 32.323078336000151 ], [ 35.14891413800018, 32.322521298000026 ], [ 35.148874572000125, 32.321668111000065 ], [ 35.148836501000062, 32.320100547000038 ], [ 35.148859584000093, 32.318881185000066 ], [ 35.14883943600006, 32.318741822000163 ], [ 35.148105410000028, 32.318654231000096 ], [ 35.147616387000028, 32.318444884000087 ], [ 35.146944087000179, 32.318130888000042 ], [ 35.1466580230001, 32.318357170000127 ], [ 35.146372607000103, 32.31837435500006 ], [ 35.145578044, 32.318025345000137 ], [ 35.14488401300008, 32.318390620000059 ], [ 35.14390709200012, 32.317605829000058 ], [ 35.142991556000084, 32.316855587000134 ], [ 35.142972334000092, 32.316385101000094 ], [ 35.143544371000075, 32.315395288 ], [ 35.142973444000177, 32.315360032000115 ], [ 35.142426931000159, 32.314208695000161 ], [ 35.141692867000188, 32.31422547700015 ], [ 35.141796201000034, 32.313841854000088 ], [ 35.141859698000189, 32.313266303000148 ], [ 35.142045242999984, 32.312778036000168 ], [ 35.14247708900001, 32.311975550000057 ], [ 35.139421261000166, 32.311431772000162 ], [ 35.139474562000032, 32.309300925000173 ], [ 35.138201411000125, 32.307760819000123 ], [ 35.139389698000116, 32.307114340000169 ], [ 35.139833220000014, 32.307692298 ], [ 35.140135501000088, 32.308129974000167 ], [ 35.139827687000036, 32.308392021000088 ], [ 35.140252207000174, 32.30888204200005 ], [ 35.140616217000058, 32.309319330000164 ], [ 35.141105872000026, 32.309267332000161 ], [ 35.142141302000027, 32.309984684000142 ], [ 35.142921955000077, 32.309094043000073 ], [ 35.14241617600004, 32.308534237000117 ], [ 35.14197122600018, 32.308061683000119 ], [ 35.140978500000131, 32.307290952000017 ], [ 35.141166171000123, 32.306835939000109 ], [ 35.141397857000072, 32.306100414000127 ], [ 35.141588324000111, 32.305452083000034 ], [ 35.141633751000086, 32.305066316000193 ], [ 35.141632688000072, 32.304508761000136 ], [ 35.141680353000027, 32.304017176000059 ], [ 35.141804381000156, 32.30389423600019 ], [ 35.141948314000047, 32.303772154000058 ], [ 35.142232270000136, 32.303653106000127 ], [ 35.142578849000131, 32.30365357900007 ], [ 35.142743181000185, 32.303755966000097 ], [ 35.142946670000072, 32.303860487000122 ], [ 35.14323080000014, 32.303948566000088 ], [ 35.147041232000106, 32.304093321000039 ], [ 35.146785642000111, 32.303761504000022 ], [ 35.146297601000128, 32.302767460000041 ], [ 35.14743074900008, 32.30227121900009 ], [ 35.148919867000188, 32.301116 ], [ 35.150692632000073, 32.30119831900015 ], [ 35.151375094000059, 32.301527376000081 ], [ 35.153376335000189, 32.300036436000028 ], [ 35.151983218000112, 32.298371994000149 ], [ 35.152246580000053, 32.298240093000175 ], [ 35.1529494400001, 32.296770943000126 ], [ 35.154473825000025, 32.296784329000161 ], [ 35.154919244000041, 32.296000825000135 ], [ 35.157790666000096, 32.296831732000101 ], [ 35.157683289000033, 32.29829722400018 ], [ 35.160278242000061, 32.298283942000126 ], [ 35.161381786000049, 32.298272272000077 ], [ 35.162337276000073, 32.298102019000112 ], [ 35.160685224000133, 32.295565517 ], [ 35.159971179000138, 32.29449478000015 ], [ 35.159971158000019, 32.294240027000114 ], [ 35.160209036000026, 32.293666788000053 ], [ 35.159582612000065, 32.292860138000094 ], [ 35.159276491000185, 32.293541560000165 ], [ 35.159092851000082, 32.292692258000045 ], [ 35.158406176000028, 32.292532466000182 ], [ 35.157631534000075, 32.291905817000099 ], [ 35.158922936000181, 32.29163597400003 ], [ 35.159152597000059, 32.29150108400006 ], [ 35.160529810000071, 32.29171033200015 ], [ 35.160486617000117, 32.292115553000031 ], [ 35.160888368000087, 32.292152492000184 ], [ 35.161089098000161, 32.292435086000069 ], [ 35.162566956000035, 32.292460191000146 ], [ 35.162552872000106, 32.291821611000046 ], [ 35.162028018000058, 32.291816049000147 ], [ 35.162297494000143, 32.291365688000099 ], [ 35.162406810000107, 32.291063916000155 ], [ 35.162537074000056, 32.29066887200014 ], [ 35.162296976000107, 32.289881832000049 ], [ 35.162245994000159, 32.289383012000144 ], [ 35.162172452000107, 32.289183180000123 ], [ 35.161986152000111, 32.288308096000037 ], [ 35.163098103000038, 32.288174111000046 ], [ 35.163149720000149, 32.287194849000059 ], [ 35.164601802, 32.287184837000098 ], [ 35.16433874500018, 32.286193761000163 ], [ 35.164486867, 32.285563695000064 ], [ 35.162709168000106, 32.286249495000163 ], [ 35.163160118000121, 32.28512822 ], [ 35.163422299000047, 32.284623181000086 ], [ 35.163889423000114, 32.283939131000125 ], [ 35.165177567000114, 32.283619482000063 ], [ 35.166058987000042, 32.284295582000027 ], [ 35.167033266000089, 32.283715832000041 ], [ 35.167403525000111, 32.282961706000151 ], [ 35.167047284000034, 32.282198866000101 ], [ 35.165315626000108, 32.281572482000172 ], [ 35.165620889000024, 32.280459457000177 ], [ 35.164478004000102, 32.280306289000123 ], [ 35.163996354000176, 32.27995525700004 ], [ 35.164455105000059, 32.278098741000065 ], [ 35.16414485700011, 32.277961100000141 ], [ 35.163754229000119, 32.277705635000018 ], [ 35.163478556000143, 32.27742076200019 ], [ 35.163180420000174, 32.276969050000105 ], [ 35.161857973999986, 32.276791696000032 ], [ 35.160120271000039, 32.277409139000042 ], [ 35.162236521000182, 32.27576733300009 ], [ 35.163028350000047, 32.275698459000068 ], [ 35.163499059000173, 32.275677084000165 ], [ 35.164084291000108, 32.275807784000108 ], [ 35.164694717000145, 32.275971041000048 ], [ 35.165292561000058, 32.276101740000115 ], [ 35.165763199000082, 32.276221400000054 ], [ 35.166208488000109, 32.27628694100008 ], [ 35.166831929000068, 32.276309148000053 ], [ 35.1673411270001, 32.276266072000055 ], [ 35.167837405000114, 32.276190440000164 ], [ 35.168041267000092, 32.276136265000048 ], [ 35.167648511000152, 32.275137257000154 ], [ 35.168476240000132, 32.27488814600008 ], [ 35.168184849999989, 32.274171548000083 ], [ 35.166402134000123, 32.274778072 ], [ 35.166162310000175, 32.273790245999976 ], [ 35.165703848000078, 32.273887586000058 ], [ 35.165290627000104, 32.273405262000097 ], [ 35.164432648000059, 32.273783267000056 ], [ 35.163255754000033, 32.272881595000058 ], [ 35.164848651000113, 32.27241270900015 ], [ 35.16480466500019, 32.271525137000083 ], [ 35.162768272, 32.271745579000026 ], [ 35.160520452000185, 32.270726368000169 ], [ 35.158774141000038, 32.271495683000126 ], [ 35.158910867000145, 32.271952552000187 ], [ 35.156997193000109, 32.27242235000017 ], [ 35.156750709000107, 32.273296974000061 ], [ 35.155752500000062, 32.273220726000147 ], [ 35.155030646000171, 32.272809809000137 ], [ 35.15470910800002, 32.273001857000054 ], [ 35.154788910000093, 32.273220999000046 ], [ 35.154949393000095, 32.273316887000192 ], [ 35.1546906640001, 32.274111890000142 ], [ 35.153726783000025, 32.274290538000173 ], [ 35.153132963000076, 32.274140199000101 ], [ 35.152459740999973, 32.273674899000127 ], [ 35.152042093999967, 32.273730076000163 ], [ 35.150586455000052, 32.271705009000016 ], [ 35.149203525000075, 32.272803097000121 ], [ 35.148494962000143, 32.273831483000151 ], [ 35.147773718000167, 32.273531977000061 ], [ 35.148915662000149, 32.272488879000036 ], [ 35.148355397000046, 32.27205249900004 ], [ 35.148373028000151, 32.27150509500018 ], [ 35.147334679000153, 32.270305614000165 ], [ 35.14683079800011, 32.269671992000156 ], [ 35.146723492000092, 32.269218084000045 ], [ 35.146882657000049, 32.268814476000045 ], [ 35.146919961000094, 32.268597503000137 ], [ 35.146716157000128, 32.268113955000103 ], [ 35.14646298700012, 32.267785801000116 ], [ 35.146482208000066, 32.267348443000174 ], [ 35.146664111000064, 32.267150849000188 ], [ 35.14738525100006, 32.266818687000068 ], [ 35.147493446000055, 32.266484941000158 ], [ 35.147750039000073, 32.266194949000123 ], [ 35.148055610000029, 32.266055189000099 ], [ 35.148352069000111, 32.266135653 ], [ 35.148467719999985, 32.266522070000121 ], [ 35.148547944000086, 32.266818996000154 ], [ 35.148534773000165, 32.26715645400003 ], [ 35.148871341000074, 32.267521987000123 ], [ 35.149400073000152, 32.267954685000063 ], [ 35.150071830000059, 32.26780199500007 ], [ 35.150744031000158, 32.267486134000137 ], [ 35.151352560000134, 32.267143187000045 ], [ 35.151432926000041, 32.266993022000179 ], [ 35.151340175000087, 32.266066814000112 ], [ 35.150814595000099, 32.265633703000049 ], [ 35.150624066000091, 32.265362651000032 ], [ 35.14952296600012, 32.265288277000082 ], [ 35.149553814000171, 32.265042274000052 ], [ 35.149726897, 32.264631059000067 ], [ 35.149982477000037, 32.264343318000158 ], [ 35.150351634000117, 32.264083248000134 ], [ 35.150099771000157, 32.263786241000162 ], [ 35.149939578000101, 32.263538733000075 ], [ 35.150033221000115, 32.263126495000108 ], [ 35.150138247000143, 32.262559829000111 ], [ 35.150814147000062, 32.262107011000126 ], [ 35.151048298000035, 32.262601840000116 ], [ 35.151425341000049, 32.262684731000149 ], [ 35.151548140000159, 32.262808504000134 ], [ 35.152641464, 32.26154187200018 ], [ 35.152869215000123, 32.261181264000186 ], [ 35.153034584000068, 32.261123287000089 ], [ 35.151970646000109, 32.259843094000132 ], [ 35.151970241000186, 32.259452649000025 ], [ 35.152341987, 32.258234285000128 ], [ 35.152863750000108, 32.258109265000087 ], [ 35.152799382000126, 32.257386537000173 ], [ 35.154887554000084, 32.257416665000164 ], [ 35.156301527000096, 32.257669799000155 ], [ 35.156605058000082, 32.257814782000139 ], [ 35.155741568, 32.258438043000126 ], [ 35.155434531000083, 32.258862029 ], [ 35.154606896000132, 32.259131767000156 ], [ 35.155474782000169, 32.260538243000155 ], [ 35.155692424000051, 32.260949218000121 ], [ 35.156420861000186, 32.260751570000139 ], [ 35.157167614000059, 32.259873359000039 ], [ 35.157128811000121, 32.259596747000046 ], [ 35.158309228000178, 32.259758872000077 ], [ 35.158412593000151, 32.259664511000153 ], [ 35.159078413000145, 32.259617588000083 ], [ 35.15939621300015, 32.259192614000085 ], [ 35.160196209000105, 32.259091635000175 ], [ 35.16073030400014, 32.258847666000179 ], [ 35.160807401000056, 32.258569128000033 ], [ 35.16076883900007, 32.258142878000115 ], [ 35.160624577000192, 32.257839592000096 ], [ 35.160316276000174, 32.257323333000102 ], [ 35.160190718000081, 32.257085576 ], [ 35.160690600000066, 32.256618403000175 ], [ 35.161113883000155, 32.256421728000191 ], [ 35.161691160000089, 32.256315296000082 ], [ 35.161579350000068, 32.255802219000145 ], [ 35.161839490000091, 32.255552500000192 ], [ 35.161870432000171, 32.254470223000112 ], [ 35.162092970000117, 32.254446217000066 ], [ 35.162481276000051, 32.254204720000075 ], [ 35.16294767100004, 32.253981005000128 ], [ 35.163432129000114, 32.253774627000098 ], [ 35.163896206000061, 32.253533718000142 ], [ 35.163814880000075, 32.253051932000062 ], [ 35.163793901000076, 32.252587364000192 ], [ 35.164238032000128, 32.252432397000064 ], [ 35.164823708000085, 32.252380764000122 ], [ 35.165247631000057, 32.252174215000025 ], [ 35.165550204000169, 32.251916050000034 ], [ 35.165357716000017, 32.25155272600017 ], [ 35.16514150800009, 32.251213207999967 ], [ 35.164892853000026, 32.250774056000068 ], [ 35.16464815300003, 32.250385209000115 ], [ 35.164085801000056, 32.250566340000091 ], [ 35.164477877000138, 32.250050496000085 ], [ 35.164710917000093, 32.249580104000017 ], [ 35.164583148000077, 32.249127752000106 ], [ 35.164190277000159, 32.248956122000095 ], [ 35.163755036000111, 32.248956240000098 ], [ 35.163234784000053, 32.248866000000135 ], [ 35.162788800000101, 32.248802842000032 ], [ 35.162289949000126, 32.24869443200015 ], [ 35.161833258000115, 32.248504596000032 ], [ 35.161334319000105, 32.248260489000188 ], [ 35.160851996000076, 32.247959604000073 ], [ 35.160358533000192, 32.247717894000175 ], [ 35.159951303000071, 32.247455220000063 ], [ 35.159531942000115, 32.247244958000124 ], [ 35.159359091000113, 32.24681399900004 ], [ 35.159235640000134, 32.246403916000133 ], [ 35.159099797000124, 32.245920132000094 ], [ 35.158926961000077, 32.24547860600012 ], [ 35.158778968000149, 32.245078940000099 ], [ 35.158914530000175, 32.244616124000174 ], [ 35.159068314000137, 32.244175861000087 ], [ 35.159200344000055, 32.243795756000168 ], [ 35.159373555000059, 32.243302803000176 ], [ 35.159505602000081, 32.242887331000077 ], [ 35.159670658000039, 32.242443691000119 ], [ 35.159911807000185, 32.242006140000058 ], [ 35.160112845000128, 32.24154856500013 ], [ 35.160150232000092, 32.241110083000081 ], [ 35.160254512000051, 32.240824091000036 ], [ 35.160425683000085, 32.240690584000106 ], [ 35.160813128000086, 32.240410764000046 ], [ 35.16111882600012, 32.240151763000028 ], [ 35.161568742000043, 32.239921140000035 ], [ 35.16204115000005, 32.239786484000092 ], [ 35.162603723000188, 32.239699908000034 ], [ 35.163053549999972, 32.239622868000026 ], [ 35.163492374000043, 32.239661080000189 ], [ 35.163863555000148, 32.240016022000077 ], [ 35.16416729600013, 32.240303865000158 ], [ 35.164639748000127, 32.240082820999987 ], [ 35.165100991000031, 32.240053686000181 ], [ 35.165404855000133, 32.240437483000051 ], [ 35.165652360000081, 32.240802094000117 ], [ 35.16595618100007, 32.241281846000163 ], [ 35.16628273900011, 32.241055530000096 ], [ 35.166658725000104, 32.24078513000012 ], [ 35.166965414000174, 32.240497935000064 ], [ 35.167311854000047, 32.240624307000019 ], [ 35.167796797000165, 32.240615601000059 ], [ 35.16808380599997, 32.240910898000038 ], [ 35.168578686999979, 32.241273616000058 ], [ 35.168944839000119, 32.241096202000108 ], [ 35.169558217000031, 32.240850955000155 ], [ 35.170142047000013, 32.240681780999978 ], [ 35.170617079000067, 32.240597113000092 ], [ 35.171144994000144, 32.240515984000069 ], [ 35.171715029000154, 32.240414717000135 ], [ 35.17161825200003, 32.239937582000152 ], [ 35.171628886000065, 32.239506135000056 ], [ 35.171779480000055, 32.239001180000116 ], [ 35.172231350000175, 32.238780666000025 ], [ 35.172758315000124, 32.238569192000114 ], [ 35.173306848000152, 32.238311789000193 ], [ 35.17377113100008, 32.23812748600011 ], [ 35.174349411000151, 32.23808412000011 ], [ 35.174714097000162, 32.237783397000157 ], [ 35.175104847000114, 32.237395178000099 ], [ 35.175104830000066, 32.237028544000168 ], [ 35.174890274000063, 32.23669890300016 ], [ 35.17458970000007, 32.236314143000129 ], [ 35.174246273000165, 32.236131149000073 ], [ 35.174525398000071, 32.235855902000139 ], [ 35.174911956000074, 32.235562372000174 ], [ 35.175491612000087, 32.235360483000079 ], [ 35.175899522000066, 32.235561814000107 ], [ 35.176350246000084, 32.235653106000029 ], [ 35.176908428000047, 32.235671018000119 ], [ 35.177123161000168, 32.235982475000185 ], [ 35.177230449000149, 32.236349 ], [ 35.176779576000058, 32.23662434400012 ], [ 35.177101549000156, 32.237008964000154 ], [ 35.17708004800005, 32.237302180000086 ], [ 35.177230277000149, 32.237668714 ], [ 35.177165962000061, 32.238071967000053 ], [ 35.177230286000054, 32.238511747000018 ], [ 35.177208913000129, 32.238914870000087 ], [ 35.177208882000059, 32.239428045000182 ], [ 35.177144559000169, 32.239849473000049 ], [ 35.177810087000125, 32.239720869000053 ], [ 35.17828246900018, 32.23959235000018 ], [ 35.178776183000139, 32.239610375000154 ], [ 35.178776185000174, 32.23915215400018 ], [ 35.178819099000123, 32.238767354000117 ], [ 35.178797525000164, 32.238364080000167 ], [ 35.178819074000046, 32.237924321000094 ], [ 35.179248486000063, 32.237850740000169 ], [ 35.179677732000073, 32.237777158000085 ], [ 35.179591834000064, 32.237373865000052 ], [ 35.179518377000079, 32.236949724000056 ], [ 35.180078705000085, 32.237014824000084 ], [ 35.180552816000159, 32.237112589999981 ], [ 35.180466573000047, 32.23673240700009 ], [ 35.180313330000047, 32.236425901000132 ], [ 35.179906319000054, 32.23645877000007 ], [ 35.179863310000144, 32.236189067000055 ], [ 35.18035652500015, 32.236164111000107 ], [ 35.180710344000033, 32.236051615000065 ], [ 35.180822732000081, 32.235606666000081 ], [ 35.180943058000139, 32.235209485000041 ], [ 35.181087421000086, 32.23481921400014 ], [ 35.180606409000063, 32.234579838000059 ], [ 35.180165480000085, 32.234443332000126 ], [ 35.179684489000181, 32.234621596000125 ], [ 35.179227554000079, 32.234745193000151 ], [ 35.178794498000173, 32.234854984000094 ], [ 35.178890698000146, 32.235176695000121 ], [ 35.178401609000048, 32.235266041000102 ], [ 35.177944691000107, 32.235334821000095 ], [ 35.177439535000019, 32.23538301300016 ], [ 35.17720707899997, 32.235034069000051 ], [ 35.176715936000107, 32.234436074000087 ], [ 35.176171643000146, 32.234529480000162 ], [ 35.175563351000051, 32.234639211000058 ], [ 35.175230443000032, 32.23428403500003 ], [ 35.17507058800004, 32.233983438000109 ], [ 35.175634144000128, 32.233797185000071 ], [ 35.176148962000127, 32.233606407000082 ], [ 35.176714978000064, 32.23348031400019 ], [ 35.17715653199997, 32.233257668000078 ], [ 35.176941681000073, 32.23283249800005 ], [ 35.176749516000086, 32.232484551000141 ], [ 35.176534634000063, 32.232146317000058 ], [ 35.177132136000125, 32.232027983000023 ], [ 35.177553913000111, 32.231907626000122 ], [ 35.178154887000062, 32.231808873000034 ], [ 35.17860235500018, 32.231699369000182 ], [ 35.179100853000193, 32.231655397000111 ], [ 35.179445879000127, 32.231982666000079 ], [ 35.179240959000083, 32.232506921000038 ], [ 35.179688344000056, 32.232637656000122 ], [ 35.180174031000149, 32.232746558000088 ], [ 35.180506359000105, 32.232899100000054 ], [ 35.180940921, 32.233215399000073 ], [ 35.181183715000031, 32.233422730000086 ], [ 35.181759026000123, 32.233236733000012 ], [ 35.182193741000106, 32.23309438300015 ], [ 35.182436749000146, 32.232657492000158 ], [ 35.18337239900012, 32.231577250000157 ], [ 35.183854987000075, 32.231518038000047 ], [ 35.184434222000164, 32.231458702999987 ], [ 35.184999700000049, 32.231387527000152 ], [ 35.185537483000189, 32.231351854000138 ], [ 35.185606343000018, 32.231705257000158 ], [ 35.185757786000067, 32.231964271000095 ], [ 35.186102968000171, 32.231245306 ], [ 35.186213593, 32.230479369000136 ], [ 35.186420720000172, 32.230208308000044 ], [ 35.186903269000084, 32.230255046000138 ], [ 35.188502793000055, 32.23030086600005 ], [ 35.188985359000185, 32.230288697 ], [ 35.189509344000101, 32.230382494000025 ], [ 35.189371317000166, 32.230795038000053 ], [ 35.189246764000075, 32.231690608000122 ], [ 35.189177683000139, 32.232161781000116 ], [ 35.189660417000084, 32.232184976000156 ], [ 35.190260993000038, 32.232305273000065 ], [ 35.190796606000049, 32.232352992000187 ], [ 35.19136037700008, 32.232497089000105 ], [ 35.191247384000064, 32.232930636000049 ], [ 35.191106384000079, 32.233315986000093 ], [ 35.191754775, 32.23317096 ], [ 35.192713035000054, 32.233639620000076 ], [ 35.193377049000105, 32.233297604000029 ], [ 35.193677183000091, 32.232922277000114 ], [ 35.194234048000055, 32.232821046000026 ], [ 35.19416998500003, 32.232345201000157 ], [ 35.193977944000039, 32.231869337000035 ], [ 35.19427690700013, 32.231514863000029 ], [ 35.19446595800008, 32.23116037200009 ], [ 35.194716019000055, 32.230774749999966 ], [ 35.194912879000185, 32.230311905000178 ], [ 35.194954073000076, 32.229863833000024 ], [ 35.194872110000119, 32.229372062000095 ], [ 35.194471369000098, 32.22889800300004 ], [ 35.194194113000037, 32.228494130000115 ], [ 35.193998922000162, 32.228072655000176 ], [ 35.193947794, 32.227593288000037 ], [ 35.193983033000166, 32.227100833 ], [ 35.19393108100013, 32.22660822000006 ], [ 35.193809160000114, 32.226190418000101 ], [ 35.193617463000123, 32.225742736000029 ], [ 35.19347814200006, 32.225309854999978 ], [ 35.193321417000163, 32.22489204600015 ], [ 35.193077335, 32.224474086000043 ], [ 35.19293800000014, 32.224130822000063 ], [ 35.19278145100003, 32.223683000000108 ], [ 35.19265989400003, 32.223160504000077 ], [ 35.19229380500019, 32.22282551700016 ], [ 35.191792113000076, 32.222547574000146 ], [ 35.191503858000146, 32.222555699 ], [ 35.191253089000099, 32.222452514999986 ], [ 35.190742131000093, 32.222142720000022 ], [ 35.19038948900004, 32.221761088000108 ], [ 35.190083597000125, 32.22136354100013 ], [ 35.190001018000146, 32.220806529000072 ], [ 35.189908657000046, 32.220281641000156 ], [ 35.189711811999985, 32.219983311000192 ], [ 35.189445722000187, 32.219535748000169 ], [ 35.189121262000185, 32.219207521000101 ], [ 35.18858615900001, 32.219416810000098 ], [ 35.188109770000153, 32.219476886000109 ], [ 35.187820489000103, 32.219019170000081 ], [ 35.188367009000046, 32.218879496000056 ], [ 35.188820546000159, 32.218720076000182 ], [ 35.189065789000097, 32.218331644000045 ], [ 35.188590684000133, 32.217933642000105 ], [ 35.188115558999982, 32.217625251000129 ], [ 35.187569220000171, 32.217735052000023 ], [ 35.186987902000055, 32.217864851000058 ], [ 35.186708383999985, 32.218094050000104 ], [ 35.186687520000078, 32.217416855000067 ], [ 35.186118697000154, 32.21732754500016 ], [ 35.18586903, 32.216920279000021 ], [ 35.185896678000177, 32.2164574090001 ], [ 35.185757226000192, 32.216082573000165 ], [ 35.185205666, 32.215928446000134 ], [ 35.184640295000065, 32.215961721000156 ], [ 35.184151468000039, 32.21609420600015 ], [ 35.183778342000039, 32.216193603000136 ], [ 35.183175763000179, 32.215951248000067 ], [ 35.182662302000097, 32.215885328000127 ], [ 35.182549412000128, 32.215433136000172 ], [ 35.182359620000057, 32.214958665000097 ], [ 35.182092751000141, 32.214517142000091 ], [ 35.18185225000019, 32.214042377000112 ], [ 35.181585531000053, 32.213655811000137 ], [ 35.181158782000182, 32.213050377000116 ], [ 35.181355823000047, 32.212637148000113 ], [ 35.181651998000177, 32.212148702000036 ], [ 35.181989762000057, 32.211690699000087 ], [ 35.181985404000045, 32.211332799000104 ], [ 35.181516071000033, 32.211219117000098 ], [ 35.18120720200011, 32.21102078600012 ], [ 35.181458724000152, 32.21073227300019 ], [ 35.181770235000101, 32.210455469000181 ], [ 35.181774223000048, 32.209927356000094 ], [ 35.182156312000131, 32.20971679500019 ], [ 35.182431693000069, 32.209419124000135 ], [ 35.182862006000107, 32.209209418 ], [ 35.183440180000161, 32.208916044999967 ], [ 35.183835706000025, 32.208642072000146 ], [ 35.184204701000056, 32.208398388000035 ], [ 35.184683251000024, 32.208139367000058 ], [ 35.184978521000119, 32.20778970300006 ], [ 35.185343894000084, 32.20744991700019 ], [ 35.185789315000079, 32.20709027800018 ], [ 35.186144548000073, 32.206840386000124 ], [ 35.186321673000066, 32.20639107500017 ], [ 35.186381298000128, 32.205940750000082 ], [ 35.186370136999983, 32.205544666000037 ], [ 35.185919852000154, 32.205562608000093 ], [ 35.185484829000131, 32.205526023000175 ], [ 35.185279939000054, 32.205693799000187 ], [ 35.184767532000023, 32.205617740000037 ], [ 35.18454652600019, 32.205915707000088 ], [ 35.184236486000145, 32.206344274000116 ], [ 35.184012629000165, 32.206736928000055 ], [ 35.18372446900014, 32.207129004000024 ], [ 35.183352300000138, 32.207463712000163 ], [ 35.18304356100009, 32.207935251000038 ], [ 35.182840768000119, 32.208254215000125 ], [ 35.182601179000073, 32.208583597000029 ], [ 35.182337559000132, 32.208902121000108 ], [ 35.18200785900018, 32.208565278000037 ], [ 35.182175032000089, 32.208224186000052 ], [ 35.182445481000173, 32.20779181100005 ], [ 35.182732636000026, 32.207455538000033 ], [ 35.183129874000031, 32.206989091000082 ], [ 35.183374273000084, 32.206634066000106 ], [ 35.183641392000084, 32.206223244000057 ], [ 35.183885452000027, 32.205868922000036 ], [ 35.184171601000173, 32.205534334000049 ], [ 35.184070915000177, 32.205288433000021 ], [ 35.184201127000108, 32.204903790000117 ], [ 35.184562378000066, 32.204461001000141 ], [ 35.184804108000037, 32.204119639000169 ], [ 35.185089277000088, 32.203698393000138 ], [ 35.185294225000177, 32.203320529000109 ], [ 35.185001973000112, 32.203037668000093 ], [ 35.184767919000137, 32.202657313000145 ], [ 35.184606596000037, 32.20236010900004 ], [ 35.184243546000175, 32.202747803000136 ], [ 35.183993366999971, 32.203088175000062 ], [ 35.183666265000113, 32.203509832000066 ], [ 35.18335889400015, 32.203882739000107 ], [ 35.183220246000076, 32.204209043999981 ], [ 35.182929926000043, 32.204632118000177 ], [ 35.182751642000028, 32.205040562000079 ], [ 35.182721330000163, 32.205500753000024 ], [ 35.182598890000179, 32.205910619000178 ], [ 35.181935942, 32.205522970000175 ], [ 35.181892517000051, 32.20502880500004 ], [ 35.181849266000143, 32.204518435000125 ], [ 35.181265688000167, 32.204691186000105 ], [ 35.180997117000061, 32.20496715400003 ], [ 35.180684125000084, 32.204781928000159 ], [ 35.180258097000035, 32.204628091000131 ], [ 35.180600906000052, 32.204369758000155 ], [ 35.18101845700005, 32.204112568000028 ], [ 35.181418791000112, 32.203789568000104 ], [ 35.181760758999985, 32.203548139000134 ], [ 35.181546953000066, 32.203118324000172 ], [ 35.181033177000188, 32.202733669000054 ], [ 35.180649994000191, 32.202351015000033 ], [ 35.180130337000094, 32.202212375999977 ], [ 35.180323836000014, 32.201920045000065 ], [ 35.180555122000158, 32.201611942000056 ], [ 35.180858293000142, 32.201419822000162 ], [ 35.181242173999976, 32.201197848000049 ], [ 35.181418297000107, 32.200818011000024 ], [ 35.181016940000177, 32.200767889000133 ], [ 35.18099154600003, 32.200399978000121 ], [ 35.180967668, 32.199958657000138 ], [ 35.180942443000163, 32.199576374 ], [ 35.181218318000163, 32.199213468000039 ], [ 35.180906547, 32.198900299000115 ], [ 35.180628254000169, 32.198587842000109 ], [ 35.18026694800011, 32.198244647000081 ], [ 35.179971583000111, 32.197946555999977 ], [ 35.179709023000044, 32.197678345000099 ], [ 35.179327280000166, 32.197510994000027 ], [ 35.179288199000041, 32.196967650000033 ], [ 35.179625463999969, 32.196855858000163 ], [ 35.179979131000039, 32.196744209000087 ], [ 35.180123607000098, 32.19634576500016 ], [ 35.180267602000185, 32.195889690000172 ], [ 35.18052519600019, 32.195657401000062 ], [ 35.179942047000168, 32.195233690000066 ], [ 35.179257321000193, 32.194823197000119 ], [ 35.178772895000066, 32.1945342140001 ], [ 35.179018996000082, 32.19400644500007 ], [ 35.179127681000125, 32.193594887000074 ], [ 35.17881397400015, 32.19320562300004 ], [ 35.178497567000193, 32.192963887000133 ], [ 35.178079747000083, 32.192735226000138 ], [ 35.177812694000124, 32.192568320000134 ], [ 35.177748466000139, 32.192390058000171 ], [ 35.177587062999976, 32.191974060000177 ], [ 35.177456298000095, 32.191603020000059 ], [ 35.177268677000143, 32.191286212000136 ], [ 35.17712367300004, 32.190897835000044 ], [ 35.177006514000027, 32.190486076000184 ], [ 35.17695710300012, 32.190135771000087 ], [ 35.177343024000152, 32.190118685000073 ], [ 35.177085973000089, 32.189824967000106 ], [ 35.176843520000034, 32.189483344000166 ], [ 35.176504974000068, 32.189115908000133 ], [ 35.176344362000123, 32.18882418700008 ], [ 35.175907006000159, 32.188611435000041 ], [ 35.175856249000162, 32.188333695000154 ], [ 35.176697943000136, 32.188011823000181 ], [ 35.17716036000013, 32.187681668000153 ], [ 35.177455566000049, 32.187409800000182 ], [ 35.177875198000095, 32.187162767000075 ], [ 35.178271479000159, 32.186873452000043 ], [ 35.178635232000147, 32.186720946000037 ], [ 35.178311090000136, 32.186393819000045 ], [ 35.177936043000102, 32.186179399000082 ], [ 35.177577909000149, 32.185936803000118 ], [ 35.177171418000171, 32.185623317000079 ], [ 35.176763912000183, 32.185380422000151 ], [ 35.176339491000135, 32.185179653000148 ], [ 35.175781125000128, 32.18514722700013 ], [ 35.175222420000182, 32.185142979000148 ], [ 35.174916065000161, 32.18471749400004 ], [ 35.174618477000024, 32.184335127000111 ], [ 35.174427570000148, 32.18401183300017 ], [ 35.174122513000043, 32.183673850000162 ], [ 35.174291864000111, 32.183227509000119 ], [ 35.174429596000152, 32.182711128999983 ], [ 35.174581858000124, 32.182320725000011 ], [ 35.174766927000064, 32.181916520000073 ], [ 35.174642331000086, 32.181510112000183 ], [ 35.174600111000132, 32.181034540000098 ], [ 35.174524738000173, 32.180600669000171 ], [ 35.174439239000151, 32.17981255400008 ], [ 35.174178905000076, 32.179533624000101 ], [ 35.173905366000099, 32.179141401000038 ], [ 35.173632676000125, 32.178698870000119 ], [ 35.1733148940001, 32.178331432999983 ], [ 35.173041360000184, 32.177939347000063 ], [ 35.172796294000193, 32.177623078000124 ], [ 35.172537339000144, 32.177243677000092 ], [ 35.172291763000089, 32.17696503000019 ], [ 35.171928603000083, 32.176584891000118 ], [ 35.17167094600012, 32.176282000000185 ], [ 35.171476547000111, 32.176053389000174 ], [ 35.171289763000118, 32.175833798000042 ], [ 35.171535335000044, 32.175367053000059 ], [ 35.171643710000183, 32.17492873000009 ], [ 35.171428050000145, 32.174458739000045 ], [ 35.171123990000183, 32.174207827000032 ], [ 35.170890930999974, 32.173752623000041 ], [ 35.170548230000179, 32.173233414000151 ], [ 35.170423961999973, 32.172900694000191 ], [ 35.170413600000188, 32.172373983 ], [ 35.170353319000128, 32.171960120000165 ], [ 35.170308303000127, 32.17150272300006 ], [ 35.170339154000089, 32.171056625000119 ], [ 35.170859146000112, 32.171125276000168 ], [ 35.171417586000132, 32.171161529000074 ], [ 35.17201413700019, 32.171187222000128 ], [ 35.17243275300001, 32.171233431000132 ], [ 35.172977061000097, 32.171389443000123 ], [ 35.173392765000074, 32.171664338000028 ], [ 35.173642783000162, 32.171992585000112 ], [ 35.173929705000091, 32.172419196000135 ], [ 35.174179901000173, 32.172725882000123 ], [ 35.174673368000072, 32.172870739000075 ], [ 35.175120594000134, 32.172655847000101 ], [ 35.175455046000081, 32.17232030800011 ], [ 35.175802087000079, 32.171984910000049 ], [ 35.176034132000041, 32.171703163000132 ], [ 35.176379967000116, 32.171465833000184 ], [ 35.176820234000047, 32.171230644 ], [ 35.177338144000089, 32.171123135000073 ], [ 35.177867638, 32.171045922000189 ], [ 35.177766559000077, 32.170662347000132 ], [ 35.17771270999998, 32.17024891300008 ], [ 35.177635160000136, 32.169855483 ], [ 35.177463691000071, 32.169441451000012 ], [ 35.177187038, 32.168996393000157 ], [ 35.177145130000099, 32.168552810000165 ], [ 35.177179390000106, 32.168207314000142 ], [ 35.177113949000102, 32.167785565000145 ], [ 35.177136140000073, 32.167364261000102 ], [ 35.177055205000045, 32.166746647000025 ], [ 35.177095480000105, 32.166265321000139 ], [ 35.177117677000069, 32.165828939999983 ], [ 35.177209601000186, 32.16543809000018 ], [ 35.17726640300009, 32.165046951000079 ], [ 35.177287914000033, 32.164670736000119 ], [ 35.177362618000188, 32.164249587000143 ], [ 35.177367262000189, 32.163797983000109 ], [ 35.177477107000129, 32.163311463000184 ], [ 35.177523480000161, 32.162900311000101 ], [ 35.177154831000109, 32.163103960000115 ], [ 35.176602119000052, 32.163367020000067 ], [ 35.176204963000032, 32.163594614000033 ], [ 35.175808322000194, 32.163773873000082 ], [ 35.175296976000141, 32.164133882000101 ], [ 35.174927973000081, 32.164373598000054 ], [ 35.174459717000047, 32.164661191000107 ], [ 35.17370951900017, 32.164947145000156 ], [ 35.173118867000142, 32.164786613 ], [ 35.172626078000121, 32.164711357000158 ], [ 35.172305889000029, 32.164286283000024 ], [ 35.172395567000137, 32.163766931 ], [ 35.17241328900019, 32.163392125000087 ], [ 35.17240423800007, 32.16287203800016 ], [ 35.172407364000151, 32.162533439000072 ], [ 35.172433886000192, 32.162113686999987 ], [ 35.172479321000139, 32.161624332000088 ], [ 35.172524583000154, 32.161146533000078 ], [ 35.172062785000151, 32.161085799000034 ], [ 35.171807507000153, 32.160746273000029 ], [ 35.171629887000051, 32.160850205000088 ], [ 35.17141310300002, 32.160744175000048 ], [ 35.171389422000118, 32.160359211000127 ], [ 35.171282331000043, 32.160172052 ], [ 35.171037503000036, 32.1601824010001 ], [ 35.168983336000167, 32.160182703000089 ], [ 35.168618741000103, 32.159854266000025 ], [ 35.168294721000109, 32.159549233000121 ], [ 35.167730858000084, 32.158889311000053 ], [ 35.168083895000109, 32.158085424000035 ], [ 35.168150528000183, 32.157646099000033 ], [ 35.16831965700004, 32.157279942000173 ], [ 35.168447914000126, 32.156830494000133 ], [ 35.168576503000168, 32.156369208000172 ], [ 35.168691165000041, 32.155931592000172 ], [ 35.169145422999975, 32.156111685000042 ], [ 35.169489560000159, 32.156243831000154 ], [ 35.169203890000119, 32.155768457000079 ], [ 35.168972338000174, 32.15540004900015 ], [ 35.16874147700014, 32.154972317000102 ], [ 35.168259556000123, 32.154803909000066 ], [ 35.167721967000148, 32.154670848000137 ], [ 35.16725379900015, 32.154502439000169 ], [ 35.166757278000034, 32.154393202000051 ], [ 35.166147655000088, 32.154567705000034 ], [ 35.165649028000132, 32.154695466000021 ], [ 35.165286615000127, 32.155025194000132 ], [ 35.164840683000136, 32.15542562700017 ], [ 35.164685114000179, 32.155815600000153 ], [ 35.164433166000094, 32.156157766000035 ], [ 35.16372410200006, 32.155159173000129 ], [ 35.163132741000084, 32.154301247000035 ], [ 35.162617677000071, 32.153578338000159 ], [ 35.162365097000134, 32.153252038000176 ], [ 35.161771656000155, 32.153213760000028 ], [ 35.161217719000035, 32.153324996000151 ], [ 35.160276796000119, 32.153258387000051 ], [ 35.159734527000069, 32.15323773300014 ], [ 35.159161780000034, 32.153217063 ], [ 35.158579105000058, 32.15317863100006 ], [ 35.157606725000051, 32.153097055000046 ], [ 35.156564784000125, 32.153011495000044 ], [ 35.156239415000073, 32.152578627000139 ], [ 35.155952571000171, 32.152259346000108 ], [ 35.155680042000085, 32.151826781000068 ], [ 35.155473079000103, 32.151440043000093 ], [ 35.155239256000186, 32.151098380000121 ], [ 35.154966727000101, 32.15067708700019 ], [ 35.154706568000165, 32.150346542000079 ], [ 35.154451152000036, 32.149584966000134 ], [ 35.154244682000183, 32.148695608000082 ], [ 35.154070820000186, 32.147841212000117 ], [ 35.153946990000065, 32.147490016000177 ], [ 35.153856810000036, 32.147096843000043 ], [ 35.153769075000127, 32.146511053000097 ], [ 35.153659989000175, 32.146155919000194 ], [ 35.153540913000086, 32.145630986000185 ], [ 35.153403075000085, 32.145182978999969 ], [ 35.152971035, 32.145349894000049 ], [ 35.152597892000131, 32.145100737000121 ], [ 35.152263482000023, 32.14463600900001 ], [ 35.151981515000045, 32.144264163000173 ], [ 35.15232527600017, 32.143592762000139 ], [ 35.154280134000089, 32.144745162999982 ], [ 35.154555458000118, 32.144371461000162 ], [ 35.154774293000173, 32.144021266000038 ], [ 35.155076073000089, 32.143708448000098 ], [ 35.155238752000173, 32.143369499000016 ], [ 35.155585653000173, 32.142935380000097 ], [ 35.155859604, 32.142622125 ], [ 35.156149663000122, 32.14223574500005 ], [ 35.156524032000107, 32.14182587200014 ], [ 35.156845295000153, 32.14131776 ], [ 35.157076827000083, 32.141027874000031 ], [ 35.157333432000087, 32.140625132000082 ], [ 35.157686456000192, 32.140720820000183 ], [ 35.158217946000093, 32.140922121000074 ], [ 35.158771828999988, 32.14106890000005 ], [ 35.159241572000042, 32.141232690000095 ], [ 35.159731674000113, 32.141421145000152 ], [ 35.160146282000142, 32.141566028000113 ], [ 35.16014065600001, 32.141261666000162 ], [ 35.160050896000087, 32.140968543000156 ], [ 35.159894454999971, 32.14057098100011 ], [ 35.159901972000171, 32.140169538000066 ], [ 35.159983405000048, 32.139959339000143 ], [ 35.160212998000134, 32.139856570000063 ], [ 35.160606832000042, 32.13982164600003 ], [ 35.161136124000166, 32.139814533000049 ], [ 35.161605640000118, 32.139780479000081 ], [ 35.162005726000132, 32.139521088000038 ], [ 35.16244388399997, 32.138984829000151 ], [ 35.162817877000123, 32.138579583000023 ], [ 35.163158014000089, 32.138306076000049 ], [ 35.163570790000165, 32.138138977000153 ], [ 35.163345381000056, 32.137554832000035 ], [ 35.163192280000089, 32.137090203000071 ], [ 35.162860544000182, 32.136530671000116 ], [ 35.163411635000045, 32.136285707000127 ], [ 35.163959687000101, 32.136146418000067 ], [ 35.164262694, 32.137181920000103 ], [ 35.164493337000181, 32.137581195 ], [ 35.164739844000053, 32.137412058000166 ], [ 35.165212386000064, 32.137272032000112 ], [ 35.16585591200004, 32.136961851000137 ], [ 35.165607972000146, 32.136376432000077 ], [ 35.165600065000092, 32.135964276000095 ], [ 35.165635955000027, 32.135397700999988 ], [ 35.16572523800005, 32.135020666000173 ], [ 35.166494533000048, 32.134857352000154 ], [ 35.166131705000055, 32.13452651200015 ], [ 35.165460953000149, 32.134673657000121 ], [ 35.16531306700017, 32.134362338000074 ], [ 35.165325199000108, 32.133949485000073 ], [ 35.165719190000118, 32.133885235000093 ], [ 35.166110652000157, 32.133906935000141 ], [ 35.166318177, 32.133513317000052 ], [ 35.166770950000057, 32.13344964800001 ], [ 35.167361849000031, 32.133353056000033 ], [ 35.167254546000152, 32.133007232000182 ], [ 35.167475202000105, 32.132837375000065 ], [ 35.167665870000064, 32.132356949000155 ], [ 35.168271251000135, 32.132432827000173 ], [ 35.16947910500005, 32.132777757000156 ], [ 35.169495776000133, 32.13289837800005 ], [ 35.169842354000025, 32.132925691000139 ], [ 35.170579285000144, 32.132863373000134 ], [ 35.17078116600004, 32.132818628000052 ], [ 35.171068538000043, 32.133045020000111 ], [ 35.171337792000088, 32.133435419000193 ], [ 35.171799889000056, 32.13362818700017 ], [ 35.172397471000124, 32.133763646999967 ], [ 35.172886733000098, 32.133944724000116 ], [ 35.1731117490001, 32.134017501000017 ], [ 35.173304924000149, 32.133808455000121 ], [ 35.173319208000123, 32.133315989000096 ], [ 35.17351406500012, 32.133048183000142 ], [ 35.173752155000102, 32.133132802000091 ], [ 35.173862969000083, 32.133462558000019 ], [ 35.174208207000049, 32.133536636000144 ], [ 35.174712229000136, 32.1336707910001 ], [ 35.175149018000127, 32.133816052000157 ], [ 35.175118165000185, 32.13353169300018 ], [ 35.17493885000016, 32.133057770000107 ], [ 35.174759057000131, 32.132135198000185 ], [ 35.175254168000151, 32.132176769000125 ], [ 35.175720617000081, 32.132254542999988 ], [ 35.175964838000141, 32.131917703 ], [ 35.176072961000102, 32.131518687000039 ], [ 35.176508076000175, 32.131256298000096 ], [ 35.176822351000112, 32.130883405000077 ], [ 35.177288639000153, 32.130499703000112 ], [ 35.177614970999969, 32.130187260000127 ], [ 35.178050915000028, 32.129900210000187 ], [ 35.178459199000031, 32.129612727000108 ], [ 35.178862005000155, 32.129365118000123 ], [ 35.179361171000039, 32.129145855 ], [ 35.179719945000102, 32.128840742000079 ], [ 35.180029854000054, 32.12857718500004 ], [ 35.180626566000058, 32.128288474000044 ], [ 35.180873051999981, 32.128023769000094 ], [ 35.181102298000155, 32.127801053000098 ], [ 35.181447170000069, 32.127438581000149 ], [ 35.181741842000122, 32.127159798000093 ], [ 35.182187275000103, 32.127136653000036 ], [ 35.182778284000108, 32.127030547000118 ], [ 35.182790328000181, 32.126649395000015 ], [ 35.182720381000024, 32.126351643000078 ], [ 35.182738108000137, 32.125799572000176 ], [ 35.182987252000146, 32.125462016000142 ], [ 35.183223617000067, 32.125211537999974 ], [ 35.183463803000052, 32.124916108000093 ], [ 35.184018333000097, 32.124930463000112 ], [ 35.184528135000164, 32.125005257000055 ], [ 35.184910782000145, 32.125055786000075 ], [ 35.185525253000094, 32.12506296000015 ], [ 35.185907231000044, 32.125128704000076 ], [ 35.186469203, 32.125181095000073 ], [ 35.186937791000048, 32.12520951 ], [ 35.187517986000046, 32.125223995000056 ], [ 35.18795312400016, 32.125274666000053 ], [ 35.188453506000144, 32.125304493000158 ], [ 35.189006866000113, 32.125358844000118 ], [ 35.189542015000086, 32.125421081000184 ], [ 35.190025685000137, 32.125410598000144 ], [ 35.19021785700005, 32.124996927000097 ], [ 35.190452401000073, 32.124655125000061 ], [ 35.190596029000062, 32.124367841000094 ], [ 35.191139945000145, 32.124430493000148 ], [ 35.191676257000097, 32.124452986000108 ], [ 35.192201462000128, 32.124539445000096 ], [ 35.193106667000166, 32.124659356000166 ], [ 35.19369662400004, 32.124698333000083 ], [ 35.194079265000141, 32.124782933000176 ], [ 35.194704989000059, 32.12483022400005 ], [ 35.195160163000025, 32.124883549000117 ], [ 35.195668984000122, 32.124945476 ], [ 35.195931664, 32.124564071000179 ], [ 35.196548639000184, 32.123468876000061 ], [ 35.196503641, 32.123230597000145 ], [ 35.196873533000087, 32.12329405000014 ], [ 35.196901924000031, 32.122827508000114 ], [ 35.197094163000031, 32.122801746999983 ], [ 35.196997359000193, 32.122456934000184 ], [ 35.197226523000154, 32.122412013000087 ], [ 35.197161336000136, 32.122113139000078 ], [ 35.197576101000095, 32.12213559300011 ], [ 35.198112607000098, 32.121892024000147 ], [ 35.198415319999981, 32.121621090000133 ], [ 35.199000142000045, 32.12155633500015 ], [ 35.199600191000059, 32.121525677000136 ], [ 35.200195604000044, 32.121501217000059 ], [ 35.200707902000147, 32.121452933000114 ], [ 35.201261752000164, 32.121428605000062 ], [ 35.201857165000092, 32.121404277000181 ], [ 35.202590998000176, 32.121355863000076 ], [ 35.203034079000133, 32.121355473000051 ], [ 35.203643396000189, 32.121343115000116 ], [ 35.204128034000178, 32.121342724000158 ], [ 35.204667977000156, 32.121306544 ], [ 35.205180434, 32.12127050100014 ], [ 35.205748031000155, 32.121198667000044 ], [ 35.206260321000116, 32.121198411000023 ], [ 35.206841985000096, 32.121174341000028 ], [ 35.20752034700007, 32.121138436000138 ], [ 35.208010448000039, 32.121153809000077 ], [ 35.208623075000048, 32.121131002000084 ], [ 35.20919116400006, 32.121127634000118 ], [ 35.209795014000065, 32.121140046000107 ], [ 35.210210109000059, 32.121122581000179 ], [ 35.210983011000053, 32.121188393000125 ], [ 35.212146174000111, 32.121227430000033 ], [ 35.213245925000081, 32.121248982000054 ], [ 35.213752914000167, 32.121243764000155 ], [ 35.214320011000098, 32.121302937000166 ], [ 35.21476805900005, 32.121363800000154 ], [ 35.21491723400004, 32.121093957000085 ], [ 35.214947515000176, 32.120519055000159 ], [ 35.215604984000151, 32.119863114000111 ], [ 35.21599519900019, 32.118943682000065 ], [ 35.216534590000151, 32.118163318000029 ], [ 35.216962051000053, 32.117416915000149 ], [ 35.217494306000106, 32.11662753000013 ], [ 35.217912172000069, 32.116241144000128 ], [ 35.218303724000123, 32.116074008000169 ], [ 35.218635342000027, 32.115945625000109 ], [ 35.219021073000079, 32.115468772000156 ], [ 35.219860269000037, 32.114876630000026 ], [ 35.220569699000123, 32.114772876000131 ], [ 35.22042561100011, 32.114258292000045 ], [ 35.220419955000182, 32.113948578000134 ], [ 35.219362196000134, 32.114127595000127 ], [ 35.218092837000029, 32.114229539000064 ], [ 35.217635532000088, 32.113847416000112 ], [ 35.217341974000135, 32.11353193900004 ], [ 35.216897582000115, 32.113088660000074 ], [ 35.217252525000106, 32.11273074200011 ], [ 35.217688925000175, 32.112509216999968 ], [ 35.218165390000081, 32.112304879000135 ], [ 35.219139013000074, 32.11193015300006 ], [ 35.219680203000053, 32.111685648000162 ], [ 35.22017669600001, 32.111500042000046 ], [ 35.220672016000151, 32.111213966000037 ], [ 35.221350117000043, 32.111007630000188 ], [ 35.221621833000142, 32.111396938000041 ], [ 35.222107773, 32.111646164999968 ], [ 35.222531465000088, 32.111917097 ], [ 35.222931157000119, 32.112220719999982 ], [ 35.223313817000133, 32.112648340000021 ], [ 35.222962711000037, 32.113046295000174 ], [ 35.223360936000063, 32.113456300999985 ], [ 35.223735134000094, 32.11370792800011 ], [ 35.224084508000089, 32.114013805000127 ], [ 35.224434218000056, 32.114320387000078 ], [ 35.224909431000185, 32.114680217 ], [ 35.225652225000033, 32.115214885000057 ], [ 35.226124303000176, 32.115571188000104 ], [ 35.226246854000124, 32.115780282000173 ], [ 35.226439254000013, 32.115869031000159 ], [ 35.226929027000153, 32.116061314000149 ], [ 35.226929945000052, 32.116616773000032 ], [ 35.227401956000108, 32.116494406000129 ], [ 35.227718285000094, 32.117064056000174 ], [ 35.227649821999989, 32.117560765000178 ], [ 35.228699344000177, 32.117466366000087 ], [ 35.229189083000108, 32.117404159000159 ], [ 35.229660737000017, 32.117146375000175 ], [ 35.23013221500014, 32.116858576000027 ], [ 35.231202603000042, 32.11762298300016 ], [ 35.230941739000173, 32.117985857000178 ], [ 35.230909231000112, 32.118514266000091 ], [ 35.230998569000064, 32.11897741700011 ], [ 35.231240386000081, 32.119372202000193 ], [ 35.231750685000122, 32.119406787000116 ], [ 35.232209680000153, 32.119558473000041 ], [ 35.232731265000098, 32.119701127000155 ], [ 35.233232158000021, 32.119861962000016 ], [ 35.233754771, 32.12014890100005 ], [ 35.234132191000185, 32.120463483000151 ], [ 35.234052828000074, 32.120933001000083 ], [ 35.233678649000126, 32.121024090000105 ], [ 35.233369027000094, 32.122460413000169 ], [ 35.233089554000117, 32.123272085 ], [ 35.233050350000099, 32.123434700000075 ], [ 35.232988170000112, 32.123787401000186 ], [ 35.233339864000072, 32.12379311900014 ], [ 35.233731296000144, 32.123807565999982 ], [ 35.233688022000081, 32.124259887000051 ], [ 35.234829726000044, 32.124374102000161 ], [ 35.235713456000155, 32.124471872000072 ], [ 35.236911279000083, 32.124521383000172 ], [ 35.237960603000033, 32.124651513000117 ], [ 35.239398032000054, 32.124717296000142 ], [ 35.24066938500016, 32.124782961000165 ], [ 35.240728243000035, 32.124492959000122 ], [ 35.24120711900008, 32.124541745999977 ], [ 35.241538942000091, 32.124542092000013 ], [ 35.242031843000063, 32.124945392000029 ], [ 35.241925588000072, 32.124590755000042 ], [ 35.24214809800003, 32.124494181000046 ], [ 35.242445744000122, 32.124284720000048 ], [ 35.242665185000078, 32.124430226000186 ], [ 35.242977017000158, 32.124559503000114 ], [ 35.243363339000098, 32.124624366000091 ], [ 35.243694845, 32.124656833000188 ], [ 35.244007484000065, 32.124721573000045 ], [ 35.244516343000157, 32.124802465000187 ], [ 35.245056130000137, 32.124774144000071 ], [ 35.245529201000068, 32.124793747000183 ], [ 35.24557613800016, 32.124553206000087 ], [ 35.246083289000126, 32.124486421000142 ], [ 35.246976066000173, 32.124400507000132 ], [ 35.247493985000119, 32.124352878000025 ], [ 35.247912404000033, 32.124343599000042 ], [ 35.248439323000184, 32.124449835000121 ], [ 35.249021541000047, 32.124536889000069 ], [ 35.249570646000109, 32.124633530000153 ], [ 35.250087284000188, 32.124691713000061 ], [ 35.250581100000034, 32.124817111000141 ], [ 35.250934295000036, 32.124843777000024 ], [ 35.251356230000056, 32.124924387000135 ], [ 35.251504088, 32.125290277000033 ], [ 35.252001304000089, 32.125230516000158 ], [ 35.252499002999969, 32.125134541000136 ], [ 35.252885460000073, 32.125110743999983 ], [ 35.253383157000144, 32.12501490700015 ], [ 35.253907702000106, 32.12497908600011 ], [ 35.254404924000028, 32.124931294000078 ], [ 35.254874643000107, 32.12485941500006 ], [ 35.255332382000063, 32.124655085000029 ], [ 35.256034184000043, 32.124800118000053 ], [ 35.256694906000178, 32.124908808000157 ], [ 35.256522744000108, 32.124318608000181 ], [ 35.25662375200011, 32.123981099000048 ], [ 35.25680995100015, 32.123486448000108 ], [ 35.256795085000192, 32.123221547000128 ], [ 35.256775167000114, 32.122779106000166 ], [ 35.256805457000155, 32.122415272000069 ], [ 35.256976184000166, 32.122111837000148 ], [ 35.257235034000075, 32.121884182000031 ], [ 35.25759800600008, 32.121611115000064 ], [ 35.257173512000122, 32.121022273000051 ], [ 35.257781042000147, 32.12076419400006 ], [ 35.258354325000028, 32.120566715000166 ], [ 35.259257160000061, 32.120172265000065 ], [ 35.260160337000116, 32.119808383000134 ], [ 35.261185524000098, 32.11942951400016 ], [ 35.261637452000173, 32.119277862000047 ], [ 35.262062029000049, 32.119070561 ], [ 35.262616004000165, 32.118720468000106 ], [ 35.262762437999982, 32.118248510000114 ], [ 35.262709217000122, 32.117816086000062 ], [ 35.262472214000127, 32.11738401700012 ], [ 35.262285353000038, 32.116894437999974 ], [ 35.26214939099998, 32.116534613000169 ], [ 35.261929622000025, 32.116117473000088 ], [ 35.261726563000025, 32.115671581000186 ], [ 35.261455683000179, 32.115024641000105 ], [ 35.261037400000077, 32.11489587 ], [ 35.260436089000166, 32.114925693000089 ], [ 35.26000200500016, 32.114969681000161 ], [ 35.259533748000024, 32.114884184000118 ], [ 35.259031678000042, 32.114726837000148 ], [ 35.258546498000044, 32.114569482000036 ], [ 35.258027884000114, 32.114426649000166 ], [ 35.257507100000055, 32.114247321000107 ], [ 35.257675746000132, 32.113790438000024 ], [ 35.257143817999975, 32.113497400000142 ], [ 35.256577428000185, 32.113482945000101 ], [ 35.255993007000086, 32.113499636000142 ], [ 35.254748379000148, 32.112558518000071 ], [ 35.254035868000074, 32.111957080000025 ], [ 35.253240591000065, 32.111361302000148 ], [ 35.252323931999967, 32.11067861500004 ], [ 35.252281043000096, 32.110280002000025 ], [ 35.252279682000051, 32.109815852000168 ], [ 35.252202187000137, 32.109405555000023 ], [ 35.252171547000103, 32.108992283000134 ], [ 35.252133594000043, 32.108519972000067 ], [ 35.252083395000056, 32.108058233000122 ], [ 35.252057870000158, 32.107607054000027 ], [ 35.25206928800003, 32.107218849000105 ], [ 35.251957973000174, 32.106684140000027 ], [ 35.251932608000118, 32.106222677000119 ], [ 35.251882942000066, 32.105834913000024 ], [ 35.25178853400007, 32.105344443000092 ], [ 35.251941948000024, 32.104851074000067 ], [ 35.252067432000104, 32.104478053000037 ], [ 35.252403570000183, 32.10428462200008 ], [ 35.251828542000055, 32.104070061000186 ], [ 35.251407619000133, 32.10381909400013 ], [ 35.251042756, 32.103411841000081 ], [ 35.250439970000059, 32.10330592300005 ], [ 35.250118318000091, 32.103703520000124 ], [ 35.249571871000114, 32.103729609000084 ], [ 35.249123143000077, 32.103467090000152 ], [ 35.248926684000082, 32.103155740000147 ], [ 35.248352405000105, 32.103122089000067 ], [ 35.247988486000111, 32.103399781000178 ], [ 35.247512512000128, 32.103725833000112 ], [ 35.247190705000094, 32.104183453000132 ], [ 35.247219174, 32.104603630000042 ], [ 35.247065574000089, 32.105108546000054 ], [ 35.246757802000047, 32.105482179000148 ], [ 35.246337452000091, 32.10541183700019 ], [ 35.246295640000028, 32.105604188000029 ], [ 35.246856243000138, 32.105770024000094 ], [ 35.247064739000109, 32.105953288000137 ], [ 35.24711880100017, 32.106202679000091 ], [ 35.247148795000157, 32.10671360300006 ], [ 35.247184393000111, 32.107160693000139 ], [ 35.247411031000183, 32.107592371000123 ], [ 35.247759329000075, 32.107964130000084 ], [ 35.248072840000134, 32.108276293000074 ], [ 35.248594520000154, 32.108349275000023 ], [ 35.248942783000075, 32.108616898999969 ], [ 35.248961351000048, 32.109094429000038 ], [ 35.248318576000031, 32.109260603000109 ], [ 35.24769319100011, 32.109456502000114 ], [ 35.247241630000133, 32.109636990000126 ], [ 35.247014845000081, 32.109264492000193 ], [ 35.246891995000055, 32.108802350000133 ], [ 35.24595369400015, 32.108939707000047 ], [ 35.245761666000078, 32.108522812000103 ], [ 35.245726264000155, 32.108149979000075 ], [ 35.245378783000092, 32.108181071000161 ], [ 35.245291223000095, 32.107764008 ], [ 35.245186274000048, 32.107332153000073 ], [ 35.245185605000074, 32.106855321000069 ], [ 35.245115609000152, 32.106483201000174 ], [ 35.24459451600012, 32.106634390000181 ], [ 35.244073602000185, 32.10683024500014 ], [ 35.243639101000042, 32.106534305000139 ], [ 35.243343475000074, 32.106178446000115 ], [ 35.243169561000059, 32.105911327000115 ], [ 35.243099956000094, 32.105688570000098 ], [ 35.242787138000153, 32.105392599000027 ], [ 35.242335615000172, 32.105157109000061 ], [ 35.242144595000184, 32.104712308000103 ], [ 35.241658667000138, 32.105056942000033 ], [ 35.241242063000129, 32.105297287000099 ], [ 35.24068662600007, 32.105731550000087 ], [ 35.24027000600006, 32.105392338000058 ], [ 35.239984065000101, 32.105255722000152 ], [ 35.239885183000126, 32.105630838000081 ], [ 35.239108870999985, 32.105418518000135 ], [ 35.238939749000053, 32.105081784000163 ], [ 35.23857351800001, 32.104348858000094 ], [ 35.23896873800004, 32.104008060000126 ], [ 35.239392269000177, 32.10369120900009 ], [ 35.239872240000182, 32.103349826 ], [ 35.240295613000114, 32.103069185000152 ], [ 35.240169038000033, 32.102732585000183 ], [ 35.240460465000126, 32.10244506700019 ], [ 35.240843268000049, 32.10214033800014 ], [ 35.240824228000065, 32.101604471000087 ], [ 35.240471715000126, 32.10134809800013 ], [ 35.240139047000127, 32.101025070000048 ], [ 35.239953687000082, 32.100617322000062 ], [ 35.239621352000029, 32.100286968000091 ], [ 35.239692890000072, 32.099815050000132 ], [ 35.23971397400004, 32.099470526 ], [ 35.239291225000159, 32.09901196300018 ], [ 35.239020930000095, 32.098526734000075 ], [ 35.239636020000034, 32.09840556 ], [ 35.240060910000182, 32.098296968000113 ], [ 35.239829833000158, 32.097775800000136 ], [ 35.239595969000163, 32.097337910000135 ], [ 35.23967031799998, 32.096865712000181 ], [ 35.239643716000103, 32.096482168000023 ], [ 35.238400659000035, 32.095592316000136 ], [ 35.238020010000071, 32.095233642000096 ], [ 35.237640540000086, 32.09494908500011 ], [ 35.237148415000149, 32.094911843000034 ], [ 35.236655953000081, 32.094837539000139 ], [ 35.236077762000093, 32.094825110000045 ], [ 35.235470942000177, 32.09483734100013 ], [ 35.235727921000034, 32.094503905000067 ], [ 35.236000316000116, 32.094269241000177 ], [ 35.236286088000099, 32.093923259000121 ], [ 35.23648375700003, 32.093416939000178 ], [ 35.236744336000186, 32.092956542000024 ], [ 35.23686224700009, 32.092559017000042 ], [ 35.236254213000052, 32.092299722000178 ], [ 35.235626664999984, 32.092109754000091 ], [ 35.235462199000096, 32.091695093000169 ], [ 35.235297556000035, 32.091245768000192 ], [ 35.234832577000191, 32.091125095000109 ], [ 35.234266630000036, 32.090986962000102 ], [ 35.234243849000165, 32.090555084000073 ], [ 35.234061060000045, 32.090330509000069 ], [ 35.233435736, 32.090365419000136 ], [ 35.233053076000147, 32.090452001000187 ], [ 35.232809366000026, 32.090158390000113 ], [ 35.232384587000183, 32.089899609000099 ], [ 35.231940314999974, 32.089796112000158 ], [ 35.231395061000171, 32.089623725000024 ], [ 35.230930757000124, 32.089503178000086 ], [ 35.230365656000174, 32.089382502000035 ], [ 35.229606209000167, 32.090833963000136 ], [ 35.229283092000117, 32.09073043900014 ], [ 35.229901176000112, 32.089192907000097 ], [ 35.229678513000067, 32.08896847200009 ], [ 35.229376634000062, 32.089089552000132 ], [ 35.228872454000111, 32.089003665000064 ], [ 35.228428342000143, 32.088831250999988 ], [ 35.22816754400003, 32.089159460000076 ], [ 35.227703229000099, 32.088918143000114 ], [ 35.227279316000079, 32.088762913000039 ], [ 35.22685556600004, 32.088590632999967 ], [ 35.226974653000184, 32.08807250000018 ], [ 35.226430080000171, 32.087900233000084 ], [ 35.225835866000182, 32.087789121000128 ], [ 35.22534776800012, 32.087825387000066 ], [ 35.225429957000074, 32.087323323000135 ], [ 35.225470611000105, 32.086904963000165 ], [ 35.225497191000159, 32.086438834000035 ], [ 35.225565817000131, 32.086008635000042 ], [ 35.225690213000121, 32.085554334000051 ], [ 35.225090734, 32.085554819000151 ], [ 35.224505683000189, 32.085758489000114 ], [ 35.224199344000169, 32.085938035000083 ], [ 35.223585958, 32.085926539000184 ], [ 35.222930346000112, 32.085735949000025 ], [ 35.222330345000159, 32.085509417000139 ], [ 35.221828163000168, 32.085306691000085 ], [ 35.221298013000194, 32.085104104000095 ], [ 35.220837881000136, 32.084949136000034 ], [ 35.219968594000022, 32.084561416000099 ], [ 35.21896028000009, 32.084099576000085 ], [ 35.218438085000173, 32.083853155000043 ], [ 35.217988057000014, 32.083653088000119 ], [ 35.217519988000106, 32.083391301 ], [ 35.217052089000049, 32.083222090000163 ], [ 35.216673895000042, 32.08294479500006 ], [ 35.21629586600011, 32.082636642000011 ], [ 35.215863714000022, 32.082220555000163 ], [ 35.21557572200004, 32.081850677000091 ], [ 35.215521421000062, 32.081449654000039 ], [ 35.215539113000091, 32.081002411999975 ], [ 35.215628795000043, 32.080477949000056 ], [ 35.215826557000071, 32.080169353000088 ], [ 35.216312126, 32.079968403000123 ], [ 35.216779822000149, 32.079751951000162 ], [ 35.217260583000041, 32.079459828999973 ], [ 35.217547056000058, 32.079336663000106 ], [ 35.217317824000077, 32.079103610000118 ], [ 35.217561266000189, 32.078955928000141 ], [ 35.217819249000115, 32.078525724000087 ], [ 35.217991178000034, 32.078132582000023 ], [ 35.218106001000024, 32.077653486000031 ], [ 35.218220662000192, 32.077223429000071 ], [ 35.218220964000011, 32.076793518999978 ], [ 35.218135216000064, 32.076437446000114 ], [ 35.217604974000039, 32.076487070000155 ], [ 35.216501958000094, 32.076524878000043 ], [ 35.215470431000085, 32.076587330000109 ], [ 35.21429575500008, 32.076662039000155 ], [ 35.213293024000166, 32.076687556000024 ], [ 35.212764767000067, 32.076729833000059 ], [ 35.212226576000035, 32.076768020000088 ], [ 35.211655620000045, 32.076768583000046 ], [ 35.211150532000147, 32.076646555000082 ], [ 35.210469690000139, 32.076449558000036 ], [ 35.210288984000101, 32.075809689000153 ], [ 35.209741362000102, 32.07593438400005 ], [ 35.209766855000169, 32.075727673000074 ], [ 35.209838693000052, 32.075148540000043 ], [ 35.209579373000111, 32.074940412000046 ], [ 35.208953976000146, 32.075055522000184 ], [ 35.208391137000035, 32.075140051000176 ], [ 35.207810092000159, 32.075193578000039 ], [ 35.207854298000086, 32.074808476000157 ], [ 35.207406989000106, 32.074531013000012 ], [ 35.207361989000105, 32.074230593000038 ], [ 35.206652375000033, 32.074086979000072 ], [ 35.206015419000096, 32.073882633000039 ], [ 35.205378138000015, 32.073601912000186 ], [ 35.205214674, 32.073104496000042 ], [ 35.204857961000073, 32.072084159000099 ], [ 35.20493147000019, 32.071676092000132 ], [ 35.204413467000052, 32.072058627000104 ], [ 35.204013945000042, 32.072492035999971 ], [ 35.203539675000059, 32.072326156000145 ], [ 35.202739551000093, 32.072287774000131 ], [ 35.20244270600017, 32.071918006000089 ], [ 35.201968118000138, 32.071675607000032 ], [ 35.201434285000119, 32.071484350000105 ], [ 35.200900458000092, 32.071241943000189 ], [ 35.200233236000145, 32.071139864000031 ], [ 35.199591488000124, 32.071133037999971 ], [ 35.199049196000033, 32.071132983000098 ], [ 35.198465192000015, 32.071192666000115 ], [ 35.197895086000131, 32.071264467000105 ], [ 35.198061453000093, 32.070905734000178 ], [ 35.198450394000076, 32.070547021999971 ], [ 35.198769520000155, 32.070032741000148 ], [ 35.198797035000041, 32.069721898000125 ], [ 35.19927433600003, 32.069369394000091 ], [ 35.199384774000123, 32.068908917999977 ], [ 35.200050342999987, 32.068882914000142 ], [ 35.200608341000191, 32.068882965000057 ], [ 35.201271752000082, 32.068889506000176 ], [ 35.201303728000084, 32.068568519000166 ], [ 35.202140924000048, 32.06827690700004 ], [ 35.202160017000153, 32.067693545000054 ], [ 35.201541489000135, 32.06741914800017 ], [ 35.201022734000105, 32.067264667000131 ], [ 35.200882772000057, 32.066990165000107 ], [ 35.200981781000166, 32.066544199000191 ], [ 35.201140089000091, 32.065617735999979 ], [ 35.200979957000186, 32.065223178000053 ], [ 35.201178273999972, 32.064554162000093 ], [ 35.201117923000083, 32.064159613000072 ], [ 35.200539284000058, 32.064022314000169 ], [ 35.200020390000134, 32.063833731000102 ], [ 35.199377362000178, 32.0638680510001 ], [ 35.198544069999969, 32.063713809000092 ], [ 35.197905217000141, 32.063525203000154 ], [ 35.197765935000177, 32.063235058000032 ], [ 35.197044635000168, 32.063327551000157 ], [ 35.196323497000037, 32.063433144000101 ], [ 35.196307660000059, 32.063142870000036 ], [ 35.195493748000047, 32.062944932000164 ], [ 35.195692703000077, 32.062615088000086 ], [ 35.195861186000059, 32.062403889999985 ], [ 35.196429088000173, 32.06233787300016 ], [ 35.196858812000187, 32.062324682 ], [ 35.197503027000096, 32.06203420200012 ], [ 35.198024749000126, 32.062034262000168 ], [ 35.198822352000093, 32.061704199000133 ], [ 35.199052670000128, 32.061796518 ], [ 35.199053121000077, 32.062113281000052 ], [ 35.199145749000138, 32.062363968000057 ], [ 35.200558598000043, 32.063076396000042 ], [ 35.201094006000119, 32.062139402000128 ], [ 35.200664151000183, 32.061888687000078 ], [ 35.200525681000101, 32.061664348000079 ], [ 35.200754304999975, 32.060753676000047 ], [ 35.201044287000173, 32.060030414999972 ], [ 35.202679755000133, 32.059885974000053 ], [ 35.204155368000102, 32.059844367000039 ], [ 35.204077349000158, 32.05894282800017 ], [ 35.204915601000039, 32.058709252000028 ], [ 35.204694429000028, 32.058075147000068 ], [ 35.204084537000028, 32.058082720000073 ], [ 35.203910318000112, 32.057961950000163 ], [ 35.203712322000058, 32.057297129000176 ], [ 35.203651141000023, 32.05688003500012 ], [ 35.204255176, 32.055602314000168 ], [ 35.204905792000034, 32.055067602000179 ], [ 35.205571616000043, 32.054624056000023 ], [ 35.206389147000095, 32.054349887000171 ], [ 35.20669209100015, 32.054375826000125 ], [ 35.206737907, 32.054636512000172 ], [ 35.206647706000069, 32.055118980000145 ], [ 35.206724278000024, 32.055705585999988 ], [ 35.20680052900002, 32.056109716000037 ], [ 35.206907223000144, 32.056591910000179 ], [ 35.207119817000148, 32.056956873000047 ], [ 35.207226189000096, 32.05732183300006 ], [ 35.20722698600008, 32.057882507000102 ], [ 35.207106027000066, 32.058012844000132 ], [ 35.206500124000115, 32.057791593000047 ], [ 35.20565181500001, 32.057661492000193 ], [ 35.205546072000061, 32.057857069000136 ], [ 35.205531806000124, 32.058391535000112 ], [ 35.205517373000077, 32.058926002000192 ], [ 35.205561368000076, 32.059154558999978 ], [ 35.205717054, 32.059371707000025 ], [ 35.205978984000183, 32.059346638000193 ], [ 35.206308603000025, 32.05910414900012 ], [ 35.206677257000138, 32.059037232000151 ], [ 35.207036147000167, 32.059062190000077 ], [ 35.207298389000186, 32.059321048000186 ], [ 35.20808513500009, 32.060072684000033 ], [ 35.207688004000033, 32.06041536000015 ], [ 35.207862889000182, 32.060649135 ], [ 35.208173460000012, 32.060866285000031 ], [ 35.207650240000078, 32.061200643000177 ], [ 35.207679840000026, 32.061593216000063 ], [ 35.208397472000115, 32.061609726000029 ], [ 35.209056857, 32.061693020000178 ], [ 35.209580230000086, 32.061726285000134 ], [ 35.209773831, 32.061534089000077 ], [ 35.20953126500001, 32.061233385000037 ], [ 35.209414617000164, 32.061049639000146 ], [ 35.209443576000126, 32.060907604000192 ], [ 35.209656861000099, 32.060940862000109 ], [ 35.209918628000025, 32.061024284000098 ], [ 35.210044386000106, 32.060882251000123 ], [ 35.210015267000131, 32.060756843000036 ], [ 35.210014937999972, 32.060589724000181 ], [ 35.210063423000179, 32.060489539000173 ], [ 35.210189344000014, 32.060439375999977 ], [ 35.210977455000148, 32.060393169000179 ], [ 35.211067134000189, 32.06067879200009 ], [ 35.211279094000133, 32.06070457800007 ], [ 35.211379034000061, 32.060955538000087 ], [ 35.213370912000187, 32.060685553000042 ], [ 35.213604712000176, 32.060391050000078 ], [ 35.214420801000131, 32.060909865000099 ], [ 35.215287368000133, 32.061520262000101 ], [ 35.215730976000089, 32.061271546000114 ], [ 35.216021695000052, 32.061127528999975 ], [ 35.216281637000066, 32.060996616000068 ], [ 35.216603618000136, 32.060695764000059 ], [ 35.216848338000148, 32.060617129000036 ], [ 35.217031181000095, 32.0606694 ], [ 35.217746021999972, 32.061139299999979 ], [ 35.217821323000123, 32.061361368000064 ], [ 35.217850462000115, 32.061635858000045 ], [ 35.217727367000123, 32.061845112000128 ], [ 35.217497544000025, 32.062028305000126 ], [ 35.217221885000072, 32.062211496000089 ], [ 35.217159847000062, 32.06244667600015 ], [ 35.217219595000074, 32.062721165000028 ], [ 35.217721488000109, 32.063086801000111 ], [ 35.217888785000184, 32.063230380000164 ], [ 35.218237795000107, 32.063674506000154 ], [ 35.218285746000049, 32.063164696000058 ], [ 35.218758826000112, 32.063177494000058 ], [ 35.218973264000113, 32.0630074070001 ], [ 35.219564718000186, 32.063843386000087 ], [ 35.220095941000181, 32.064509570000155 ], [ 35.220506515000068, 32.064888304000021 ], [ 35.220736011000042, 32.06473131700011 ], [ 35.220614864000027, 32.064496150000082 ], [ 35.220463431000042, 32.064234773000067 ], [ 35.220206082000175, 32.063764436000156 ], [ 35.219887025000105, 32.063437970000109 ], [ 35.219431119000092, 32.063020062000192 ], [ 35.219157414000051, 32.062785044000123 ], [ 35.218975541000191, 32.062510704000147 ], [ 35.219204712000078, 32.062458273000175 ], [ 35.219540938000193, 32.062379625000062 ], [ 35.219678604000194, 32.062301132000186 ], [ 35.21972557800018, 32.062078915000029 ], [ 35.219833448000031, 32.061882764000075 ], [ 35.220093063000149, 32.061856399000078 ], [ 35.220367251000084, 32.061947691000171 ], [ 35.220732301000055, 32.062221874000045 ], [ 35.220928587000174, 32.062666146000026 ], [ 35.220987538000145, 32.063097323000079 ], [ 35.22107891700017, 32.063517082000089 ], [ 35.221426323000117, 32.064327282000136 ], [ 35.221833831000083, 32.065424790000179 ], [ 35.222991074, 32.066103595000129 ], [ 35.222959822000064, 32.066286636000086 ], [ 35.221768100000077, 32.066640415000165 ], [ 35.219631638000067, 32.066668317000165 ], [ 35.219237905000057, 32.065858256000183 ], [ 35.217445154000131, 32.065955574000043 ], [ 35.215014156999985, 32.065932966000162 ], [ 35.214792918000057, 32.065974256000175 ], [ 35.214542228000141, 32.066221556000016 ], [ 35.214233460000173, 32.066625266000074 ], [ 35.215498381000089, 32.067183236 ], [ 35.21634481600006, 32.067557463000185 ], [ 35.217054896000036, 32.067791066000041 ], [ 35.21868075000009, 32.068141149000155 ], [ 35.220183657000177, 32.06843274300013 ], [ 35.220225501000073, 32.068163321000043 ], [ 35.220294649000095, 32.067940681999971 ], [ 35.220459123000012, 32.067800045000183 ], [ 35.221908065000036, 32.067915908000089 ], [ 35.223903771000096, 32.068160355000146 ], [ 35.224198608999984, 32.067801010000153 ], [ 35.224574500000131, 32.067235648000121 ], [ 35.225478741000074, 32.066594702000032 ], [ 35.225040979000084, 32.066048869000042 ], [ 35.224977039000123, 32.065577960000098 ], [ 35.225066512000126, 32.065238924000084 ], [ 35.225662482000075, 32.064786544000128 ], [ 35.227293787000121, 32.06420172900016 ], [ 35.228903885000136, 32.063598296000066 ], [ 35.230684936000159, 32.064030355 ], [ 35.230711749000136, 32.063239569000132 ], [ 35.232514505000097, 32.063784750000025 ], [ 35.232782615000076, 32.063257567000051 ], [ 35.231659430000093, 32.062621120000017 ], [ 35.232030604000101, 32.06197668599998 ], [ 35.234072026999968, 32.062841246000119 ], [ 35.233767, 32.063264731000061 ], [ 35.235138047000078, 32.064424025000108 ], [ 35.23627420400004, 32.062620042000106 ], [ 35.234235970000157, 32.061313627000118 ], [ 35.234328630000164, 32.060632739000084 ], [ 35.236800016000188, 32.06182888 ], [ 35.237955887000169, 32.060927818999971 ], [ 35.234532426000158, 32.059712708000063 ], [ 35.233377203000032, 32.059204229000045 ], [ 35.232600387000105, 32.058615781000185 ], [ 35.233413166999981, 32.05802735300017 ], [ 35.234018803000026, 32.057537310000043 ], [ 35.233605061000048, 32.054322262000142 ], [ 35.233837842000071, 32.054263745000185 ], [ 35.236428724, 32.055015587000184 ], [ 35.236990368000136, 32.054123382000171 ], [ 35.237464223000188, 32.053501740000115 ], [ 35.23799268900018, 32.05295166600007 ], [ 35.238506665999978, 32.053245213000082 ], [ 35.238960923000036, 32.052986126000064 ], [ 35.239213179000103, 32.052782039000135 ], [ 35.23940112300005, 32.052751561000093 ], [ 35.239545727000063, 32.052758153000127 ], [ 35.239719303000072, 32.052814479000176 ], [ 35.239416967000068, 32.053180061000035 ], [ 35.239005530000043, 32.053333881000128 ], [ 35.238774751000051, 32.053426084000023 ], [ 35.238480725000102, 32.05393975800007 ], [ 35.23815200100006, 32.054638454000155 ], [ 35.239126188000114, 32.054599640000163 ], [ 35.239609564000148, 32.054871913000056 ], [ 35.23996672700008, 32.055235240000172 ], [ 35.240020581000124, 32.05550689800009 ], [ 35.240481541000065, 32.05549749700009 ], [ 35.242068212000163, 32.056849999000121 ], [ 35.24291302000006, 32.057271817000185 ], [ 35.243955891000098, 32.05768301400019 ], [ 35.244997295000132, 32.057674998000039 ], [ 35.245459115000131, 32.057732789000113 ], [ 35.245538949000036, 32.057959632000177 ], [ 35.245276145000105, 32.058264628000188 ], [ 35.245028970000192, 32.058336134000058 ], [ 35.243996655000103, 32.058332453 ], [ 35.243617421000181, 32.058348330000172 ], [ 35.243225110000139, 32.05882850100005 ], [ 35.243685803000176, 32.058960841000157 ], [ 35.24440939200008, 32.05902463200016 ], [ 35.245006388000093, 32.059039978000044 ], [ 35.245400644000028, 32.058924048000051 ], [ 35.245561898000062, 32.058728989000144 ], [ 35.245804406000047, 32.058564625000031 ], [ 35.246021591000158, 32.058382512000151 ], [ 35.24631489799998, 32.058235466000099 ], [ 35.246845680000035, 32.057747072000154 ], [ 35.247108486000116, 32.057456585000182 ], [ 35.247537813000179, 32.057349236000107 ], [ 35.248240376000126, 32.056982392000123 ], [ 35.249081544000092, 32.056917472000066 ], [ 35.249877263000144, 32.056983747000174 ], [ 35.250351669000111, 32.057062794000046 ], [ 35.250625905000106, 32.055655877000049 ], [ 35.251406479000025, 32.055537416000107 ], [ 35.252386646000048, 32.055537249 ], [ 35.25338226100007, 32.05568136100004 ], [ 35.253979626000046, 32.055825735999974 ], [ 35.254776325000137, 32.055877748000057 ], [ 35.255435218, 32.055969256000139 ], [ 35.255006660999982, 32.057338189000177 ], [ 35.254439658000081, 32.057035991000021 ], [ 35.254118106000135, 32.057259861000091 ], [ 35.253766318000146, 32.057943948000116 ], [ 35.254593731000114, 32.058535490000054 ], [ 35.254716423000161, 32.058719617000065 ], [ 35.255038029000104, 32.058601145000068 ], [ 35.25566333800009, 32.059014781000144 ], [ 35.256087007000019, 32.058846531000086 ], [ 35.257114186000024, 32.058817707 ], [ 35.259054928000182, 32.0588853430001 ], [ 35.259022867000112, 32.059935266000025 ], [ 35.259137138000085, 32.060131087000173 ], [ 35.259773417000076, 32.060256258000095 ], [ 35.260034267000151, 32.060087915000111 ], [ 35.260311604000094, 32.059807400000125 ], [ 35.260621414000127, 32.059610996 ], [ 35.260817299000109, 32.059568647000162 ], [ 35.261584343000152, 32.059791269000129 ], [ 35.26125768300011, 32.05879784800004 ], [ 35.262971617000176, 32.058038237000176 ], [ 35.263298105, 32.058093624000037 ], [ 35.263722629000142, 32.058008623000035 ], [ 35.26401651700013, 32.057769946000121 ], [ 35.265371818000062, 32.056646200000046 ], [ 35.265584162000039, 32.057892308000078 ], [ 35.26660001900018, 32.058050819000186 ], [ 35.267403878000152, 32.058131491999973 ], [ 35.268368609000163, 32.057743007000113 ], [ 35.268416677000062, 32.057343086000117 ], [ 35.268593645000124, 32.057218585000044 ], [ 35.269140295000057, 32.057175784000151 ], [ 35.269429842000136, 32.057161283000084 ], [ 35.269510253000078, 32.057422912000163 ], [ 35.269783814999982, 32.058304454999984 ], [ 35.270796886000085, 32.057708931000093 ], [ 35.270925498000054, 32.057529356000089 ], [ 35.271971132000033, 32.058174369000085 ], [ 35.270524005000141, 32.059212131000152 ], [ 35.26972020900007, 32.059779376999984 ], [ 35.269462763999968, 32.059807534000129 ], [ 35.268948010000031, 32.059547085000133 ], [ 35.268289018000019, 32.060168927000063 ], [ 35.268707309000092, 32.060429704000057 ], [ 35.26936680600005, 32.060620903000029 ], [ 35.269737002000113, 32.060964271000159 ], [ 35.271876522000071, 32.061027251000041 ], [ 35.27344381000006, 32.062251986000035 ], [ 35.273870592000037, 32.062062116000163 ], [ 35.274118929000053, 32.062509381000098 ], [ 35.274628582000048, 32.062519696000152 ], [ 35.275180466000052, 32.063307948000045 ], [ 35.275937651000049, 32.063058302000172 ], [ 35.275977963, 32.06225637100016 ], [ 35.275851326000122, 32.059792222000112 ], [ 35.277050134000035, 32.058649971000193 ], [ 35.277906430000144, 32.059156942000129 ], [ 35.279199211000105, 32.057597390000012 ], [ 35.279189809000059, 32.057409986000152 ], [ 35.278702452000118, 32.056613966000043 ], [ 35.278501885000139, 32.0563446540001 ], [ 35.27837278200019, 32.056050646000131 ], [ 35.278258179000034, 32.055670533000011 ], [ 35.278243773000099, 32.055425218999972 ], [ 35.278300799000192, 32.055118289000177 ], [ 35.278458158000149, 32.05467603500017 ], [ 35.278501063000078, 32.054516363000118 ], [ 35.27868715000011, 32.054221201000189 ], [ 35.278758666000158, 32.054049255000166 ], [ 35.27887315800001, 32.053815709000048 ], [ 35.278944664999983, 32.053631362000147 ], [ 35.279374071000177, 32.053482758000143 ], [ 35.279889486000116, 32.053297048000047 ], [ 35.281320963000155, 32.052835501000118 ], [ 35.281829795000135, 32.052709250000078 ], [ 35.28226576100019, 32.052708023000037 ], [ 35.282483827000078, 32.052495411000052 ], [ 35.283472245000155, 32.050809307000179 ], [ 35.283661315000188, 32.050546827000119 ], [ 35.284111864000067, 32.050383398000179 ], [ 35.2848531140001, 32.050231500000052 ], [ 35.28463540700011, 32.049209471000154 ], [ 35.285857511000188, 32.048129824000057 ], [ 35.286710522000135, 32.047502844000064 ], [ 35.287199774000101, 32.047146054 ], [ 35.288290885000038, 32.04677678600018 ], [ 35.288742399000114, 32.04680765500018 ], [ 35.289281360000018, 32.047150583000132 ], [ 35.290071407000141, 32.046836012000142 ], [ 35.290811341000051, 32.046736779000184 ], [ 35.291413175000116, 32.046691876000125 ], [ 35.292328653000027, 32.046613657000137 ], [ 35.293410272000074, 32.046579152 ], [ 35.29436229200013, 32.048512231000188 ], [ 35.295183122000026, 32.050231207000138 ], [ 35.295788727000115, 32.051217312000063 ], [ 35.295370664000075, 32.053255413000045 ], [ 35.295591887000171, 32.053633325000078 ], [ 35.29610321600012, 32.054081359000179 ], [ 35.298092030000191, 32.054322813000056 ], [ 35.299223913000162, 32.053809836000028 ], [ 35.299831204000043, 32.053369780000025 ], [ 35.300411084000075, 32.053166328000032 ], [ 35.301202465000074, 32.053021624000166 ], [ 35.302261502000192, 32.052827971000056 ], [ 35.306837693000034, 32.051833903000045 ], [ 35.308828260000155, 32.051401783000131 ], [ 35.309970620000172, 32.05118475200004 ], [ 35.311221209000166, 32.050689188999968 ], [ 35.314931426000101, 32.049109322000106 ], [ 35.316045014000053, 32.048652854000181 ], [ 35.329117318000044, 32.04338203400016 ], [ 35.329311937000057, 32.043047338000179 ], [ 35.33168119600009, 32.041581925000173 ], [ 35.333487081000044, 32.040481398000168 ], [ 35.336941940000145, 32.040507635000097 ], [ 35.338462482000182, 32.040446242000087 ], [ 35.341281709000157, 32.040314892000026 ], [ 35.342103331000089, 32.040855707000105 ], [ 35.34308238300008, 32.040766772000154 ], [ 35.342990467000106, 32.041160425000101 ], [ 35.342898472000059, 32.041846042000088 ], [ 35.342832997000073, 32.042452723999986 ], [ 35.343746465000152, 32.04253252 ], [ 35.34426850400007, 32.042600599000082 ], [ 35.344709312000134, 32.042782051000188 ], [ 35.345758820000128, 32.043122089000065 ], [ 35.346622498000158, 32.043424132000098 ], [ 35.347136449000175, 32.043499958000154 ], [ 35.347573762000025, 32.043547400000136 ], [ 35.348033075999979, 32.043481949000181 ], [ 35.348557974000073, 32.043463489000032 ], [ 35.349137601000166, 32.043426369000031 ], [ 35.349651729000072, 32.043398475000174 ], [ 35.350744731000077, 32.043382350000172 ], [ 35.353179450000027, 32.042964827 ], [ 35.354956779000076, 32.042373837000127 ], [ 35.356448156000113, 32.041953649 ], [ 35.35799582500016, 32.04177912300014 ], [ 35.35832641899998, 32.041714347000095 ], [ 35.359161446000087, 32.04177270200006 ], [ 35.360136911000041, 32.042542059000027 ], [ 35.360685173000093, 32.04378197900013 ], [ 35.361256640000079, 32.043714657000066 ], [ 35.361608541000123, 32.043523453000034 ], [ 35.361958359000141, 32.043373818000191 ], [ 35.36234506500017, 32.043427327000074 ], [ 35.362819080000179, 32.043555977000096 ], [ 35.363342894000027, 32.04368471000015 ], [ 35.36379203000007, 32.043673745000035 ], [ 35.364353510000171, 32.043770158000143 ], [ 35.364777629000173, 32.043834325000034 ], [ 35.365176969000174, 32.043823276000069 ], [ 35.365676092000172, 32.043726431000152 ], [ 35.366162859000042, 32.043661727000142 ], [ 35.367023895000045, 32.043532311000092 ], [ 35.367810189000068, 32.043327733000183 ], [ 35.368172029000164, 32.043445651000184 ], [ 35.368596218000164, 32.043649305000145 ], [ 35.369057817000112, 32.043767099000149 ], [ 35.369419808000089, 32.043680978 ], [ 35.369569636000051, 32.043648663000113 ], [ 35.369769443000166, 32.043433671000059 ], [ 35.370034827000097, 32.043160119000163 ], [ 35.37044864600017, 32.04300713900011 ], [ 35.3708861020001, 32.042844122000076 ], [ 35.371359203000111, 32.042630052000106 ], [ 35.371820110000101, 32.042731490000165 ], [ 35.372411082000156, 32.042853054000091 ], [ 35.373014037000075, 32.042730402000075 ], [ 35.373948099000074, 32.042556742000102 ], [ 35.374397510000051, 32.042423994000103 ], [ 35.37507143300013, 32.04230138500003 ], [ 35.375473434000071, 32.042209417000038 ], [ 35.375591777000182, 32.042056660000071 ], [ 35.375473833000171, 32.041782041000033 ], [ 35.375344037000104, 32.041446422000035 ], [ 35.375238077000063, 32.041120777 ], [ 35.375165105000065, 32.040643469000145 ], [ 35.375041790000068, 32.040323625000156 ], [ 35.374945958000126, 32.040015581000034 ], [ 35.374864044000105, 32.039719213000069 ], [ 35.374864695000042, 32.039339744000188 ], [ 35.375016671000026, 32.039031240000043 ], [ 35.375141209, 32.038734606000048 ], [ 35.375375813000062, 32.038378509000154 ], [ 35.375527951000038, 32.038069722000103 ], [ 35.376036550000094, 32.03811697499998 ], [ 35.376517507000187, 32.038247258000013 ], [ 35.377576094000119, 32.03844822700006 ], [ 35.378648351000095, 32.038613658000145 ], [ 35.379652124000131, 32.03877903200015 ], [ 35.380600536000088, 32.039062833000116 ], [ 35.381672903000094, 32.039370276000056 ], [ 35.382154010000193, 32.039394994000133 ], [ 35.382777506000082, 32.039307357000098 ], [ 35.383350467000128, 32.039176243000043 ], [ 35.383957311000074, 32.039030567999987 ], [ 35.384664981000185, 32.038928435000173 ], [ 35.385659331000056, 32.038738824 ], [ 35.386586074000093, 32.038578464000068 ], [ 35.387108514000147, 32.038505458000088 ], [ 35.38763087000018, 32.038388908 ], [ 35.388220721000039, 32.038272263000067 ], [ 35.388793528000122, 32.038155639000024 ], [ 35.389299120000032, 32.03809716100011 ], [ 35.389939391000155, 32.037966064000045 ], [ 35.390967247000106, 32.037747477000153 ], [ 35.391860170000029, 32.037645184000155 ], [ 35.392382681000186, 32.037528614000053 ], [ 35.392938637000157, 32.037426650000157 ], [ 35.393443706000141, 32.037358856000083 ], [ 35.393914626000026, 32.037254894000171 ], [ 35.394385613000168, 32.037185455000042 ], [ 35.395277352000107, 32.037072570000191 ], [ 35.396108952000191, 32.036916508000047 ], [ 35.396980615000132, 32.036777852000114 ], [ 35.397411550000129, 32.036699865000173 ], [ 35.397992649000173, 32.036604465000096 ], [ 35.398343207000039, 32.036699203000126 ], [ 35.398823925000045, 32.036862937000137 ], [ 35.399354713000093, 32.037000669000179 ], [ 35.399595044000137, 32.037392041000032 ], [ 35.399806247000129, 32.037695104000193 ], [ 35.400158335000128, 32.037888756000029 ], [ 35.400524725000082, 32.03811888000007 ], [ 35.400919303000194, 32.038300348000178 ], [ 35.401567312999987, 32.038239213000168 ], [ 35.40210265800016, 32.038093136000043 ], [ 35.402454787000067, 32.037983823000161 ], [ 35.402637936000019, 32.037995667000075 ], [ 35.402919892000114, 32.038189416000023 ], [ 35.403328524000131, 32.03828588600004 ], [ 35.403694766000058, 32.038043253000126 ], [ 35.40408915200004, 32.037970089000112 ], [ 35.404525961000047, 32.038090889000159 ], [ 35.404850229000033, 32.038345018000143 ], [ 35.405343486000049, 32.038562535000096 ], [ 35.405625218000125, 32.038489538000192 ], [ 35.406118645000163, 32.038707051000131 ], [ 35.406541461000188, 32.038779112000157 ], [ 35.407203764000144, 32.038826851000124 ], [ 35.407682743000066, 32.038705212000082 ], [ 35.40816179900014, 32.03861992700007 ], [ 35.408570191000138, 32.038522490000048 ], [ 35.409147876000077, 32.03837659800007 ], [ 35.409358797000039, 32.038146308000194 ], [ 35.409645501000114, 32.038234493000118 ], [ 35.410227740999972, 32.038207516000114 ], [ 35.410666941000102, 32.03820682900016 ], [ 35.411157335000155, 32.038241428000106 ], [ 35.411627129000124, 32.038082873000178 ], [ 35.412198842000123, 32.037932888000114 ], [ 35.413189320000185, 32.037668386000121 ], [ 35.413791746000072, 32.037571048000018 ], [ 35.414230976, 32.037509051000143 ], [ 35.414629209, 32.037385545000063 ], [ 35.41488388800002, 32.037051888000065 ], [ 35.414985925000053, 32.036964078999972 ], [ 35.415302253000107, 32.036831964000157 ], [ 35.415761765000127, 32.036743581000053 ], [ 35.4159249490001, 32.036629325000035 ], [ 35.41601917800017, 32.036452048000172 ], [ 35.416192208000098, 32.036153607000074 ], [ 35.41645203000013, 32.035830084000054 ], [ 35.416750500000092, 32.035556241000052 ], [ 35.417058602000054, 32.035299006000173 ], [ 35.41746326800012, 32.035024989000135 ], [ 35.417771511000126, 32.03475944000013 ], [ 35.41815678100005, 32.034468824000044 ], [ 35.418648572000109, 32.034542986000133 ], [ 35.41920799900015, 32.034608584000068 ], [ 35.419700118000094, 32.034682319000012 ], [ 35.420182646000058, 32.034755928000152 ], [ 35.421100414000136, 32.034985088000099 ], [ 35.421535742000117, 32.035107241 ], [ 35.422006987000088, 32.035309371000039 ], [ 35.422298373000046, 32.034911384000054 ], [ 35.422409188000074, 32.034759019000148 ], [ 35.422539617000098, 32.034648892000178 ], [ 35.422888465000028, 32.034640141000068 ], [ 35.423188913, 32.034589338000046 ], [ 35.423340049000103, 32.034420418000138 ], [ 35.423466003000044, 32.034235475000173 ], [ 35.423572933000173, 32.034049860000039 ], [ 35.423769256000185, 32.033965410000121 ], [ 35.423966041000028, 32.033940001000076 ], [ 35.424103864000131, 32.033880728000042 ], [ 35.424291056000186, 32.033710762 ], [ 35.424389924000025, 32.033617174000085 ], [ 35.424469106000174, 32.033523477000074 ], [ 35.424843985000166, 32.033471841000051 ], [ 35.424982826000189, 32.033352257000104 ], [ 35.424993025000049, 32.033256704000109 ], [ 35.425130916, 32.033157552999967 ], [ 35.42532102600012, 32.033176960999981 ], [ 35.425480082000149, 32.033288857 ], [ 35.425928560000102, 32.03337377600019 ], [ 35.426050322000094, 32.033380192000038 ], [ 35.426408653000124, 32.033326887000158 ], [ 35.426561239000137, 32.033287174000122 ], [ 35.426645747000066, 32.033207840000159 ], [ 35.426798857000108, 32.03310866400011 ], [ 35.426973745000168, 32.033056936000094 ], [ 35.426918183, 32.03341846100011 ], [ 35.426898765000033, 32.034312561000149 ], [ 35.426838801000031, 32.035198557000115 ], [ 35.426828755000088, 32.036138437000091 ], [ 35.426833928000065, 32.037008400000047 ], [ 35.426743982000062, 32.03837409800002 ], [ 35.426712744000156, 32.039236374000154 ], [ 35.426702769000144, 32.040137783000034 ], [ 35.42664536400008, 32.041059846000053 ], [ 35.42658918900014, 32.041940902000135 ], [ 35.426509000000181, 32.042883577000055 ], [ 35.426525993999974, 32.043785223000043 ], [ 35.425464452000085, 32.044093633000159 ], [ 35.424572474000172, 32.044402027999979 ], [ 35.423536255000158, 32.04479252800013 ], [ 35.422525078000092, 32.045142256000133 ], [ 35.422067557000162, 32.045467105000114 ], [ 35.420641237000098, 32.046015338000075 ], [ 35.420157425000184, 32.049275493000096 ], [ 35.419919303000029, 32.049401150999984 ], [ 35.419655029000182, 32.04959491000011 ], [ 35.419482954000046, 32.049663532000125 ], [ 35.41911269000019, 32.049812374000169 ], [ 35.418874809000101, 32.049971989000142 ], [ 35.418451728000036, 32.05017756 ], [ 35.418094799000073, 32.050371465000183 ], [ 35.417751103000057, 32.050565209000013 ], [ 35.417433940000024, 32.050713678000136 ], [ 35.417050460000041, 32.050873667000133 ], [ 35.416733320000105, 32.051033265000058 ], [ 35.416508880000038, 32.05121525800007 ], [ 35.415992647000053, 32.051273579000053 ], [ 35.41548971300017, 32.051286646000108 ], [ 35.41507989500019, 32.05143525799997 ], [ 35.414514680000025, 32.051567488000103 ], [ 35.414260483000078, 32.051611857000125 ], [ 35.413828454000111, 32.051667501000111 ], [ 35.413371037, 32.051690632000145 ], [ 35.412887763000185, 32.051616013000114 ], [ 35.412150124000163, 32.051509384000099 ], [ 35.411361839000051, 32.051391839000019 ], [ 35.410916359000112, 32.051197239000089 ], [ 35.410598629000106, 32.051165468000079 ], [ 35.410217416000137, 32.051155638000125 ], [ 35.409912615000053, 32.051210787000173 ], [ 35.409595164000166, 32.051309355000171 ], [ 35.409125009000036, 32.051332348000187 ], [ 35.408578701000124, 32.051333619000047 ], [ 35.408209875000182, 32.051236682000081 ], [ 35.40773893000005, 32.050965737000126 ], [ 35.407649548000109, 32.050791995000168 ], [ 35.407396415000051, 32.050715027000024 ], [ 35.406758792000119, 32.050875940000083 ], [ 35.406121164000126, 32.051036705000172 ], [ 35.405483679000042, 32.051265669000088 ], [ 35.404925600000126, 32.051335142000084 ], [ 35.404262636000169, 32.051566536 ], [ 35.404051571000025, 32.051748063000048 ], [ 35.403859862000047, 32.051929561000122 ], [ 35.403601238000135, 32.052234598000041 ], [ 35.403707504000067, 32.052415363000193 ], [ 35.403746974000114, 32.05277744 ], [ 35.403632704000074, 32.053123401000164 ], [ 35.403431639000075, 32.053420036000091 ], [ 35.403221172000144, 32.053733311000144 ], [ 35.4028180090001, 32.053915127000096 ], [ 35.40260669700001, 32.053981391000093 ], [ 35.402429633000111, 32.054127637000079 ], [ 35.40181834200007, 32.054637515000024 ], [ 35.401021634000074, 32.05525926700011 ], [ 35.400076433000095, 32.05592886200003 ], [ 35.39929744900013, 32.056248326000173 ], [ 35.398629359000097, 32.056424602000163 ], [ 35.398202635000132, 32.056584456000053 ], [ 35.397776268000143, 32.056839702000048 ], [ 35.397498674000076, 32.057189843000174 ], [ 35.397054061000119, 32.057588139000075 ], [ 35.396535411000059, 32.058034305000035 ], [ 35.396369132000075, 32.058368358000052 ], [ 35.395943750000185, 32.058957270000121 ], [ 35.395862045000115, 32.059304726000107 ], [ 35.395838155000092, 32.059522466000146 ], [ 35.395798182000078, 32.059887476000142 ], [ 35.395675538000035, 32.06003518700004 ], [ 35.395495475000132, 32.060182834999978 ], [ 35.394880394000154, 32.060240371000134 ], [ 35.393682612000191, 32.060249700000099 ], [ 35.393264417000125, 32.060299759000088 ], [ 35.39303328699998, 32.060480311000106 ], [ 35.392848878000109, 32.060775212000067 ], [ 35.392625089000148, 32.06123996600013 ], [ 35.392374691000043, 32.061636980000117 ], [ 35.392242316000193, 32.061637168000175 ], [ 35.391951018000043, 32.061683094000045 ], [ 35.391633819000049, 32.061853622000115 ], [ 35.391462751000063, 32.062205149000192 ], [ 35.391397601, 32.062567657000159 ], [ 35.391411943000151, 32.062964013000055 ], [ 35.391360483000142, 32.063473751000174 ], [ 35.391282339000099, 32.063960839000117 ], [ 35.391243033000194, 32.064085461000161 ], [ 35.390991584000062, 32.06412005500016 ], [ 35.390601728000149, 32.064032819000033 ], [ 35.39009380900012, 32.064414690000092 ], [ 35.389946757000075, 32.0648683390001 ], [ 35.389842130000034, 32.065358286000048 ], [ 35.389665056000126, 32.065863548999971 ], [ 35.3893374270001, 32.066298709000137 ], [ 35.389009774000044, 32.066721187000098 ], [ 35.38833692500009, 32.06670972500018 ], [ 35.387843691000114, 32.066736338000169 ], [ 35.38742583100003, 32.066979982000078 ], [ 35.387113081000052, 32.067415118000042 ], [ 35.386785291000137, 32.067773617000114 ], [ 35.386487477000173, 32.068234234000101 ], [ 35.386099608000166, 32.06850348 ], [ 35.38540582000013, 32.068890941000177 ], [ 35.384941648000108, 32.071969860000138 ], [ 35.383898108000096, 32.07587020700015 ], [ 35.383303015000138, 32.078811062000057 ], [ 35.383279996999988, 32.079158995000171 ], [ 35.382854598000051, 32.079834236000124 ], [ 35.382481616000121, 32.081113056000106 ], [ 35.381957920000104, 32.082072497000183 ], [ 35.381283583000027, 32.082840362000184 ], [ 35.380837472000167, 32.085141986 ], [ 35.380314674000033, 32.086612631000094 ], [ 35.380167830000175, 32.088402498000164 ], [ 35.379944200000125, 32.089297559000045 ], [ 35.380321818000141, 32.090511402 ], [ 35.380400079000083, 32.09230097000011 ], [ 35.380552551000108, 32.093579081000087 ], [ 35.380854741000064, 32.094537416000094 ], [ 35.380954657000188, 32.095044128000097 ], [ 35.380973539000138, 32.095140482000033 ], [ 35.38142481400007, 32.095255144000134 ], [ 35.382428713000081, 32.095508983000059 ], [ 35.383372922000149, 32.095793469000171 ], [ 35.38438878900007, 32.096067707000145 ], [ 35.384962451000149, 32.096209805000171 ], [ 35.385368812000081, 32.096379186000036 ], [ 35.385678398000096, 32.096839812000155 ], [ 35.386042376000034, 32.096914698000148 ], [ 35.386384410000119, 32.097027236000031 ], [ 35.386946695000177, 32.09710184700009 ], [ 35.387409845000093, 32.097186033000128 ], [ 35.388468684000088, 32.097410719000038 ], [ 35.389571395000075, 32.097550508000154 ], [ 35.390508852000096, 32.097747027000139 ], [ 35.390612054000144, 32.098126063000052 ], [ 35.390767203000109, 32.098828553000089 ], [ 35.390851825000141, 32.099185775000024 ], [ 35.3910064640001, 32.099626173000047 ], [ 35.391077253000162, 32.100019207000059 ], [ 35.391190065000103, 32.100400201000127 ], [ 35.391274736000071, 32.100781236000103 ], [ 35.391415242000164, 32.101102728000058 ], [ 35.391486082000142, 32.101436159000059 ], [ 35.391604363000056, 32.101819117000105 ], [ 35.391738161000148, 32.102177679000135 ], [ 35.39179440900017, 32.102498587000184 ], [ 35.391939299000057, 32.102857131000178 ], [ 35.391996013000153, 32.103329232000078 ], [ 35.392427471000133, 32.103356940000083 ], [ 35.392881169000191, 32.103498045000094 ], [ 35.393378879000181, 32.103544680000141 ], [ 35.394076246000054, 32.103760961000035 ], [ 35.394493112000077, 32.10385927700014 ], [ 35.395055720000073, 32.103989509000087 ], [ 35.395556726000166, 32.104023730000165 ], [ 35.396047910000107, 32.104197742000167 ], [ 35.396498244000099, 32.104389145000141 ], [ 35.396959041000116, 32.10459800100017 ], [ 35.397378734000085, 32.104780709000181 ], [ 35.398381702000108, 32.105154756000161 ], [ 35.398791357000164, 32.105363682000188 ], [ 35.39919105600012, 32.105642372000148 ], [ 35.399600424000084, 32.10579014200016 ], [ 35.399930170000175, 32.10602144700016 ], [ 35.400197552000066, 32.106275809000067 ], [ 35.400097665000089, 32.105841963000046 ], [ 35.400039054000104, 32.105595602000051 ], [ 35.400095803000113, 32.105336672000078 ], [ 35.400310714000057, 32.104867976000037 ], [ 35.400468115000024, 32.104448682000168 ], [ 35.400625321000064, 32.104017131999967 ], [ 35.400754017000054, 32.103647200000125 ], [ 35.400925839000024, 32.103240284000037 ], [ 35.401054139000166, 32.102759457000104 ], [ 35.401065819000053, 32.102321357999983 ], [ 35.401044060000117, 32.101804260000051 ], [ 35.401042517000121, 32.101295727000149 ], [ 35.401051266000024, 32.100882010000134 ], [ 35.400918434000062, 32.100365078000152 ], [ 35.401399723000168, 32.100080430000048 ], [ 35.401822984000091, 32.099752045000116 ], [ 35.402977429000146, 32.09975017000005 ], [ 35.403346566000039, 32.09935028000001 ], [ 35.403543701000103, 32.099103817000127 ], [ 35.40374159300012, 32.098903570000175 ], [ 35.403926788000092, 32.098726732000102 ], [ 35.404125578000048, 32.098561147 ], [ 35.404310959000156, 32.098395864000111 ], [ 35.404509916000052, 32.098230275000162 ], [ 35.404764088000093, 32.098109838000084 ], [ 35.405005396000149, 32.098012947000143 ], [ 35.405287282000018, 32.09792670600018 ], [ 35.405543087000183, 32.097875728000076 ], [ 35.405840157000057, 32.097847093000098 ], [ 35.406137634000061, 32.097853121000071 ], [ 35.406408811, 32.097871165000129 ], [ 35.406654127000081, 32.097947582000131 ], [ 35.406913917000054, 32.098058357000184 ], [ 35.407159781000189, 32.098157742000126 ], [ 35.40737920700019, 32.098280839000097 ], [ 35.407585419000043, 32.098415793000072 ], [ 35.407805394000036, 32.098561996000171 ], [ 35.408066277000046, 32.09871898800003 ], [ 35.40832626100007, 32.098841314000026 ], [ 35.408571581000103, 32.098917731000029 ], [ 35.408843502000138, 32.098970430000065 ], [ 35.409114544000147, 32.099000162000038 ], [ 35.409412521000036, 32.099006180000174 ], [ 35.409709427000109, 32.09897739500019 ], [ 35.40997935300004, 32.098949356000048 ], [ 35.41136271300013, 32.099096971000108 ], [ 35.411622867000119, 32.099219292000043 ], [ 35.411842136000075, 32.099342382000088 ], [ 35.412062311000057, 32.099500132000173 ], [ 35.412323565, 32.099668667000174 ], [ 35.412543001000074, 32.099791756000116 ], [ 35.412737289000177, 32.099996187000102 ], [ 35.412877427000183, 32.100190136000037 ], [ 35.41303116500012, 32.100395476000188 ], [ 35.413210954000192, 32.100553994000165 ], [ 35.41363880800003, 32.100904453999988 ], [ 35.413818433000074, 32.101062831000036 ], [ 35.414025564000099, 32.101232435000043 ], [ 35.41423162600006, 32.101367377000031 ], [ 35.414451237000037, 32.101490462000186 ], [ 35.41468518400012, 32.101659459000018 ], [ 35.415582567, 32.102329586000167 ], [ 35.415761433000057, 32.10251557700019 ], [ 35.41592785600011, 32.102688484000169 ], [ 35.416235351000012, 32.103098876000047 ], [ 35.416415698000151, 32.103280496000139 ], [ 35.416582282000036, 32.103450867000106 ], [ 35.416817858000172, 32.103677769000058 ], [ 35.416997851000076, 32.103847694000024 ], [ 35.417232168000169, 32.104028381000091 ], [ 35.417466295000111, 32.104197372000158 ], [ 35.417712184000095, 32.104296877000138 ], [ 35.417985223000073, 32.104395773000135 ], [ 35.418230565000101, 32.104472168000143 ], [ 35.418476978000172, 32.104583226000102 ], [ 35.418943426, 32.104852019000077 ], [ 35.419203633000166, 32.104985881000118 ], [ 35.42005624899997, 32.105595878000031 ], [ 35.42021006900012, 32.105753162000099 ], [ 35.42040400400009, 32.105934613000102 ], [ 35.420530450000058, 32.106140269000036 ], [ 35.420658303000039, 32.10638072900008 ], [ 35.420760133000158, 32.106679425999971 ], [ 35.42084800400005, 32.106955319000178 ], [ 35.420921919000193, 32.107208267000146 ], [ 35.420968327000139, 32.107450269000083 ], [ 35.42097524899998, 32.107727564000015 ], [ 35.420927324000047, 32.107982825000079 ], [ 35.420866016000105, 32.108249946000115 ], [ 35.420830923000153, 32.10847024200018 ], [ 35.420782448000125, 32.108702397000116 ], [ 35.420707895000078, 32.108969678000108 ], [ 35.420632271000045, 32.1092023 ], [ 35.420474429000137, 32.109390389000055 ], [ 35.420288860000142, 32.109544142000061 ], [ 35.420076527000049, 32.10972147200016 ], [ 35.419810938000012, 32.109922983000047 ], [ 35.419598221000115, 32.110077342000125 ], [ 35.419144697000036, 32.110340173000111 ], [ 35.418904826000187, 32.110494998000036 ], [ 35.418678529000033, 32.110649522000017 ], [ 35.418397522000134, 32.110770455000193 ], [ 35.418143717000191, 32.110913888000084 ], [ 35.417890598000099, 32.111068876000104 ], [ 35.417650339000033, 32.111200592000159 ], [ 35.417396149000183, 32.111320916000182 ], [ 35.417128383000033, 32.111441544 ], [ 35.416300589000116, 32.111957615000165 ], [ 35.415969663000055, 32.112191630999973 ], [ 35.415743027000133, 32.112346149000189 ], [ 35.41518192500007, 32.112634218000096 ], [ 35.414940753000053, 32.112731125000039 ], [ 35.41468672100018, 32.112851585000044 ], [ 35.414392700000064, 32.113007335000191 ], [ 35.414152433000027, 32.113139045000025 ], [ 35.413925380000137, 32.113258897000037 ], [ 35.413671179000175, 32.113379214000133 ], [ 35.413430744000038, 32.113510920000181 ], [ 35.413272690000156, 32.113687306000031 ], [ 35.413155934000088, 32.113897586000178 ], [ 35.413025932000153, 32.114108165000118 ], [ 35.412895956000057, 32.114330301000052 ], [ 35.41277900700004, 32.114529024000035 ], [ 35.412703166000085, 32.114750086000015 ], [ 35.412681846000112, 32.114993326000103 ], [ 35.412585013000182, 32.115457628000115 ], [ 35.412510811000061, 32.115748014000189 ], [ 35.412339339000084, 32.115924700000051 ], [ 35.41211282800009, 32.116067657000087 ], [ 35.411872383000173, 32.116199223000137 ], [ 35.411645133000036, 32.116307514000084 ], [ 35.41141845400017, 32.116450611000118 ], [ 35.411233237000033, 32.116627459000028 ], [ 35.41102139000003, 32.116816326000105 ], [ 35.410741476000112, 32.116995014000167 ], [ 35.410514053000043, 32.117103305000114 ], [ 35.410301278000134, 32.117246094000166 ], [ 35.410143591000121, 32.117445584000109 ], [ 35.410135648000107, 32.117676967000193 ], [ 35.410181840000178, 32.117907276000153 ], [ 35.410228392000135, 32.118149281000171 ], [ 35.410262295000166, 32.118437665000044 ], [ 35.410308300000167, 32.118656422000129 ], [ 35.410327699000106, 32.118898895000029 ], [ 35.410306534000028, 32.11914213200015 ], [ 35.4102862740001, 32.119420034000086 ], [ 35.410265298000184, 32.119674684000188 ], [ 35.410230915000056, 32.119929781000053 ], [ 35.41015561100005, 32.120173950000094 ], [ 35.410053509000136, 32.120430136000152 ], [ 35.409937448000051, 32.120663661000037 ], [ 35.409902872000032, 32.120907059999979 ], [ 35.40986777300003, 32.121138907999978 ], [ 35.40994131399998, 32.121380448000082 ], [ 35.410041103000026, 32.121586581000031 ], [ 35.410154662000082, 32.121804245000078 ], [ 35.410160127999973, 32.12203532400008 ], [ 35.410194197000067, 32.122323708000181 ], [ 35.410213050000095, 32.122543071000109 ], [ 35.410178662000078, 32.122798025000066 ], [ 35.410108251000054, 32.123238751000088 ], [ 35.410074056000155, 32.123505262000037 ], [ 35.410025189000123, 32.123725857000068 ], [ 35.410037547000059, 32.124234371000057 ], [ 35.410057112000175, 32.124476840000113 ], [ 35.410062743000026, 32.124707920000048 ], [ 35.410054989000059, 32.124950995 ], [ 35.410019890000115, 32.125182842000129 ], [ 35.410012301000108, 32.125425779000068 ], [ 35.410031866000054, 32.125668248000125 ], [ 35.410050594000154, 32.126442504000067 ], [ 35.41008449900005, 32.126730886000132 ], [ 35.410104445000115, 32.126996465000161 ], [ 35.41011024300002, 32.127227683000115 ], [ 35.410102298000027, 32.127459065000039 ], [ 35.410108667000088, 32.127724805000184 ], [ 35.410128258000043, 32.127978831000064 ], [ 35.410162688000185, 32.128278768000143 ], [ 35.410196019000011, 32.128532488000133 ], [ 35.410214874000076, 32.128751852000164 ], [ 35.410236108000049, 32.129075198000123 ], [ 35.410255865000181, 32.129329224000173 ], [ 35.410274720000075, 32.129548587000102 ], [ 35.410323273000074, 32.129871328000092 ], [ 35.410383434000153, 32.130124583000168 ], [ 35.410429277000162, 32.130343482000058 ], [ 35.410475645000076, 32.130573790000142 ], [ 35.410550670000134, 32.130884514000059 ], [ 35.410623656000155, 32.131784229000175 ], [ 35.411244108000176, 32.132686892000152 ], [ 35.411331073000156, 32.13292798700013 ], [ 35.411406814000088, 32.133261957000059 ], [ 35.411440700000071, 32.133538788000124 ], [ 35.412112704000094, 32.134150389000183 ], [ 35.412103823000166, 32.134330340000076 ], [ 35.412058869000134, 32.134674929000084 ], [ 35.411821279000037, 32.135074352000174 ], [ 35.411656785000105, 32.135277941000027 ], [ 35.411538386000188, 32.135661675000165 ], [ 35.411529686000165, 32.135849517000111 ], [ 35.411585514000137, 32.136162664000153 ], [ 35.411733220000144, 32.136538230000156 ], [ 35.411733527000081, 32.136679136000055 ], [ 35.411688626000171, 32.136972999000136 ], [ 35.411579399000118, 32.137309654000035 ], [ 35.411544193, 32.13787333700003 ], [ 35.411654765000094, 32.138076774000069 ], [ 35.411729042000104, 32.13842117300004 ], [ 35.41154663400016, 32.138765695000131 ], [ 35.412107405000086, 32.139234875000056 ], [ 35.413163063000013, 32.139422158 ], [ 35.412403920000031, 32.140330801000175 ], [ 35.412437075000184, 32.140573108000012 ], [ 35.412498508, 32.140872438000088 ], [ 35.412545457000078, 32.141137549000121 ], [ 35.412605797000083, 32.141390803000093 ], [ 35.412679196000056, 32.141632200000117 ], [ 35.412766529000066, 32.141884989000118 ], [ 35.41284045000009, 32.142137942000033 ], [ 35.412900077000131, 32.142368088000069 ], [ 35.413209194000046, 32.143161464000173 ], [ 35.412614041999973, 32.143568641000172 ], [ 35.41306271000019, 32.14516299100012 ], [ 35.41328406700012, 32.145355402000121 ], [ 35.412909394999986, 32.146090824000055 ], [ 35.412903099000175, 32.146391528000038 ], [ 35.412917285000105, 32.146969362999982 ], [ 35.412963881000053, 32.147222920000104 ], [ 35.412996684, 32.147453531999986 ], [ 35.413058124000145, 32.147753003000162 ], [ 35.413092951000067, 32.148076044000163 ], [ 35.413100237000151, 32.148376586000154 ], [ 35.413087096000027, 32.148954889000152 ], [ 35.413107414000137, 32.149232019000181 ], [ 35.413127158000179, 32.149474487000134 ], [ 35.413146597000093, 32.149728512000138 ], [ 35.413152951000086, 32.149982696 ], [ 35.413171652000131, 32.150202058000048 ], [ 35.413191612000162, 32.150467634000165 ], [ 35.413224061000108, 32.150686693000068 ], [ 35.413270637000039, 32.150928554000131 ], [ 35.413318142000151, 32.151216773000044 ], [ 35.413366361000158, 32.151527959000077 ], [ 35.413385229000141, 32.151747319000094 ], [ 35.413406286000168, 32.152059111000142 ], [ 35.413426795000191, 32.152347796000129 ], [ 35.413432629000113, 32.152590429000043 ], [ 35.413465434000102, 32.152821180000046 ], [ 35.413485014000116, 32.153063509000106 ], [ 35.413491947000068, 32.153352496000139 ], [ 35.413511005000032, 32.153583413000149 ], [ 35.413503970000079, 32.15384945400001 ], [ 35.413536254000064, 32.154068512000038 ], [ 35.413583380999967, 32.154333482000084 ], [ 35.413617473000158, 32.154622003999975 ], [ 35.413663694000149, 32.154852311000127 ], [ 35.413710655000045, 32.155117421000057 ], [ 35.413756879000118, 32.15534773100012 ], [ 35.413884427000028, 32.155576640000106 ], [ 35.413998608000156, 32.155828822000046 ], [ 35.414140477000103, 32.156092090000129 ], [ 35.414187798000171, 32.156368755000187 ], [ 35.414113188000044, 32.156636031000119 ], [ 35.414064673000041, 32.156868181000107 ], [ 35.414070508000066, 32.157110953000142 ], [ 35.414264375000187, 32.15729227200012 ], [ 35.414485764000119, 32.15748467800006 ], [ 35.41470589000005, 32.157630868000069 ], [ 35.414951563000045, 32.157718823000152 ], [ 35.415224758000193, 32.157817725000029 ], [ 35.415579116000174, 32.157915224000192 ], [ 35.415824600000064, 32.157991482000057 ], [ 35.416070441000045, 32.158079434000058 ], [ 35.416316474000098, 32.158178940000141 ], [ 35.416772323000032, 32.158551887000158 ], [ 35.416966557000137, 32.158744897000133 ], [ 35.417214787000091, 32.158936691000065 ], [ 35.417381473000034, 32.159107057000085 ], [ 35.417521711000063, 32.159300999000152 ], [ 35.417716330000076, 32.159516973999985 ], [ 35.41785805000012, 32.159780378000107 ], [ 35.417973132000043, 32.160055663000094 ], [ 35.418060497000056, 32.160308447000034 ], [ 35.418174669999985, 32.160549069000069 ], [ 35.418275619000099, 32.160801549000155 ], [ 35.418350147000069, 32.161089159000142 ], [ 35.418383324000047, 32.161331323000127 ], [ 35.418498407000072, 32.161606747000178 ], [ 35.418653906000031, 32.161881261000133 ], [ 35.418767726000056, 32.162110329000086 ], [ 35.418974839000043, 32.162279924000188 ], [ 35.419207994000033, 32.162391139000022 ], [ 35.419466002000092, 32.162432566000177 ], [ 35.419980872000053, 32.162446093000142 ], [ 35.42025172100017, 32.162452552000047 ], [ 35.420563511000012, 32.162469935000161 ], [ 35.420889433000184, 32.162509979000106 ], [ 35.421147802000178, 32.162562955000055 ], [ 35.421474082000145, 32.162614692000147 ], [ 35.422071766000045, 32.162695991000021 ], [ 35.42237072000006, 32.162748193000084 ], [ 35.422642477000124, 32.162789448000069 ], [ 35.423652458000106, 32.162938534000148 ], [ 35.423852177000185, 32.162986390000185 ], [ 35.424629439000171, 32.163214623000158 ], [ 35.424942525000176, 32.163289762000034 ], [ 35.425201972000025, 32.163377392000029 ], [ 35.425461971000175, 32.163488129000029 ], [ 35.425762388000066, 32.163598091999972 ], [ 35.426063520000071, 32.16373116300008 ], [ 35.426337490000037, 32.163864700000033 ], [ 35.427294728000163, 32.16454337100015 ], [ 35.427737793000176, 32.164308851999976 ], [ 35.428022189000046, 32.165209038000057 ], [ 35.428027897000163, 32.165451671000142 ], [ 35.427967096000032, 32.165730344 ], [ 35.427877667000189, 32.165951719000134 ], [ 35.42774063000013, 32.166428355000107 ], [ 35.427624561000187, 32.166661752000152 ], [ 35.427616491000094, 32.166893134000134 ], [ 35.427629861000128, 32.167436305000024 ], [ 35.427649705000135, 32.167701879000163 ], [ 35.427709911000136, 32.167943569000101 ], [ 35.42776959400004, 32.168173569000089 ], [ 35.427830738000125, 32.168461476000061 ], [ 35.427877719000037, 32.168715026000086 ], [ 35.427910043, 32.168934078000063 ], [ 35.427997061000099, 32.169163749000177 ], [ 35.428150394000113, 32.169345818000011 ], [ 35.42853768599997, 32.169685445000141 ], [ 35.428744640000048, 32.169843329000059 ], [ 35.428992538000159, 32.170012131000192 ], [ 35.429198944000177, 32.170147048000047 ], [ 35.429691658000081, 32.170368972000119 ], [ 35.429951321000146, 32.170468146000189 ], [ 35.430238538000026, 32.170589958000107 ], [ 35.430525731000102, 32.170700213000089 ], [ 35.43077145400008, 32.170787996000172 ], [ 35.431071157000076, 32.170863286000156 ], [ 35.431370665000031, 32.170927160000133 ], [ 35.431710594000151, 32.170990119000123 ], [ 35.431995964000123, 32.171030909000081 ], [ 35.432281531000058, 32.171083394999982 ], [ 35.432539348000148, 32.171101684000178 ], [ 35.432839052000077, 32.171176969000101 ], [ 35.433071913000106, 32.171288160000131 ], [ 35.433331611000085, 32.171398882000062 ], [ 35.433552522000127, 32.171568145000151 ], [ 35.433719458000098, 32.171750045000067 ], [ 35.433872973000121, 32.171932107000032 ], [ 35.434040101000051, 32.172125560000154 ], [ 35.434207757000081, 32.172330567000188 ], [ 35.43426709900001, 32.172549146000051 ], [ 35.434300683000117, 32.172802858000068 ], [ 35.434292632000108, 32.173034241000096 ], [ 35.434230571, 32.173266562000094 ], [ 35.434141509000142, 32.173499495000044 ], [ 35.434066392000034, 32.173743816000126 ], [ 35.434031143000027, 32.173964114000057 ], [ 35.43394282700018, 32.174231709000082 ], [ 35.433868813000117, 32.174522104000062 ], [ 35.433794440000099, 32.174800947000108 ], [ 35.433719318999977, 32.175045268000133 ], [ 35.433644227000173, 32.175301001000093 ], [ 35.433543787000019, 32.175626671000032 ], [ 35.433467949000146, 32.175847744000123 ], [ 35.433378883000103, 32.176080676000026 ], [ 35.433120678000137, 32.176594165000154 ], [ 35.43296346700015, 32.176805236000121 ], [ 35.432792501000051, 32.177016609000134 ], [ 35.432580754000014, 32.177217205000034 ], [ 35.432355395000116, 32.17740641100005 ], [ 35.432115923000026, 32.177584371000023 ], [ 35.431862479000188, 32.17773938400012 ], [ 35.431555220000064, 32.177907032000178 ], [ 35.43132842000017, 32.178050020000057 ], [ 35.431061554000109, 32.178205339000044 ], [ 35.430767519000028, 32.178361267000184 ], [ 35.430526938000071, 32.178492867000045 ], [ 35.430299940000168, 32.178624299000091 ], [ 35.430059165000046, 32.178744485000095 ], [ 35.42983233200016, 32.178875918000188 ], [ 35.429618921000042, 32.17900718500016 ], [ 35.429420193000112, 32.179184365000083 ], [ 35.429262969000035, 32.179395429000124 ], [ 35.429091827000093, 32.179606659000171 ], [ 35.428948184000035, 32.179817558000138 ], [ 35.42883193199998, 32.180050958999971 ], [ 35.428756629000077, 32.180295134000062 ], [ 35.428695269000173, 32.180550702000062 ], [ 35.428620324000065, 32.18080643400009 ], [ 35.428558799000029, 32.181062001000157 ], [ 35.428511216000118, 32.181328815000029 ], [ 35.428436656000144, 32.181607656000097 ], [ 35.428414974000134, 32.181827788000192 ], [ 35.428380423000021, 32.182071190000102 ], [ 35.428387211000086, 32.182348623000053 ], [ 35.428380961000073, 32.18264932600016 ], [ 35.428374687000087, 32.182938474000082 ], [ 35.428395611000042, 32.183238709000136 ], [ 35.428414907000047, 32.183481173000132 ], [ 35.428448505000176, 32.183746440000164 ], [ 35.428481746000159, 32.184000155000092 ], [ 35.42850227200006, 32.184832167000025 ], [ 35.428536975000043, 32.18514379100003 ], [ 35.428583637000145, 32.185397199000192 ], [ 35.428631017000157, 32.185673858000087 ], [ 35.428678010000056, 32.185927267000181 ], [ 35.428738257000134, 32.186180512000078 ], [ 35.428812260000143, 32.186433451000141 ], [ 35.428885184000137, 32.18665187 ], [ 35.428958635000072, 32.186881703000097 ], [ 35.429073975000051, 32.187168528000143 ], [ 35.429173715000104, 32.187374785000031 ], [ 35.429341581000187, 32.187591350000105 ], [ 35.429562907000161, 32.187783728000056 ], [ 35.429823368000143, 32.187917564000088 ], [ 35.43009738700016, 32.188039537000179 ], [ 35.431231012000069, 32.188291067000193 ], [ 35.431542906000118, 32.188451723000185 ], [ 35.431842307000124, 32.188515598000038 ], [ 35.432113787000048, 32.188545137000062 ], [ 35.432426030000045, 32.188573903000133 ], [ 35.432683923000127, 32.188603748000048 ], [ 35.433023337000122, 32.188632040000073 ], [ 35.433349000000192, 32.188660640000137 ], [ 35.433633877000034, 32.188678457000094 ], [ 35.433959179000112, 32.1886953610001 ], [ 35.434244247000095, 32.188724732000082 ], [ 35.434529124000107, 32.188742549000096 ], [ 35.43481419200009, 32.188771778000103 ], [ 35.435181168000099, 32.188822703000142 ], [ 35.43546682200008, 32.188886734 ], [ 35.43582001599998, 32.18892626700017 ], [ 35.436091667000028, 32.188955798000052 ], [ 35.436377098000094, 32.188996719000158 ], [ 35.436634994000087, 32.189026556000044 ], [ 35.436907199000132, 32.189079195000033 ], [ 35.437234165, 32.189165551000087 ], [ 35.437833309000041, 32.189292988000034 ], [ 35.438159365000047, 32.189344682000069 ], [ 35.438431734000062, 32.189397318000147 ], [ 35.438867365000135, 32.189467834000141 ], [ 35.440232675000175, 32.186662488000024 ], [ 35.439950495000062, 32.183400611000025 ], [ 35.439122742000052, 32.181071945000099 ], [ 35.438565439000058, 32.177344440000127 ], [ 35.441021435000039, 32.173378594000098 ], [ 35.443757713000139, 32.171975405000069 ], [ 35.44813640700005, 32.170103127000061 ], [ 35.452791371000103, 32.169162266000114 ], [ 35.456354143000169, 32.169621553000184 ], [ 35.457691095000143, 32.170509207000123 ], [ 35.459372883000185, 32.171479872000191 ], [ 35.460748457000136, 32.173574415000076 ], [ 35.462968426000089, 32.17786695 ], [ 35.463227050000171, 32.178229973000157 ], [ 35.464200436000056, 32.179505065000114 ], [ 35.465961431000153, 32.182186071999979 ], [ 35.468076626000141, 32.186059246000184 ], [ 35.46949312400011, 32.190828834000115 ], [ 35.470382641000072, 32.195301043000029 ], [ 35.470923958000185, 32.200668840000162 ], [ 35.469182593000085, 32.205146410000111 ], [ 35.465331536000178, 32.20798778 ], [ 35.461128157000132, 32.210382352000067 ], [ 35.455697788000123, 32.21322652900011 ], [ 35.449917362000065, 32.216518504000078 ], [ 35.445362673000034, 32.219062289000192 ], [ 35.440634223000131, 32.222351893000052 ], [ 35.436604341000134, 32.224447040000086 ], [ 35.433975821999979, 32.225793940000187 ], [ 35.431349539000053, 32.228035524000177 ], [ 35.430161917000191, 32.230300223000086 ], [ 35.430233489000045, 32.230421420000084 ], [ 35.430257866000034, 32.230633580000017 ], [ 35.430210749000139, 32.230825715000037 ], [ 35.430187360000048, 32.231027952000147 ], [ 35.430057482000166, 32.231412141000078 ], [ 35.430022204000068, 32.231563816000062 ], [ 35.429797047000193, 32.231826990000172 ], [ 35.42952385600006, 32.231968927000139 ], [ 35.429179623999971, 32.232212157000163 ], [ 35.428776137000114, 32.232566520000091 ], [ 35.428383964000091, 32.232658216000061 ], [ 35.428051396000058, 32.232790109 ], [ 35.427670727000134, 32.232770609 ], [ 35.427278121000143, 32.232680253000183 ], [ 35.425814402000071, 32.232078538000053 ], [ 35.425705853000068, 32.232234844000175 ], [ 35.425653547000024, 32.232339342000103 ], [ 35.425592306000169, 32.232451325000056 ], [ 35.425557457000082, 32.232578197000066 ], [ 35.425548917000071, 32.232682623000187 ], [ 35.425593282000079, 32.23286896400009 ], [ 35.425664096000105, 32.233092600000077 ], [ 35.425532773000157, 32.233294174000093 ], [ 35.425252835000094, 32.233675089000087 ], [ 35.424964049000152, 32.234100685000101 ], [ 35.424841468000068, 32.234212769000123 ], [ 35.424797796000178, 32.234324721000178 ], [ 35.424798178, 32.234488734000138 ], [ 35.424877568, 32.234622883000156 ], [ 35.42493031000015, 32.234704800000088 ], [ 35.424983292000093, 32.234816588000115 ], [ 35.424948388000189, 32.234921057000122 ], [ 35.424650732000089, 32.235242257000039 ], [ 35.424580535000075, 32.235425129000078 ], [ 35.42445838600014, 32.235723768000184 ], [ 35.424371197000141, 32.236014743000055 ], [ 35.424309970000138, 32.236134193000169 ], [ 35.424205098000186, 32.236305847000153 ], [ 35.424135118000038, 32.236440248000179 ], [ 35.424030037000136, 32.236522430000036 ], [ 35.423907197000119, 32.236597316000029 ], [ 35.423661836000178, 32.236739335000095 ], [ 35.423425854000186, 32.237209645000121 ], [ 35.423189526000158, 32.237530741000057 ], [ 35.423049158000083, 32.237553378000086 ], [ 35.422908590000191, 32.237561081000081 ], [ 35.422750650000069, 32.23758374900018 ], [ 35.422698286000184, 32.237665841000023 ], [ 35.422680987000092, 32.237785217000123 ], [ 35.422663362000151, 32.238050146000148 ], [ 35.422646321000059, 32.238281399000186 ], [ 35.422647009000116, 32.238579692000087 ], [ 35.42264737000005, 32.238736236000079 ], [ 35.422647766000068, 32.238907858000061 ], [ 35.422674409000081, 32.239101697000024 ], [ 35.422727421000047, 32.239228422999986 ], [ 35.422771784000076, 32.23941476400006 ], [ 35.422886207000033, 32.239571261000151 ], [ 35.422974282000098, 32.239660588000163 ], [ 35.423106177000079, 32.239772246000143 ], [ 35.423290811000072, 32.239891285000169 ], [ 35.423396492000052, 32.239995518000171 ], [ 35.423493501000166, 32.240219109000066 ], [ 35.423528993000104, 32.240368269000157 ], [ 35.42355563100017, 32.240487428000165 ], [ 35.423635180000076, 32.240688790000149 ], [ 35.423749382000096, 32.240748202000077 ], [ 35.423820006000085, 32.240889833000153 ], [ 35.423837839000043, 32.241001681000171 ], [ 35.423899510000126, 32.241143185000169 ], [ 35.423952422000013, 32.24122524500001 ], [ 35.424057941000171, 32.241329478000011 ], [ 35.424119657000119, 32.241418848000137 ], [ 35.424172604000148, 32.241515701000083 ], [ 35.424207962000025, 32.241605117000177 ], [ 35.424339803, 32.241834147000134 ], [ 35.424392819000161, 32.241960870000071 ], [ 35.424384257000156, 32.2420578280001 ], [ 35.424349662000054, 32.242296577000047 ], [ 35.424297443000057, 32.242512954000063 ], [ 35.424245182000107, 32.242639856000096 ], [ 35.424236655000186, 32.242751748000103 ], [ 35.424228266000114, 32.242923241000028 ], [ 35.424316198000099, 32.243020037 ], [ 35.424439460000031, 32.243124240000043 ], [ 35.424606526000161, 32.243243303000042 ], [ 35.424747319000176, 32.243399754000109 ], [ 35.4248354180001, 32.24349654800011 ], [ 35.42494106200013, 32.243652915000155 ], [ 35.425002920000111, 32.243802027000072 ], [ 35.425082362000069, 32.244025650000026 ], [ 35.424100375000137, 32.244609094000168 ], [ 35.422705946000121, 32.245297489000166 ], [ 35.422346410000046, 32.245477177000112 ], [ 35.421321205000027, 32.245953021000048 ], [ 35.420720574000143, 32.246271894000074 ], [ 35.420193435000158, 32.246537524000189 ], [ 35.419654145000095, 32.246855727000138 ], [ 35.419176076000099, 32.247120989000052 ], [ 35.418685687000107, 32.247365132000084 ], [ 35.41824404100015, 32.247535503000051 ], [ 35.417667952000158, 32.247863901000073 ], [ 35.416736327000081, 32.248393524000107 ], [ 35.416254394000077, 32.248643422000157 ], [ 35.415763917000106, 32.248929121000117 ], [ 35.415310340000133, 32.249183199000129 ], [ 35.414832200000035, 32.249426884000172 ], [ 35.414366325000117, 32.249670269000148 ], [ 35.413814557000137, 32.249987622 ], [ 35.413348654, 32.250220576000117 ], [ 35.412907217000168, 32.250421925000126 ], [ 35.412318446000029, 32.250655211000094 ], [ 35.411852236000186, 32.250751482000169 ], [ 35.411275616000069, 32.250932184000192 ], [ 35.410759977000168, 32.250944691000086 ], [ 35.410244548000037, 32.250978190000069 ], [ 35.409679964000077, 32.251053755000044 ], [ 35.40916432, 32.251066114000082 ], [ 35.408726423000132, 32.251299711000115 ], [ 35.40824799700016, 32.25150082000016 ], [ 35.407745193000096, 32.251702106000096 ], [ 35.407229931000131, 32.251892843000178 ], [ 35.406714621000106, 32.252062582000121 ], [ 35.406211631000076, 32.25217974200018 ], [ 35.405082573000072, 32.252393533000031 ], [ 35.404444555000055, 32.252563590000136 ], [ 35.403904539000109, 32.252659804000132 ], [ 35.403315578000161, 32.252819213000066 ], [ 35.402738727000099, 32.252905049000105 ], [ 35.401695369000095, 32.25303441900013 ], [ 35.401093931999981, 32.253099291000183 ], [ 35.400517057000172, 32.253174552000075 ], [ 35.399903371000164, 32.253250002000129 ], [ 35.399449110000148, 32.253282943999977 ], [ 35.398933539000041, 32.253336971000124 ], [ 35.398393493000128, 32.253422593000096 ], [ 35.397770606, 32.253459862000057 ], [ 35.397095481000179, 32.253577380000024 ], [ 35.396543141000166, 32.253652446 ], [ 35.395978552000088, 32.253738233000092 ], [ 35.395413936000068, 32.253813309000066 ], [ 35.394861572000025, 32.25387793900012 ], [ 35.39440740800012, 32.253963279000061 ], [ 35.393916789000116, 32.254143216000102 ], [ 35.393401753000092, 32.254470008000169 ], [ 35.393021582000188, 32.254743909000183 ], [ 35.392506519000108, 32.255060269000069 ], [ 35.392015973000184, 32.255365884000014 ], [ 35.391648190000069, 32.255618767000101 ], [ 35.391255716999979, 32.255882252000106 ], [ 35.390716183000109, 32.256240490000096 ], [ 35.390250104000188, 32.25651450100014 ], [ 35.389771749000147, 32.256788672000141 ], [ 35.389219970000056, 32.257251752000116 ], [ 35.389018976000102, 32.257499180000138 ], [ 35.388712567000084, 32.257856519000143 ], [ 35.388148516000058, 32.258497853999984 ], [ 35.387842040000066, 32.258823771000039 ], [ 35.387584526000069, 32.259086632000049 ], [ 35.387302502000011, 32.259454503000029 ], [ 35.386983642000132, 32.259811854000191 ], [ 35.386677091000081, 32.260190042000033 ], [ 35.386394940000059, 32.260494925000103 ], [ 35.386039092000146, 32.2608521840001 ], [ 35.385719999000116, 32.261178111000163 ], [ 35.385400980999975, 32.261545746000138 ], [ 35.385078925000187, 32.261888160000012 ], [ 35.384771888000103, 32.262192792000178 ], [ 35.384415902000114, 32.262571041000115 ], [ 35.384158095000032, 32.262865180000063 ], [ 35.383715863000191, 32.263327241000184 ], [ 35.3833843110001, 32.263652898000032 ], [ 35.383028043000138, 32.264062425000077 ], [ 35.382708507000132, 32.264429912000026 ], [ 35.38231518900011, 32.264807924000024 ], [ 35.38195874600018, 32.265217307000057 ], [ 35.381577548000109, 32.265605728000139 ], [ 35.38120861800013, 32.265994130000138 ], [ 35.380901155000174, 32.266351028000145 ], [ 35.380532072000108, 32.266749716000106 ], [ 35.380184123000163, 32.267187264000086 ], [ 35.379790324, 32.267586122000012 ], [ 35.379494992000105, 32.267963713000086 ], [ 35.379088916000057, 32.26836244600014 ], [ 35.378768870000044, 32.268740209000043 ], [ 35.378436546999978, 32.269117846000142 ], [ 35.378030443000171, 32.269506149000165 ], [ 35.377747423000187, 32.26982087600004 ], [ 35.377452127000083, 32.270135480000135 ], [ 35.377156833000186, 32.270450222000022 ], [ 35.3767752440001, 32.270922325000129 ], [ 35.376418547000185, 32.271310415000073 ], [ 35.37607397, 32.271709058000113 ], [ 35.37563104700007, 32.272202232000041 ], [ 35.375311211000053, 32.272527570000136 ], [ 35.374876617000155, 32.272952815000053 ], [ 35.374569215000122, 32.273278136000101 ], [ 35.374224771000058, 32.273666343000116 ], [ 35.373769796000147, 32.274201517 ], [ 35.373499315000061, 32.274495365000178 ], [ 35.373093479000033, 32.274873223000156 ], [ 35.372736897000038, 32.275345423000147 ], [ 35.372331238000129, 32.27573398800007 ], [ 35.371944643, 32.276119145000052 ], [ 35.371511075000058, 32.276582138000094 ], [ 35.37109900300004, 32.277008046000162 ], [ 35.37083892600009, 32.27728595300016 ], [ 35.370448676000137, 32.277674915000148 ], [ 35.370058555000128, 32.278045417999977 ], [ 35.369733316000122, 32.278434436000055 ], [ 35.369451533000188, 32.278730827000118 ], [ 35.36912652500007, 32.279064328000118 ], [ 35.368671312000174, 32.279398129000128 ], [ 35.368151246000139, 32.279732010000089 ], [ 35.36760922600007, 32.27993656700005 ], [ 35.367197438000062, 32.280159277 ], [ 35.366655746000049, 32.280363830000169 ], [ 35.366135644000167, 32.280586812000138 ], [ 35.365637070000105, 32.280791304000161 ], [ 35.365138661000174, 32.280995798000049 ], [ 35.364662008000096, 32.281218722000176 ], [ 35.364466366000045, 32.281363806000115 ], [ 35.364315422000175, 32.281459943000186 ], [ 35.363248605000138, 32.282676096000159 ], [ 35.363142867000079, 32.282828258000166 ], [ 35.362661062000086, 32.283153194000192 ], [ 35.36229047900008, 32.283433892000176 ], [ 35.361713887000121, 32.283819807000043 ], [ 35.36101332700008, 32.284065806000058 ], [ 35.36043649800007, 32.284311657000046 ], [ 35.359818929000028, 32.284802727000169 ], [ 35.358995347000075, 32.285399005000102 ], [ 35.358376808000173, 32.285399723000182 ], [ 35.357139901000039, 32.285401150000041 ], [ 35.356067538000048, 32.285192291000101 ], [ 35.355489865000152, 32.284912691000045 ], [ 35.354788400000075, 32.284493311000176 ], [ 35.354169269000124, 32.284108637000145 ], [ 35.353674098000113, 32.283864022000046 ], [ 35.35313757900019, 32.283479392000174 ], [ 35.352600955000185, 32.283024729000147 ], [ 35.352640903000122, 32.282254084000044 ], [ 35.353258224000115, 32.281482932000188 ], [ 35.354410785000027, 32.280290862000186 ], [ 35.354492342000128, 32.27973039800014 ], [ 35.354244113000107, 32.279240332000086 ], [ 35.353584593000051, 32.279311102000122 ], [ 35.35259550100011, 32.279487348000089 ], [ 35.351853541000025, 32.27966317400012 ], [ 35.351111902000184, 32.279944251000188 ], [ 35.350494046000051, 32.28026013200008 ], [ 35.349875810000071, 32.280435950000083 ], [ 35.349174927000035, 32.280471657000135 ], [ 35.347606996000081, 32.279562830000145 ], [ 35.345461377000106, 32.278409280000062 ], [ 35.343110827000146, 32.277956481 ], [ 35.342988951000166, 32.277978447000066 ], [ 35.340902299, 32.277755570000181 ], [ 35.339404743000102, 32.277147820000152 ], [ 35.336997304000136, 32.276769784000123 ], [ 35.333550145000117, 32.277397069000074 ], [ 35.330074615000115, 32.27869442500014 ], [ 35.326400308000132, 32.279879423000125 ], [ 35.323821169000155, 32.283145202000071 ], [ 35.321539316000099, 32.285904263000191 ], [ 35.321506781000153, 32.286298117000115 ], [ 35.321540363999986, 32.286776313000018 ], [ 35.321509585000058, 32.288633170000139 ], [ 35.321576919999984, 32.289589704000036 ], [ 35.321643883000149, 32.29023667600012 ], [ 35.321667902000058, 32.291035436000129 ], [ 35.321943341000065, 32.292058860000054 ], [ 35.321325878000039, 32.292164230000083 ], [ 35.320585785000162, 32.292375236000112 ], [ 35.319928115000096, 32.292568555000059 ], [ 35.319229257000188, 32.29272682300018 ], [ 35.31863323000016, 32.292867523999973 ], [ 35.318037779000178, 32.293078536000053 ], [ 35.317587492000143, 32.293447658000048 ], [ 35.317117997000139, 32.293992359000072 ], [ 35.317120950000117, 32.294396327000072 ], [ 35.317514492000157, 32.294729799000152 ], [ 35.31834246000011, 32.295309205000137 ], [ 35.31879821900003, 32.295642761000181 ], [ 35.319297012, 32.296169741000085 ], [ 35.319612602000177, 32.29692513599997 ], [ 35.320095045000073, 32.297786208000161 ], [ 35.320305174000111, 32.298155335000104 ], [ 35.319895122000105, 32.298471450000193 ], [ 35.318356774000051, 32.299472604000073 ], [ 35.317749521000167, 32.299845521000123 ], [ 35.317516114999989, 32.299999726000181 ], [ 35.317374450000102, 32.300298416000032 ] ] ] } }
]
}
