{
"type": "FeatureCollection",
"name": "villages",
"crs": { "type": "name", "properties": { "name": "urn:ogc:def:crs:OGC:1.3:CRS84" } },
"features": [
{ "type": "Feature", "properties": { "VNAME": "RUJIB", "Shape_Leng": 13139.7051739, "Shape_Area": 7065979.4179100003 }, "geometry": { "type": "MultiPolygon", "coordinates": [ [ [ [ 35.315678203797916, 32.196438922447733 ], [ 35.313798210016216, 32.193738544233049 ], [ 35.312639637891678, 32.192170267051857 ], [ 35.312110312353923, 32.19097599597405 ], [ 35.311685605665211, 32.190327682835843 ], [ 35.311422601822485, 32.18810495947924 ], [ 35.311342895639577, 32.187076070465757 ], [ 35.311295586165038, 32.186515545731631 ], [ 35.312493273135367, 32.185258127020056 ], [ 35.313188578925015, 32.183976074636675 ], [ 35.31527218541256, 32.18449256084606 ], [ 35.314768245389409, 32.18293935697514 ], [ 35.314793818074442, 32.181802583737387 ], [ 35.314929452436829, 32.18119135683078 ], [ 35.315233313105495, 32.180732620796917 ], [ 35.315629979456858, 32.179961057870109 ], [ 35.315785779644649, 32.179439640797838 ], [ 35.315695019360717, 32.178629654055079 ], [ 35.315552631479882, 32.178005487445574 ], [ 35.316972622274605, 32.175562554823884 ], [ 35.316374864952351, 32.175327762526834 ], [ 35.315184495304194, 32.174720533742175 ], [ 35.313987270607434, 32.174417789280518 ], [ 35.3134371609491, 32.174100935681373 ], [ 35.311580201889818, 32.174676003641572 ], [ 35.310832275701273, 32.175395362956621 ], [ 35.309801644466987, 32.176020681194629 ], [ 35.309121563523412, 32.176409615452322 ], [ 35.3073197638614, 32.174235267368537 ], [ 35.30604779180409, 32.174357671899891 ], [ 35.30518460213662, 32.174659743129453 ], [ 35.303896788088117, 32.174863587553205 ], [ 35.30264605957484, 32.174908911387142 ], [ 35.300851107951658, 32.174817587614925 ], [ 35.299390843317738, 32.174884732260139 ], [ 35.297998930158698, 32.175061101834402 ], [ 35.296732113381054, 32.174993933671303 ], [ 35.295909927678018, 32.17471350977349 ], [ 35.295366000340309, 32.174482144507195 ], [ 35.294303430684444, 32.174974893455165 ], [ 35.293199588247226, 32.175222633989769 ], [ 35.291880797620415, 32.175593757602634 ], [ 35.29054650437002, 32.175902013149006 ], [ 35.28924346339371, 32.176453196358672 ], [ 35.288401127861036, 32.17698249109084 ], [ 35.287757119458753, 32.177413501648246 ], [ 35.288014827835312, 32.179237329208298 ], [ 35.287779517673961, 32.179712795556711 ], [ 35.286529045399, 32.180646278640481 ], [ 35.286587560845987, 32.182800623501223 ], [ 35.28686544941862, 32.18331190129711 ], [ 35.287252625268877, 32.183951970444653 ], [ 35.287446409767455, 32.184385860037885 ], [ 35.285677583294301, 32.185240780266 ], [ 35.284573844351776, 32.185657539984938 ], [ 35.283940143431749, 32.185973366012561 ], [ 35.283082315788612, 32.18623235776758 ], [ 35.282166331523236, 32.186923027017215 ], [ 35.282632374381301, 32.188014854215773 ], [ 35.282695699963867, 32.188586382619221 ], [ 35.283267197873542, 32.190343678369906 ], [ 35.283393041875591, 32.190844182097621 ], [ 35.283639050068196, 32.191723540818337 ], [ 35.283660458565194, 32.19226200543838 ], [ 35.285529004597841, 32.192023059982041 ], [ 35.286515197327049, 32.196257404060489 ], [ 35.287959891647823, 32.196136571453188 ], [ 35.287845121699526, 32.196688769687121 ], [ 35.286892610356837, 32.197565009996197 ], [ 35.286201832556593, 32.198145663846155 ], [ 35.28604551427221, 32.198680579301097 ], [ 35.286066632115272, 32.199259632588443 ], [ 35.285977905656971, 32.200350208500204 ], [ 35.285914789235328, 32.200874418989137 ], [ 35.290407162517852, 32.200709664788938 ], [ 35.29058543518088, 32.201448200146245 ], [ 35.291230592511283, 32.202960610951699 ], [ 35.291523613019891, 32.203489632551005 ], [ 35.290786092569903, 32.204136549547314 ], [ 35.291388517972045, 32.205160487005493 ], [ 35.292974324739795, 32.204581598708799 ], [ 35.294131249124788, 32.20424270985162 ], [ 35.294759942200919, 32.204093766837161 ], [ 35.295303844539802, 32.203709627089943 ], [ 35.295632926960614, 32.202876211984766 ], [ 35.295967557161553, 32.201472284884979 ], [ 35.296411566025782, 32.200068626382347 ], [ 35.296672706730789, 32.199407792626019 ], [ 35.297369198734373, 32.199135859361597 ], [ 35.29831625253756, 32.198836815208224 ], [ 35.299264042239905, 32.198515200693137 ], [ 35.303340921018254, 32.19694166971761 ], [ 35.304968938400499, 32.196494892450438 ], [ 35.30632411191376, 32.196321368558444 ], [ 35.307732756377035, 32.196191950320006 ], [ 35.309109184579874, 32.19630884673338 ], [ 35.310397579416716, 32.196404793966352 ], [ 35.310926025179889, 32.196462772862596 ], [ 35.311392277898314, 32.196839779161202 ], [ 35.311717171221396, 32.197341116570108 ], [ 35.312334558063355, 32.196748144377537 ], [ 35.31340733554044, 32.196627053873129 ], [ 35.315678203797916, 32.196438922447733 ] ] ] ] } },
{ "type": "Feature", "properties": { "VNAME": "'AWRTA", "Shape_Leng": 30738.176443200002, "Shape_Area": 16161192.1823 }, "geometry": { "type": "MultiPolygon", "coordinates": [ [ [ [ 35.282166331523236, 32.186923027017215 ], [ 35.283082315788612, 32.18623235776758 ], [ 35.283940143431749, 32.185973366012561 ], [ 35.284573844351776, 32.185657539984938 ], [ 35.285677583294301, 32.185240780266 ], [ 35.287446409767455, 32.184385860037885 ], [ 35.287252625268877, 32.183951970444653 ], [ 35.28686544941862, 32.18331190129711 ], [ 35.286587560845987, 32.182800623501223 ], [ 35.286529045399, 32.180646278640481 ], [ 35.287779517673961, 32.179712795556711 ], [ 35.288014827835312, 32.179237329208298 ], [ 35.287757119458753, 32.177413501648246 ], [ 35.288401127861036, 32.17698249109084 ], [ 35.28924346339371, 32.176453196358672 ], [ 35.29054650437002, 32.175902013149006 ], [ 35.291880797620415, 32.175593757602634 ], [ 35.293199588247226, 32.175222633989769 ], [ 35.294303430684444, 32.174974893455165 ], [ 35.295366000340309, 32.174482144507195 ], [ 35.295909927678018, 32.17471350977349 ], [ 35.296732113381054, 32.174993933671303 ], [ 35.297998930158698, 32.175061101834402 ], [ 35.299390843317738, 32.174884732260139 ], [ 35.300851107951658, 32.174817587614925 ], [ 35.30264605957484, 32.174908911387142 ], [ 35.303896788088117, 32.174863587553205 ], [ 35.30518460213662, 32.174659743129453 ], [ 35.30604779180409, 32.174357671899891 ], [ 35.3073197638614, 32.174235267368537 ], [ 35.309121563523412, 32.176409615452322 ], [ 35.309801644466987, 32.176020681194629 ], [ 35.310832275701273, 32.175395362956621 ], [ 35.311580201889818, 32.174676003641572 ], [ 35.3134371609491, 32.174100935681373 ], [ 35.313987270607434, 32.174417789280518 ], [ 35.315184495304194, 32.174720533742175 ], [ 35.316374864952351, 32.175327762526834 ], [ 35.316972622274605, 32.175562554823884 ], [ 35.318067108270213, 32.175628167791054 ], [ 35.319680159664365, 32.17575866610062 ], [ 35.320002794390682, 32.174918543550248 ], [ 35.320526689995688, 32.174958531887142 ], [ 35.320917807464411, 32.174153229501215 ], [ 35.320424486897728, 32.173542274032421 ], [ 35.31986338120916, 32.173158021756635 ], [ 35.319004423574491, 32.173049778070904 ], [ 35.318516541493885, 32.172704748959532 ], [ 35.3178612409666, 32.172473267428344 ], [ 35.317022222732213, 32.171974598686113 ], [ 35.319168962803019, 32.171750372722634 ], [ 35.318864295231165, 32.171338853812614 ], [ 35.322263664407323, 32.169033157690372 ], [ 35.324267479157783, 32.16822076628668 ], [ 35.326412887813028, 32.167583848394315 ], [ 35.328516472604889, 32.166762795503736 ], [ 35.330572497713696, 32.166053051425592 ], [ 35.332090646870022, 32.165664327548001 ], [ 35.333483140853069, 32.165467292007754 ], [ 35.334136619852259, 32.165056176138997 ], [ 35.336229237176077, 32.164278030006599 ], [ 35.336941239762083, 32.164264875644406 ], [ 35.338865524509309, 32.163072703319443 ], [ 35.339430298329219, 32.162796214467988 ], [ 35.340237490134555, 32.163085650687584 ], [ 35.340996964227109, 32.163348906215411 ], [ 35.341866436909235, 32.163456809710461 ], [ 35.343026646147486, 32.163739688215706 ], [ 35.34256158087819, 32.162889308730875 ], [ 35.3418741340951, 32.162178320465053 ], [ 35.342312644893759, 32.161680963705244 ], [ 35.343806701106132, 32.160097626264921 ], [ 35.340470569864081, 32.157327660190624 ], [ 35.340409230224914, 32.155525134972272 ], [ 35.340302833996809, 32.154913862296006 ], [ 35.33783621185831, 32.152375729421678 ], [ 35.337751313895978, 32.151827179789741 ], [ 35.337326776602239, 32.151573492863264 ], [ 35.336824173997627, 32.151609835607644 ], [ 35.336191274747222, 32.151655349204084 ], [ 35.335677995680484, 32.151714423100074 ], [ 35.335228302521124, 32.152006808570583 ], [ 35.334234893674576, 32.15246479195828 ], [ 35.332616810275802, 32.152354854513611 ], [ 35.330276405477001, 32.152343886722434 ], [ 35.329370384820123, 32.15204492790464 ], [ 35.328481379976971, 32.152101885428131 ], [ 35.327411730889686, 32.152038151906751 ], [ 35.326909017927392, 32.151966230959161 ], [ 35.325736418965704, 32.151866053939372 ], [ 35.323810260742007, 32.152095346090135 ], [ 35.325060021780978, 32.15129455172783 ], [ 35.326200142853487, 32.150951180298236 ], [ 35.326886302568639, 32.150681536175071 ], [ 35.326512893227687, 32.150300613351497 ], [ 35.32493618217093, 32.149653232472239 ], [ 35.323808808210039, 32.148801422781226 ], [ 35.32326939460981, 32.148901510151262 ], [ 35.32286765125955, 32.149465773215269 ], [ 35.322779550125155, 32.150067113381184 ], [ 35.321786991093056, 32.15103001289426 ], [ 35.320669657633324, 32.152351412052596 ], [ 35.320115986424753, 32.153092061232755 ], [ 35.319238886683571, 32.154404530743626 ], [ 35.318366686867897, 32.155466651627336 ], [ 35.317525483083479, 32.15613139180968 ], [ 35.317091180440528, 32.156380594133871 ], [ 35.316457910129692, 32.156491398497799 ], [ 35.315528842296139, 32.15533376109142 ], [ 35.315167012327791, 32.154912016408105 ], [ 35.311769210251853, 32.15425044041536 ], [ 35.311198750333794, 32.154355559831465 ], [ 35.310891896155951, 32.156320404794194 ], [ 35.310405595442887, 32.157030468859254 ], [ 35.309777944715989, 32.15723357919169 ], [ 35.309270065884725, 32.157062485021562 ], [ 35.308835300845054, 32.156427864605732 ], [ 35.308746161842954, 32.155888379952266 ], [ 35.306224257571664, 32.155988504685574 ], [ 35.304710697014393, 32.15490006409108 ], [ 35.304695091660868, 32.154280334969101 ], [ 35.305123083953447, 32.153253453601273 ], [ 35.305347705888273, 32.152149112166711 ], [ 35.305629207932952, 32.150935520685948 ], [ 35.305979551256272, 32.149930345390878 ], [ 35.306230151270299, 32.14930575591395 ], [ 35.3056700409917, 32.149110797297979 ], [ 35.304414204709161, 32.14922837601258 ], [ 35.303279271323142, 32.149359526427943 ], [ 35.302232812397563, 32.149662657276401 ], [ 35.301385374372543, 32.150108709065769 ], [ 35.300496105097388, 32.150472089734194 ], [ 35.299606409789874, 32.150607761057323 ], [ 35.29843978486219, 32.150216371576377 ], [ 35.296927918499115, 32.150719559063354 ], [ 35.296367932144811, 32.150819915322536 ], [ 35.295509788387548, 32.150285367422207 ], [ 35.295231844658545, 32.14969068080012 ], [ 35.295053490182305, 32.149130268643411 ], [ 35.294587806390894, 32.148604366171647 ], [ 35.29429999327327, 32.148196995811148 ], [ 35.29345194000804, 32.14816953409958 ], [ 35.292782350285613, 32.148231275929888 ], [ 35.292196399203142, 32.148458341664686 ], [ 35.292097555725483, 32.14895614143456 ], [ 35.291469624950139, 32.149332766106063 ], [ 35.291428203264175, 32.149874627069593 ], [ 35.291365529536584, 32.15062654753595 ], [ 35.291287612655907, 32.151060846988173 ], [ 35.290685913480942, 32.151083018530521 ], [ 35.290722655302758, 32.151677567548276 ], [ 35.288692028425835, 32.151495631344254 ], [ 35.287895879189875, 32.148615107775662 ], [ 35.286817715982195, 32.148632351094548 ], [ 35.285609112876017, 32.148600080332862 ], [ 35.284719709860376, 32.148668003163813 ], [ 35.28409214765248, 32.148821378528361 ], [ 35.28413460808661, 32.151027877391009 ], [ 35.283831140357002, 32.151425660514363 ], [ 35.283287134516328, 32.151503125393766 ], [ 35.282925727214291, 32.150799440639133 ], [ 35.282957069169306, 32.150302858284526 ], [ 35.282375772754953, 32.149654998700385 ], [ 35.281679923642692, 32.149541297078343 ], [ 35.281757880671336, 32.14836297657677 ], [ 35.28185191819243, 32.147856250634142 ], [ 35.282029768137633, 32.147309682022822 ], [ 35.282620803859707, 32.146807504390011 ], [ 35.281804286889688, 32.146051160320425 ], [ 35.281427781485675, 32.146362324591841 ], [ 35.280982707419746, 32.14660708072401 ], [ 35.280412646346264, 32.146860857660897 ], [ 35.279842368685351, 32.147026707003029 ], [ 35.279345195144494, 32.146456234334018 ], [ 35.279334551844478, 32.145949132825479 ], [ 35.279386889457363, 32.145310128096341 ], [ 35.279172276599049, 32.144912676012012 ], [ 35.278868344192411, 32.144413115175595 ], [ 35.278658851999062, 32.143821664947765 ], [ 35.278334286265924, 32.143317974341464 ], [ 35.277413260751906, 32.143284951332724 ], [ 35.277094010892057, 32.142941233519863 ], [ 35.276330732068146, 32.143444221696484 ], [ 35.275289301935146, 32.144031121362794 ], [ 35.27474044480654, 32.144338600330499 ], [ 35.274279700257459, 32.144619701175031 ], [ 35.273615538289484, 32.144899934467453 ], [ 35.273082003794599, 32.145344670233364 ], [ 35.272433618054414, 32.146127397752259 ], [ 35.271434314667154, 32.146625580777119 ], [ 35.270560464170416, 32.14699975508983 ], [ 35.270131801647523, 32.14726673083225 ], [ 35.269697523145673, 32.14757438769977 ], [ 35.268865630931188, 32.14769077073975 ], [ 35.268211434956953, 32.147812976394768 ], [ 35.267131392666585, 32.147674511025031 ], [ 35.267050065219934, 32.148724372414229 ], [ 35.267364356496536, 32.149135851327799 ], [ 35.26756812808916, 32.149605670027682 ], [ 35.267861906494367, 32.150231693884706 ], [ 35.26831202570515, 32.152007040388561 ], [ 35.268029810759415, 32.15302442694491 ], [ 35.266506843718723, 32.152794700354256 ], [ 35.266527930417539, 32.153405324070704 ], [ 35.266413029970202, 32.154437748806679 ], [ 35.266617389699682, 32.155011265819773 ], [ 35.267722758168375, 32.155045566877952 ], [ 35.268741199109265, 32.155074648782339 ], [ 35.270013913621177, 32.157074217902156 ], [ 35.269700144776145, 32.157808088508055 ], [ 35.26990980223696, 32.158433369501537 ], [ 35.270548426680314, 32.15944324836353 ], [ 35.270930471997204, 32.160633593282249 ], [ 35.270977835125201, 32.161847981567583 ], [ 35.270313555417495, 32.162155268782051 ], [ 35.269607352187222, 32.162562499372193 ], [ 35.267910438786892, 32.163368534525176 ], [ 35.268493038974867, 32.163748129791038 ], [ 35.27125561082228, 32.162467528854833 ], [ 35.272071831500071, 32.162114669249988 ], [ 35.272867000022224, 32.162062057840068 ], [ 35.272197415446307, 32.162662539763836 ], [ 35.272789476658545, 32.163876161998921 ], [ 35.273966400210576, 32.163692671969997 ], [ 35.274809279881843, 32.164385465873828 ], [ 35.275892732492856, 32.164280297985812 ], [ 35.275515921117965, 32.16327700726508 ], [ 35.275981524786474, 32.163054444694588 ], [ 35.277053893226913, 32.163010332924877 ], [ 35.277927540590447, 32.162782665283189 ], [ 35.278148003746786, 32.163626431128812 ], [ 35.279069318265854, 32.16387587889816 ], [ 35.279728791616328, 32.163987999770661 ], [ 35.279608531331178, 32.164799570205616 ], [ 35.279954322838449, 32.165406589931031 ], [ 35.279808008877211, 32.166741710558291 ], [ 35.282597391096346, 32.166937138381726 ], [ 35.283214989473073, 32.166937261599791 ], [ 35.282964210967656, 32.16737693643018 ], [ 35.282723316571854, 32.167947193899785 ], [ 35.282430635371696, 32.168513872494643 ], [ 35.281954304192823, 32.168838114662492 ], [ 35.281693527931104, 32.169780740387388 ], [ 35.28196088571891, 32.170695795599229 ], [ 35.282133808692322, 32.171384841025677 ], [ 35.282735768305187, 32.172005264321932 ], [ 35.283495068646559, 32.17308729571819 ], [ 35.284065750679275, 32.174046470432536 ], [ 35.284437773422894, 32.174772498612484 ], [ 35.284730762752943, 32.175279002661796 ], [ 35.28517082875652, 32.175730988927654 ], [ 35.284364909090527, 32.176153634975812 ], [ 35.283527541902934, 32.176166510308036 ], [ 35.282994095618264, 32.17648728030187 ], [ 35.282475717951868, 32.176428998426374 ], [ 35.282083657405451, 32.17702452496134 ], [ 35.281712617389744, 32.178329884103213 ], [ 35.281529603743465, 32.178804399314075 ], [ 35.280791623454618, 32.179162669330807 ], [ 35.279587423197519, 32.177966892511193 ], [ 35.27856088315432, 32.177011410453169 ], [ 35.277979901658234, 32.176036606667431 ], [ 35.277136464817346, 32.174953801376454 ], [ 35.276613289758174, 32.174329677325822 ], [ 35.275540214757463, 32.173898072196515 ], [ 35.274765404268614, 32.174347154325453 ], [ 35.275326321009771, 32.175396732762877 ], [ 35.273107373197107, 32.176591010925932 ], [ 35.273568027736729, 32.177446245825664 ], [ 35.272882651592042, 32.177868904303615 ], [ 35.273251832880575, 32.178403371672751 ], [ 35.274610670870423, 32.180250271069809 ], [ 35.275270564426414, 32.180853899984442 ], [ 35.275537688540531, 32.181814065893519 ], [ 35.276014043821817, 32.182578824586763 ], [ 35.2763071018095, 32.183062802724521 ], [ 35.276878118594958, 32.184168549227088 ], [ 35.277255263044054, 32.185020764316597 ], [ 35.277596317246342, 32.186020178124629 ], [ 35.27807279309279, 32.186868344092396 ], [ 35.278297904321931, 32.187443722117358 ], [ 35.280847224524692, 32.18670558989124 ], [ 35.281491116699435, 32.186425674075366 ], [ 35.281998546746863, 32.186308288065312 ], [ 35.282166331523236, 32.186923027017215 ] ] ] ] } },
{ "type": "Feature", "properties": { "VNAME": "HUWWARA", "Shape_Leng": 19951.7622037, "Shape_Area": 8011950.3861300005 }, "geometry": { "type": "MultiPolygon", "coordinates": [ [ [ [ 35.248264703617842, 32.160655261746953 ], [ 35.248632329979365, 32.160272200017417 ], [ 35.250092548923753, 32.16021015919447 ], [ 35.250641922461327, 32.160455154840704 ], [ 35.251709338858305, 32.160156583561466 ], [ 35.252996906429601, 32.159675959136635 ], [ 35.253687798571541, 32.15945171904535 ], [ 35.25444673021525, 32.159192435726304 ], [ 35.255152630412667, 32.159067118497191 ], [ 35.255524619757892, 32.159642183029149 ], [ 35.255639323200619, 32.160397694146539 ], [ 35.25579162424701, 32.16122693181525 ], [ 35.25608346506835, 32.161749312284037 ], [ 35.257377195801816, 32.161491745194375 ], [ 35.258120317796752, 32.161424365460391 ], [ 35.258465161315527, 32.160173649015391 ], [ 35.257701072969994, 32.159928016434549 ], [ 35.257811453632051, 32.159272200559279 ], [ 35.257455120904417, 32.158956150594229 ], [ 35.257355916597668, 32.158506993144002 ], [ 35.257507575658074, 32.157482932698265 ], [ 35.257601706943511, 32.15670565981241 ], [ 35.257601212425008, 32.156094666768354 ], [ 35.258354578528809, 32.156121799087302 ], [ 35.258920208264392, 32.156837688417866 ], [ 35.259339258153638, 32.157842537987399 ], [ 35.259579882850836, 32.158893399544731 ], [ 35.259789295546526, 32.159726128129201 ], [ 35.260150188286119, 32.16046822256407 ], [ 35.260595250674413, 32.161129888666984 ], [ 35.261113374927959, 32.161932294928548 ], [ 35.261495560148845, 32.162784477051382 ], [ 35.261705168957867, 32.163382708354469 ], [ 35.262061445968818, 32.163829515281904 ], [ 35.262835722792921, 32.164913668358537 ], [ 35.263307307671589, 32.165306552196085 ], [ 35.263626104653127, 32.165684139037452 ], [ 35.262898592812519, 32.166062402114868 ], [ 35.262977637397952, 32.166552504202251 ], [ 35.263035115139026, 32.16732254963059 ], [ 35.263689633129253, 32.167662558075278 ], [ 35.264317350285957, 32.168070686634714 ], [ 35.26520762155068, 32.168618389857855 ], [ 35.26573094867841, 32.168370031582711 ], [ 35.265787814719793, 32.167803095058019 ], [ 35.265295745534921, 32.167466961079697 ], [ 35.266075369672514, 32.166463205121751 ], [ 35.266865770810753, 32.165975572149662 ], [ 35.266290014241648, 32.164615076478185 ], [ 35.267137134910108, 32.163716082092137 ], [ 35.267910438786892, 32.163368534525176 ], [ 35.269607352187222, 32.162562499372193 ], [ 35.270313555417495, 32.162155268782051 ], [ 35.270977835125201, 32.161847981567583 ], [ 35.270930471997204, 32.160633593282249 ], [ 35.270548426680314, 32.15944324836353 ], [ 35.26990980223696, 32.158433369501537 ], [ 35.269700144776145, 32.157808088508055 ], [ 35.270013913621177, 32.157074217902156 ], [ 35.268741199109265, 32.155074648782339 ], [ 35.267722758168375, 32.155045566877952 ], [ 35.266617389699682, 32.155011265819773 ], [ 35.266413029970202, 32.154437748806679 ], [ 35.266527930417539, 32.153405324070704 ], [ 35.266506843718723, 32.152794700354256 ], [ 35.268029810759415, 32.15302442694491 ], [ 35.26831202570515, 32.152007040388561 ], [ 35.267861906494367, 32.150231693884706 ], [ 35.26756812808916, 32.149605670027682 ], [ 35.267364356496536, 32.149135851327799 ], [ 35.267050065219934, 32.148724372414229 ], [ 35.267131392666585, 32.147674511025031 ], [ 35.267651964572373, 32.147266112489135 ], [ 35.268263896811177, 32.146989099070147 ], [ 35.268137803987649, 32.145830229315493 ], [ 35.267326944192291, 32.146367831104271 ], [ 35.26737878851155, 32.144421163281983 ], [ 35.267572463914064, 32.143761594535164 ], [ 35.267624602576845, 32.143325516814073 ], [ 35.267990276231544, 32.142629042335095 ], [ 35.267404316062233, 32.142321642732014 ], [ 35.267063924689154, 32.141845254425149 ], [ 35.266666458076372, 32.141257148101687 ], [ 35.266608477728944, 32.140681005822771 ], [ 35.265975370094914, 32.140663033606927 ], [ 35.265745613347214, 32.139463172593466 ], [ 35.266508873812377, 32.139440482132329 ], [ 35.266435741348594, 32.138706784054449 ], [ 35.261836974484908, 32.137206325345048 ], [ 35.260915753254594, 32.136679429940877 ], [ 35.260329786623423, 32.136665099618355 ], [ 35.260251382384055, 32.13461477442052 ], [ 35.261350160173414, 32.134660523617953 ], [ 35.261203318396454, 32.13348848644479 ], [ 35.262458546425691, 32.132922682819135 ], [ 35.263097193126185, 32.132764711542173 ], [ 35.263635357935101, 32.132588237024095 ], [ 35.263839337291763, 32.131836044827175 ], [ 35.263305007664421, 32.128815371539829 ], [ 35.263038345451754, 32.128290307468824 ], [ 35.2597948615633, 32.126875990148285 ], [ 35.25830405149204, 32.126803398255504 ], [ 35.256206503405807, 32.126004340798758 ], [ 35.255746094965176, 32.125760031607129 ], [ 35.255536809429472, 32.123500094544951 ], [ 35.25534331807107, 32.123093196582431 ], [ 35.255549318797108, 32.122124538810425 ], [ 35.254259941460077, 32.122402287397598 ], [ 35.251283631912784, 32.122737099236474 ], [ 35.250300269149115, 32.122880849192946 ], [ 35.250127661149811, 32.122432995184326 ], [ 35.247083273044481, 32.121882837486929 ], [ 35.246382268316744, 32.122008018817446 ], [ 35.245451472663895, 32.122053844524139 ], [ 35.244844310546462, 32.12206236277256 ], [ 35.244384346499444, 32.122456062554804 ], [ 35.243834780074216, 32.12235533524003 ], [ 35.24291435384108, 32.122337833334136 ], [ 35.24283070713642, 32.123141970659333 ], [ 35.242961565419364, 32.123698800223679 ], [ 35.242966749617892, 32.124397657707036 ], [ 35.243018664743694, 32.125057347563292 ], [ 35.243243772822041, 32.126189700078697 ], [ 35.243458336508425, 32.126810436785782 ], [ 35.243520910362861, 32.127634530564364 ], [ 35.243531560401166, 32.128312987533256 ], [ 35.243301205395809, 32.129536839993307 ], [ 35.243390150689308, 32.130247733180198 ], [ 35.243159568600717, 32.13075911895762 ], [ 35.242991989427409, 32.131273897706542 ], [ 35.24341061663997, 32.131679072157098 ], [ 35.243787431897061, 32.132892158968488 ], [ 35.242845603943252, 32.133114026364275 ], [ 35.242301928565752, 32.133229632611986 ], [ 35.242426789731446, 32.134108991449615 ], [ 35.242170930139956, 32.134535143204054 ], [ 35.241495919385777, 32.134806391422671 ], [ 35.240575196571243, 32.134917387926855 ], [ 35.238798804036684, 32.134982650672058 ], [ 35.23902129381198, 32.136063201180178 ], [ 35.239334863399328, 32.136506331720497 ], [ 35.239790198498589, 32.136868034217372 ], [ 35.240580554239081, 32.136707492015155 ], [ 35.241840986414189, 32.136888075585716 ], [ 35.242568312945295, 32.137184079995201 ], [ 35.242782524172746, 32.136436248347721 ], [ 35.243018197648524, 32.135888700363346 ], [ 35.243358545532764, 32.135395657808743 ], [ 35.24364100768409, 32.13491942924724 ], [ 35.244075320655568, 32.134449519411746 ], [ 35.244849163496561, 32.135373727760872 ], [ 35.245194834234887, 32.136152214208018 ], [ 35.245717678529068, 32.136591612704223 ], [ 35.246251726511346, 32.137190885732473 ], [ 35.246753807761714, 32.138160488460024 ], [ 35.247695812473189, 32.139320678185129 ], [ 35.248700064833962, 32.140209203265705 ], [ 35.249443136580325, 32.140712306300323 ], [ 35.250285495116508, 32.14072663692442 ], [ 35.251614507413258, 32.141187732618079 ], [ 35.252153031683598, 32.141669664087374 ], [ 35.25255084676332, 32.142221734984027 ], [ 35.252974709743413, 32.142728246397759 ], [ 35.253466619400079, 32.143199717341524 ], [ 35.253011662567062, 32.143449067854874 ], [ 35.252362538192592, 32.143562090898328 ], [ 35.25270259232996, 32.144081363129295 ], [ 35.251834002311078, 32.144241121684367 ], [ 35.25178714119189, 32.145730020849705 ], [ 35.251536154353765, 32.146246287711783 ], [ 35.250777271058524, 32.146611524153592 ], [ 35.251111957612721, 32.146966305356727 ], [ 35.250939547445533, 32.147526274788582 ], [ 35.249673195120323, 32.148378503082569 ], [ 35.24881535588495, 32.148923602220229 ], [ 35.248197836778708, 32.149326882833527 ], [ 35.247501996903956, 32.149805960279096 ], [ 35.24809869989717, 32.150794160286175 ], [ 35.247188163485262, 32.151164323806491 ], [ 35.246722675498738, 32.151661846594287 ], [ 35.246094752819772, 32.152155488582608 ], [ 35.245597242734171, 32.1528610059108 ], [ 35.245272810494733, 32.15359952673812 ], [ 35.244687142598039, 32.154006740467231 ], [ 35.244890662761364, 32.154956837552248 ], [ 35.245005810588786, 32.155410239348569 ], [ 35.244922665719962, 32.156315825675911 ], [ 35.243148360696267, 32.156780193194678 ], [ 35.242598978788941, 32.157019906776057 ], [ 35.242075652697402, 32.157944570168702 ], [ 35.242243008088749, 32.159258319216477 ], [ 35.242243118674466, 32.159722770519856 ], [ 35.241808800722161, 32.160738294026153 ], [ 35.241405883725733, 32.161683369448355 ], [ 35.241499880538179, 32.162193510736749 ], [ 35.241965740174066, 32.162681272279002 ], [ 35.242828776297145, 32.162395413148658 ], [ 35.244597832592191, 32.161766546501937 ], [ 35.24597962172264, 32.161315890867179 ], [ 35.248264703617842, 32.160655261746953 ] ] ] ] } },
{ "type": "Feature", "properties": { "VNAME": "EINAB", "Shape_Leng": 10433.8600744, "Shape_Area": 4049042.9559200001 }, "geometry": { "type": "MultiPolygon", "coordinates": [ [ [ [ 35.242243008088749, 32.159258319216477 ], [ 35.242075652697402, 32.157944570168702 ], [ 35.242598978788941, 32.157019906776057 ], [ 35.243148360696267, 32.156780193194678 ], [ 35.244922665719962, 32.156315825675911 ], [ 35.245005810588786, 32.155410239348569 ], [ 35.244890662761364, 32.154956837552248 ], [ 35.244687142598039, 32.154006740467231 ], [ 35.245272810494733, 32.15359952673812 ], [ 35.245597242734171, 32.1528610059108 ], [ 35.246094752819772, 32.152155488582608 ], [ 35.246722675498738, 32.151661846594287 ], [ 35.247188163485262, 32.151164323806491 ], [ 35.24809869989717, 32.150794160286175 ], [ 35.247501996903956, 32.149805960279096 ], [ 35.248197836778708, 32.149326882833527 ], [ 35.24881535588495, 32.148923602220229 ], [ 35.249673195120323, 32.148378503082569 ], [ 35.250939547445533, 32.147526274788582 ], [ 35.251111957612721, 32.146966305356727 ], [ 35.250777271058524, 32.146611524153592 ], [ 35.251536154353765, 32.146246287711783 ], [ 35.25178714119189, 32.145730020849705 ], [ 35.251834002311078, 32.144241121684367 ], [ 35.25270259232996, 32.144081363129295 ], [ 35.252362538192592, 32.143562090898328 ], [ 35.253011662567062, 32.143449067854874 ], [ 35.253466619400079, 32.143199717341524 ], [ 35.252974709743413, 32.142728246397759 ], [ 35.25255084676332, 32.142221734984027 ], [ 35.252153031683598, 32.141669664087374 ], [ 35.251614507413258, 32.141187732618079 ], [ 35.250285495116508, 32.14072663692442 ], [ 35.249443136580325, 32.140712306300323 ], [ 35.248700064833962, 32.140209203265705 ], [ 35.247695812473189, 32.139320678185129 ], [ 35.246753807761714, 32.138160488460024 ], [ 35.246251726511346, 32.137190885732473 ], [ 35.245717678529068, 32.136591612704223 ], [ 35.245194834234887, 32.136152214208018 ], [ 35.244849163496561, 32.135373727760872 ], [ 35.244075320655568, 32.134449519411746 ], [ 35.24364100768409, 32.13491942924724 ], [ 35.243358545532764, 32.135395657808743 ], [ 35.243018197648524, 32.135888700363346 ], [ 35.242782524172746, 32.136436248347721 ], [ 35.242568312945295, 32.137184079995201 ], [ 35.241840986414189, 32.136888075585716 ], [ 35.240580554239081, 32.136707492015155 ], [ 35.239790198498589, 32.136868034217372 ], [ 35.239334863399328, 32.136506331720497 ], [ 35.23902129381198, 32.136063201180178 ], [ 35.238798804036684, 32.134982650672058 ], [ 35.23861244707912, 32.134079583972728 ], [ 35.237650974072423, 32.133796716335965 ], [ 35.237530315202115, 32.134335456951696 ], [ 35.236960025718318, 32.136291309044886 ], [ 35.236028512751155, 32.136476871313455 ], [ 35.235798610946468, 32.136068336956029 ], [ 35.235348935364797, 32.135503597193818 ], [ 35.234172034924271, 32.134645070687512 ], [ 35.232623454264505, 32.133865239814902 ], [ 35.231456403413524, 32.136264486663883 ], [ 35.231518523248972, 32.136775201432449 ], [ 35.231660399133126, 32.137241670630331 ], [ 35.232177762485406, 32.139198598944475 ], [ 35.232674210217283, 32.141464790315226 ], [ 35.23281043316053, 32.143356287660275 ], [ 35.232019928948922, 32.143160562371136 ], [ 35.231366020422236, 32.14291505925349 ], [ 35.230785825078712, 32.14283962081506 ], [ 35.229615169506488, 32.142648318830631 ], [ 35.229676299276711, 32.143553615424949 ], [ 35.229780859466715, 32.144092884460449 ], [ 35.230088968370652, 32.144775122494217 ], [ 35.230303764709909, 32.14551537673907 ], [ 35.2323701798543, 32.145787810773214 ], [ 35.232029878284997, 32.146504035692004 ], [ 35.232312740226497, 32.147752627252054 ], [ 35.231621681035023, 32.148267607460355 ], [ 35.230700623283084, 32.148915163916385 ], [ 35.230245111776448, 32.149281684027208 ], [ 35.229230361300289, 32.149700899298587 ], [ 35.228989507155696, 32.150557403519791 ], [ 35.229606772203468, 32.151554354167004 ], [ 35.230344527987597, 32.1525739734928 ], [ 35.231160139845372, 32.153443418651072 ], [ 35.231850883024755, 32.154218099292748 ], [ 35.232311261256484, 32.154974308261416 ], [ 35.232902531892194, 32.155581643663979 ], [ 35.232483997640273, 32.15673214101097 ], [ 35.232625012467508, 32.157406047699666 ], [ 35.231908306966616, 32.15755172076129 ], [ 35.232044162417466, 32.158448922255481 ], [ 35.232232005243638, 32.159331686491335 ], [ 35.233121914384483, 32.159739856265325 ], [ 35.233812915630779, 32.159545023963418 ], [ 35.234749082158764, 32.159377423493126 ], [ 35.235664814852733, 32.159160572890841 ], [ 35.236811096272483, 32.159104235372126 ], [ 35.237668976581361, 32.159095822401817 ], [ 35.23837038351742, 32.159083414215786 ], [ 35.240128968694165, 32.15905678539503 ], [ 35.241076090038433, 32.159121176496534 ], [ 35.242243008088749, 32.159258319216477 ] ] ] ] } },
{ "type": "Feature", "properties": { "VNAME": "AQRABA", "Shape_Leng": 91934.989898400003, "Shape_Area": 146286427.07600001 }, "geometry": { "type": "MultiPolygon", "coordinates": [ [ [ [ 35.329370384820123, 32.15204492790464 ], [ 35.331012313465308, 32.151243611575097 ], [ 35.333587725349993, 32.150988707634525 ], [ 35.334921657672048, 32.150686770455401 ], [ 35.335758609738534, 32.150355681881578 ], [ 35.335814638634773, 32.149513684054206 ], [ 35.336249036607683, 32.149271189711115 ], [ 35.337381366118635, 32.150208463803637 ], [ 35.337868978486568, 32.15041589799123 ], [ 35.339345728273884, 32.15054415387511 ], [ 35.338855639006972, 32.149254582665364 ], [ 35.339236207070407, 32.148435893783251 ], [ 35.339475956176436, 32.147888109569713 ], [ 35.339919081992427, 32.147106590630742 ], [ 35.340430341849796, 32.146269702871408 ], [ 35.340057582119741, 32.145812157486553 ], [ 35.339523116508538, 32.145481602448513 ], [ 35.339589799350648, 32.144979848235749 ], [ 35.340129416952621, 32.145123184998717 ], [ 35.342566533246156, 32.146514240864065 ], [ 35.344493669199395, 32.144595968636395 ], [ 35.344780523976915, 32.144027004759906 ], [ 35.345241039739591, 32.143797519061216 ], [ 35.345958467530586, 32.143951050534291 ], [ 35.34664293562988, 32.143413043719534 ], [ 35.347060736949928, 32.143146018953615 ], [ 35.347535620090675, 32.142417996704374 ], [ 35.347723494655234, 32.142019959134693 ], [ 35.348225208321487, 32.141744607133766 ], [ 35.348515931160733, 32.14086218407499 ], [ 35.348981677322378, 32.140553672678855 ], [ 35.349551614935429, 32.140355958383203 ], [ 35.350400545913317, 32.140678381665644 ], [ 35.351053798525761, 32.140242378079257 ], [ 35.351382037490424, 32.139713221918697 ], [ 35.351679033026926, 32.13907641580839 ], [ 35.351270251003264, 32.13868720868841 ], [ 35.351111384875658, 32.138176118703349 ], [ 35.351345831610438, 32.137425493996368 ], [ 35.352039118993041, 32.136253764242987 ], [ 35.350411459946059, 32.136302049970929 ], [ 35.350388372843632, 32.135583261844417 ], [ 35.350474305320553, 32.134285292496919 ], [ 35.352337785980168, 32.134212324285919 ], [ 35.35234958115651, 32.134800553497818 ], [ 35.35225754359886, 32.135679294342701 ], [ 35.353026314753521, 32.13553874336526 ], [ 35.353722863476747, 32.135629498313676 ], [ 35.354244242937988, 32.13472923607506 ], [ 35.354849265818224, 32.133707928234998 ], [ 35.354591206560052, 32.133255056859007 ], [ 35.354956731604041, 32.132837915301316 ], [ 35.35554306298139, 32.132739073542439 ], [ 35.355643568006421, 32.133350450323221 ], [ 35.355635163318858, 32.134182539111542 ], [ 35.355475008944396, 32.135141466179583 ], [ 35.355325206376712, 32.135910805451005 ], [ 35.355143977599496, 32.136694266041637 ], [ 35.355275855572849, 32.137237413402062 ], [ 35.355601341891571, 32.137632662999003 ], [ 35.354481893436301, 32.137815837664519 ], [ 35.354394016771451, 32.138236823003936 ], [ 35.355164734443157, 32.138815430598079 ], [ 35.355855282762164, 32.138671803596374 ], [ 35.356667006547923, 32.138758145888282 ], [ 35.35791301453677, 32.138730420171875 ], [ 35.358341473289606, 32.138467665393577 ], [ 35.358983762571391, 32.137916843809215 ], [ 35.360044513997494, 32.137153058196468 ], [ 35.360765421294566, 32.136645854679841 ], [ 35.361623463451032, 32.136293909775723 ], [ 35.362119792732592, 32.136095260864359 ], [ 35.362543165460792, 32.135841605974704 ], [ 35.363337920376864, 32.135502106306653 ], [ 35.363724543215561, 32.135082299215625 ], [ 35.364341654580123, 32.134892659091228 ], [ 35.36483824189019, 32.134653409313358 ], [ 35.36573305147116, 32.13441799447871 ], [ 35.367009221711037, 32.13415062544717 ], [ 35.367927097082671, 32.132758170291865 ], [ 35.368494642007185, 32.133496060177585 ], [ 35.370188536777945, 32.132835319506007 ], [ 35.374445491070951, 32.131470400168169 ], [ 35.376563784804354, 32.130806116339329 ], [ 35.379393772747875, 32.130281728266311 ], [ 35.38057980646203, 32.131264953866385 ], [ 35.383082177957078, 32.131616906630533 ], [ 35.387760205714969, 32.129238080834661 ], [ 35.387868317506594, 32.12845596431162 ], [ 35.388934121735332, 32.127696356992608 ], [ 35.392588722424875, 32.128218002232884 ], [ 35.400768735548169, 32.127986406707883 ], [ 35.401280373188932, 32.127719676134269 ], [ 35.402597385970076, 32.127072420217011 ], [ 35.405657420272128, 32.126466433212492 ], [ 35.40593687900806, 32.128810344307844 ], [ 35.409010493833613, 32.129349321075054 ], [ 35.411623352944879, 32.129594883276035 ], [ 35.41159847658858, 32.130109397443498 ], [ 35.411398180214249, 32.131357718107772 ], [ 35.411232407333145, 32.131879415680274 ], [ 35.411077026440914, 32.132443760643334 ], [ 35.410596303067116, 32.132802366147864 ], [ 35.410581679804636, 32.133253557703618 ], [ 35.41074133937169, 32.134059891710308 ], [ 35.410504830818134, 32.135367515040535 ], [ 35.410693958630873, 32.135783252932846 ], [ 35.41054884769359, 32.13623467598709 ], [ 35.411047601178062, 32.136786549514696 ], [ 35.415342810561796, 32.137669554261258 ], [ 35.418427516591031, 32.138289237122486 ], [ 35.421310623175856, 32.135817237596356 ], [ 35.421966563330827, 32.135347010667999 ], [ 35.426950572548442, 32.130424574580999 ], [ 35.430137703748855, 32.127770702988308 ], [ 35.429953683366392, 32.130871945285591 ], [ 35.429820182684288, 32.131282582307868 ], [ 35.429379686469936, 32.131606669061213 ], [ 35.428420946656637, 32.133345277976886 ], [ 35.428511455772956, 32.134310729944183 ], [ 35.429725502120107, 32.13555445186126 ], [ 35.430538417149542, 32.136109233867074 ], [ 35.430816106650326, 32.136588617610265 ], [ 35.431316721800734, 32.137131353691174 ], [ 35.43204258709261, 32.137599875590979 ], [ 35.432702401931579, 32.137801360681308 ], [ 35.433199812989997, 32.138172807832056 ], [ 35.433445986620974, 32.138637018347517 ], [ 35.433629867732087, 32.139050566340757 ], [ 35.434272584676776, 32.139455283498364 ], [ 35.434864641226433, 32.139723446606233 ], [ 35.435597554340532, 32.139932534221252 ], [ 35.436200339195324, 32.140155402013903 ], [ 35.436796725916352, 32.140486601828329 ], [ 35.437428506803244, 32.140977182059558 ], [ 35.438216729626006, 32.14142191202604 ], [ 35.439012200198526, 32.141665848576892 ], [ 35.439892616712783, 32.141666909350256 ], [ 35.440941275171383, 32.141592567520796 ], [ 35.441732056528025, 32.141784723425623 ], [ 35.441962455810604, 32.142226662255005 ], [ 35.44224212631665, 32.143100524456145 ], [ 35.442623607449079, 32.14354406288971 ], [ 35.442886450234901, 32.143935774004426 ], [ 35.44343317125233, 32.144538445623127 ], [ 35.443909226451495, 32.145000438202196 ], [ 35.444426337881396, 32.145412042522054 ], [ 35.44469847414279, 32.145977165578373 ], [ 35.445319667386975, 32.146440860805662 ], [ 35.445896030600998, 32.146738588558712 ], [ 35.446485164393515, 32.147266021836295 ], [ 35.447002898686961, 32.147080149223122 ], [ 35.447737329173869, 32.147144849278561 ], [ 35.448423019646853, 32.147393096890518 ], [ 35.449035270104766, 32.147793818185733 ], [ 35.449240310597609, 32.148202424337178 ], [ 35.449558169018971, 32.148791456629134 ], [ 35.450064320055418, 32.149311462613682 ], [ 35.450493727909858, 32.149736012056707 ], [ 35.450513990492475, 32.150393930854968 ], [ 35.451153535220939, 32.150600226846905 ], [ 35.451949165686322, 32.150796727981991 ], [ 35.452865246749482, 32.151556759565487 ], [ 35.452870539704641, 32.152199195398374 ], [ 35.453458140726944, 32.152345609265396 ], [ 35.454355923072946, 32.152224487443945 ], [ 35.454903483357434, 32.152804534897939 ], [ 35.455222165051275, 32.1533484431624 ], [ 35.455681899604038, 32.153840018679588 ], [ 35.456600306700309, 32.154388061035782 ], [ 35.457621339790386, 32.1543907644024 ], [ 35.4579314818588, 32.154738695799828 ], [ 35.458728645992075, 32.15479309179689 ], [ 35.459231308363215, 32.155155307731377 ], [ 35.45973931292216, 32.155445277670232 ], [ 35.460643842089553, 32.155204484384335 ], [ 35.461144504747367, 32.155147399556597 ], [ 35.461790932202874, 32.155139326157588 ], [ 35.462443123320313, 32.154459304060673 ], [ 35.463216450251686, 32.154193997711616 ], [ 35.464027981914136, 32.154462254848077 ], [ 35.464957133649541, 32.154915337448799 ], [ 35.465170067055745, 32.154408429540389 ], [ 35.465821462447408, 32.153773499260218 ], [ 35.467606227654521, 32.152295812308182 ], [ 35.468514595732991, 32.151536361576447 ], [ 35.469381286680608, 32.150730375388733 ], [ 35.470137988445586, 32.149973872430415 ], [ 35.470868527291444, 32.149303548569293 ], [ 35.471497723593309, 32.148806545276685 ], [ 35.472023084689937, 32.148316073705864 ], [ 35.472516625010265, 32.147898367915779 ], [ 35.472881674111484, 32.147187833467996 ], [ 35.473152564480905, 32.146645965039788 ], [ 35.473560599794617, 32.145810594879919 ], [ 35.473836124465826, 32.145268634161219 ], [ 35.474193145083049, 32.144359862178788 ], [ 35.474711169188787, 32.143427642164049 ], [ 35.475432511762115, 32.141954877132299 ], [ 35.475862147272011, 32.14103791398319 ], [ 35.476248518669713, 32.140333718504714 ], [ 35.476856612740832, 32.139255445187239 ], [ 35.477691567896947, 32.137895423578243 ], [ 35.478044520024646, 32.137426335978553 ], [ 35.477564596084449, 32.134964823943136 ], [ 35.477058269605763, 32.131917657842749 ], [ 35.476828556927927, 32.130673174949763 ], [ 35.476689812572502, 32.123506619165468 ], [ 35.476622883489007, 32.122721114563397 ], [ 35.476580411938578, 32.122203410154889 ], [ 35.477577036368125, 32.120801899363158 ], [ 35.480188229938165, 32.116462716219054 ], [ 35.482634953644414, 32.112514487046674 ], [ 35.485408827485216, 32.107743658997833 ], [ 35.487374594495535, 32.10441349882862 ], [ 35.488100773622499, 32.103258455449534 ], [ 35.488688314573174, 32.1023631489564 ], [ 35.48935067128081, 32.101028996044306 ], [ 35.490438088458262, 32.098841047998079 ], [ 35.491468557725753, 32.09665420763249 ], [ 35.492556003708749, 32.094470749176857 ], [ 35.493112969398581, 32.09313640280179 ], [ 35.493815380672729, 32.091648135860581 ], [ 35.494745852150835, 32.090002073198391 ], [ 35.495358146288851, 32.088975485317178 ], [ 35.495676288026317, 32.088331194950186 ], [ 35.496099818232295, 32.087229418755349 ], [ 35.496447920629578, 32.086494365088285 ], [ 35.49640148401388, 32.085444683482741 ], [ 35.496268844021735, 32.084705576793056 ], [ 35.496334273465244, 32.083849837656231 ], [ 35.496374043394447, 32.082561742450288 ], [ 35.496396426593073, 32.08160765898117 ], [ 35.496340062212987, 32.080655122792848 ], [ 35.496231501501448, 32.079705868817612 ], [ 35.496097216013325, 32.078784177205705 ], [ 35.495893176019791, 32.077049992060282 ], [ 35.495856401843902, 32.076525415205715 ], [ 35.495791874373069, 32.075807509032892 ], [ 35.495797177609674, 32.075223490255667 ], [ 35.495908246810259, 32.074804219250495 ], [ 35.495447490196064, 32.073609406739379 ], [ 35.494945360484323, 32.073035386157819 ], [ 35.494462494014122, 32.072341498107932 ], [ 35.49383558668503, 32.071778951333215 ], [ 35.493444566764204, 32.071347027025354 ], [ 35.492874048049039, 32.070690923397059 ], [ 35.492229669315698, 32.069459125184146 ], [ 35.49151998793976, 32.067967089793953 ], [ 35.491182770591607, 32.067126035685199 ], [ 35.49075187897725, 32.066320636441873 ], [ 35.489831805950701, 32.065220498997405 ], [ 35.489390191711827, 32.064897763623122 ], [ 35.488645136354023, 32.064637363541351 ], [ 35.487785334676836, 32.06436792915548 ], [ 35.487152774712186, 32.064301442860938 ], [ 35.486531093500389, 32.063781593059197 ], [ 35.485532768931456, 32.063235300794084 ], [ 35.485106671912618, 32.062384699920912 ], [ 35.484699104325308, 32.061826819347033 ], [ 35.484212810924049, 32.061270477189467 ], [ 35.483746458270289, 32.06061904919342 ], [ 35.48344485168014, 32.060210140780335 ], [ 35.482417061933454, 32.059869561122994 ], [ 35.480603216753366, 32.058678651727 ], [ 35.47941464168342, 32.057897062773947 ], [ 35.47787910408006, 32.056887781332442 ], [ 35.475823915960348, 32.055602312248794 ], [ 35.47407371960572, 32.05458139142165 ], [ 35.470853895277607, 32.052854157309469 ], [ 35.468390818948791, 32.051504369003254 ], [ 35.466378288900685, 32.050344163023951 ], [ 35.464838574904462, 32.049415955649067 ], [ 35.464204046379834, 32.048630203450834 ], [ 35.463758754633609, 32.047942216055702 ], [ 35.464269587374275, 32.047224363650336 ], [ 35.464883818329284, 32.046908048990026 ], [ 35.46549588333469, 32.047029157144834 ], [ 35.466260532572612, 32.046597193958775 ], [ 35.466723485499308, 32.046389787224811 ], [ 35.467330487148097, 32.046445596864281 ], [ 35.468239193231739, 32.046400847102653 ], [ 35.46873980140294, 32.046314442546631 ], [ 35.469499191781964, 32.046500289394295 ], [ 35.47056593465841, 32.046549386683907 ], [ 35.471062905384585, 32.046623114214519 ], [ 35.471494271243792, 32.046373468892419 ], [ 35.471761255957986, 32.045842957480048 ], [ 35.472445174988572, 32.045732670638294 ], [ 35.473323976919119, 32.045880093852077 ], [ 35.474066429398967, 32.045879129939323 ], [ 35.475196181245693, 32.045467027373491 ], [ 35.475824343207712, 32.045547191404935 ], [ 35.476993013620913, 32.045891833217993 ], [ 35.477724095282547, 32.04586176132328 ], [ 35.478500393376613, 32.045643671724221 ], [ 35.479497183941731, 32.045455079531621 ], [ 35.479998767050787, 32.045454282099456 ], [ 35.48101506862703, 32.045179622429565 ], [ 35.48161852199798, 32.044858939043351 ], [ 35.482223477588846, 32.044741129043068 ], [ 35.482721245000079, 32.044330070045525 ], [ 35.482788870303906, 32.043722288247267 ], [ 35.483420908290569, 32.043162060406139 ], [ 35.484582138069555, 32.042203672605964 ], [ 35.485568407971336, 32.041480924065077 ], [ 35.486410563486153, 32.040984193018474 ], [ 35.487258154650952, 32.040566253500437 ], [ 35.487710253331855, 32.040327419874934 ], [ 35.487761523423352, 32.039654569248242 ], [ 35.487697477336226, 32.038974971221293 ], [ 35.487683127334726, 32.038542387371223 ], [ 35.48870372174558, 32.038136822551429 ], [ 35.489514460573275, 32.037654216537476 ], [ 35.490289221228601, 32.037309841187721 ], [ 35.490914967927289, 32.037155502122431 ], [ 35.491536303498975, 32.037132021962883 ], [ 35.492170598189006, 32.037293146194642 ], [ 35.492878519047288, 32.037558777002246 ], [ 35.49421762415426, 32.037212288018821 ], [ 35.495006130133554, 32.03710657976653 ], [ 35.495670462724462, 32.03722876958431 ], [ 35.496528487435064, 32.037320085559067 ], [ 35.497203995199563, 32.036903223018449 ], [ 35.497732171581795, 32.036446423158779 ], [ 35.498463443799153, 32.036377895651597 ], [ 35.499225069430018, 32.036306517631672 ], [ 35.500084560706107, 32.035964911678192 ], [ 35.50070857663944, 32.035675302253608 ], [ 35.501374347003889, 32.035339764653934 ], [ 35.502011702420916, 32.034810904941068 ], [ 35.50263244116087, 32.034158370125482 ], [ 35.503709203296076, 32.033656892194614 ], [ 35.504295738165439, 32.032720962643538 ], [ 35.50469580360641, 32.031935259986618 ], [ 35.505063671438897, 32.031619120567072 ], [ 35.505068254361802, 32.031010317534673 ], [ 35.504875356253045, 32.030486578174013 ], [ 35.505062289970681, 32.029795262295366 ], [ 35.505081388118072, 32.029233517974539 ], [ 35.505462351405662, 32.028718723797041 ], [ 35.506070405114841, 32.028695428783088 ], [ 35.50665713901342, 32.028715395025884 ], [ 35.507038624159968, 32.028389965604745 ], [ 35.507425367161026, 32.028014833150898 ], [ 35.508143759667611, 32.028059231467843 ], [ 35.50864128920476, 32.02798625801384 ], [ 35.508270279915116, 32.026900175525348 ], [ 35.508158053153018, 32.026302700927204 ], [ 35.508024831457483, 32.025881488548151 ], [ 35.508002400091812, 32.025446815060313 ], [ 35.507790214747381, 32.024749869211043 ], [ 35.508470653838309, 32.024495170231404 ], [ 35.509341126260914, 32.024658299244372 ], [ 35.509825104994661, 32.024986892239028 ], [ 35.510266373301668, 32.0252532056872 ], [ 35.511004804950261, 32.025062727874285 ], [ 35.511664276129991, 32.02483999425565 ], [ 35.512340544171678, 32.024844626502656 ], [ 35.51286015299047, 32.025120638251408 ], [ 35.513369378764189, 32.025331480785169 ], [ 35.513913617025175, 32.025104256658878 ], [ 35.51478340444735, 32.02485479057335 ], [ 35.51555141156939, 32.024343568720951 ], [ 35.515790719606514, 32.023804498978585 ], [ 35.51574686494763, 32.023313893873613 ], [ 35.516227272409914, 32.022857969666632 ], [ 35.516987174087937, 32.022824843331406 ], [ 35.517436010685586, 32.022376304104917 ], [ 35.517638673820237, 32.021973239600236 ], [ 35.517506206931635, 32.021484390535619 ], [ 35.517839237183239, 32.020986294680128 ], [ 35.518809169709868, 32.020989571040978 ], [ 35.521583982431224, 32.019550153660028 ], [ 35.522909002579318, 32.019282557235314 ], [ 35.524212538571618, 32.01979250336862 ], [ 35.525070556477083, 32.019790388985044 ], [ 35.525827118925136, 32.019751698948873 ], [ 35.526497463664782, 32.019786859854811 ], [ 35.526843695271403, 32.019878057739746 ], [ 35.52706014547767, 32.019951162100739 ], [ 35.527677005787503, 32.020162347343025 ], [ 35.528085238580161, 32.020186157706227 ], [ 35.528444754750389, 32.020168713299086 ], [ 35.52859045348751, 32.020151792598625 ], [ 35.5287263888317, 32.020118356936393 ], [ 35.528862220721415, 32.020051806976376 ], [ 35.529007417032282, 32.019885935329384 ], [ 35.529006875757496, 32.019728697334109 ], [ 35.528986929021237, 32.019579786424536 ], [ 35.528928075412438, 32.019422694101728 ], [ 35.528888638033166, 32.019257283666335 ], [ 35.528878493954785, 32.01913317503643 ], [ 35.528907046693789, 32.018959307143433 ], [ 35.528935542409187, 32.018768900209636 ], [ 35.52899322768728, 32.018586689923197 ], [ 35.529041128329986, 32.018387955865862 ], [ 35.529137338543656, 32.018106342040987 ], [ 35.529175646427177, 32.017940737301366 ], [ 35.529184622178541, 32.017725543264653 ], [ 35.529184052166158, 32.017560035701884 ], [ 35.529154588358381, 32.017469071746923 ], [ 35.529076530278466, 32.017378229236293 ], [ 35.528901095095954, 32.017229715764174 ], [ 35.528609134564348, 32.017106301644006 ], [ 35.528394986558823, 32.016999259057776 ], [ 35.528200375491046, 32.016925263809689 ], [ 35.528073820558745, 32.0168593683266 ], [ 35.527956925726428, 32.016776900463434 ], [ 35.527684174367536, 32.016587243568999 ], [ 35.526878174736844, 32.016349915299266 ], [ 35.526033898582078, 32.016020610920378 ], [ 35.525232688902129, 32.015635958746344 ], [ 35.524777635862186, 32.015324090362803 ], [ 35.524409362307516, 32.015104063386417 ], [ 35.524020038466411, 32.015049785567854 ], [ 35.523673963062876, 32.014995409340493 ], [ 35.523219592181363, 32.014886052994953 ], [ 35.523179923700063, 32.014849112972435 ], [ 35.523179733028449, 32.014849068349584 ], [ 35.523179382158808, 32.014848600269168 ], [ 35.523002721813313, 32.01468406539108 ], [ 35.523001665016594, 32.014371076930509 ], [ 35.52303342483971, 32.014294642860293 ], [ 35.523033220447019, 32.014234113899903 ], [ 35.52306829235625, 32.014210734178867 ], [ 35.523108881815425, 32.014113058860303 ], [ 35.523692025186861, 32.013945920165362 ], [ 35.524275530409035, 32.013889258600585 ], [ 35.525032044696665, 32.013850564557821 ], [ 35.525615872503366, 32.013885952757953 ], [ 35.526069791238811, 32.01386641504358 ], [ 35.526328646778552, 32.013700075551561 ], [ 35.526543636008562, 32.013349730834832 ], [ 35.526607301426793, 32.012999761035246 ], [ 35.52667045263388, 32.012502499880299 ], [ 35.526755918468268, 32.012207711746441 ], [ 35.526863007012061, 32.011912869889606 ], [ 35.526927100278428, 32.0116917764419 ], [ 35.527013005239453, 32.01152585564288 ], [ 35.527142082610609, 32.01134143064435 ], [ 35.52727153748063, 32.011267458248362 ], [ 35.527595683692439, 32.011229831549656 ], [ 35.528006795466624, 32.011339280074424 ], [ 35.528376752155054, 32.011308571400619 ], [ 35.528478974157245, 32.011502918023453 ], [ 35.528580959490505, 32.011625192509577 ], [ 35.528775996428479, 32.011740029179002 ], [ 35.528936962823515, 32.011790074457842 ], [ 35.529081005516524, 32.011840170841765 ], [ 35.529199533111324, 32.011854294531588 ], [ 35.529292431886994, 32.011796400549308 ], [ 35.529393599110961, 32.011680824102008 ], [ 35.529410051144275, 32.011543843137488 ], [ 35.529409355764535, 32.011342028867681 ], [ 35.529391736612276, 32.011140256924868 ], [ 35.52934885080758, 32.010974593506937 ], [ 35.52930601479683, 32.010823340866736 ], [ 35.52919528925699, 32.010621801671526 ], [ 35.528974601196744, 32.010427751588452 ], [ 35.528669189916869, 32.010212287173651 ], [ 35.528287618713975, 32.009997011869629 ], [ 35.528007675213914, 32.009803098739567 ], [ 35.527699858424164, 32.008881304159054 ], [ 35.527970219044057, 32.008750887801874 ], [ 35.528232048336164, 32.008598875739011 ], [ 35.528468426461792, 32.008432515684667 ], [ 35.528646952335876, 32.008241319420037 ], [ 35.528673046594236, 32.008209005567984 ], [ 35.528737793572184, 32.008013809463655 ], [ 35.528694613111675, 32.00776164482243 ], [ 35.528448359152051, 32.007517201217887 ], [ 35.528134650971502, 32.007345006892031 ], [ 35.527651667538997, 32.007166009459041 ], [ 35.527393927827347, 32.007055574321072 ], [ 35.527036109387396, 32.007090335151169 ], [ 35.526771241274766, 32.0071700361285 ], [ 35.526493419825229, 32.007340084976114 ], [ 35.52621571290085, 32.007544013949854 ], [ 35.525924918533107, 32.007793128339529 ], [ 35.52560724356978, 32.007940692497229 ], [ 35.525408196102802, 32.007884739949063 ], [ 35.525155664476245, 32.007693413048059 ], [ 35.525114778585888, 32.007366075568008 ], [ 35.525259572735429, 32.007060861158244 ], [ 35.525404509002513, 32.006800817913678 ], [ 35.525695515007911, 32.006608148487395 ], [ 35.525920340595604, 32.006449523151026 ], [ 35.52622458427328, 32.006256819761184 ], [ 35.526462630562257, 32.006086870055135 ], [ 35.526607842336922, 32.00590585040166 ], [ 35.52666017098263, 32.005702479585459 ], [ 35.526659708293344, 32.005566992692543 ], [ 35.526380322553344, 32.005274118692483 ], [ 35.526074686315695, 32.005060343727699 ], [ 35.52578285063408, 32.005004612312653 ], [ 35.525438328216076, 32.005050626413322 ], [ 35.525252970146624, 32.005118828129667 ], [ 35.525054734566829, 32.005299977076746 ], [ 35.524803399076717, 32.005458675269011 ], [ 35.52457865057368, 32.005639879800938 ], [ 35.52411499969913, 32.005742637049373 ], [ 35.523809683432212, 32.00561919023221 ], [ 35.523689689881522, 32.005416243906176 ], [ 35.523689231566316, 32.00528075696861 ], [ 35.523794976889995, 32.00496682933548 ], [ 35.523978724305152, 32.004647749904137 ], [ 35.524203127294022, 32.004364931201351 ], [ 35.524533812571939, 32.00414958541522 ], [ 35.524997175904417, 32.003967783618414 ], [ 35.525116145094714, 32.003865874071678 ], [ 35.525234730193013, 32.003651049601473 ], [ 35.525313801650597, 32.00351536631559 ], [ 35.525374102012961, 32.003411887915142 ], [ 35.456474963265023, 31.995000691654859 ], [ 35.455086236789228, 31.995007290678554 ], [ 35.454059399110974, 31.994993354000474 ], [ 35.453331221463912, 31.995043510669756 ], [ 35.452428024258111, 31.994456763473597 ], [ 35.451829142219005, 31.994071549912203 ], [ 35.450896003544557, 31.993900206158735 ], [ 35.450245080447075, 31.993646747975461 ], [ 35.449610275188938, 31.993203586523997 ], [ 35.448409556283671, 31.993041905491204 ], [ 35.447764182218677, 31.992747743292561 ], [ 35.446943452288664, 31.991852743376697 ], [ 35.446684868285267, 31.991255769017869 ], [ 35.446116842876599, 31.990536258293986 ], [ 35.445492214630988, 31.990201103661871 ], [ 35.44443794481689, 31.98989902734283 ], [ 35.443581683556886, 31.989133192154814 ], [ 35.442620839443023, 31.988612871090581 ], [ 35.442262898830023, 31.988107980849346 ], [ 35.43600079877173, 31.989612709176001 ], [ 35.434349771123301, 31.989351316460635 ], [ 35.433615644680728, 31.989324824213799 ], [ 35.43284112978759, 31.989497500934515 ], [ 35.432383653278123, 31.989053105405244 ], [ 35.432102785146427, 31.988134127939208 ], [ 35.431327786101079, 31.988162514691407 ], [ 35.430593465193084, 31.987978187409684 ], [ 35.427296305553121, 31.99295853672885 ], [ 35.425689521967136, 32.004271102189691 ], [ 35.425134482580319, 32.008109956929644 ], [ 35.425981270336379, 32.018101736851143 ], [ 35.425231722717868, 32.031000856598048 ], [ 35.425588966683186, 32.041333388410287 ], [ 35.420753890538968, 32.042947676969163 ], [ 35.41976031368803, 32.043212393012425 ], [ 35.41927492353976, 32.044003992223473 ], [ 35.419121830189802, 32.045479141169757 ], [ 35.41902731522778, 32.046614987837799 ], [ 35.419791003241741, 32.047017496535162 ], [ 35.420398904231725, 32.047233591401017 ], [ 35.420963045396888, 32.047220560908521 ], [ 35.4216615917762, 32.046984009075587 ], [ 35.422235843616988, 32.046952739684222 ], [ 35.423918408733464, 32.046916058504955 ], [ 35.424606750284632, 32.046794668406328 ], [ 35.425514700640292, 32.046619472922721 ], [ 35.42611823943021, 32.046344134422924 ], [ 35.427284824097931, 32.045864120099267 ], [ 35.427965043106354, 32.04593675861021 ], [ 35.428676766632499, 32.046024571188042 ], [ 35.429323836067283, 32.045944528810026 ], [ 35.430054360366697, 32.045842597083549 ], [ 35.431238601551826, 32.04558089791108 ], [ 35.431988689498027, 32.045918209976108 ], [ 35.432793272261314, 32.046464146164546 ], [ 35.434377537077012, 32.047164184135696 ], [ 35.436084043558111, 32.048680257383495 ], [ 35.436125025407165, 32.049177721182801 ], [ 35.435952412366085, 32.049755949409501 ], [ 35.435577066261381, 32.050450795927297 ], [ 35.43494873951088, 32.051463892149471 ], [ 35.434792622156131, 32.052116200125717 ], [ 35.435392597435857, 32.052654776957482 ], [ 35.43606293812519, 32.052752360222613 ], [ 35.436583717452478, 32.052600305172838 ], [ 35.437152238159143, 32.052451842603304 ], [ 35.437291500079915, 32.052861746087764 ], [ 35.437623716734443, 32.053734627516029 ], [ 35.437672015265079, 32.05448220247392 ], [ 35.437345103176845, 32.055356490154971 ], [ 35.437098408651011, 32.055836941886305 ], [ 35.436921748718483, 32.056512194360131 ], [ 35.436534081999923, 32.057017901984949 ], [ 35.436030090820964, 32.057329700160835 ], [ 35.435849230716684, 32.058171864723917 ], [ 35.435976649728822, 32.058983301313425 ], [ 35.435906376316851, 32.059852649188272 ], [ 35.435667215684553, 32.061191937362793 ], [ 35.435576234624143, 32.062178916746973 ], [ 35.435600132692933, 32.06310507401092 ], [ 35.435314101251237, 32.063800455291101 ], [ 35.43549059121181, 32.06429080760028 ], [ 35.435680380653338, 32.065058206799783 ], [ 35.435666527802368, 32.065858835825914 ], [ 35.435886959155859, 32.066508413737388 ], [ 35.436057628978013, 32.066953784254061 ], [ 35.436155323248656, 32.067916847381376 ], [ 35.436532193657229, 32.068599477945476 ], [ 35.436306754105736, 32.069108837524603 ], [ 35.435596645382567, 32.069787581641393 ], [ 35.435068186376071, 32.070302757596757 ], [ 35.435217199231523, 32.071179157429462 ], [ 35.435552153980218, 32.071803986538377 ], [ 35.435702745291088, 32.07229032543561 ], [ 35.435713475258048, 32.07286953530491 ], [ 35.435397635552583, 32.073265641587078 ], [ 35.434814118859236, 32.0734775103262 ], [ 35.433865194822914, 32.073739245907177 ], [ 35.433371694040652, 32.074050834243856 ], [ 35.432759635943867, 32.074660042112846 ], [ 35.432296220417612, 32.074858325308853 ], [ 35.431522957399395, 32.074855139676082 ], [ 35.430848820565146, 32.074870337358675 ], [ 35.430098223540725, 32.075148520840905 ], [ 35.428797409878719, 32.075872384685809 ], [ 35.428012625792931, 32.075734125171124 ], [ 35.427103047355082, 32.080515393184555 ], [ 35.426406337221792, 32.082758483147408 ], [ 35.425656556653351, 32.083070447389304 ], [ 35.42439105680355, 32.083683112855574 ], [ 35.423482249717509, 32.084340802242295 ], [ 35.423590939703814, 32.084796391958697 ], [ 35.423367074760677, 32.085495076385513 ], [ 35.423179715088104, 32.086247167401574 ], [ 35.422795593480615, 32.086543102071211 ], [ 35.422199739372026, 32.086592825078412 ], [ 35.42108794817976, 32.086760631795833 ], [ 35.420280347664878, 32.087317165231831 ], [ 35.419668258420231, 32.087680567945718 ], [ 35.418997510709417, 32.087526546157108 ], [ 35.418317244904173, 32.08791605264085 ], [ 35.41778296152247, 32.087840583671493 ], [ 35.417111631022195, 32.087614417662863 ], [ 35.4159539408802, 32.087548587577992 ], [ 35.415372289504823, 32.087534885972865 ], [ 35.414917511429657, 32.087838909118432 ], [ 35.414010437620554, 32.087585652996289 ], [ 35.413115410390994, 32.087940898607137 ], [ 35.412571032634602, 32.087985092864145 ], [ 35.411890233531778, 32.088279876466459 ], [ 35.411262063283239, 32.088285077033177 ], [ 35.410691202035196, 32.088354564340555 ], [ 35.410146480698103, 32.088486683489648 ], [ 35.409199824393696, 32.089070589081942 ], [ 35.408369642621381, 32.090157296457839 ], [ 35.407617852701037, 32.091179380388333 ], [ 35.406772378654914, 32.092315961265427 ], [ 35.406133730829389, 32.092679808265082 ], [ 35.405170594823893, 32.092864949962568 ], [ 35.404920787628768, 32.09353929218711 ], [ 35.404313928776055, 32.09380333327578 ], [ 35.403821373738459, 32.093956971251671 ], [ 35.403261239673441, 32.093906730745175 ], [ 35.402476385562942, 32.094352248622172 ], [ 35.402294813317724, 32.095079409737345 ], [ 35.401735208841039, 32.095606314834768 ], [ 35.401319036066091, 32.096579160574038 ], [ 35.400665543996553, 32.097389664347517 ], [ 35.399908191334028, 32.098078133648535 ], [ 35.399936283043139, 32.098873453725126 ], [ 35.399929593159285, 32.100465296029995 ], [ 35.399799901361746, 32.101202737682804 ], [ 35.399186108713927, 32.102722666282794 ], [ 35.399103639736623, 32.103569687153652 ], [ 35.398506532281822, 32.103475039680042 ], [ 35.397320888999488, 32.103006003185968 ], [ 35.396476311868398, 32.102386210420917 ], [ 35.395259161861482, 32.101926777480948 ], [ 35.394069496124423, 32.101606585486927 ], [ 35.392816434384493, 32.101368753091442 ], [ 35.391432307059034, 32.100980069285669 ], [ 35.390892807331248, 32.100859494691719 ], [ 35.390258294201523, 32.098515461744327 ], [ 35.3894072969536, 32.095332312603361 ], [ 35.384569506042666, 32.094377409661689 ], [ 35.384185702591154, 32.093825505614809 ], [ 35.382188761181617, 32.093315230601902 ], [ 35.379111560450106, 32.092534396335495 ], [ 35.374436199925896, 32.091424989515069 ], [ 35.37370775618183, 32.091240239748245 ], [ 35.372568201248768, 32.092594059097451 ], [ 35.371005364792552, 32.091712487983756 ], [ 35.369437461875663, 32.090941464757407 ], [ 35.367816728481344, 32.090072208423123 ], [ 35.366473792541782, 32.089396137972138 ], [ 35.364152659051612, 32.091662516562359 ], [ 35.362668138005226, 32.093175991214608 ], [ 35.361773994127127, 32.094013346797176 ], [ 35.361483557097259, 32.095488750237998 ], [ 35.361309843189879, 32.097640601425681 ], [ 35.361175849764194, 32.09884028234427 ], [ 35.36062745585901, 32.099632844096021 ], [ 35.360011387098986, 32.100780639068795 ], [ 35.358921495455377, 32.100550694268271 ], [ 35.358177879141564, 32.100936560411718 ], [ 35.357271679733756, 32.100897066398488 ], [ 35.356270356512816, 32.100737599298803 ], [ 35.355274884387867, 32.1006253630621 ], [ 35.353907708294194, 32.100736461178371 ], [ 35.352922207437565, 32.100754785223714 ], [ 35.351879779495057, 32.100722302813352 ], [ 35.351361265070047, 32.101004732233122 ], [ 35.350465216038948, 32.100922171423058 ], [ 35.350693256482707, 32.102378909240947 ], [ 35.35007099413707, 32.102877455386015 ], [ 35.34890320941188, 32.103122334951635 ], [ 35.34852453365837, 32.102272614932886 ], [ 35.346282722042467, 32.102751576215162 ], [ 35.345046416887712, 32.102984165192268 ], [ 35.345168911416742, 32.103838637942502 ], [ 35.343870284954889, 32.104354185080446 ], [ 35.342655129046641, 32.104793782332678 ], [ 35.341990274911744, 32.104975178016552 ], [ 35.341446315081882, 32.105456449088734 ], [ 35.340760303863775, 32.105613430115135 ], [ 35.340378375027562, 32.106035337598748 ], [ 35.339430188474203, 32.106194903369953 ], [ 35.339342371225747, 32.106931528869062 ], [ 35.339516738067573, 32.107796316191006 ], [ 35.338642600507491, 32.108315250434963 ], [ 35.338040368192466, 32.108330883843301 ], [ 35.337510465352473, 32.10819637405011 ], [ 35.335965560060245, 32.108614941602511 ], [ 35.335337758260067, 32.10887453338497 ], [ 35.335255032142534, 32.109838765398351 ], [ 35.33457356069956, 32.109603334861092 ], [ 35.334101214984571, 32.109050653136109 ], [ 35.333486752164418, 32.108507349367883 ], [ 35.332396281077216, 32.107943510739993 ], [ 35.331311142415032, 32.107510319628972 ], [ 35.330576430966211, 32.107237519862743 ], [ 35.3299851827705, 32.10732055041003 ], [ 35.329734502062863, 32.107931654735502 ], [ 35.329007536414842, 32.108772464047497 ], [ 35.328447314250688, 32.109242710213067 ], [ 35.327817507668037, 32.10830285296602 ], [ 35.32578367991217, 32.108062922287232 ], [ 35.324851417754125, 32.10819954905979 ], [ 35.324516259921772, 32.108588983323273 ], [ 35.323688963502818, 32.108660542544975 ], [ 35.322869443471951, 32.107706101153504 ], [ 35.322223919172508, 32.107005495501653 ], [ 35.321523198823634, 32.107969786028058 ], [ 35.320222992366702, 32.107567509081505 ], [ 35.318634477324863, 32.109276299149997 ], [ 35.318314429245049, 32.110159196912221 ], [ 35.317598152956414, 32.110929861697699 ], [ 35.31682446661106, 32.111866158533488 ], [ 35.315630616788994, 32.112713191850247 ], [ 35.316406183728866, 32.116096697136378 ], [ 35.315452500017471, 32.115992392437072 ], [ 35.314961311452038, 32.116997920985938 ], [ 35.315663542980978, 32.116874595473206 ], [ 35.316387059886431, 32.117384420468042 ], [ 35.317801026719543, 32.120997463263862 ], [ 35.317985090497878, 32.121492361331853 ], [ 35.31839488108912, 32.122034973351603 ], [ 35.319003108894997, 32.122619043637151 ], [ 35.319108732894705, 32.123049996433615 ], [ 35.319742632118881, 32.123574973508845 ], [ 35.319759221016376, 32.124021079448283 ], [ 35.320581116593623, 32.123913568725669 ], [ 35.321235362271075, 32.124221728303802 ], [ 35.322854443391613, 32.124834573536276 ], [ 35.322813720250707, 32.12534486503349 ], [ 35.322718101779145, 32.127373499841063 ], [ 35.322426263293842, 32.128037198718197 ], [ 35.322547850645805, 32.131213947723751 ], [ 35.323025956276446, 32.13274957111507 ], [ 35.323540783693154, 32.13291146955634 ], [ 35.324509626936326, 32.133110108557283 ], [ 35.324624945268646, 32.133921903590462 ], [ 35.323710441924959, 32.133907139242602 ], [ 35.323753147076978, 32.134598509812967 ], [ 35.323760283716219, 32.135245453060435 ], [ 35.324373241208121, 32.135671578248868 ], [ 35.324493447861613, 32.136440443182579 ], [ 35.325593733133665, 32.136178986207781 ], [ 35.326133012601034, 32.136024772100505 ], [ 35.326958909851705, 32.135732275835807 ], [ 35.327754144908901, 32.135510223556153 ], [ 35.328408160760723, 32.135335856920634 ], [ 35.329324266652335, 32.135100300972631 ], [ 35.328671572944771, 32.135978073062113 ], [ 35.327311460701132, 32.136284928513291 ], [ 35.325156417724273, 32.137061804247558 ], [ 35.323315365879822, 32.138101169437242 ], [ 35.323065648356689, 32.138624313674384 ], [ 35.323082987286703, 32.13964758548456 ], [ 35.323305213956111, 32.140547591026696 ], [ 35.323416233516028, 32.141163312344844 ], [ 35.324692562619695, 32.145824902961635 ], [ 35.324677859799458, 32.1462896204986 ], [ 35.324322956427359, 32.146949969124421 ], [ 35.323808808210039, 32.148801422781226 ], [ 35.32493618217093, 32.149653232472239 ], [ 35.326512893227687, 32.150300613351497 ], [ 35.326886302568639, 32.150681536175071 ], [ 35.326200142853487, 32.150951180298236 ], [ 35.325060021780978, 32.15129455172783 ], [ 35.323810260742007, 32.152095346090135 ], [ 35.325736418965704, 32.151866053939372 ], [ 35.326909017927392, 32.151966230959161 ], [ 35.327411730889686, 32.152038151906751 ], [ 35.328481379976971, 32.152101885428131 ], [ 35.329370384820123, 32.15204492790464 ] ] ] ] } },
{ "type": "Feature", "properties": { "VNAME": "BEITA", "Shape_Leng": 29074.4422423, "Shape_Area": 17705643.352600001 }, "geometry": { "type": "MultiPolygon", "coordinates": [ [ [ [ 35.323808808210039, 32.148801422781226 ], [ 35.324322956427359, 32.146949969124421 ], [ 35.324677859799458, 32.1462896204986 ], [ 35.324692562619695, 32.145824902961635 ], [ 35.323416233516028, 32.141163312344844 ], [ 35.323305213956111, 32.140547591026696 ], [ 35.323082987286703, 32.13964758548456 ], [ 35.323065648356689, 32.138624313674384 ], [ 35.323315365879822, 32.138101169437242 ], [ 35.325156417724273, 32.137061804247558 ], [ 35.327311460701132, 32.136284928513291 ], [ 35.328671572944771, 32.135978073062113 ], [ 35.329324266652335, 32.135100300972631 ], [ 35.328408160760723, 32.135335856920634 ], [ 35.327754144908901, 32.135510223556153 ], [ 35.326958909851705, 32.135732275835807 ], [ 35.326133012601034, 32.136024772100505 ], [ 35.325593733133665, 32.136178986207781 ], [ 35.324493447861613, 32.136440443182579 ], [ 35.324373241208121, 32.135671578248868 ], [ 35.323760283716219, 32.135245453060435 ], [ 35.323753147076978, 32.134598509812967 ], [ 35.323710441924959, 32.133907139242602 ], [ 35.324624945268646, 32.133921903590462 ], [ 35.324509626936326, 32.133110108557283 ], [ 35.323540783693154, 32.13291146955634 ], [ 35.323025956276446, 32.13274957111507 ], [ 35.321818020004066, 32.132525995107024 ], [ 35.321136999774048, 32.132470852483728 ], [ 35.320989832745767, 32.131995569333185 ], [ 35.320429544177472, 32.132026143089234 ], [ 35.31947241759061, 32.135062599311155 ], [ 35.319056633136604, 32.13643199713696 ], [ 35.322834517959954, 32.135805804647092 ], [ 35.323110599220762, 32.13760215941285 ], [ 35.322127493645546, 32.138122985081736 ], [ 35.320908273751385, 32.138397869813282 ], [ 35.320244342028666, 32.138705401561793 ], [ 35.319694658214637, 32.1389206420371 ], [ 35.319619889605242, 32.138139668160186 ], [ 35.319242179867189, 32.137664110113313 ], [ 35.319099530163676, 32.13705347959533 ], [ 35.318575817241197, 32.137038275079142 ], [ 35.317774890002269, 32.136408139098151 ], [ 35.317772342075301, 32.135522125228327 ], [ 35.317168827102812, 32.134735051766562 ], [ 35.317161790313904, 32.133801778147564 ], [ 35.317312361972263, 32.133260168583021 ], [ 35.317005560980228, 32.131448584846659 ], [ 35.31674657384162, 32.130217799596984 ], [ 35.316520018071387, 32.129457644438737 ], [ 35.316074206258243, 32.129168191437536 ], [ 35.315104218351017, 32.131018933550237 ], [ 35.312558599399999, 32.131516409375095 ], [ 35.311276800208155, 32.131855477271166 ], [ 35.310754137115339, 32.131959709737799 ], [ 35.310581013492289, 32.131529993451615 ], [ 35.312757055017514, 32.130849931060986 ], [ 35.313379292169969, 32.130597309959903 ], [ 35.313677071128133, 32.130034980460778 ], [ 35.3128399764704, 32.129831581488126 ], [ 35.312160075330389, 32.1298462699868 ], [ 35.311688774746891, 32.129622652978107 ], [ 35.310721741923317, 32.130307676700085 ], [ 35.309754067699245, 32.130573357268723 ], [ 35.309163335967355, 32.130683335044161 ], [ 35.30865529060496, 32.129921532644872 ], [ 35.308434715493476, 32.129080079234306 ], [ 35.308365973042697, 32.128165960241091 ], [ 35.308402119039187, 32.127155241796245 ], [ 35.308433263526112, 32.126498582269299 ], [ 35.308223466337473, 32.125900425196498 ], [ 35.307972236649896, 32.125393218486039 ], [ 35.307448967355796, 32.125208862125092 ], [ 35.306904918928005, 32.125198485228026 ], [ 35.306647916131347, 32.124777050267092 ], [ 35.306166359455005, 32.124434112096807 ], [ 35.304058134890504, 32.124224504829165 ], [ 35.301919286111627, 32.124536241406517 ], [ 35.301369673100702, 32.124541725352195 ], [ 35.300716021597133, 32.124386768529639 ], [ 35.300914165424814, 32.123019123021564 ], [ 35.301656866180409, 32.122579495553701 ], [ 35.30221070681489, 32.12229435931782 ], [ 35.30257649240108, 32.121879622297953 ], [ 35.304062335453573, 32.122073529743247 ], [ 35.303512371198401, 32.121010345520681 ], [ 35.302439794093495, 32.120524828939246 ], [ 35.301244058067965, 32.120436100795139 ], [ 35.29998378829054, 32.120256098932451 ], [ 35.29917539076726, 32.120162563741673 ], [ 35.297515019803555, 32.119478011268768 ], [ 35.296458788064058, 32.118956072243911 ], [ 35.295974154087006, 32.118486881016942 ], [ 35.294578404284408, 32.118000402057739 ], [ 35.294390278434292, 32.118686956780429 ], [ 35.294258241088578, 32.119259766790258 ], [ 35.293481539958989, 32.119188169549879 ], [ 35.292885807648048, 32.118937435842341 ], [ 35.291351495032529, 32.118974243183906 ], [ 35.290453379676528, 32.119132536102981 ], [ 35.289825829187919, 32.119225059878048 ], [ 35.289325068228351, 32.118693006633855 ], [ 35.289319444190454, 32.118016722981686 ], [ 35.289088256961023, 32.117617330155532 ], [ 35.288634250938742, 32.117100215478004 ], [ 35.288121605891149, 32.117152314755828 ], [ 35.286732529864267, 32.118045454736944 ], [ 35.286673602559695, 32.118630469284618 ], [ 35.285860035243573, 32.118859353889697 ], [ 35.285580797540256, 32.119401002210772 ], [ 35.284566162196548, 32.119482451511757 ], [ 35.282826585819912, 32.119495799042724 ], [ 35.28231934348107, 32.119180280011051 ], [ 35.281818677789914, 32.119022471154494 ], [ 35.281231590950576, 32.11933065870479 ], [ 35.280719405120188, 32.119055807141486 ], [ 35.280306520167848, 32.118779168571749 ], [ 35.279163720852956, 32.118393916819514 ], [ 35.27853489546581, 32.119367967257318 ], [ 35.277188793705157, 32.11973038762833 ], [ 35.276546901390574, 32.119886240508002 ], [ 35.275766123828994, 32.119516987700962 ], [ 35.274965702073679, 32.118275554585267 ], [ 35.274318891835996, 32.118420198282983 ], [ 35.273431864806305, 32.118652583230372 ], [ 35.271032290390082, 32.118972987472645 ], [ 35.270077045015647, 32.119179507999171 ], [ 35.270025833839405, 32.119919945533589 ], [ 35.269548526345908, 32.120196808301856 ], [ 35.269003953164955, 32.120190795789455 ], [ 35.268308835903582, 32.119668909930766 ], [ 35.26763468548392, 32.119110560240969 ], [ 35.266700811878188, 32.118333659649501 ], [ 35.266042005791874, 32.11772543417743 ], [ 35.266642041136144, 32.116921050477671 ], [ 35.265423238515183, 32.117021786863013 ], [ 35.261678606195794, 32.116432656481201 ], [ 35.256777754880559, 32.118538048386753 ], [ 35.25650173720576, 32.119298273104071 ], [ 35.255541687299171, 32.121114597509241 ], [ 35.255549318797108, 32.122124538810425 ], [ 35.25534331807107, 32.123093196582431 ], [ 35.255536809429472, 32.123500094544951 ], [ 35.255746094965176, 32.125760031607129 ], [ 35.256206503405807, 32.126004340798758 ], [ 35.25830405149204, 32.126803398255504 ], [ 35.2597948615633, 32.126875990148285 ], [ 35.263038345451754, 32.128290307468824 ], [ 35.263305007664421, 32.128815371539829 ], [ 35.263839337291763, 32.131836044827175 ], [ 35.263635357935101, 32.132588237024095 ], [ 35.263097193126185, 32.132764711542173 ], [ 35.262458546425691, 32.132922682819135 ], [ 35.261203318396454, 32.13348848644479 ], [ 35.261350160173414, 32.134660523617953 ], [ 35.260251382384055, 32.13461477442052 ], [ 35.260329786623423, 32.136665099618355 ], [ 35.260915753254594, 32.136679429940877 ], [ 35.261836974484908, 32.137206325345048 ], [ 35.266435741348594, 32.138706784054449 ], [ 35.266508873812377, 32.139440482132329 ], [ 35.265745613347214, 32.139463172593466 ], [ 35.265975370094914, 32.140663033606927 ], [ 35.266608477728944, 32.140681005822771 ], [ 35.266666458076372, 32.141257148101687 ], [ 35.267063924689154, 32.141845254425149 ], [ 35.267404316062233, 32.142321642732014 ], [ 35.267990276231544, 32.142629042335095 ], [ 35.267624602576845, 32.143325516814073 ], [ 35.267572463914064, 32.143761594535164 ], [ 35.26737878851155, 32.144421163281983 ], [ 35.267326944192291, 32.146367831104271 ], [ 35.268137803987649, 32.145830229315493 ], [ 35.268263896811177, 32.146989099070147 ], [ 35.267651964572373, 32.147266112489135 ], [ 35.267131392666585, 32.147674511025031 ], [ 35.268211434956953, 32.147812976394768 ], [ 35.268865630931188, 32.14769077073975 ], [ 35.269697523145673, 32.14757438769977 ], [ 35.270131801647523, 32.14726673083225 ], [ 35.270560464170416, 32.14699975508983 ], [ 35.271434314667154, 32.146625580777119 ], [ 35.272433618054414, 32.146127397752259 ], [ 35.273082003794599, 32.145344670233364 ], [ 35.273615538289484, 32.144899934467453 ], [ 35.274279700257459, 32.144619701175031 ], [ 35.27474044480654, 32.144338600330499 ], [ 35.275289301935146, 32.144031121362794 ], [ 35.276330732068146, 32.143444221696484 ], [ 35.277094010892057, 32.142941233519863 ], [ 35.277413260751906, 32.143284951332724 ], [ 35.278334286265924, 32.143317974341464 ], [ 35.278658851999062, 32.143821664947765 ], [ 35.278868344192411, 32.144413115175595 ], [ 35.279172276599049, 32.144912676012012 ], [ 35.279386889457363, 32.145310128096341 ], [ 35.279334551844478, 32.145949132825479 ], [ 35.279345195144494, 32.146456234334018 ], [ 35.279842368685351, 32.147026707003029 ], [ 35.280412646346264, 32.146860857660897 ], [ 35.280982707419746, 32.14660708072401 ], [ 35.281427781485675, 32.146362324591841 ], [ 35.281804286889688, 32.146051160320425 ], [ 35.282620803859707, 32.146807504390011 ], [ 35.282029768137633, 32.147309682022822 ], [ 35.28185191819243, 32.147856250634142 ], [ 35.281757880671336, 32.14836297657677 ], [ 35.281679923642692, 32.149541297078343 ], [ 35.282375772754953, 32.149654998700385 ], [ 35.282957069169306, 32.150302858284526 ], [ 35.282925727214291, 32.150799440639133 ], [ 35.283287134516328, 32.151503125393766 ], [ 35.283831140357002, 32.151425660514363 ], [ 35.28413460808661, 32.151027877391009 ], [ 35.28409214765248, 32.148821378528361 ], [ 35.284719709860376, 32.148668003163813 ], [ 35.285609112876017, 32.148600080332862 ], [ 35.286817715982195, 32.148632351094548 ], [ 35.287895879189875, 32.148615107775662 ], [ 35.288692028425835, 32.151495631344254 ], [ 35.290722655302758, 32.151677567548276 ], [ 35.290685913480942, 32.151083018530521 ], [ 35.291287612655907, 32.151060846988173 ], [ 35.291365529536584, 32.15062654753595 ], [ 35.291428203264175, 32.149874627069593 ], [ 35.291469624950139, 32.149332766106063 ], [ 35.292097555725483, 32.14895614143456 ], [ 35.292196399203142, 32.148458341664686 ], [ 35.292782350285613, 32.148231275929888 ], [ 35.29345194000804, 32.14816953409958 ], [ 35.29429999327327, 32.148196995811148 ], [ 35.294587806390894, 32.148604366171647 ], [ 35.295053490182305, 32.149130268643411 ], [ 35.295231844658545, 32.14969068080012 ], [ 35.295509788387548, 32.150285367422207 ], [ 35.296367932144811, 32.150819915322536 ], [ 35.296927918499115, 32.150719559063354 ], [ 35.29843978486219, 32.150216371576377 ], [ 35.299606409789874, 32.150607761057323 ], [ 35.300496105097388, 32.150472089734194 ], [ 35.301385374372543, 32.150108709065769 ], [ 35.302232812397563, 32.149662657276401 ], [ 35.303279271323142, 32.149359526427943 ], [ 35.304414204709161, 32.14922837601258 ], [ 35.3056700409917, 32.149110797297979 ], [ 35.306230151270299, 32.14930575591395 ], [ 35.305979551256272, 32.149930345390878 ], [ 35.305629207932952, 32.150935520685948 ], [ 35.305347705888273, 32.152149112166711 ], [ 35.305123083953447, 32.153253453601273 ], [ 35.304695091660868, 32.154280334969101 ], [ 35.304710697014393, 32.15490006409108 ], [ 35.306224257571664, 32.155988504685574 ], [ 35.308746161842954, 32.155888379952266 ], [ 35.308835300845054, 32.156427864605732 ], [ 35.309270065884725, 32.157062485021562 ], [ 35.309777944715989, 32.15723357919169 ], [ 35.310405595442887, 32.157030468859254 ], [ 35.310891896155951, 32.156320404794194 ], [ 35.311198750333794, 32.154355559831465 ], [ 35.311769210251853, 32.15425044041536 ], [ 35.315167012327791, 32.154912016408105 ], [ 35.315528842296139, 32.15533376109142 ], [ 35.316457910129692, 32.156491398497799 ], [ 35.317091180440528, 32.156380594133871 ], [ 35.317525483083479, 32.15613139180968 ], [ 35.318366686867897, 32.155466651627336 ], [ 35.319238886683571, 32.154404530743626 ], [ 35.320115986424753, 32.153092061232755 ], [ 35.320669657633324, 32.152351412052596 ], [ 35.321786991093056, 32.15103001289426 ], [ 35.322779550125155, 32.150067113381184 ], [ 35.32286765125955, 32.149465773215269 ], [ 35.32326939460981, 32.148901510151262 ], [ 35.323808808210039, 32.148801422781226 ] ] ] ] } },
{ "type": "Feature", "properties": { "VNAME": "USARIN", "Shape_Leng": 10026.1679415, "Shape_Area": 2191392.3743199999 }, "geometry": { "type": "MultiPolygon", "coordinates": [ [ [ [ 35.323025956276446, 32.13274957111507 ], [ 35.322547850645805, 32.131213947723751 ], [ 35.322426263293842, 32.128037198718197 ], [ 35.322718101779145, 32.127373499841063 ], [ 35.322813720250707, 32.12534486503349 ], [ 35.322854443391613, 32.124834573536276 ], [ 35.321235362271075, 32.124221728303802 ], [ 35.320581116593623, 32.123913568725669 ], [ 35.319759221016376, 32.124021079448283 ], [ 35.319742632118881, 32.123574973508845 ], [ 35.319108732894705, 32.123049996433615 ], [ 35.319003108894997, 32.122619043637151 ], [ 35.31839488108912, 32.122034973351603 ], [ 35.317985090497878, 32.121492361331853 ], [ 35.317801026719543, 32.120997463263862 ], [ 35.316387059886431, 32.117384420468042 ], [ 35.315663542980978, 32.116874595473206 ], [ 35.314961311452038, 32.116997920985938 ], [ 35.31469686019026, 32.117593458933612 ], [ 35.314298730087437, 32.116960437665568 ], [ 35.313185238502456, 32.117740595150842 ], [ 35.312542523502245, 32.117860559123557 ], [ 35.311480602823544, 32.117929564219629 ], [ 35.310473299459616, 32.118141850092044 ], [ 35.30974746021991, 32.118301651859312 ], [ 35.308729667420742, 32.118834269355212 ], [ 35.30749590236239, 32.118996555080571 ], [ 35.306804197863222, 32.118986622538543 ], [ 35.305849319286082, 32.118861983033042 ], [ 35.305925688575897, 32.119370135847184 ], [ 35.30592730223816, 32.120118637593862 ], [ 35.304972594927307, 32.120686149811867 ], [ 35.304376893116959, 32.120780417689922 ], [ 35.303830024650978, 32.120657358732238 ], [ 35.303512371198401, 32.121010345520681 ], [ 35.304062335453573, 32.122073529743247 ], [ 35.30257649240108, 32.121879622297953 ], [ 35.30221070681489, 32.12229435931782 ], [ 35.301656866180409, 32.122579495553701 ], [ 35.300914165424814, 32.123019123021564 ], [ 35.300716021597133, 32.124386768529639 ], [ 35.301369673100702, 32.124541725352195 ], [ 35.301919286111627, 32.124536241406517 ], [ 35.304058134890504, 32.124224504829165 ], [ 35.306166359455005, 32.124434112096807 ], [ 35.306647916131347, 32.124777050267092 ], [ 35.306904918928005, 32.125198485228026 ], [ 35.307448967355796, 32.125208862125092 ], [ 35.307972236649896, 32.125393218486039 ], [ 35.308223466337473, 32.125900425196498 ], [ 35.308433263526112, 32.126498582269299 ], [ 35.308402119039187, 32.127155241796245 ], [ 35.308365973042697, 32.128165960241091 ], [ 35.308434715493476, 32.129080079234306 ], [ 35.30865529060496, 32.129921532644872 ], [ 35.309163335967355, 32.130683335044161 ], [ 35.309754067699245, 32.130573357268723 ], [ 35.310721741923317, 32.130307676700085 ], [ 35.311688774746891, 32.129622652978107 ], [ 35.312160075330389, 32.1298462699868 ], [ 35.3128399764704, 32.129831581488126 ], [ 35.313677071128133, 32.130034980460778 ], [ 35.313379292169969, 32.130597309959903 ], [ 35.312757055017514, 32.130849931060986 ], [ 35.310581013492289, 32.131529993451615 ], [ 35.310754137115339, 32.131959709737799 ], [ 35.311276800208155, 32.131855477271166 ], [ 35.312558599399999, 32.131516409375095 ], [ 35.315104218351017, 32.131018933550237 ], [ 35.316074206258243, 32.129168191437536 ], [ 35.316520018071387, 32.129457644438737 ], [ 35.31674657384162, 32.130217799596984 ], [ 35.317005560980228, 32.131448584846659 ], [ 35.317312361972263, 32.133260168583021 ], [ 35.317161790313904, 32.133801778147564 ], [ 35.317168827102812, 32.134735051766562 ], [ 35.317772342075301, 32.135522125228327 ], [ 35.317774890002269, 32.136408139098151 ], [ 35.318575817241197, 32.137038275079142 ], [ 35.319099530163676, 32.13705347959533 ], [ 35.319242179867189, 32.137664110113313 ], [ 35.319619889605242, 32.138139668160186 ], [ 35.319694658214637, 32.1389206420371 ], [ 35.320244342028666, 32.138705401561793 ], [ 35.320908273751385, 32.138397869813282 ], [ 35.322127493645546, 32.138122985081736 ], [ 35.323110599220762, 32.13760215941285 ], [ 35.322834517959954, 32.135805804647092 ], [ 35.319056633136604, 32.13643199713696 ], [ 35.31947241759061, 32.135062599311155 ], [ 35.320429544177472, 32.132026143089234 ], [ 35.320989832745767, 32.131995569333185 ], [ 35.321136999774048, 32.132470852483728 ], [ 35.321818020004066, 32.132525995107024 ], [ 35.323025956276446, 32.13274957111507 ] ] ] ] } },
{ "type": "Feature", "properties": { "VNAME": "QABALAN", "Shape_Leng": 20371.052455699999, "Shape_Area": 8234059.7757900003 }, "geometry": { "type": "MultiPolygon", "coordinates": [ [ [ [ 35.314961311452038, 32.116997920985938 ], [ 35.315452500017471, 32.115992392437072 ], [ 35.316406183728866, 32.116096697136378 ], [ 35.315630616788994, 32.112713191850247 ], [ 35.31682446661106, 32.111866158533488 ], [ 35.317598152956414, 32.110929861697699 ], [ 35.318314429245049, 32.110159196912221 ], [ 35.318634477324863, 32.109276299149997 ], [ 35.318195870999979, 32.108010475193517 ], [ 35.315173117625015, 32.108180788000183 ], [ 35.314443850757165, 32.108200885486077 ], [ 35.313122482114167, 32.108087507965166 ], [ 35.312429599373644, 32.108000962864629 ], [ 35.311507742731443, 32.107999769087932 ], [ 35.307271106301528, 32.105116753519518 ], [ 35.306724753957816, 32.103404180836172 ], [ 35.306464370198725, 32.102529626907369 ], [ 35.304977870292362, 32.101954717611193 ], [ 35.304042171692039, 32.101189400333965 ], [ 35.301343564305895, 32.101655587820311 ], [ 35.299152465999313, 32.099571549927127 ], [ 35.298467592873472, 32.099009059374609 ], [ 35.297948568587614, 32.098617155036486 ], [ 35.297272263143434, 32.098264186058749 ], [ 35.29650836313094, 32.097982685646819 ], [ 35.295415447567237, 32.097756750168074 ], [ 35.294221030595487, 32.09741765873008 ], [ 35.292880595482458, 32.097090219361988 ], [ 35.291761555299814, 32.096878255936943 ], [ 35.291727323802533, 32.097363618974562 ], [ 35.290347808006807, 32.097857548778151 ], [ 35.289104142664897, 32.097375007690808 ], [ 35.288126089921434, 32.096815497594953 ], [ 35.28765616693498, 32.096584998325483 ], [ 35.287220786119164, 32.095880407751295 ], [ 35.286227180526538, 32.095652593449451 ], [ 35.28554736453637, 32.095687411377838 ], [ 35.284311550664661, 32.094719936675816 ], [ 35.283199710415708, 32.095274336334072 ], [ 35.28260295800721, 32.094628996560125 ], [ 35.281680911322525, 32.094269091620639 ], [ 35.281121206670605, 32.094660212592096 ], [ 35.28097085171359, 32.095084538980629 ], [ 35.278859555346614, 32.094349220549681 ], [ 35.278237511590824, 32.094763988890513 ], [ 35.276047263041136, 32.094688397350957 ], [ 35.275219951846346, 32.094703268316458 ], [ 35.273962258714796, 32.094664985119088 ], [ 35.272709794384618, 32.094570234013418 ], [ 35.271564050060128, 32.094667450559783 ], [ 35.270599809405027, 32.09495530452822 ], [ 35.269280718876125, 32.095299115489766 ], [ 35.268781007258553, 32.095495211912592 ], [ 35.268183025806394, 32.09576069862208 ], [ 35.267363308535025, 32.095948985871615 ], [ 35.267335397692122, 32.096641664376897 ], [ 35.267822124184299, 32.097446869867859 ], [ 35.26858798874207, 32.098213252785293 ], [ 35.269405199976298, 32.098886280129562 ], [ 35.270136093396886, 32.09909412852204 ], [ 35.270548950588662, 32.099348265154788 ], [ 35.270072506932678, 32.100351099818724 ], [ 35.270249050259146, 32.100902579596998 ], [ 35.270498182156842, 32.101443736052083 ], [ 35.27127291511686, 32.101763525393864 ], [ 35.274827048769851, 32.103264425263532 ], [ 35.275255170901907, 32.102530740323374 ], [ 35.275416148192576, 32.102106226498051 ], [ 35.276299028380244, 32.102300039270723 ], [ 35.27702955699818, 32.102785179288013 ], [ 35.277636182744693, 32.103053838410069 ], [ 35.278390550769387, 32.103405518453201 ], [ 35.278828932373536, 32.1036185825144 ], [ 35.279307784149481, 32.104101469913097 ], [ 35.280265866245216, 32.104415641700655 ], [ 35.280818149212045, 32.104894948700981 ], [ 35.281190899399981, 32.105264755319304 ], [ 35.281906939665618, 32.105831289538926 ], [ 35.282200771995988, 32.106195752849032 ], [ 35.282547788832311, 32.106595329099584 ], [ 35.282860796604787, 32.107198433026419 ], [ 35.283153625123646, 32.107788381137368 ], [ 35.283432252117137, 32.10884528042773 ], [ 35.283834873489624, 32.109455789101034 ], [ 35.284289069511253, 32.109691090543613 ], [ 35.284480372878285, 32.110192680567224 ], [ 35.284914563843024, 32.110820644526015 ], [ 35.285675724048858, 32.111573479144113 ], [ 35.284203982068412, 32.111273124217668 ], [ 35.283181575729621, 32.110878974872158 ], [ 35.282384113908378, 32.110449188644836 ], [ 35.281756163520086, 32.109166353212544 ], [ 35.280837606644539, 32.10905890956694 ], [ 35.281255899231326, 32.108356944773064 ], [ 35.28136222817988, 32.107466700021341 ], [ 35.281541581788105, 32.106584161508032 ], [ 35.280812049402051, 32.1067799349143 ], [ 35.280527585281902, 32.107350974701184 ], [ 35.280058059332305, 32.107803589446434 ], [ 35.279429685723336, 32.108473260503764 ], [ 35.279318594616328, 32.109065974611475 ], [ 35.27915728726876, 32.109770069635118 ], [ 35.279128520356878, 32.110291407328532 ], [ 35.279547797308254, 32.110960249207281 ], [ 35.279940121414732, 32.111237262363574 ], [ 35.280446477062064, 32.111812095792921 ], [ 35.280995182918254, 32.112038944097577 ], [ 35.281576498137817, 32.112032972135729 ], [ 35.28247587193944, 32.112618745380175 ], [ 35.282946989999708, 32.112921388607361 ], [ 35.2828279323126, 32.113672069285371 ], [ 35.282652958084313, 32.114092334025635 ], [ 35.281644582664782, 32.113677630639913 ], [ 35.280444782138574, 32.113660924351557 ], [ 35.280228006396399, 32.114850760119552 ], [ 35.280842947837456, 32.114997502403334 ], [ 35.281777173937215, 32.115093403203524 ], [ 35.282437037721529, 32.115421952112705 ], [ 35.281938391031701, 32.115690225316875 ], [ 35.281405568380087, 32.116448364360608 ], [ 35.279755515846816, 32.116437515487526 ], [ 35.271484776369547, 32.115449882991825 ], [ 35.270334920047667, 32.11694279819654 ], [ 35.269427410877128, 32.117524982029295 ], [ 35.269436347996987, 32.116735704048097 ], [ 35.269158081891099, 32.115714829010486 ], [ 35.268341925405984, 32.115465665952037 ], [ 35.26664048091547, 32.115491642829539 ], [ 35.266593532467148, 32.1161914153925 ], [ 35.266642041136144, 32.116921050477671 ], [ 35.266042005791874, 32.11772543417743 ], [ 35.266700811878188, 32.118333659649501 ], [ 35.26763468548392, 32.119110560240969 ], [ 35.268308835903582, 32.119668909930766 ], [ 35.269003953164955, 32.120190795789455 ], [ 35.269548526345908, 32.120196808301856 ], [ 35.270025833839405, 32.119919945533589 ], [ 35.270077045015647, 32.119179507999171 ], [ 35.271032290390082, 32.118972987472645 ], [ 35.273431864806305, 32.118652583230372 ], [ 35.274318891835996, 32.118420198282983 ], [ 35.274965702073679, 32.118275554585267 ], [ 35.275766123828994, 32.119516987700962 ], [ 35.276546901390574, 32.119886240508002 ], [ 35.277188793705157, 32.11973038762833 ], [ 35.27853489546581, 32.119367967257318 ], [ 35.279163720852956, 32.118393916819514 ], [ 35.280306520167848, 32.118779168571749 ], [ 35.280719405120188, 32.119055807141486 ], [ 35.281231590950576, 32.11933065870479 ], [ 35.281818677789914, 32.119022471154494 ], [ 35.28231934348107, 32.119180280011051 ], [ 35.282826585819912, 32.119495799042724 ], [ 35.284566162196548, 32.119482451511757 ], [ 35.285580797540256, 32.119401002210772 ], [ 35.285860035243573, 32.118859353889697 ], [ 35.286673602559695, 32.118630469284618 ], [ 35.286732529864267, 32.118045454736944 ], [ 35.288121605891149, 32.117152314755828 ], [ 35.288634250938742, 32.117100215478004 ], [ 35.289088256961023, 32.117617330155532 ], [ 35.289319444190454, 32.118016722981686 ], [ 35.289325068228351, 32.118693006633855 ], [ 35.289825829187919, 32.119225059878048 ], [ 35.290453379676528, 32.119132536102981 ], [ 35.291351495032529, 32.118974243183906 ], [ 35.292885807648048, 32.118937435842341 ], [ 35.293481539958989, 32.119188169549879 ], [ 35.294258241088578, 32.119259766790258 ], [ 35.294390278434292, 32.118686956780429 ], [ 35.294578404284408, 32.118000402057739 ], [ 35.295974154087006, 32.118486881016942 ], [ 35.296458788064058, 32.118956072243911 ], [ 35.297515019803555, 32.119478011268768 ], [ 35.29917539076726, 32.120162563741673 ], [ 35.29998378829054, 32.120256098932451 ], [ 35.301244058067965, 32.120436100795139 ], [ 35.302439794093495, 32.120524828939246 ], [ 35.303512371198401, 32.121010345520681 ], [ 35.303830024650978, 32.120657358732238 ], [ 35.304376893116959, 32.120780417689922 ], [ 35.304972594927307, 32.120686149811867 ], [ 35.30592730223816, 32.120118637593862 ], [ 35.305925688575897, 32.119370135847184 ], [ 35.305849319286082, 32.118861983033042 ], [ 35.306804197863222, 32.118986622538543 ], [ 35.30749590236239, 32.118996555080571 ], [ 35.308729667420742, 32.118834269355212 ], [ 35.30974746021991, 32.118301651859312 ], [ 35.310473299459616, 32.118141850092044 ], [ 35.311480602823544, 32.117929564219629 ], [ 35.312542523502245, 32.117860559123557 ], [ 35.313185238502456, 32.117740595150842 ], [ 35.314298730087437, 32.116960437665568 ], [ 35.31469686019026, 32.117593458933612 ], [ 35.314961311452038, 32.116997920985938 ] ] ] ] } },
{ "type": "Feature", "properties": { "VNAME": "YATMA", "Shape_Leng": 11690.6819639, "Shape_Area": 3894196.0107200001 }, "geometry": { "type": "MultiPolygon", "coordinates": [ [ [ [ 35.266642041136144, 32.116921050477671 ], [ 35.266593532467148, 32.1161914153925 ], [ 35.26664048091547, 32.115491642829539 ], [ 35.268341925405984, 32.115465665952037 ], [ 35.269158081891099, 32.115714829010486 ], [ 35.269436347996987, 32.116735704048097 ], [ 35.269427410877128, 32.117524982029295 ], [ 35.270334920047667, 32.11694279819654 ], [ 35.271484776369547, 32.115449882991825 ], [ 35.279755515846816, 32.116437515487526 ], [ 35.281405568380087, 32.116448364360608 ], [ 35.281938391031701, 32.115690225316875 ], [ 35.282437037721529, 32.115421952112705 ], [ 35.281777173937215, 32.115093403203524 ], [ 35.280842947837456, 32.114997502403334 ], [ 35.280228006396399, 32.114850760119552 ], [ 35.280444782138574, 32.113660924351557 ], [ 35.281644582664782, 32.113677630639913 ], [ 35.282652958084313, 32.114092334025635 ], [ 35.2828279323126, 32.113672069285371 ], [ 35.282946989999708, 32.112921388607361 ], [ 35.28247587193944, 32.112618745380175 ], [ 35.281576498137817, 32.112032972135729 ], [ 35.280995182918254, 32.112038944097577 ], [ 35.280446477062064, 32.111812095792921 ], [ 35.279940121414732, 32.111237262363574 ], [ 35.279547797308254, 32.110960249207281 ], [ 35.279128520356878, 32.110291407328532 ], [ 35.27915728726876, 32.109770069635118 ], [ 35.279318594616328, 32.109065974611475 ], [ 35.279429685723336, 32.108473260503764 ], [ 35.280058059332305, 32.107803589446434 ], [ 35.280527585281902, 32.107350974701184 ], [ 35.280812049402051, 32.1067799349143 ], [ 35.281541581788105, 32.106584161508032 ], [ 35.28136222817988, 32.107466700021341 ], [ 35.281255899231326, 32.108356944773064 ], [ 35.280837606644539, 32.10905890956694 ], [ 35.281756163520086, 32.109166353212544 ], [ 35.282384113908378, 32.110449188644836 ], [ 35.283181575729621, 32.110878974872158 ], [ 35.284203982068412, 32.111273124217668 ], [ 35.285675724048858, 32.111573479144113 ], [ 35.284914563843024, 32.110820644526015 ], [ 35.284480372878285, 32.110192680567224 ], [ 35.284289069511253, 32.109691090543613 ], [ 35.283834873489624, 32.109455789101034 ], [ 35.283432252117137, 32.10884528042773 ], [ 35.283153625123646, 32.107788381137368 ], [ 35.282860796604787, 32.107198433026419 ], [ 35.282547788832311, 32.106595329099584 ], [ 35.282200771995988, 32.106195752849032 ], [ 35.281906939665618, 32.105831289538926 ], [ 35.281190899399981, 32.105264755319304 ], [ 35.280818149212045, 32.104894948700981 ], [ 35.280265866245216, 32.104415641700655 ], [ 35.279307784149481, 32.104101469913097 ], [ 35.278828932373536, 32.1036185825144 ], [ 35.278390550769387, 32.103405518453201 ], [ 35.277636182744693, 32.103053838410069 ], [ 35.27702955699818, 32.102785179288013 ], [ 35.276299028380244, 32.102300039270723 ], [ 35.275416148192576, 32.102106226498051 ], [ 35.275255170901907, 32.102530740323374 ], [ 35.274827048769851, 32.103264425263532 ], [ 35.27127291511686, 32.101763525393864 ], [ 35.270498182156842, 32.101443736052083 ], [ 35.270249050259146, 32.100902579596998 ], [ 35.270072506932678, 32.100351099818724 ], [ 35.270548950588662, 32.099348265154788 ], [ 35.270136093396886, 32.09909412852204 ], [ 35.269405199976298, 32.098886280129562 ], [ 35.26858798874207, 32.098213252785293 ], [ 35.267822124184299, 32.097446869867859 ], [ 35.267335397692122, 32.096641664376897 ], [ 35.266763613845612, 32.097404955491861 ], [ 35.266250610813053, 32.097438939430731 ], [ 35.264551772440122, 32.097288963166193 ], [ 35.261968291997746, 32.096843632254554 ], [ 35.261309816464916, 32.096643455006102 ], [ 35.260717377842681, 32.096248206898871 ], [ 35.25977626335392, 32.09702031022649 ], [ 35.259960705786611, 32.098405879673777 ], [ 35.260260225470311, 32.099140059434788 ], [ 35.26040366270577, 32.100634590180483 ], [ 35.260186528099936, 32.101819894401601 ], [ 35.258816337652178, 32.102595155191366 ], [ 35.257814019959575, 32.102470991116675 ], [ 35.257338263870338, 32.102862760829908 ], [ 35.257867294704816, 32.103182512257277 ], [ 35.258395651911911, 32.103797620092749 ], [ 35.257649360028054, 32.103986791373579 ], [ 35.256959834448679, 32.103791662042056 ], [ 35.256161239768254, 32.103927645744292 ], [ 35.255890603924506, 32.104717087392828 ], [ 35.256263560517382, 32.106121857709688 ], [ 35.256103656960427, 32.106620727258417 ], [ 35.256738112596224, 32.109851598441701 ], [ 35.257259505591868, 32.110182753499338 ], [ 35.256764539871618, 32.110683095351277 ], [ 35.256121323981574, 32.111134221454769 ], [ 35.256686183280408, 32.111374416997698 ], [ 35.256532013827915, 32.111891221487348 ], [ 35.258209593876082, 32.11232350425373 ], [ 35.25964743861968, 32.112487235473111 ], [ 35.260536249803643, 32.112730646390645 ], [ 35.260935230753049, 32.113762911214231 ], [ 35.261556425069102, 32.115318790856414 ], [ 35.261678606195794, 32.116432656481201 ], [ 35.265423238515183, 32.117021786863013 ], [ 35.266642041136144, 32.116921050477671 ] ] ] ] } },
{ "type": "Feature", "properties": { "VNAME": "JURISH", "Shape_Leng": 17036.5797422, "Shape_Area": 8133084.3818499995 }, "geometry": { "type": "MultiPolygon", "coordinates": [ [ [ [ 35.318634477324863, 32.109276299149997 ], [ 35.320222992366702, 32.107567509081505 ], [ 35.321523198823634, 32.107969786028058 ], [ 35.322223919172508, 32.107005495501653 ], [ 35.322869443471951, 32.107706101153504 ], [ 35.323688963502818, 32.108660542544975 ], [ 35.324516259921772, 32.108588983323273 ], [ 35.324851417754125, 32.10819954905979 ], [ 35.32578367991217, 32.108062922287232 ], [ 35.327817507668037, 32.10830285296602 ], [ 35.328447314250688, 32.109242710213067 ], [ 35.329007536414842, 32.108772464047497 ], [ 35.329734502062863, 32.107931654735502 ], [ 35.3299851827705, 32.10732055041003 ], [ 35.330576430966211, 32.107237519862743 ], [ 35.331311142415032, 32.107510319628972 ], [ 35.332396281077216, 32.107943510739993 ], [ 35.333486752164418, 32.108507349367883 ], [ 35.334101214984571, 32.109050653136109 ], [ 35.33457356069956, 32.109603334861092 ], [ 35.335255032142534, 32.109838765398351 ], [ 35.335337758260067, 32.10887453338497 ], [ 35.335965560060245, 32.108614941602511 ], [ 35.337510465352473, 32.10819637405011 ], [ 35.338040368192466, 32.108330883843301 ], [ 35.338642600507491, 32.108315250434963 ], [ 35.339516738067573, 32.107796316191006 ], [ 35.339342371225747, 32.106931528869062 ], [ 35.339430188474203, 32.106194903369953 ], [ 35.340378375027562, 32.106035337598748 ], [ 35.340760303863775, 32.105613430115135 ], [ 35.341446315081882, 32.105456449088734 ], [ 35.341990274911744, 32.104975178016552 ], [ 35.342655129046641, 32.104793782332678 ], [ 35.343870284954889, 32.104354185080446 ], [ 35.345168911416742, 32.103838637942502 ], [ 35.345046416887712, 32.102984165192268 ], [ 35.346282722042467, 32.102751576215162 ], [ 35.34852453365837, 32.102272614932886 ], [ 35.34890320941188, 32.103122334951635 ], [ 35.35007099413707, 32.102877455386015 ], [ 35.350693256482707, 32.102378909240947 ], [ 35.350465216038948, 32.100922171423058 ], [ 35.351361265070047, 32.101004732233122 ], [ 35.351879779495057, 32.100722302813352 ], [ 35.352922207437565, 32.100754785223714 ], [ 35.353907708294194, 32.100736461178371 ], [ 35.355274884387867, 32.1006253630621 ], [ 35.356270356512816, 32.100737599298803 ], [ 35.357271679733756, 32.100897066398488 ], [ 35.358177879141564, 32.100936560411718 ], [ 35.358921495455377, 32.100550694268271 ], [ 35.360011387098986, 32.100780639068795 ], [ 35.36062745585901, 32.099632844096021 ], [ 35.361175849764194, 32.09884028234427 ], [ 35.361309843189879, 32.097640601425681 ], [ 35.361483557097259, 32.095488750237998 ], [ 35.361773994127127, 32.094013346797176 ], [ 35.360461476449714, 32.092718892007362 ], [ 35.360062843230693, 32.092408425635917 ], [ 35.357987052076261, 32.091838368811374 ], [ 35.357200882283429, 32.091699690734288 ], [ 35.356493618690855, 32.091591110218829 ], [ 35.35583835062716, 32.091470283396497 ], [ 35.35505030981259, 32.090819838742313 ], [ 35.35467853639814, 32.090393876102574 ], [ 35.353929348692951, 32.090457410535997 ], [ 35.351824348874665, 32.090888828023928 ], [ 35.352019692275327, 32.089133378135571 ], [ 35.35134375145018, 32.088902440583681 ], [ 35.35067309011184, 32.088903617907526 ], [ 35.35016972876786, 32.088689754707133 ], [ 35.349164180110819, 32.089057880839853 ], [ 35.348967340670704, 32.089981405311867 ], [ 35.348465731326293, 32.090741490312737 ], [ 35.348061440829156, 32.090311593298857 ], [ 35.347527101601152, 32.090362089550169 ], [ 35.34700831522882, 32.090270244350712 ], [ 35.346385244471513, 32.090579404384869 ], [ 35.344625886985185, 32.090909594953715 ], [ 35.343468653717565, 32.09119932342751 ], [ 35.342698986980636, 32.091576550121815 ], [ 35.341674223993031, 32.092725057155612 ], [ 35.340994721136205, 32.093314799314456 ], [ 35.340293449518484, 32.09393425619853 ], [ 35.338680711357888, 32.094383407001068 ], [ 35.33735638841695, 32.09482271129454 ], [ 35.336822121731991, 32.094981378701583 ], [ 35.335926269931321, 32.095085838788634 ], [ 35.335453985484072, 32.094844291765661 ], [ 35.334610105060683, 32.094519406590315 ], [ 35.334536038054772, 32.093950359243969 ], [ 35.33354536294685, 32.093632687881694 ], [ 35.332763795410123, 32.093335957000143 ], [ 35.332340511109479, 32.094031406381319 ], [ 35.332132675441791, 32.094711617227283 ], [ 35.330230810033392, 32.094911224870764 ], [ 35.329617927277447, 32.094947299001809 ], [ 35.328627355716939, 32.094789668208399 ], [ 35.328621229004064, 32.094052521845839 ], [ 35.327609555777926, 32.093793810312725 ], [ 35.326450496248341, 32.092944831159443 ], [ 35.325679469137363, 32.092487787473722 ], [ 35.325228611172662, 32.092175914419684 ], [ 35.324698204297896, 32.091651311870777 ], [ 35.324464404523795, 32.092719778012906 ], [ 35.324408219229362, 32.093769202421434 ], [ 35.324184435058918, 32.09450154772702 ], [ 35.323793040175886, 32.095491739750912 ], [ 35.323657647307641, 32.096080420875182 ], [ 35.323449620066597, 32.096807971195254 ], [ 35.322830537266469, 32.096573576251359 ], [ 35.322426408551038, 32.096093998368353 ], [ 35.321948674255403, 32.095584200464295 ], [ 35.321529561921906, 32.09524467364988 ], [ 35.321164812108577, 32.093285342518435 ], [ 35.320820928366494, 32.091391011852537 ], [ 35.320720314840621, 32.09068491363616 ], [ 35.320367481163544, 32.089431049883316 ], [ 35.319963714693223, 32.089068697769235 ], [ 35.319444515351286, 32.089037620774477 ], [ 35.318942725560262, 32.08974799930288 ], [ 35.318503783652609, 32.090299398085413 ], [ 35.317785962570291, 32.090531239620333 ], [ 35.317204556073932, 32.090160847500073 ], [ 35.316250686253412, 32.090038512113452 ], [ 35.315451780764668, 32.088368935027432 ], [ 35.315125973123614, 32.087867598849186 ], [ 35.315086377799567, 32.08721674470862 ], [ 35.313632343402318, 32.087317721229319 ], [ 35.312634317805554, 32.088068701293075 ], [ 35.312000687738561, 32.088725093901559 ], [ 35.310686668787497, 32.089707286418452 ], [ 35.308056882943681, 32.090262544763505 ], [ 35.307834187056464, 32.090753601298289 ], [ 35.307487060070436, 32.091325832368931 ], [ 35.307101339943763, 32.092074637535404 ], [ 35.30638777449564, 32.093293859330863 ], [ 35.305180116987763, 32.095351766489266 ], [ 35.304675588997746, 32.09590657400539 ], [ 35.304559307221901, 32.096470087605404 ], [ 35.305114261257089, 32.096789163071989 ], [ 35.305117803149052, 32.097325697275437 ], [ 35.303438814468947, 32.098415927664142 ], [ 35.30320254292009, 32.099053771723362 ], [ 35.303140371179644, 32.099742559335446 ], [ 35.303611064041263, 32.100317948996391 ], [ 35.304042171692039, 32.101189400333965 ], [ 35.304977870292362, 32.101954717611193 ], [ 35.306464370198725, 32.102529626907369 ], [ 35.306724753957816, 32.103404180836172 ], [ 35.307271106301528, 32.105116753519518 ], [ 35.311507742731443, 32.107999769087932 ], [ 35.312429599373644, 32.108000962864629 ], [ 35.313122482114167, 32.108087507965166 ], [ 35.314443850757165, 32.108200885486077 ], [ 35.315173117625015, 32.108180788000183 ], [ 35.318195870999979, 32.108010475193517 ], [ 35.318634477324863, 32.109276299149997 ] ] ] ] } },
{ "type": "Feature", "properties": { "VNAME": "ES SAWIYA", "Shape_Leng": 18931.9579586, "Shape_Area": 10847241.4592 }, "geometry": { "type": "MultiPolygon", "coordinates": [ [ [ [ 35.256121323981574, 32.111134221454769 ], [ 35.256764539871618, 32.110683095351277 ], [ 35.257259505591868, 32.110182753499338 ], [ 35.256738112596224, 32.109851598441701 ], [ 35.256103656960427, 32.106620727258417 ], [ 35.256263560517382, 32.106121857709688 ], [ 35.255890603924506, 32.104717087392828 ], [ 35.256161239768254, 32.103927645744292 ], [ 35.256959834448679, 32.103791662042056 ], [ 35.257649360028054, 32.103986791373579 ], [ 35.258395651911911, 32.103797620092749 ], [ 35.257867294704816, 32.103182512257277 ], [ 35.257338263870338, 32.102862760829908 ], [ 35.257814019959575, 32.102470991116675 ], [ 35.258816337652178, 32.102595155191366 ], [ 35.260186528099936, 32.101819894401601 ], [ 35.26040366270577, 32.100634590180483 ], [ 35.260260225470311, 32.099140059434788 ], [ 35.259960705786611, 32.098405879673777 ], [ 35.25977626335392, 32.09702031022649 ], [ 35.260717377842681, 32.096248206898871 ], [ 35.261309816464916, 32.096643455006102 ], [ 35.261968291997746, 32.096843632254554 ], [ 35.264551772440122, 32.097288963166193 ], [ 35.266250610813053, 32.097438939430731 ], [ 35.266763613845612, 32.097404955491861 ], [ 35.267335397692122, 32.096641664376897 ], [ 35.267363308535025, 32.095948985871615 ], [ 35.267507073218631, 32.095416570297068 ], [ 35.267793835973045, 32.095016873295663 ], [ 35.268397890333034, 32.094140269292893 ], [ 35.268521486158917, 32.09367584838693 ], [ 35.268591004140809, 32.093113199911699 ], [ 35.269726055747157, 32.092664473843037 ], [ 35.270786055319839, 32.092501166337755 ], [ 35.271972623705572, 32.092342353316035 ], [ 35.273062918854492, 32.092092808971366 ], [ 35.274285585454109, 32.091894989941899 ], [ 35.275104203376515, 32.091690894825398 ], [ 35.276108851142943, 32.091645778793428 ], [ 35.276743499747333, 32.091366068480284 ], [ 35.277202885899939, 32.090960995198678 ], [ 35.277717807748104, 32.090392583716742 ], [ 35.278706130492239, 32.089637528057246 ], [ 35.279080649994079, 32.089175354137495 ], [ 35.279254433846212, 32.088574750448949 ], [ 35.279350744889747, 32.087707235393658 ], [ 35.279501135293351, 32.086644847420068 ], [ 35.279465269083438, 32.085707557485563 ], [ 35.279079639073686, 32.085162115825817 ], [ 35.278497062585146, 32.084097138129543 ], [ 35.278481724787241, 32.083452580827043 ], [ 35.27908278965814, 32.082729296031623 ], [ 35.28013365460545, 32.081937040921808 ], [ 35.279670433747242, 32.08013264943839 ], [ 35.278627148864466, 32.079069196947721 ], [ 35.277510718325921, 32.07932601750327 ], [ 35.276723724789953, 32.07957239802721 ], [ 35.276322905568925, 32.07542203876254 ], [ 35.275831840787241, 32.075187357143172 ], [ 35.27540460198432, 32.074322486311431 ], [ 35.275211690882607, 32.073349695408361 ], [ 35.275783001908522, 32.071747647097105 ], [ 35.275425851045703, 32.071039339416252 ], [ 35.27516265585804, 32.070622448007974 ], [ 35.274610045534708, 32.070093514327368 ], [ 35.27361180291561, 32.069879210466851 ], [ 35.273093808822921, 32.06887617312119 ], [ 35.27267297918187, 32.068428284908585 ], [ 35.272127781858813, 32.068277978608307 ], [ 35.271620857327825, 32.068122484625491 ], [ 35.271319835370278, 32.067620589382422 ], [ 35.270601249912254, 32.067525250451197 ], [ 35.269660603210113, 32.067309878721218 ], [ 35.268268639948822, 32.06704621068711 ], [ 35.266972188505378, 32.066816899003342 ], [ 35.26565301714087, 32.066497799660716 ], [ 35.264242010898712, 32.066320109837939 ], [ 35.263118990073913, 32.06611696588552 ], [ 35.262470646928179, 32.065862500642453 ], [ 35.261436415886223, 32.065366904192899 ], [ 35.260072475306451, 32.064841105744797 ], [ 35.259384472445582, 32.066014526489582 ], [ 35.258279569211972, 32.066009433034843 ], [ 35.258133457586915, 32.067389631023211 ], [ 35.258768010111133, 32.068456047983901 ], [ 35.257988425402395, 32.069137323751036 ], [ 35.257298847743549, 32.069575750915689 ], [ 35.257285949869335, 32.070074256631919 ], [ 35.256548962251749, 32.070173066887193 ], [ 35.256040383420149, 32.071108788260261 ], [ 35.256884131763165, 32.071501852066234 ], [ 35.256786749293035, 32.071983830243148 ], [ 35.257238188320748, 32.072386137673426 ], [ 35.255570975098301, 32.07458256655309 ], [ 35.255037836083225, 32.074303458840191 ], [ 35.253990461202562, 32.074299553031082 ], [ 35.25376691841776, 32.07506335789391 ], [ 35.253779887721265, 32.075915389565417 ], [ 35.253278016683787, 32.07661423735675 ], [ 35.252775653805266, 32.077319864829057 ], [ 35.251864638398978, 32.076912194938743 ], [ 35.250287371626193, 32.077222063057967 ], [ 35.249863494534708, 32.077917266431953 ], [ 35.248305038596087, 32.077374509456597 ], [ 35.247741193888224, 32.0777881025234 ], [ 35.246959077494132, 32.078697079429276 ], [ 35.246339471219571, 32.080268302929063 ], [ 35.245988019584239, 32.081246297781291 ], [ 35.246011894096156, 32.081762187448525 ], [ 35.245926025334228, 32.082284536305941 ], [ 35.245192128949967, 32.082243445552983 ], [ 35.244253518016954, 32.082142838426087 ], [ 35.242753729393399, 32.082025109893273 ], [ 35.241580399602917, 32.082316437289407 ], [ 35.241205256126513, 32.082787546208088 ], [ 35.240734039497077, 32.083472277414977 ], [ 35.240318512702601, 32.08402525865413 ], [ 35.240081726365851, 32.084604387536807 ], [ 35.24107959990387, 32.085504381234117 ], [ 35.2408627123827, 32.086031301381688 ], [ 35.240897323624516, 32.086553772370721 ], [ 35.240799716941694, 32.087382968219167 ], [ 35.240772015980887, 32.088634796955226 ], [ 35.240987658503208, 32.089683907584792 ], [ 35.241108839816022, 32.090443839650398 ], [ 35.241441098302765, 32.091251888141009 ], [ 35.242212171524031, 32.091998058446435 ], [ 35.2422536198806, 32.092664707406676 ], [ 35.24162358901507, 32.092867509347059 ], [ 35.240503826615054, 32.093297673628015 ], [ 35.239869593188196, 32.09357269326361 ], [ 35.238672369888228, 32.094058328250256 ], [ 35.238526375286739, 32.094777890196241 ], [ 35.238753746259093, 32.095249603212707 ], [ 35.239045263828174, 32.095826154876576 ], [ 35.238059989595065, 32.096125407928056 ], [ 35.238265632926236, 32.096520851616553 ], [ 35.238622133773362, 32.096911366633222 ], [ 35.23869812704509, 32.097908835631166 ], [ 35.239460164073776, 32.098934763198208 ], [ 35.239847026820826, 32.099239064668673 ], [ 35.239518076148599, 32.099977650098474 ], [ 35.239303743663463, 32.10069165390874 ], [ 35.237516761503656, 32.101979096679507 ], [ 35.238098014177872, 32.10297666116255 ], [ 35.239214405981713, 32.102999756562753 ], [ 35.239596639666949, 32.103358248914738 ], [ 35.239973179621927, 32.102995353269442 ], [ 35.240675003156788, 32.102637965628041 ], [ 35.241308950919347, 32.10267409143492 ], [ 35.241822258403019, 32.103003202109868 ], [ 35.242172958019339, 32.103317154047431 ], [ 35.242300313402488, 32.103759070173432 ], [ 35.24303525505907, 32.104539682406013 ], [ 35.243585594726859, 32.104243593142002 ], [ 35.244112881004511, 32.104141809698575 ], [ 35.244239688047713, 32.104561178888005 ], [ 35.244184583412164, 32.105042394686343 ], [ 35.24471021566665, 32.105819956731004 ], [ 35.244874602216001, 32.106637731728547 ], [ 35.245862331730585, 32.106516495354995 ], [ 35.246220952115685, 32.107315044239968 ], [ 35.247971953109463, 32.106776671210369 ], [ 35.247873853401423, 32.106205722875629 ], [ 35.247278211870039, 32.105950255904879 ], [ 35.246845792868662, 32.105734718322871 ], [ 35.246498493623051, 32.105317008125454 ], [ 35.246161391479383, 32.104504548188189 ], [ 35.24616783193337, 32.103902439921981 ], [ 35.245773212368405, 32.103444979855965 ], [ 35.245353109623579, 32.103055611330745 ], [ 35.246051152642409, 32.102815510430055 ], [ 35.24613317281861, 32.102378907626424 ], [ 35.246158322245066, 32.101945566543691 ], [ 35.246485349401766, 32.101427960481765 ], [ 35.247008527830197, 32.101078215324158 ], [ 35.247311396574389, 32.1006827900042 ], [ 35.247908651717331, 32.100681206644978 ], [ 35.248150534354323, 32.101094019505425 ], [ 35.248578682059588, 32.101352461816404 ], [ 35.2493799644242, 32.100975229647354 ], [ 35.249898787414615, 32.101015611852134 ], [ 35.250323141174775, 32.101362056353224 ], [ 35.250784622596534, 32.10173713835146 ], [ 35.251069492797953, 32.102201046604492 ], [ 35.25090343963079, 32.102639139311528 ], [ 35.250820686306994, 32.103368867352053 ], [ 35.250913180415623, 32.103926378513556 ], [ 35.25136983746058, 32.108339631028706 ], [ 35.254975662731866, 32.111163652689839 ], [ 35.256121323981574, 32.111134221454769 ] ] ] ] } },
{ "type": "Feature", "properties": { "VNAME": "MAJDAL BANI FADIL", "Shape_Leng": 26228.606760300001, "Shape_Area": 28228263.067899995 }, "geometry": { "type": "MultiPolygon", "coordinates": [ [ [ [ 35.361773994127127, 32.094013346797176 ], [ 35.362668138005226, 32.093175991214608 ], [ 35.364152659051612, 32.091662516562359 ], [ 35.366473792541782, 32.089396137972138 ], [ 35.367816728481344, 32.090072208423123 ], [ 35.369437461875663, 32.090941464757407 ], [ 35.371005364792552, 32.091712487983756 ], [ 35.372568201248768, 32.092594059097451 ], [ 35.37370775618183, 32.091240239748245 ], [ 35.374436199925896, 32.091424989515069 ], [ 35.379111560450106, 32.092534396335495 ], [ 35.382188761181617, 32.093315230601902 ], [ 35.384185702591154, 32.093825505614809 ], [ 35.384569506042666, 32.094377409661689 ], [ 35.3894072969536, 32.095332312603361 ], [ 35.390258294201523, 32.098515461744327 ], [ 35.390892807331248, 32.100859494691719 ], [ 35.391432307059034, 32.100980069285669 ], [ 35.392816434384493, 32.101368753091442 ], [ 35.394069496124423, 32.101606585486927 ], [ 35.395259161861482, 32.101926777480948 ], [ 35.396476311868398, 32.102386210420917 ], [ 35.397320888999488, 32.103006003185968 ], [ 35.398506532281822, 32.103475039680042 ], [ 35.399103639736623, 32.103569687153652 ], [ 35.399186108713927, 32.102722666282794 ], [ 35.399799901361746, 32.101202737682804 ], [ 35.399929593159285, 32.100465296029995 ], [ 35.399936283043139, 32.098873453725126 ], [ 35.399908191334028, 32.098078133648535 ], [ 35.400665543996553, 32.097389664347517 ], [ 35.401319036066091, 32.096579160574038 ], [ 35.401735208841039, 32.095606314834768 ], [ 35.402294813317724, 32.095079409737345 ], [ 35.402476385562942, 32.094352248622172 ], [ 35.403261239673441, 32.093906730745175 ], [ 35.403821373738459, 32.093956971251671 ], [ 35.404313928776055, 32.09380333327578 ], [ 35.404920787628768, 32.09353929218711 ], [ 35.405170594823893, 32.092864949962568 ], [ 35.406133730829389, 32.092679808265082 ], [ 35.406772378654914, 32.092315961265427 ], [ 35.407617852701037, 32.091179380388333 ], [ 35.408369642621381, 32.090157296457839 ], [ 35.409199824393696, 32.089070589081942 ], [ 35.410146480698103, 32.088486683489648 ], [ 35.410691202035196, 32.088354564340555 ], [ 35.411262063283239, 32.088285077033177 ], [ 35.411890233531778, 32.088279876466459 ], [ 35.412571032634602, 32.087985092864145 ], [ 35.413115410390994, 32.087940898607137 ], [ 35.414010437620554, 32.087585652996289 ], [ 35.414917511429657, 32.087838909118432 ], [ 35.415372289504823, 32.087534885972865 ], [ 35.4159539408802, 32.087548587577992 ], [ 35.417111631022195, 32.087614417662863 ], [ 35.41778296152247, 32.087840583671493 ], [ 35.418317244904173, 32.08791605264085 ], [ 35.418997510709417, 32.087526546157108 ], [ 35.419668258420231, 32.087680567945718 ], [ 35.420280347664878, 32.087317165231831 ], [ 35.42108794817976, 32.086760631795833 ], [ 35.422199739372026, 32.086592825078412 ], [ 35.422795593480615, 32.086543102071211 ], [ 35.423179715088104, 32.086247167401574 ], [ 35.423367074760677, 32.085495076385513 ], [ 35.423590939703814, 32.084796391958697 ], [ 35.423482249717509, 32.084340802242295 ], [ 35.42439105680355, 32.083683112855574 ], [ 35.425656556653351, 32.083070447389304 ], [ 35.426406337221792, 32.082758483147408 ], [ 35.427103047355082, 32.080515393184555 ], [ 35.428012625792931, 32.075734125171124 ], [ 35.428797409878719, 32.075872384685809 ], [ 35.430098223540725, 32.075148520840905 ], [ 35.430848820565146, 32.074870337358675 ], [ 35.431522957399395, 32.074855139676082 ], [ 35.432296220417612, 32.074858325308853 ], [ 35.432759635943867, 32.074660042112846 ], [ 35.433371694040652, 32.074050834243856 ], [ 35.433865194822914, 32.073739245907177 ], [ 35.434814118859236, 32.0734775103262 ], [ 35.435397635552583, 32.073265641587078 ], [ 35.435713475258048, 32.07286953530491 ], [ 35.435702745291088, 32.07229032543561 ], [ 35.435552153980218, 32.071803986538377 ], [ 35.435217199231523, 32.071179157429462 ], [ 35.435068186376071, 32.070302757596757 ], [ 35.435596645382567, 32.069787581641393 ], [ 35.436306754105736, 32.069108837524603 ], [ 35.436532193657229, 32.068599477945476 ], [ 35.436155323248656, 32.067916847381376 ], [ 35.436057628978013, 32.066953784254061 ], [ 35.435886959155859, 32.066508413737388 ], [ 35.435666527802368, 32.065858835825914 ], [ 35.435680380653338, 32.065058206799783 ], [ 35.43549059121181, 32.06429080760028 ], [ 35.435314101251237, 32.063800455291101 ], [ 35.435600132692933, 32.06310507401092 ], [ 35.435576234624143, 32.062178916746973 ], [ 35.435667215684553, 32.061191937362793 ], [ 35.435906376316851, 32.059852649188272 ], [ 35.435976649728822, 32.058983301313425 ], [ 35.435849230716684, 32.058171864723917 ], [ 35.436030090820964, 32.057329700160835 ], [ 35.436534081999923, 32.057017901984949 ], [ 35.436921748718483, 32.056512194360131 ], [ 35.437098408651011, 32.055836941886305 ], [ 35.437345103176845, 32.055356490154971 ], [ 35.437672015265079, 32.05448220247392 ], [ 35.437623716734443, 32.053734627516029 ], [ 35.437291500079915, 32.052861746087764 ], [ 35.437152238159143, 32.052451842603304 ], [ 35.436583717452478, 32.052600305172838 ], [ 35.43606293812519, 32.052752360222613 ], [ 35.435392597435857, 32.052654776957482 ], [ 35.434792622156131, 32.052116200125717 ], [ 35.43494873951088, 32.051463892149471 ], [ 35.435577066261381, 32.050450795927297 ], [ 35.435952412366085, 32.049755949409501 ], [ 35.436125025407165, 32.049177721182801 ], [ 35.436084043558111, 32.048680257383495 ], [ 35.434377537077012, 32.047164184135696 ], [ 35.432793272261314, 32.046464146164546 ], [ 35.431988689498027, 32.045918209976108 ], [ 35.431238601551826, 32.04558089791108 ], [ 35.430054360366697, 32.045842597083549 ], [ 35.429323836067283, 32.045944528810026 ], [ 35.428676766632499, 32.046024571188042 ], [ 35.427965043106354, 32.04593675861021 ], [ 35.427284824097931, 32.045864120099267 ], [ 35.42611823943021, 32.046344134422924 ], [ 35.425514700640292, 32.046619472922721 ], [ 35.424606750284632, 32.046794668406328 ], [ 35.423918408733464, 32.046916058504955 ], [ 35.422235843616988, 32.046952739684222 ], [ 35.4216615917762, 32.046984009075587 ], [ 35.420963045396888, 32.047220560908521 ], [ 35.420398904231725, 32.047233591401017 ], [ 35.419791003241741, 32.047017496535162 ], [ 35.41902731522778, 32.046614987837799 ], [ 35.418430065188687, 32.047230606782932 ], [ 35.417368318627204, 32.047773920392196 ], [ 35.416291179418792, 32.048285966166532 ], [ 35.415679115015571, 32.048541125207052 ], [ 35.41492030884006, 32.048726941667297 ], [ 35.414187667811177, 32.048876170614825 ], [ 35.413617819196624, 32.049126012891257 ], [ 35.4129582708821, 32.049185920684678 ], [ 35.412434689238204, 32.049231965884857 ], [ 35.411601904056837, 32.04914636301033 ], [ 35.410658570476258, 32.048983949525727 ], [ 35.410103558297195, 32.048841195697683 ], [ 35.409547786118665, 32.048669149885342 ], [ 35.408464501659296, 32.048822769234832 ], [ 35.40737532804652, 32.048852488971626 ], [ 35.406840275880327, 32.048612393994837 ], [ 35.406289710129194, 32.048259865009541 ], [ 35.405122962028202, 32.048536788704162 ], [ 35.404087306990476, 32.04889237534401 ], [ 35.403286523169008, 32.049144288342681 ], [ 35.402800336555941, 32.049507484492786 ], [ 35.402650608913582, 32.050285888972731 ], [ 35.402400359272484, 32.050915149814585 ], [ 35.402076773156239, 32.051372193551884 ], [ 35.40154335244614, 32.051549151064684 ], [ 35.400550488817366, 32.052404408712462 ], [ 35.399416318572932, 32.053196948282597 ], [ 35.398239203138921, 32.053891099393162 ], [ 35.397250631920343, 32.05420290441765 ], [ 35.396544633497292, 32.054615320368214 ], [ 35.395797873620133, 32.055495198333425 ], [ 35.394789990482202, 32.056742989094104 ], [ 35.393729522414581, 32.057903849678247 ], [ 35.392148332687654, 32.057877347107926 ], [ 35.391635945645824, 32.058355977707798 ], [ 35.391130178034672, 32.059267347063063 ], [ 35.390554981205653, 32.05957130073093 ], [ 35.390280156460584, 32.060913440954906 ], [ 35.390182083528977, 32.061519520871279 ], [ 35.389470296676357, 32.061738116009877 ], [ 35.388969550898906, 32.062462254244195 ], [ 35.388662181464362, 32.063241374861974 ], [ 35.3881511215275, 32.064078430267649 ], [ 35.387706281125389, 32.064382171670438 ], [ 35.386915592088712, 32.064367762795918 ], [ 35.385410284003349, 32.065636128903755 ], [ 35.385018695110311, 32.066130492973208 ], [ 35.384453483022149, 32.066438733803466 ], [ 35.383522065382941, 32.066715544070021 ], [ 35.382689535763042, 32.066746986244134 ], [ 35.381921311832961, 32.067701596946577 ], [ 35.381435967221407, 32.068384841494577 ], [ 35.380661721646014, 32.06892922089412 ], [ 35.380011739150333, 32.068598742273309 ], [ 35.378765270144186, 32.068468841349095 ], [ 35.376848872962597, 32.068822718068873 ], [ 35.375836720528504, 32.068334421365179 ], [ 35.375078181521211, 32.068616943097197 ], [ 35.372806795004685, 32.069374222917347 ], [ 35.371784483398486, 32.069107038628857 ], [ 35.37085095916909, 32.068484215810301 ], [ 35.370368512694384, 32.068231709330348 ], [ 35.369850658615505, 32.068376680132431 ], [ 35.369326201874671, 32.068086625659554 ], [ 35.368545815051505, 32.068087699732615 ], [ 35.367849259439609, 32.068105232174588 ], [ 35.366680244546068, 32.067743794752083 ], [ 35.365475463333361, 32.067432629442116 ], [ 35.363746553977883, 32.067280023352929 ], [ 35.362809205228928, 32.067457589078899 ], [ 35.360522390370228, 32.06828708241526 ], [ 35.359815871808209, 32.068690284988861 ], [ 35.359068335638966, 32.069454993203806 ], [ 35.35827282211185, 32.069641153400809 ], [ 35.35779762912783, 32.070211389724179 ], [ 35.356635144647463, 32.070465253834271 ], [ 35.354843589627471, 32.070530140600901 ], [ 35.353723453652265, 32.070706528269788 ], [ 35.352881084344915, 32.071389539060469 ], [ 35.352083296960977, 32.072987079537135 ], [ 35.35302823764335, 32.074290719629943 ], [ 35.354028511772974, 32.074085001435925 ], [ 35.354109621207208, 32.075312240987238 ], [ 35.354006240153602, 32.076211492969144 ], [ 35.353397723064603, 32.078220367207138 ], [ 35.353172943409682, 32.078722805913273 ], [ 35.353132475746293, 32.079339063373311 ], [ 35.353128831853674, 32.080049329009881 ], [ 35.353077355152699, 32.080546289801028 ], [ 35.353031122822401, 32.081092762798676 ], [ 35.353279089567827, 32.081985480770463 ], [ 35.353390763462045, 32.082880730964618 ], [ 35.354244275492881, 32.082912214091174 ], [ 35.354821784177403, 32.083359157394064 ], [ 35.354298550689869, 32.08381529226147 ], [ 35.354416114286892, 32.084784834309417 ], [ 35.354469392637398, 32.085494043411224 ], [ 35.354449849704082, 32.086177542665574 ], [ 35.355039238916611, 32.087499040750494 ], [ 35.354285715575408, 32.087702442922286 ], [ 35.354297199800044, 32.088407911097619 ], [ 35.354309048554903, 32.088869882791826 ], [ 35.355090162943178, 32.089276961376797 ], [ 35.355609628417945, 32.089808401927883 ], [ 35.355459363099691, 32.090505612014169 ], [ 35.35505030981259, 32.090819838742313 ], [ 35.35583835062716, 32.091470283396497 ], [ 35.356493618690855, 32.091591110218829 ], [ 35.357200882283429, 32.091699690734288 ], [ 35.357987052076261, 32.091838368811374 ], [ 35.360062843230693, 32.092408425635917 ], [ 35.360461476449714, 32.092718892007362 ], [ 35.361773994127127, 32.094013346797176 ] ] ] ] } },
{ "type": "Feature", "properties": { "VNAME": "QUSRA", "Shape_Leng": 16797.368401200001, "Shape_Area": 8905012.5717399996 }, "geometry": { "type": "MultiPolygon", "coordinates": [ [ [ [ 35.35505030981259, 32.090819838742313 ], [ 35.355459363099691, 32.090505612014169 ], [ 35.355609628417945, 32.089808401927883 ], [ 35.355090162943178, 32.089276961376797 ], [ 35.354309048554903, 32.088869882791826 ], [ 35.354297199800044, 32.088407911097619 ], [ 35.354285715575408, 32.087702442922286 ], [ 35.355039238916611, 32.087499040750494 ], [ 35.354449849704082, 32.086177542665574 ], [ 35.354469392637398, 32.085494043411224 ], [ 35.354416114286892, 32.084784834309417 ], [ 35.354298550689869, 32.08381529226147 ], [ 35.354821784177403, 32.083359157394064 ], [ 35.354244275492881, 32.082912214091174 ], [ 35.353390763462045, 32.082880730964618 ], [ 35.353279089567827, 32.081985480770463 ], [ 35.353031122822401, 32.081092762798676 ], [ 35.353077355152699, 32.080546289801028 ], [ 35.353128831853674, 32.080049329009881 ], [ 35.353132475746293, 32.079339063373311 ], [ 35.353172943409682, 32.078722805913273 ], [ 35.353397723064603, 32.078220367207138 ], [ 35.354006240153602, 32.076211492969144 ], [ 35.354109621207208, 32.075312240987238 ], [ 35.354028511772974, 32.074085001435925 ], [ 35.35302823764335, 32.074290719629943 ], [ 35.352083296960977, 32.072987079537135 ], [ 35.350678155047014, 32.072219545920646 ], [ 35.349540617525399, 32.071897956364602 ], [ 35.348807013604286, 32.071659049901335 ], [ 35.348141122473983, 32.071427903190738 ], [ 35.347370533893027, 32.071140069022405 ], [ 35.347705159484967, 32.070583747764175 ], [ 35.347934376545695, 32.069995551546782 ], [ 35.348195303189939, 32.069560086831231 ], [ 35.348351396867088, 32.068907876896624 ], [ 35.348250492488319, 32.068352860259147 ], [ 35.348443719922415, 32.067832977379062 ], [ 35.348620317359604, 32.067284082921987 ], [ 35.348378728764565, 32.066792551627124 ], [ 35.347739074608249, 32.066317417535593 ], [ 35.34755812742587, 32.064909394286317 ], [ 35.347577840841431, 32.06423039355348 ], [ 35.347462032045016, 32.063299139729189 ], [ 35.346759806302622, 32.063508295542626 ], [ 35.344675836131529, 32.063988793427143 ], [ 35.343896695262714, 32.064790068326005 ], [ 35.343620712885361, 32.065491843809532 ], [ 35.34344880108798, 32.066173662019345 ], [ 35.342595448260916, 32.066142096648754 ], [ 35.341177045480762, 32.066795104948703 ], [ 35.339716937257442, 32.067500714690325 ], [ 35.339146953143278, 32.06783590288731 ], [ 35.338718079951519, 32.068098595623646 ], [ 35.338120823422265, 32.068299013370385 ], [ 35.337566251323814, 32.068512155627715 ], [ 35.336226104001206, 32.068913399741795 ], [ 35.33486999712526, 32.069078191413794 ], [ 35.333382769549885, 32.069240875703073 ], [ 35.332817712740301, 32.069458714640987 ], [ 35.331613878830481, 32.070276757400002 ], [ 35.330651662165366, 32.071173759464692 ], [ 35.330391162212209, 32.07194286508669 ], [ 35.329811410681508, 32.072704313148662 ], [ 35.329125044586448, 32.072838686816084 ], [ 35.328214543492436, 32.073297335469988 ], [ 35.32790667430428, 32.074209343295053 ], [ 35.327437428297557, 32.075205491468182 ], [ 35.327270548324989, 32.075803775087728 ], [ 35.327146085000756, 32.076613204808886 ], [ 35.326959496455984, 32.077504953358307 ], [ 35.326199872318121, 32.07764967615163 ], [ 35.325529492489672, 32.077580821048805 ], [ 35.324921193489402, 32.077427407934863 ], [ 35.324292135659249, 32.077238289753254 ], [ 35.323987792043049, 32.076826776341818 ], [ 35.322160253127649, 32.077072225408607 ], [ 35.322392486858682, 32.078035197054888 ], [ 35.320644193736236, 32.078876648736696 ], [ 35.318732123150745, 32.078765122972491 ], [ 35.318008946375222, 32.078728764581101 ], [ 35.31719646343381, 32.078380640801718 ], [ 35.316568223529806, 32.078380862808956 ], [ 35.315949948320259, 32.078304239688379 ], [ 35.315362733837453, 32.078015113786705 ], [ 35.3151379686133, 32.078526512412594 ], [ 35.314677711001998, 32.079150430401654 ], [ 35.314150355617649, 32.079581684891735 ], [ 35.313177821039488, 32.080316417010515 ], [ 35.311004008274963, 32.081853176851503 ], [ 35.309672095522522, 32.082042064771237 ], [ 35.308248774890401, 32.082097324492636 ], [ 35.307270357775195, 32.082153479257137 ], [ 35.306539135185233, 32.082245713032428 ], [ 35.307530686959232, 32.083370747440142 ], [ 35.308109278740645, 32.083842684740567 ], [ 35.30834115666336, 32.084559939714197 ], [ 35.307980286209421, 32.08555854739398 ], [ 35.308056882943681, 32.090262544763505 ], [ 35.310686668787497, 32.089707286418452 ], [ 35.312000687738561, 32.088725093901559 ], [ 35.312634317805554, 32.088068701293075 ], [ 35.313632343402318, 32.087317721229319 ], [ 35.315086377799567, 32.08721674470862 ], [ 35.315125973123614, 32.087867598849186 ], [ 35.315451780764668, 32.088368935027432 ], [ 35.316250686253412, 32.090038512113452 ], [ 35.317204556073932, 32.090160847500073 ], [ 35.317785962570291, 32.090531239620333 ], [ 35.318503783652609, 32.090299398085413 ], [ 35.318942725560262, 32.08974799930288 ], [ 35.319444515351286, 32.089037620774477 ], [ 35.319963714693223, 32.089068697769235 ], [ 35.320367481163544, 32.089431049883316 ], [ 35.320720314840621, 32.09068491363616 ], [ 35.320820928366494, 32.091391011852537 ], [ 35.321164812108577, 32.093285342518435 ], [ 35.321529561921906, 32.09524467364988 ], [ 35.321948674255403, 32.095584200464295 ], [ 35.322426408551038, 32.096093998368353 ], [ 35.322830537266469, 32.096573576251359 ], [ 35.323449620066597, 32.096807971195254 ], [ 35.323657647307641, 32.096080420875182 ], [ 35.323793040175886, 32.095491739750912 ], [ 35.324184435058918, 32.09450154772702 ], [ 35.324408219229362, 32.093769202421434 ], [ 35.324464404523795, 32.092719778012906 ], [ 35.324698204297896, 32.091651311870777 ], [ 35.325228611172662, 32.092175914419684 ], [ 35.325679469137363, 32.092487787473722 ], [ 35.326450496248341, 32.092944831159443 ], [ 35.327609555777926, 32.093793810312725 ], [ 35.328621229004064, 32.094052521845839 ], [ 35.328627355716939, 32.094789668208399 ], [ 35.329617927277447, 32.094947299001809 ], [ 35.330230810033392, 32.094911224870764 ], [ 35.332132675441791, 32.094711617227283 ], [ 35.332340511109479, 32.094031406381319 ], [ 35.332763795410123, 32.093335957000143 ], [ 35.33354536294685, 32.093632687881694 ], [ 35.334536038054772, 32.093950359243969 ], [ 35.334610105060683, 32.094519406590315 ], [ 35.335453985484072, 32.094844291765661 ], [ 35.335926269931321, 32.095085838788634 ], [ 35.336822121731991, 32.094981378701583 ], [ 35.33735638841695, 32.09482271129454 ], [ 35.338680711357888, 32.094383407001068 ], [ 35.340293449518484, 32.09393425619853 ], [ 35.340994721136205, 32.093314799314456 ], [ 35.341674223993031, 32.092725057155612 ], [ 35.342698986980636, 32.091576550121815 ], [ 35.343468653717565, 32.09119932342751 ], [ 35.344625886985185, 32.090909594953715 ], [ 35.346385244471513, 32.090579404384869 ], [ 35.34700831522882, 32.090270244350712 ], [ 35.347527101601152, 32.090362089550169 ], [ 35.348061440829156, 32.090311593298857 ], [ 35.348465731326293, 32.090741490312737 ], [ 35.348967340670704, 32.089981405311867 ], [ 35.349164180110819, 32.089057880839853 ], [ 35.35016972876786, 32.088689754707133 ], [ 35.35067309011184, 32.088903617907526 ], [ 35.35134375145018, 32.088902440583681 ], [ 35.352019692275327, 32.089133378135571 ], [ 35.351824348874665, 32.090888828023928 ], [ 35.353929348692951, 32.090457410535997 ], [ 35.35467853639814, 32.090393876102574 ], [ 35.35505030981259, 32.090819838742313 ] ] ] ] } },
{ "type": "Feature", "properties": { "VNAME": "JALUD", "Shape_Leng": 18412.227294100001, "Shape_Area": 15833867.740900001 }, "geometry": { "type": "MultiPolygon", "coordinates": [ [ [ [ 35.30834115666336, 32.084559939714197 ], [ 35.308109278740645, 32.083842684740567 ], [ 35.307530686959232, 32.083370747440142 ], [ 35.306539135185233, 32.082245713032428 ], [ 35.307270357775195, 32.082153479257137 ], [ 35.308248774890401, 32.082097324492636 ], [ 35.309672095522522, 32.082042064771237 ], [ 35.311004008274963, 32.081853176851503 ], [ 35.313177821039488, 32.080316417010515 ], [ 35.314150355617649, 32.079581684891735 ], [ 35.314677711001998, 32.079150430401654 ], [ 35.3151379686133, 32.078526512412594 ], [ 35.315362733837453, 32.078015113786705 ], [ 35.315949948320259, 32.078304239688379 ], [ 35.316568223529806, 32.078380862808956 ], [ 35.31719646343381, 32.078380640801718 ], [ 35.318008946375222, 32.078728764581101 ], [ 35.318732123150745, 32.078765122972491 ], [ 35.320644193736236, 32.078876648736696 ], [ 35.322392486858682, 32.078035197054888 ], [ 35.322160253127649, 32.077072225408607 ], [ 35.323987792043049, 32.076826776341818 ], [ 35.324292135659249, 32.077238289753254 ], [ 35.324921193489402, 32.077427407934863 ], [ 35.325529492489672, 32.077580821048805 ], [ 35.326199872318121, 32.07764967615163 ], [ 35.326959496455984, 32.077504953358307 ], [ 35.327146085000756, 32.076613204808886 ], [ 35.327270548324989, 32.075803775087728 ], [ 35.327437428297557, 32.075205491468182 ], [ 35.32790667430428, 32.074209343295053 ], [ 35.328214543492436, 32.073297335469988 ], [ 35.329125044586448, 32.072838686816084 ], [ 35.329811410681508, 32.072704313148662 ], [ 35.330391162212209, 32.07194286508669 ], [ 35.330651662165366, 32.071173759464692 ], [ 35.331613878830481, 32.070276757400002 ], [ 35.332817712740301, 32.069458714640987 ], [ 35.333382769549885, 32.069240875703073 ], [ 35.33486999712526, 32.069078191413794 ], [ 35.336226104001206, 32.068913399741795 ], [ 35.337566251323814, 32.068512155627715 ], [ 35.338120823422265, 32.068299013370385 ], [ 35.338718079951519, 32.068098595623646 ], [ 35.339146953143278, 32.06783590288731 ], [ 35.339716937257442, 32.067500714690325 ], [ 35.341177045480762, 32.066795104948703 ], [ 35.342595448260916, 32.066142096648754 ], [ 35.34344880108798, 32.066173662019345 ], [ 35.343620712885361, 32.065491843809532 ], [ 35.343896695262714, 32.064790068326005 ], [ 35.344675836131529, 32.063988793427143 ], [ 35.346759806302622, 32.063508295542626 ], [ 35.347462032045016, 32.063299139729189 ], [ 35.348076836718704, 32.062104073636149 ], [ 35.348447124281748, 32.061312610168002 ], [ 35.348639821603079, 32.060824299295881 ], [ 35.348340811947409, 32.060390202261168 ], [ 35.348259512036535, 32.059151674556681 ], [ 35.348561836788534, 32.058084158785093 ], [ 35.349455100614463, 32.056987641203548 ], [ 35.350248952520126, 32.055834339496549 ], [ 35.351126323666286, 32.054661452975161 ], [ 35.351742431202872, 32.053779744741398 ], [ 35.352463282940896, 32.052621026085653 ], [ 35.352964129875829, 32.051865449022394 ], [ 35.353334931260413, 32.051303930864719 ], [ 35.353695745651386, 32.050792202597577 ], [ 35.354112697889903, 32.050301972642913 ], [ 35.353037575896373, 32.049228459513003 ], [ 35.351164613554971, 32.047310747153752 ], [ 35.34798569698679, 32.044005824007556 ], [ 35.348317851701161, 32.042371847307656 ], [ 35.348431131260348, 32.041366450406997 ], [ 35.348628968291678, 32.040873533321815 ], [ 35.347388425687058, 32.040959651469556 ], [ 35.346073802220467, 32.041047125380999 ], [ 35.345367109272402, 32.040893363026335 ], [ 35.344460595394068, 32.040558415311665 ], [ 35.343527939839966, 32.040262284088612 ], [ 35.342941116457261, 32.040086000908943 ], [ 35.342098245666129, 32.040040704310243 ], [ 35.341792044513873, 32.038671049953777 ], [ 35.341047943578921, 32.038398461032266 ], [ 35.340424011249219, 32.037959064405669 ], [ 35.339937306837918, 32.037841797605807 ], [ 35.338685948740618, 32.037891949420221 ], [ 35.33759705716335, 32.038033786651738 ], [ 35.33531914124346, 32.038048736597027 ], [ 35.333675041550997, 32.038085783084121 ], [ 35.332271986721942, 32.038129650200744 ], [ 35.328197819118259, 32.040666606874176 ], [ 35.327978694451552, 32.041080973020499 ], [ 35.315063490868368, 32.046365692879768 ], [ 35.31447257097507, 32.046604204314797 ], [ 35.313910956586035, 32.046824139219595 ], [ 35.312668028987012, 32.04732030640605 ], [ 35.310365176207405, 32.048275434093838 ], [ 35.309715859000946, 32.048614195740441 ], [ 35.308940469769162, 32.048860551784536 ], [ 35.308223978174112, 32.048923213846962 ], [ 35.307435750395022, 32.049027751784344 ], [ 35.306717341989859, 32.04927756841397 ], [ 35.306000839177713, 32.049313163623353 ], [ 35.304510131670902, 32.049696518432299 ], [ 35.303924728497449, 32.049761269991222 ], [ 35.303299870142546, 32.049941731416951 ], [ 35.301693323654959, 32.050324901917989 ], [ 35.300920567524294, 32.050440399506556 ], [ 35.300313735567144, 32.05054836413408 ], [ 35.300477670773994, 32.051201484869011 ], [ 35.300587759688938, 32.051871371496347 ], [ 35.300707435478905, 32.05281839535801 ], [ 35.300892055353955, 32.053874717864936 ], [ 35.299162026977498, 32.055991670768933 ], [ 35.298642805493891, 32.056878143936018 ], [ 35.299361687679166, 32.057331801950959 ], [ 35.299753567387768, 32.05794246190522 ], [ 35.301050561721681, 32.058460026068033 ], [ 35.300009611263121, 32.059207170447117 ], [ 35.300022529454672, 32.060014099774882 ], [ 35.300395815607814, 32.060753602713476 ], [ 35.301084674879156, 32.061275439241768 ], [ 35.302498605663629, 32.062257571769187 ], [ 35.303198230499284, 32.062495112018475 ], [ 35.303730408735902, 32.063973495031988 ], [ 35.304142934298795, 32.065219566574982 ], [ 35.304274362878509, 32.067503361762874 ], [ 35.304071348166175, 32.068566731075826 ], [ 35.303837645023641, 32.069330794300129 ], [ 35.303640759340617, 32.069794321252267 ], [ 35.300924495859334, 32.069176316274955 ], [ 35.299280350317431, 32.071138392556527 ], [ 35.299580421157103, 32.072203895954836 ], [ 35.300699224880319, 32.073078664598675 ], [ 35.300247751786031, 32.073659544553443 ], [ 35.300839148729395, 32.073959938293712 ], [ 35.300558810324269, 32.07508332521224 ], [ 35.300574507416307, 32.076370435251768 ], [ 35.300557502925301, 32.077937704865199 ], [ 35.300573104888024, 32.078586759737547 ], [ 35.30166674324218, 32.079166618908474 ], [ 35.30255444631247, 32.079348883404293 ], [ 35.304250721033803, 32.079672013327624 ], [ 35.306625294167731, 32.083698375699448 ], [ 35.30834115666336, 32.084559939714197 ] ] ] ] } },
{ "type": "Feature", "properties": { "VNAME": "DUMA", "Shape_Leng": 21516.912580699998, "Shape_Area": 17346667.285399999 }, "geometry": { "type": "MultiPolygon", "coordinates": [ [ [ [ 35.352083296960977, 32.072987079537135 ], [ 35.352881084344915, 32.071389539060469 ], [ 35.353723453652265, 32.070706528269788 ], [ 35.354843589627471, 32.070530140600901 ], [ 35.356635144647463, 32.070465253834271 ], [ 35.35779762912783, 32.070211389724179 ], [ 35.35827282211185, 32.069641153400809 ], [ 35.359068335638966, 32.069454993203806 ], [ 35.359815871808209, 32.068690284988861 ], [ 35.360522390370228, 32.06828708241526 ], [ 35.362809205228928, 32.067457589078899 ], [ 35.363746553977883, 32.067280023352929 ], [ 35.365475463333361, 32.067432629442116 ], [ 35.366680244546068, 32.067743794752083 ], [ 35.367849259439609, 32.068105232174588 ], [ 35.368545815051505, 32.068087699732615 ], [ 35.369326201874671, 32.068086625659554 ], [ 35.369850658615505, 32.068376680132431 ], [ 35.370368512694384, 32.068231709330348 ], [ 35.37085095916909, 32.068484215810301 ], [ 35.371784483398486, 32.069107038628857 ], [ 35.372806795004685, 32.069374222917347 ], [ 35.375078181521211, 32.068616943097197 ], [ 35.375836720528504, 32.068334421365179 ], [ 35.376848872962597, 32.068822718068873 ], [ 35.378765270144186, 32.068468841349095 ], [ 35.380011739150333, 32.068598742273309 ], [ 35.380661721646014, 32.06892922089412 ], [ 35.381435967221407, 32.068384841494577 ], [ 35.381921311832961, 32.067701596946577 ], [ 35.382689535763042, 32.066746986244134 ], [ 35.383522065382941, 32.066715544070021 ], [ 35.384453483022149, 32.066438733803466 ], [ 35.385018695110311, 32.066130492973208 ], [ 35.385410284003349, 32.065636128903755 ], [ 35.386915592088712, 32.064367762795918 ], [ 35.387706281125389, 32.064382171670438 ], [ 35.3881511215275, 32.064078430267649 ], [ 35.388662181464362, 32.063241374861974 ], [ 35.388969550898906, 32.062462254244195 ], [ 35.389470296676357, 32.061738116009877 ], [ 35.390182083528977, 32.061519520871279 ], [ 35.390280156460584, 32.060913440954906 ], [ 35.390554981205653, 32.05957130073093 ], [ 35.391130178034672, 32.059267347063063 ], [ 35.391635945645824, 32.058355977707798 ], [ 35.392148332687654, 32.057877347107926 ], [ 35.393729522414581, 32.057903849678247 ], [ 35.394789990482202, 32.056742989094104 ], [ 35.395797873620133, 32.055495198333425 ], [ 35.396544633497292, 32.054615320368214 ], [ 35.397250631920343, 32.05420290441765 ], [ 35.398239203138921, 32.053891099393162 ], [ 35.399416318572932, 32.053196948282597 ], [ 35.400550488817366, 32.052404408712462 ], [ 35.40154335244614, 32.051549151064684 ], [ 35.402076773156239, 32.051372193551884 ], [ 35.402400359272484, 32.050915149814585 ], [ 35.402650608913582, 32.050285888972731 ], [ 35.402800336555941, 32.049507484492786 ], [ 35.403286523169008, 32.049144288342681 ], [ 35.404087306990476, 32.04889237534401 ], [ 35.405122962028202, 32.048536788704162 ], [ 35.406289710129194, 32.048259865009541 ], [ 35.406840275880327, 32.048612393994837 ], [ 35.40737532804652, 32.048852488971626 ], [ 35.408464501659296, 32.048822769234832 ], [ 35.409547786118665, 32.048669149885342 ], [ 35.410103558297195, 32.048841195697683 ], [ 35.410658570476258, 32.048983949525727 ], [ 35.411601904056837, 32.04914636301033 ], [ 35.412434689238204, 32.049231965884857 ], [ 35.4129582708821, 32.049185920684678 ], [ 35.413617819196624, 32.049126012891257 ], [ 35.414187667811177, 32.048876170614825 ], [ 35.41492030884006, 32.048726941667297 ], [ 35.415679115015571, 32.048541125207052 ], [ 35.416291179418792, 32.048285966166532 ], [ 35.417368318627204, 32.047773920392196 ], [ 35.418430065188687, 32.047230606782932 ], [ 35.41902731522778, 32.046614987837799 ], [ 35.419121830189802, 32.045479141169757 ], [ 35.41927492353976, 32.044003992223473 ], [ 35.41976031368803, 32.043212393012425 ], [ 35.420753890538968, 32.042947676969163 ], [ 35.425588966683186, 32.041333388410287 ], [ 35.425231722717868, 32.031000856598048 ], [ 35.424724578067874, 32.030938418949908 ], [ 35.424060700039846, 32.030878964827572 ], [ 35.423414974877247, 32.0311821580611 ], [ 35.42265106542709, 32.031645417235985 ], [ 35.422075730530324, 32.032134376889609 ], [ 35.421347142421737, 32.032457175866099 ], [ 35.420979760366194, 32.032928634744003 ], [ 35.42035567475542, 32.032672257601241 ], [ 35.41967416145684, 32.032495889818428 ], [ 35.418511013743085, 32.032170891370654 ], [ 35.417034772597361, 32.032117887667184 ], [ 35.416595716945416, 32.032430631922267 ], [ 35.41583796543599, 32.032979403908307 ], [ 35.415373117456461, 32.033418889689997 ], [ 35.414914367744132, 32.034191925540625 ], [ 35.414045569820672, 32.034418151552103 ], [ 35.413345507750968, 32.034972579221659 ], [ 35.412173655980766, 32.035249657180849 ], [ 35.410886625335714, 32.035625860564039 ], [ 35.409965910261647, 32.03574031557185 ], [ 35.409075302918936, 32.035741467820415 ], [ 35.40856741839054, 32.03567672128181 ], [ 35.407814372923305, 32.036054012861243 ], [ 35.407082005282426, 32.036185164204753 ], [ 35.406390982713482, 32.036353853449924 ], [ 35.40588306284009, 32.036363495553665 ], [ 35.405333727850291, 32.036333338743304 ], [ 35.404615554821156, 32.036096714093595 ], [ 35.403971308161687, 32.036030027850273 ], [ 35.403106745534984, 32.035584242796673 ], [ 35.402368641563598, 32.03585074630783 ], [ 35.401824423203848, 32.035712259194256 ], [ 35.401195692398638, 32.035656537700753 ], [ 35.400400381412176, 32.035860989363727 ], [ 35.399866423667277, 32.035862078832267 ], [ 35.399363024629764, 32.035537937145961 ], [ 35.398833319885583, 32.035270655252894 ], [ 35.398318523819832, 32.034610791143628 ], [ 35.396826249955581, 32.03427377603618 ], [ 35.395998818648572, 32.034413424781683 ], [ 35.394758841466327, 32.034617231744051 ], [ 35.393282851091449, 32.034854785162182 ], [ 35.391974311490621, 32.035068880377594 ], [ 35.390812958723942, 32.035268902910772 ], [ 35.389399820377257, 32.035455631774902 ], [ 35.388091114969285, 32.035791431591917 ], [ 35.386992336161242, 32.035981222981114 ], [ 35.385573606114292, 32.036131943714828 ], [ 35.382747799985474, 32.036730711956174 ], [ 35.381946827735462, 32.036872028036839 ], [ 35.381161857716911, 32.037017538196231 ], [ 35.380192697967203, 32.036720111077258 ], [ 35.378888797867482, 32.036476297087802 ], [ 35.37797170659087, 32.036272554709768 ], [ 35.376322380269329, 32.036053235050765 ], [ 35.37449391091868, 32.035738044567935 ], [ 35.374233429184571, 32.036259227770707 ], [ 35.373790601668205, 32.037176123123992 ], [ 35.374033298121716, 32.038041849119658 ], [ 35.374543439725059, 32.039193403611719 ], [ 35.374162652944818, 32.039899458286527 ], [ 35.373513634037202, 32.039981512313318 ], [ 35.371540605455017, 32.040426527270668 ], [ 35.370896419412936, 32.040337127704021 ], [ 35.37033082504788, 32.040241737975123 ], [ 35.369787077433614, 32.04053148170992 ], [ 35.369065098085237, 32.040889927369129 ], [ 35.368558213060716, 32.041300724259251 ], [ 35.36788264085871, 32.041329133555074 ], [ 35.366829056847628, 32.040913679288828 ], [ 35.366321620371053, 32.040995298184889 ], [ 35.365112233734671, 32.041159919120076 ], [ 35.36387207613835, 32.04136342436793 ], [ 35.363348402191512, 32.041328104056042 ], [ 35.362358078468965, 32.041211297844278 ], [ 35.361834555172223, 32.041079017473095 ], [ 35.360666419352043, 32.040994809968041 ], [ 35.359898112283297, 32.041405932497767 ], [ 35.359678744433026, 32.041831626062347 ], [ 35.359665198807086, 32.042799103773916 ], [ 35.360248762238179, 32.044161283497239 ], [ 35.359993119979322, 32.044668822986111 ], [ 35.359524114808167, 32.045604194298605 ], [ 35.359231784660643, 32.045997425350585 ], [ 35.358561598235205, 32.046366130750251 ], [ 35.358269902210608, 32.046836003609876 ], [ 35.3576593666387, 32.047904773217205 ], [ 35.357120278586699, 32.048302593046451 ], [ 35.355587630369904, 32.049027768654213 ], [ 35.354483891603039, 32.049756223212434 ], [ 35.354112697889903, 32.050301972642913 ], [ 35.353695745651386, 32.050792202597577 ], [ 35.353334931260413, 32.051303930864719 ], [ 35.352964129875829, 32.051865449022394 ], [ 35.352463282940896, 32.052621026085653 ], [ 35.351742431202872, 32.053779744741398 ], [ 35.351126323666286, 32.054661452975161 ], [ 35.350248952520126, 32.055834339496549 ], [ 35.349455100614463, 32.056987641203548 ], [ 35.348561836788534, 32.058084158785093 ], [ 35.348259512036535, 32.059151674556681 ], [ 35.348340811947409, 32.060390202261168 ], [ 35.348639821603079, 32.060824299295881 ], [ 35.348447124281748, 32.061312610168002 ], [ 35.348076836718704, 32.062104073636149 ], [ 35.347462032045016, 32.063299139729189 ], [ 35.347577840841431, 32.06423039355348 ], [ 35.34755812742587, 32.064909394286317 ], [ 35.347739074608249, 32.066317417535593 ], [ 35.348378728764565, 32.066792551627124 ], [ 35.348620317359604, 32.067284082921987 ], [ 35.348443719922415, 32.067832977379062 ], [ 35.348250492488319, 32.068352860259147 ], [ 35.348351396867088, 32.068907876896624 ], [ 35.348195303189939, 32.069560086831231 ], [ 35.347934376545695, 32.069995551546782 ], [ 35.347705159484967, 32.070583747764175 ], [ 35.347370533893027, 32.071140069022405 ], [ 35.348141122473983, 32.071427903190738 ], [ 35.348807013604286, 32.071659049901335 ], [ 35.349540617525399, 32.071897956364602 ], [ 35.350678155047014, 32.072219545920646 ], [ 35.352083296960977, 32.072987079537135 ] ] ] ] } }
]
}
