{
"type": "FeatureCollection",
"name": "01000234",
"crs": { "type": "name", "properties": { "name": "urn:ogc:def:crs:OGC:1.3:CRS84" } },
"features": [
{ "type": "Feature", "properties": { "iso2": "PS", "iso3": "PSE", "adm0_name": "State of Palestine", "adm0_name1": null, "adm0_name2": null, "adm0_name3": null, "adm0_pcode": "PS", "valid_on": "2023-10-19", "valid_to": null, "version": "v01", "area_sqkm": 6019.6203337799998, "lang": "en", "lang1": null, "lang2": null, "lang3": null, "center_lat": 31.94753941, "center_lon": 35.26684312 }, "geometry": { "type": "MultiPolygon", "coordinates": [ [ [ [ 35.251820208000026, 32.523567218000153 ], [ 35.251648810000063, 32.523715638000169 ], [ 35.251488373000029, 32.523836156000186 ], [ 35.251338745000112, 32.523953711000047 ], [ 35.251160029000062, 32.524108193000075 ], [ 35.250955709000038, 32.524281279000149 ], [ 35.25075887800017, 32.524460563000105 ], [ 35.250486737000131, 32.524719898000114 ], [ 35.250304356000015, 32.524871419000135 ], [ 35.250114668000151, 32.525044500000149 ], [ 35.249965045000124, 32.525177412000176 ], [ 35.249760879000121, 32.525334999000108 ], [ 35.249494537000089, 32.525551357000097 ], [ 35.249206417000039, 32.525792520000039 ], [ 35.249183600000038, 32.525812423000048 ], [ 35.249045484000135, 32.525932902000136 ], [ 35.248969174000081, 32.525999568000145 ], [ 35.248943238000038, 32.526018457000191 ], [ 35.248838974000137, 32.526094256000135 ], [ 35.248816046000172, 32.526110924000136 ], [ 35.248659267000107, 32.526243836000106 ], [ 35.248516946000109, 32.526358146000121 ], [ 35.248338216000093, 32.526494165000145 ], [ 35.248200017000102, 32.526628251000034 ], [ 35.248118432000183, 32.526707407000174 ], [ 35.248115441000039, 32.526710368000181 ], [ 35.24811178300007, 32.526713325000117 ], [ 35.248006103000023, 32.526790310000024 ], [ 35.24796762800014, 32.526818338000055 ], [ 35.247934688999976, 32.526849417000051 ], [ 35.247849922000171, 32.526929398000163 ], [ 35.247807029000114, 32.526969848000135 ], [ 35.247558977000153, 32.527198596000062 ], [ 35.247398533000023, 32.527325309000162 ], [ 35.247241747000032, 32.527452022000034 ], [ 35.247099442000092, 32.527609725000048 ], [ 35.246919698000113, 32.527722635000146 ], [ 35.24688777200015, 32.52774265100004 ], [ 35.246784180000077, 32.52783187100016 ], [ 35.246668973000055, 32.527931093000177 ], [ 35.246537630000148, 32.528057796999974 ], [ 35.24639530900015, 32.528178445000037 ], [ 35.246191142000043, 32.52836392200004 ], [ 35.246041501000036, 32.528484431000152 ], [ 35.24583366000013, 32.528635812000118 ], [ 35.245613846000083, 32.528827940000042 ], [ 35.245603716000119, 32.528836794000085 ], [ 35.245592401000181, 32.528845179000143 ], [ 35.245204496000156, 32.529132645000118 ], [ 35.24492, 32.529342799000119 ], [ 35.244686042000069, 32.529492776000154 ], [ 35.244438795000121, 32.529687278999972 ], [ 35.24424026000014, 32.529829356000107 ], [ 35.244087622000109, 32.529951130000086 ], [ 35.24393648500012, 32.530088966000108 ], [ 35.243749595000111, 32.530247384000063 ], [ 35.243629213000077, 32.530342804000156 ], [ 35.243452464000143, 32.53048825400009 ], [ 35.24331196300011, 32.530606220000095 ], [ 35.243141697000056, 32.530742936000024 ], [ 35.242907416000151, 32.530941517000031 ], [ 35.242703727000105, 32.531103177000091 ], [ 35.24254376100015, 32.531215936000081 ], [ 35.242371658000025, 32.531332782000163 ], [ 35.242141194000169, 32.531516144000079 ], [ 35.242003843000077, 32.531614103000095 ], [ 35.241885289000038, 32.531714450000152 ], [ 35.241774219000092, 32.531817896000177 ], [ 35.241652008000187, 32.531930924999983 ], [ 35.241403921000028, 32.532147402000078 ], [ 35.241281715000184, 32.532269730000053 ], [ 35.241074363999985, 32.532445338 ], [ 35.24082992000001, 32.532617993000031 ], [ 35.240581833000192, 32.53283757000014 ], [ 35.240381964000107, 32.533016416 ], [ 35.240241127000047, 32.533144947000096 ], [ 35.2400449000001, 32.533270530000095 ], [ 35.239881943, 32.533405406000043 ], [ 35.239700524, 32.533552824000026 ], [ 35.239581963000091, 32.533653312000126 ], [ 35.239439458000106, 32.533774936999976 ], [ 35.239246898000147, 32.533935040000188 ], [ 35.238961886000027, 32.534179699999981 ], [ 35.238754362000066, 32.534361643000068 ], [ 35.238635967000107, 32.534468329000163 ], [ 35.238502606, 32.534584317000167 ], [ 35.238365583000132, 32.534694245000026 ], [ 35.23824702100012, 32.534800789000144 ], [ 35.238201552000135, 32.534841739000171 ], [ 35.238124967000147, 32.534910714000091 ], [ 35.238077353000108, 32.534945821000065 ], [ 35.237980458000152, 32.535017264000032 ], [ 35.23782863200006, 32.535130295000044 ], [ 35.237706407000132, 32.535227539000118 ], [ 35.237554579000175, 32.53534042900003 ], [ 35.237428695000062, 32.535444015000053 ], [ 35.237258244000088, 32.535575790000053 ], [ 35.237110244000121, 32.535701218000099 ], [ 35.236885907000101, 32.535866959000089 ], [ 35.236648936000108, 32.536052146000031 ], [ 35.236485976000154, 32.536215198000036 ], [ 35.236404506000156, 32.536340753 ], [ 35.236308243999986, 32.536503792000076 ], [ 35.236245328000109, 32.536604774000125 ], [ 35.23621281100003, 32.53665696600018 ], [ 35.236204664000127, 32.536670070000184 ], [ 35.236172904000171, 32.536704597000096 ], [ 35.236100901000157, 32.536782948999985 ], [ 35.236091269000099, 32.536795256000062 ], [ 35.235882413000013, 32.537062111000182 ], [ 35.235686213000122, 32.537335067000015 ], [ 35.235508460000062, 32.537564060000079 ], [ 35.235375109000131, 32.537752324 ], [ 35.235177244000056, 32.538043597000069 ], [ 35.234907036000038, 32.53838560600019 ], [ 35.234799126000041, 32.538524424000116 ], [ 35.23472179800018, 32.538623899000072 ], [ 35.234549191000042, 32.53883104900018 ], [ 35.234531899000046, 32.538850214000092 ], [ 35.234309909000103, 32.539133741000171 ], [ 35.234120684000175, 32.539410217000125 ], [ 35.233975682999983, 32.539597919000016 ], [ 35.233806405000053, 32.539829864000126 ], [ 35.233669046000102, 32.539982058000135 ], [ 35.233649258000071, 32.540003902000137 ], [ 35.23359954100016, 32.540090561000113 ], [ 35.233512417000043, 32.540242746 ], [ 35.233462196000062, 32.540305455000123 ], [ 35.233413281000026, 32.540366517000052 ], [ 35.233351116000108, 32.540444119000085 ], [ 35.233157884000093, 32.540686354000115 ], [ 35.232936220000056, 32.540976499000067 ], [ 35.232619938000028, 32.541409108000039 ], [ 35.232482914000059, 32.541590045000191 ], [ 35.232289514, 32.541839184000139 ], [ 35.232099394000102, 32.542131693000101 ], [ 35.232061369000064, 32.542190196000035 ], [ 35.232047901000044, 32.542211050000162 ], [ 35.231943140000169, 32.542371409 ], [ 35.231834387000106, 32.542535291000092 ], [ 35.231697358000076, 32.542705799000146 ], [ 35.231564323000157, 32.542896878000079 ], [ 35.231423470000152, 32.543084575000023 ], [ 35.231352290000132, 32.543158135999988 ], [ 35.231325505000086, 32.543185818000154 ], [ 35.231250843000169, 32.543262979000076 ], [ 35.23111280400019, 32.543389809000075 ], [ 35.231039304000149, 32.54351169600011 ], [ 35.230930719000128, 32.543700797000042 ], [ 35.230839588000151, 32.543822689000024 ], [ 35.230698733000111, 32.544019121000076 ], [ 35.230578335000132, 32.544193288000031 ], [ 35.230428492000044, 32.544367459000171 ], [ 35.23025520200008, 32.544591230000094 ], [ 35.230096552000134, 32.544810209 ], [ 35.229978306000135, 32.54495140500012 ], [ 35.229872546000081, 32.545133037000085 ], [ 35.229749151000078, 32.545326931000147 ], [ 35.229649368000082, 32.54546136200014 ], [ 35.229552412000032, 32.545583252000085 ], [ 35.22935266900015, 32.545812098000056 ], [ 35.229238251000083, 32.545978654000123 ], [ 35.229106039000158, 32.546170294000035 ], [ 35.228985628000032, 32.546306981000043 ], [ 35.228873035000049, 32.546450570000104 ], [ 35.228767267000194, 32.546614731000091 ], [ 35.228673306000132, 32.546763954000085 ], [ 35.228567540000086, 32.546945587000096 ], [ 35.22843548700007, 32.547109750000118 ], [ 35.228288465000162, 32.547298714000135 ], [ 35.22815341800009, 32.547475416000168 ], [ 35.227997742000184, 32.547649444000172 ], [ 35.227874334000091, 32.547801206000145 ], [ 35.227769067, 32.54798664100008 ], [ 35.227683082000112, 32.548101202000055 ], [ 35.227609055000073, 32.54823042400011 ], [ 35.227594773000135, 32.548255354000048 ], [ 35.227558412000064, 32.548298822999982 ], [ 35.227462050000099, 32.548414023000134 ], [ 35.227373570000054, 32.548539573000028 ], [ 35.227341686000102, 32.54859153700005 ], [ 35.227290915000083, 32.548674282000093 ], [ 35.227157694000141, 32.54884591300015 ], [ 35.227027631000112, 32.549022050000076 ], [ 35.226903063000123, 32.549211572000104 ], [ 35.22683668600007, 32.549291725000103 ], [ 35.226779485, 32.54936079600003 ], [ 35.226623312000186, 32.549574418000134 ], [ 35.226469794000081, 32.549766054000145 ], [ 35.226334573000145, 32.549926975000062 ], [ 35.22624875200006, 32.5500678840001 ], [ 35.226162767000176, 32.550204564000012 ], [ 35.226061311000137, 32.550336738000112 ], [ 35.225954196000032, 32.550474829000109 ], [ 35.225855400000057, 32.55061362500004 ], [ 35.225740969000071, 32.550770034000095 ], [ 35.22564732900014, 32.550902347000147 ], [ 35.225535393000143, 32.551045512000144 ], [ 35.225446907000105, 32.551175428000079 ], [ 35.225345449000031, 32.551307601000076 ], [ 35.225218044000087, 32.5514905 ], [ 35.225046226000075, 32.551728493999974 ], [ 35.22481536000015, 32.552009045000034 ], [ 35.224761182000123, 32.552080025000066 ], [ 35.224745666000047, 32.552100354000061 ], [ 35.224695434000182, 32.552166017000047 ], [ 35.224607446000164, 32.552280717000144 ], [ 35.224498660000052, 32.552394432000028 ], [ 35.224244773000066, 32.552262154000118 ], [ 35.224084888999982, 32.552174953000076 ], [ 35.22393781400018, 32.552088456000092 ], [ 35.223773439000183, 32.552018867000129 ], [ 35.223583942000062, 32.551934487000096 ], [ 35.223227408000184, 32.551731909000182 ], [ 35.223064192000038, 32.551620895000042 ], [ 35.222884678000071, 32.551506926000116 ], [ 35.222685364000142, 32.55139732300006 ], [ 35.222493374000067, 32.551289693 ], [ 35.222279091000189, 32.551186293000171 ], [ 35.22205964900013, 32.551080776000049 ], [ 35.221900102000177, 32.551006960000166 ], [ 35.221578682000029, 32.550844528000027 ], [ 35.221269570000061, 32.550701118000063 ], [ 35.221129989000133, 32.550627297000119 ], [ 35.220942990000026, 32.550526006000155 ], [ 35.220779619999973, 32.550438659000122 ], [ 35.220490643000176, 32.550296937000098 ], [ 35.220244919000095, 32.550154786000178 ], [ 35.220070733000057, 32.550057579000054 ], [ 35.219923169000083, 32.549998693000134 ], [ 35.219751147000068, 32.549908529000163 ], [ 35.21961788800013, 32.549837383000124 ], [ 35.219476479000093, 32.549759335000033 ], [ 35.219331078000039, 32.549670857000024 ], [ 35.219128279000074, 32.549547726000014 ], [ 35.218972563000136, 32.549462775000052 ], [ 35.218848788000116, 32.549395149000134 ], [ 35.218818770000098, 32.549378698000112 ], [ 35.218757786000026, 32.549345275000064 ], [ 35.218554992000122, 32.549239472000124 ], [ 35.218325577000087, 32.54911802800018 ], [ 35.218167702000073, 32.549041810000119 ], [ 35.217917826000189, 32.548908252000047 ], [ 35.217768266000064, 32.54881977500014 ], [ 35.217624864000072, 32.548736510000083 ], [ 35.217440538000119, 32.54865508000006 ], [ 35.217211128000145, 32.54853011300014 ], [ 35.217000016999975, 32.54841923500004 ], [ 35.216814494000175, 32.548323905000132 ], [ 35.216807539000058, 32.548320331000184 ], [ 35.216767590000018, 32.548296764000099 ], [ 35.216651826000032, 32.548228474000155 ], [ 35.216627204000133, 32.548215532000143 ], [ 35.216566318000105, 32.548183528000152 ], [ 35.216554009000049, 32.54817719000016 ], [ 35.216517575000069, 32.548157043000174 ], [ 35.216357206, 32.548077863000174 ], [ 35.21620365900003, 32.548006854999983 ], [ 35.216183527000112, 32.547967263000089 ], [ 35.216181340000048, 32.547962973000097 ], [ 35.216113489000179, 32.547829891000106 ], [ 35.216086862000054, 32.54762009600006 ], [ 35.216066393, 32.547441436000042 ], [ 35.216049915000099, 32.547262780000153 ], [ 35.216046914000117, 32.547068902000092 ], [ 35.216043577000107, 32.546881226000039 ], [ 35.216040075000137, 32.546693693000066 ], [ 35.216040074000091, 32.54664649200015 ], [ 35.216040069000144, 32.546542995000038 ], [ 35.216040064000083, 32.546428099000138 ], [ 35.216033239000126, 32.546277903000146 ], [ 35.215978665000023, 32.546087410000098 ], [ 35.215907129000186, 32.545937356000081 ], [ 35.215767389000177, 32.545761238000068 ], [ 35.215641122000079, 32.545602449000171 ], [ 35.215494563000163, 32.545443803000012 ], [ 35.215358150000156, 32.545282055000143 ], [ 35.21523404900006, 32.545115095000028 ], [ 35.215135068000166, 32.544999702000155 ], [ 35.215002151000078, 32.544881350000139 ], [ 35.214862415000084, 32.544760041000131 ], [ 35.214756614000123, 32.54464169 ], [ 35.214575958000069, 32.544517562000067 ], [ 35.214408942000091, 32.544456977000095 ], [ 35.214252076000093, 32.544419502000096 ], [ 35.214071257000171, 32.544387662000133 ], [ 35.213859995000064, 32.544344409000189 ], [ 35.213706457000171, 32.544312709000053 ], [ 35.213546263000069, 32.544269316000111 ], [ 35.213324690000093, 32.544246210000153 ], [ 35.213055373000088, 32.544217329000162 ], [ 35.212779072000103, 32.544174075000114 ], [ 35.212531216000173, 32.544138570000143 ], [ 35.212360711000031, 32.544098132000158 ], [ 35.212183384000184, 32.544057695999982 ], [ 35.211999238000033, 32.543974002000027 ], [ 35.211801453000078, 32.543893267000158 ], [ 35.211758203000102, 32.543868187000044 ], [ 35.211733090000052, 32.543853582000168 ], [ 35.211627623000084, 32.543792244000088 ], [ 35.211494714000025, 32.543711365000036 ], [ 35.211327535000123, 32.543613159000074 ], [ 35.211174167000081, 32.543529466000166 ], [ 35.210969563, 32.543416886000102 ], [ 35.210785588000135, 32.543269645000066 ], [ 35.210635545000116, 32.543180175000145 ], [ 35.210471862000134, 32.543073371 ], [ 35.210351719000073, 32.542998431 ], [ 35.210340620000125, 32.542991508000057 ], [ 35.210277574000031, 32.542952197000091 ], [ 35.210019742000043, 32.54290907799998 ], [ 35.209828946000073, 32.542818338000131 ], [ 35.209659612000053, 32.542751125000166 ], [ 35.209511731000191, 32.542702090000091 ], [ 35.209265212000105, 32.542629521000038 ], [ 35.209063607000076, 32.542576820000022 ], [ 35.208847195000089, 32.542540463000137 ], [ 35.208639099000095, 32.542524255000046 ], [ 35.208469763000153, 32.542460704 ], [ 35.208319725000138, 32.542420685000025 ], [ 35.208156875000157, 32.542389824000054 ], [ 35.207994360000157, 32.542365726000185 ], [ 35.207835835000083, 32.542323873000157 ], [ 35.207655687000113, 32.542282162000163 ], [ 35.207484189000127, 32.542256793000149 ], [ 35.20722270400006, 32.54215871800011 ], [ 35.20701893800009, 32.542095165000092 ], [ 35.206849602000091, 32.542044434000047 ], [ 35.206600926000135, 32.54195002300014 ], [ 35.20635225000018, 32.541859132000184 ], [ 35.206119209000178, 32.541765848000068 ], [ 35.205975660000092, 32.541705818000082 ], [ 35.205722661000038, 32.541627749000099 ], [ 35.205514738000147, 32.541558837000082 ], [ 35.205323946000192, 32.541502609000077 ], [ 35.205098728000166, 32.541422707000038 ], [ 35.204905779000114, 32.541330127000037 ], [ 35.204717154000036, 32.54123937900016 ], [ 35.204515726000068, 32.541126790000135 ], [ 35.204293507000102, 32.540978833000054 ], [ 35.204109211000116, 32.540866244000085 ], [ 35.203849733000141, 32.540719129000081 ], [ 35.203643980000095, 32.540590335000104 ], [ 35.203517407000163, 32.540497757000082 ], [ 35.203354568000123, 32.540397849000158 ], [ 35.20318740700003, 32.540308931000084 ], [ 35.202973004000171, 32.540199999000095 ], [ 35.202831791000108, 32.540124186000128 ], [ 35.202664627000161, 32.540047948000051 ], [ 35.202503788000058, 32.539940854000065 ], [ 35.202319494000108, 32.539857287000189 ], [ 35.202094455, 32.539717499000176 ], [ 35.20183931300005, 32.53952698300003 ], [ 35.201689291000093, 32.539387202000114 ], [ 35.201387091000129, 32.539076776000172 ], [ 35.201247717000115, 32.538955171000168 ], [ 35.201010710000162, 32.53876676800013 ], [ 35.200899275000097, 32.53867235600012 ], [ 35.200665602000186, 32.538454508000029 ], [ 35.200558327000124, 32.538351078000176 ], [ 35.200382692000062, 32.53823848400009 ], [ 35.200170466000088, 32.53808530900011 ], [ 35.200025937000134, 32.537975816000028 ], [ 35.199917833000086, 32.537866469000107 ], [ 35.199771308000095, 32.537743875000103 ], [ 35.199590022000052, 32.5376033820001 ], [ 35.199441504000163, 32.537474443 ], [ 35.199298805000183, 32.537363403000086 ], [ 35.199119515000064, 32.537242492000132 ], [ 35.198979308000105, 32.537144554000179 ], [ 35.198788382000146, 32.536978557000054 ], [ 35.198622404000105, 32.536836090000065 ], [ 35.198487522000107, 32.53672279400007 ], [ 35.198367612000141, 32.536624433000043 ], [ 35.198204629000088, 32.53648830800006 ], [ 35.198060434000126, 32.536378392000188 ], [ 35.197879819000036, 32.536244942000167 ], [ 35.197738784000137, 32.536146437000127 ], [ 35.197614218000126, 32.536057657000015 ], [ 35.197494305000077, 32.535966482000049 ], [ 35.19733647400011, 32.535860086000127 ], [ 35.197206751000124, 32.535770459000105 ], [ 35.197064719000082, 32.535685198000067 ], [ 35.196914873000082, 32.535570348000135 ], [ 35.196793482000089, 32.535388576000173 ], [ 35.196697036000103, 32.535242594000181 ], [ 35.196631692000039, 32.535102109000036 ], [ 35.196574333000171, 32.53496162600004 ], [ 35.196478899000113, 32.534736600000087 ], [ 35.196408237000128, 32.53457850500007 ], [ 35.196334578000119, 32.53442646700006 ], [ 35.196221351000077, 32.534188476 ], [ 35.19614652700011, 32.534045313000149 ], [ 35.196081185000025, 32.533917791000079 ], [ 35.195925558000056, 32.533604134000143 ], [ 35.195861214000047, 32.533458293000081 ], [ 35.195774094000114, 32.533273847000089 ], [ 35.195714742000177, 32.533119275000104 ], [ 35.195637929000156, 32.53295582200019 ], [ 35.19554564200007, 32.532818716000179 ], [ 35.195289385000081, 32.532549849000077 ], [ 35.195081351999988, 32.532336359000169 ], [ 35.194951645, 32.532202770000026 ], [ 35.194842725000058, 32.532087641000032 ], [ 35.194726653000089, 32.531963775000065 ], [ 35.194603268000094, 32.531820467000102 ], [ 35.194601441000032, 32.531818493000117 ], [ 35.194596930000102, 32.53181361500009 ], [ 35.194486366000149, 32.531694063000145 ], [ 35.19434219600015, 32.531539479000116 ], [ 35.194227124, 32.531426039000166 ], [ 35.194176380000101, 32.531375431000072 ], [ 35.194175407000102, 32.531374461000155 ], [ 35.194117037000069, 32.531316264000054 ], [ 35.194002464000107, 32.531203952000169 ], [ 35.193862452000076, 32.531057114000077 ], [ 35.193727590000094, 32.530919157000142 ], [ 35.193591566, 32.53078471800012 ], [ 35.193449555000086, 32.530645914000161 ], [ 35.193341136000072, 32.530537970000125 ], [ 35.193233214000031, 32.530436789000191 ], [ 35.193114985000136, 32.530318275000184 ], [ 35.193010224000091, 32.530217095000125 ], [ 35.192897151000011, 32.530096751000144 ], [ 35.192790901000137, 32.529966825000031 ], [ 35.192684983000049, 32.529841128000044 ], [ 35.192568751000067, 32.529718949000141 ], [ 35.1924350540001, 32.529604662000168 ], [ 35.192328135000025, 32.52949305400017 ], [ 35.192220882000129, 32.52937989600008 ], [ 35.192113964000157, 32.529273641000032 ], [ 35.191990418000046, 32.529143573000113 ], [ 35.191824472000178, 32.528966155000035 ], [ 35.191709733000039, 32.528865677000056 ], [ 35.191533979000042, 32.528673181000102 ], [ 35.191419413000176, 32.528559315000109 ], [ 35.191279071999986, 32.528417127000068 ], [ 35.191166338000073, 32.528288186000168 ], [ 35.19105377, 32.528171079000117 ], [ 35.190886656000032, 32.528015499000048 ], [ 35.19074448900011, 32.527874859000121 ], [ 35.190613964000022, 32.527740984000161 ], [ 35.190517192000186, 32.527635435000036 ], [ 35.190301863000059, 32.527429544000142 ], [ 35.190183647000026, 32.527291304000073 ], [ 35.190088041000138, 32.527185047999978 ], [ 35.189972481000154, 32.527064842000186 ], [ 35.189840456000184, 32.526941815000043 ], [ 35.189725062000036, 32.526832879000096 ], [ 35.189616152999974, 32.526723804000028 ], [ 35.189411472000188, 32.526505800000109 ], [ 35.18929923800016, 32.526405178000118 ], [ 35.189183848000027, 32.526273698000068 ], [ 35.188959400000101, 32.525980307000054 ], [ 35.188811252000107, 32.52583966300017 ], [ 35.188701860000094, 32.52566901400013 ], [ 35.188526646000184, 32.525368445000083 ], [ 35.188408461000051, 32.52512734600009 ], [ 35.188307727999984, 32.524934438000116 ], [ 35.188233251000156, 32.52481564500016 ], [ 35.188128176000077, 32.524693186000036 ], [ 35.187917998999978, 32.524548584000172 ], [ 35.187672736000025, 32.524381571000106 ], [ 35.187497478000125, 32.524259095000104 ], [ 35.187344169000141, 32.524147757000151 ], [ 35.187234773000114, 32.524021630999982 ], [ 35.187142843000174, 32.523884377000172 ], [ 35.187112768000077, 32.523779685000079 ], [ 35.187111738000169, 32.523776081000108 ], [ 35.187103463000085, 32.523747136000111 ], [ 35.187037079000106, 32.523726933000148 ], [ 35.187029111000186, 32.523724508000043 ], [ 35.186932513000158, 32.523695110000062 ], [ 35.186691702000076, 32.523680266999975 ], [ 35.186469750000185, 32.523634142000162 ], [ 35.186465703000067, 32.523633301000189 ], [ 35.186461018000159, 32.523631431000069 ], [ 35.186457746000031, 32.523630125000125 ], [ 35.186351626000146, 32.523587768000084 ], [ 35.18632082400012, 32.523575410000092 ], [ 35.186308059, 32.52357028800003 ], [ 35.186286909000046, 32.523565469000118 ], [ 35.186236883000163, 32.523554071000035 ], [ 35.186216355000056, 32.523549398000114 ], [ 35.186128457000052, 32.523529390000022 ], [ 35.186047845000132, 32.523552816 ], [ 35.185994734000133, 32.523568251000142 ], [ 35.185848037000142, 32.523610912000038 ], [ 35.185677227000042, 32.523651737000137 ], [ 35.185418759000129, 32.523725935000073 ], [ 35.185125201, 32.523803791000091 ], [ 35.184928117000084, 32.523837141000172 ], [ 35.184687122000128, 32.523881471000152 ], [ 35.184484709000117, 32.523925668000118 ], [ 35.184459761000028, 32.523931159000142 ], [ 35.184381533000135, 32.523945118000142 ], [ 35.184218433000126, 32.523974220000071 ], [ 35.183946829000035, 32.524033477999978 ], [ 35.183718964000093, 32.52410387600014 ], [ 35.183416743000066, 32.524218783000151 ], [ 35.183105548000185, 32.524307758000134 ], [ 35.182803329000137, 32.52440786700015 ], [ 35.182619378000084, 32.524456011000041 ], [ 35.182439745000067, 32.524507961000097 ], [ 35.182329213000116, 32.524532155000145 ], [ 35.18229570800014, 32.524539489000063 ], [ 35.182063356000072, 32.524590295000166 ], [ 35.181874924000113, 32.524593914000036 ], [ 35.181708448000052, 32.524593873000072 ], [ 35.181537646000095, 32.524597496000126 ], [ 35.181204694000087, 32.524597415000017 ], [ 35.18087623800011, 32.524571410000078 ], [ 35.18070528700008, 32.524523180000187 ], [ 35.180486310000163, 32.524374759000068 ], [ 35.180328689000191, 32.524252278000176 ], [ 35.180184215000111, 32.524118670000121 ], [ 35.180035251000049, 32.523973930000068 ], [ 35.179917043000046, 32.523866393000105 ], [ 35.179843231000177, 32.523790712000164 ], [ 35.179834585000151, 32.523781833000044 ], [ 35.179833869999982, 32.523781099000189 ], [ 35.179750629000125, 32.523695721000024 ], [ 35.179621291000103, 32.523559299000112 ], [ 35.179617454000038, 32.523555260000023 ], [ 35.17956975400017, 32.523505041000078 ], [ 35.179477830000053, 32.523378912 ], [ 35.179320233000055, 32.52320457999997 ], [ 35.179158142000063, 32.523045041000046 ], [ 35.178996235000056, 32.522837173000028 ], [ 35.178873573000033, 32.522636783000166 ], [ 35.178794813000081, 32.52244767600007 ], [ 35.178742321000186, 32.522284361000118 ], [ 35.178650405000042, 32.522143439000047 ], [ 35.178484126000058, 32.522070128000109 ], [ 35.178356436000172, 32.521982736000155 ], [ 35.178193678000184, 32.521837849000121 ], [ 35.178067996000095, 32.521717488000036 ], [ 35.177962932000071, 32.521609250000154 ], [ 35.177833109000119, 32.521452114000112 ], [ 35.177761145000034, 32.521326551000129 ], [ 35.177684873000089, 32.521162384000149 ], [ 35.177635536000025, 32.521021049000069 ], [ 35.177604487, 32.52088606000018 ], [ 35.177564643000096, 32.520708235000143 ], [ 35.177540921000059, 32.520552958000167 ], [ 35.177519711000116, 32.520350483000186 ], [ 35.177490018000071, 32.520155752000164 ], [ 35.177474947000121, 32.519992587000047 ], [ 35.177492323000138, 32.519779694000135 ], [ 35.177511849000155, 32.519607380000082 ], [ 35.177518411000165, 32.519407448000038 ], [ 35.177527127000189, 32.519229495000161 ], [ 35.17753151800008, 32.519053374000066 ], [ 35.17755102700005, 32.518917693000105 ], [ 35.177547725000125, 32.518861801000128 ], [ 35.177547556000036, 32.51885893900004 ], [ 35.177540285000191, 32.518736213000182 ], [ 35.177455858000087, 32.518602194000039 ], [ 35.177448544000185, 32.518593035000094 ], [ 35.177442913000164, 32.518585926000128 ], [ 35.177358452000192, 32.518479306000188 ], [ 35.177159294000035, 32.518304958000158 ], [ 35.177011998000125, 32.518191213000023 ], [ 35.176856051000073, 32.518082959000139 ], [ 35.176684984000076, 32.517948917000069 ], [ 35.176522725000041, 32.517818680000062 ], [ 35.176340848000166, 32.517688440000086 ], [ 35.176100781000116, 32.517519856000035 ], [ 35.175890644000049, 32.517365793000124 ], [ 35.175717413000029, 32.517235413000037 ], [ 35.175596217000134, 32.517147316000091 ], [ 35.175383919000126, 32.516991420000181 ], [ 35.175152345000186, 32.51680240800016 ], [ 35.174957509000023, 32.516651870000146 ], [ 35.174833995000085, 32.516547287000094 ], [ 35.174682547000032, 32.516431705000116 ], [ 35.174451470000179, 32.516255653000144 ], [ 35.174245827000107, 32.516101449000132 ], [ 35.17407259700019, 32.515984027000059 ], [ 35.173905855000044, 32.515862946000027 ], [ 35.173693562000153, 32.515710569000134 ], [ 35.173479277000126, 32.515550866000183 ], [ 35.173295240000073, 32.515433441000141 ], [ 35.173111208000137, 32.515306858000031 ], [ 35.172853530000111, 32.515125158000103 ], [ 35.172688950000179, 32.515015066000046 ], [ 35.172451402000036, 32.514819001000092 ], [ 35.172327893000045, 32.514716246000035 ], [ 35.172205711000061, 32.51461786200008 ], [ 35.17219174700017, 32.514605881000023 ], [ 35.172186168000167, 32.514601097000025 ], [ 35.172044303000064, 32.514479447000042 ], [ 35.171929607000152, 32.514376697000102 ], [ 35.171803938000153, 32.514268446000131 ], [ 35.171784154000079, 32.514250406000031 ], [ 35.171779669000159, 32.514246316000026 ], [ 35.171665474000065, 32.514141874000131 ], [ 35.171546291000027, 32.51403912000012 ], [ 35.17142727300012, 32.513936367000099 ], [ 35.171271356000148, 32.513793163000116 ], [ 35.171148020000032, 32.51368125 ], [ 35.171001742000044, 32.513554817000113 ], [ 35.170884885000191, 32.513453894 ], [ 35.170763709000141, 32.513341980000178 ], [ 35.170655337000028, 32.513233735000028 ], [ 35.170532008000066, 32.513110691000122 ], [ 35.170406516000128, 32.512991449000026 ], [ 35.170250596000017, 32.512863037999978 ], [ 35.17012277800012, 32.51273830100007 ], [ 35.169930114000181, 32.512596916000177 ], [ 35.169819746000087, 32.512499657000035 ], [ 35.16963356600013, 32.512360246000128 ], [ 35.169435418000091, 32.512215477000154 ], [ 35.169307589000084, 32.512120045000074 ], [ 35.169110598000032, 32.511997113 ], [ 35.168887530000063, 32.511811756000043 ], [ 35.168686227000194, 32.511661205000109 ], [ 35.168554248000191, 32.511552950000123 ], [ 35.168346298000017, 32.511396902000172 ], [ 35.168222958000115, 32.511308798000186 ], [ 35.16804111, 32.511167554000053 ], [ 35.167717302000028, 32.510929464000071 ], [ 35.167467928000178, 32.510815950000108 ], [ 35.167259621000085, 32.510719502000086 ], [ 35.167070944000045, 32.510606434000181 ], [ 35.166905049000093, 32.510493375000124 ], [ 35.166739159000031, 32.510369323000191 ], [ 35.16658621900018, 32.510286560000168 ], [ 35.166394388000185, 32.510165178000079 ], [ 35.166169789000151, 32.510068581000155 ], [ 35.165899803000059, 32.509952803000147 ], [ 35.165685188000111, 32.50983972400013 ], [ 35.165437847000192, 32.509668722000185 ], [ 35.165311019000171, 32.509580471999982 ], [ 35.165132135000135, 32.509508831 ], [ 35.164962898000056, 32.509439867000026 ], [ 35.164751438000167, 32.509337777999974 ], [ 35.16459851400009, 32.509230214000127 ], [ 35.164387562000059, 32.509120374000133 ], [ 35.16420221400017, 32.509012798000128 ], [ 35.164052613000138, 32.508910729000092 ], [ 35.16395173900014, 32.508803186000193 ], [ 35.163802182000097, 32.508621227000106 ], [ 35.163665584000171, 32.50846139500004 ], [ 35.16349327100005, 32.508240823000108 ], [ 35.163340403000177, 32.50803406700004 ], [ 35.163213638000116, 32.507841127000063 ], [ 35.163099822999982, 32.507675666000125 ], [ 35.162979516000064, 32.507532327000092 ], [ 35.162842938000153, 32.507342059000166 ], [ 35.162771339000187, 32.507220858000153 ], [ 35.16264544600017, 32.507000289000132 ], [ 35.162643925000111, 32.506997624000178 ], [ 35.162627309000186, 32.506974651000121 ], [ 35.16250336000013, 32.50680214200014 ], [ 35.162482922000038, 32.506777758000112 ], [ 35.162478678000014, 32.506772663000106 ], [ 35.162370094000096, 32.506642312000054 ], [ 35.162236821000192, 32.506493327000101 ], [ 35.162057868000034, 32.506264577000024 ], [ 35.161973297000031, 32.50614872400007 ], [ 35.161938907000035, 32.506096579000143 ], [ 35.161935369000105, 32.506091212000115 ], [ 35.161882420999973, 32.50601089100013 ], [ 35.161784727000054, 32.505870375000086 ], [ 35.161674230000074, 32.505735208000146 ], [ 35.161586504000127, 32.505614000999969 ], [ 35.161482323000087, 32.50548165500004 ], [ 35.161410705000037, 32.505398354000192 ], [ 35.161406106000129, 32.505392989000029 ], [ 35.161368665000111, 32.505349306000028 ], [ 35.161293091000061, 32.50520344500012 ], [ 35.16125128200008, 32.505107309000152 ], [ 35.161243939000087, 32.505090423000183 ], [ 35.161215045000176, 32.505024190000142 ], [ 35.161124043000143, 32.504814778000025 ], [ 35.161029860000042, 32.504646507000075 ], [ 35.160909571000161, 32.504483859000118 ], [ 35.16082125600019, 32.504399571000079 ], [ 35.160816673000113, 32.504395197000065 ], [ 35.160782607000101, 32.504362635000177 ], [ 35.160701008000046, 32.504291870000088 ], [ 35.160665667000046, 32.504261235000172 ], [ 35.160633034000114, 32.504232948000038 ], [ 35.160611495000182, 32.504223542000148 ], [ 35.160599123000054, 32.504218139000159 ], [ 35.160411948000103, 32.504136483000138 ], [ 35.160259002000032, 32.504089500000077 ], [ 35.160093088000167, 32.50404265300017 ], [ 35.159842557000161, 32.503970831000117 ], [ 35.159592028000134, 32.503896333000171 ], [ 35.15950873800017, 32.503876854000055 ], [ 35.159403334000103, 32.503852153000082 ], [ 35.159400848000075, 32.503851525000186 ], [ 35.159250387000156, 32.503813482000169 ], [ 35.159087802000158, 32.503763818000095 ], [ 35.158847074000107, 32.503708624000183 ], [ 35.158576909000033, 32.503661589000103 ], [ 35.158405132000155, 32.503623951000179 ], [ 35.158375246000162, 32.503617403000192 ], [ 35.158225960000038, 32.503572393000184 ], [ 35.158220142000118, 32.503571404000184 ], [ 35.158011490999968, 32.503538344000106 ], [ 35.157826131000093, 32.503483173000063 ], [ 35.157660224000153, 32.503430828000091 ], [ 35.157451919000039, 32.503375505000065 ], [ 35.157286011000167, 32.503325837000034 ], [ 35.157071386000098, 32.503270651000093 ], [ 35.156865567000011, 32.503231673000073 ], [ 35.156680868000137, 32.503185378000069 ], [ 35.156426521000128, 32.503108333000171 ], [ 35.156163027000161, 32.503031427000167 ], [ 35.156154051000158, 32.503028747000144 ], [ 35.15613435500012, 32.503026349000095 ], [ 35.155899674000125, 32.502997776000143 ], [ 35.155742184000076, 32.503051669000058 ], [ 35.155686791, 32.503023251000059 ], [ 35.155649270000026, 32.503004003000058 ], [ 35.155581784000105, 32.502969454000095 ], [ 35.155457841999976, 32.502815535000082 ], [ 35.155333715000097, 32.502694870000141 ], [ 35.155209612000078, 32.502535882000132 ], [ 35.155112938000059, 32.502381975000105 ], [ 35.155016089000128, 32.502248501000054 ], [ 35.154885975000184, 32.502127973000029 ], [ 35.154815177000046, 32.502077923000172 ], [ 35.154799079000099, 32.502066552000031 ], [ 35.154740720000177, 32.502025332000187 ], [ 35.154580329000112, 32.501935366000168 ], [ 35.154389336000065, 32.501846833000059 ], [ 35.154386516000159, 32.501845526000011 ], [ 35.154370726000082, 32.501838332000148 ], [ 35.154363580000052, 32.501834947000134 ], [ 35.15416926600011, 32.501745810000102 ], [ 35.154002891000118, 32.50165598000018 ], [ 35.153848488000051, 32.501563619000081 ], [ 35.153685106000069, 32.50147125500007 ], [ 35.153557961999979, 32.501389053000025 ], [ 35.153315794000036, 32.501260722000154 ], [ 35.153164377000053, 32.501181184000131 ], [ 35.152934346000109, 32.501052858000151 ], [ 35.152731574000029, 32.50093990300013 ], [ 35.152540915000145, 32.500865417 ], [ 35.15229873300018, 32.50076272900003 ], [ 35.152080837000085, 32.500644691000048 ], [ 35.151923454000098, 32.500534293000158 ], [ 35.151900021000074, 32.500516528000048 ], [ 35.151881213000081, 32.500502198000106 ], [ 35.151805465000052, 32.500444483000024 ], [ 35.151596545000189, 32.500328987000046 ], [ 35.151532340000074, 32.500300908000099 ], [ 35.151526235, 32.500298238000084 ], [ 35.151378635000071, 32.500233917000173 ], [ 35.151221257000032, 32.500123516000031 ], [ 35.151194499000098, 32.500105046999977 ], [ 35.151183458000162, 32.500097364000169 ], [ 35.151037453000072, 32.499995772000091 ], [ 35.150940157000036, 32.499936296000158 ], [ 35.150888208000083, 32.499904539999989 ], [ 35.150877406000063, 32.499897912000165 ], [ 35.150852810000174, 32.499882823000064 ], [ 35.150704583000106, 32.499762283000052 ], [ 35.15058343600009, 32.499672472000157 ], [ 35.150445996000087, 32.499583075000146 ], [ 35.150440679000098, 32.499580535000121 ], [ 35.150376763000111, 32.499546734000091 ], [ 35.150250541000162, 32.499479982000082 ], [ 35.150053761000038, 32.499367025000026 ], [ 35.150013457000114, 32.499349974000154 ], [ 35.149998410000194, 32.499343608000117 ], [ 35.149908488000051, 32.499305379000077 ], [ 35.149769370000058, 32.499241201000132 ], [ 35.149542334000103, 32.499125694000043 ], [ 35.149342564999984, 32.499007520000021 ], [ 35.149206288000187, 32.498925450000172 ], [ 35.149039916000106, 32.498840685000175 ], [ 35.148894667999969, 32.498748322000097 ], [ 35.148682772000029, 32.498619998000152 ], [ 35.148495141000069, 32.498507043000131 ], [ 35.148368011, 32.498419765000165 ], [ 35.148172058000057, 32.498323007000181 ], [ 35.148059381000053, 32.498252219000165 ], [ 35.148046629000078, 32.498244228000146 ], [ 35.148008527000115, 32.498220350000111 ], [ 35.147863292000068, 32.498112488000061 ], [ 35.147651386000121, 32.49800473300013 ], [ 35.147557293000091, 32.497957444 ], [ 35.147518923000121, 32.497938160000047 ], [ 35.147406237000041, 32.49788146100002 ], [ 35.147265646000051, 32.497789804000035 ], [ 35.147216882000066, 32.497757881000098 ], [ 35.147209642000178, 32.497753142000192 ], [ 35.146997756000076, 32.497617065000043 ], [ 35.146758611000109, 32.497475902000133 ], [ 35.146650790000137, 32.497425692999968 ], [ 35.146623817000147, 32.49741313300018 ], [ 35.146543706000159, 32.497375751000106 ], [ 35.146389476000024, 32.497296203000133 ], [ 35.146252530000027, 32.497224132000099 ], [ 35.146116260000156, 32.497136565000062 ], [ 35.145986138000012, 32.497053365000113 ], [ 35.145954400000051, 32.497033055000031 ], [ 35.145864495000183, 32.496975524000163 ], [ 35.145649786000092, 32.496838879000109 ], [ 35.145463990000167, 32.496730431 ], [ 35.145311089000018, 32.49665327800011 ], [ 35.145100521000188, 32.496541291000028 ], [ 35.14492303500009, 32.49643608800011 ], [ 35.144774305000055, 32.496338084000172 ], [ 35.14443564200019, 32.496330856999975 ], [ 35.144183597, 32.496327339000061 ], [ 35.143844925000053, 32.496334061000084 ], [ 35.14359701900014, 32.496351397000126 ], [ 35.143212959000152, 32.496354709 ], [ 35.142903049000097, 32.496358062000013 ], [ 35.142601469, 32.496343947000184 ], [ 35.142247182000119, 32.496331633000068 ], [ 35.141189617000066, 32.496324139000137 ], [ 35.140648441000053, 32.496330736000061 ], [ 35.140342843000042, 32.496348175000037 ], [ 35.140020632000073, 32.496351373000095 ], [ 35.139491769000131, 32.496344165000039 ], [ 35.139095746000123, 32.496370913000135 ], [ 35.139078096999981, 32.496372105000034 ], [ 35.138979665000193, 32.49637881200016 ], [ 35.138868236000121, 32.496217839000053 ], [ 35.138736225000116, 32.496014727000158 ], [ 35.138600075000056, 32.495790759000101 ], [ 35.138436174999981, 32.495551275000139 ], [ 35.138383066000131, 32.495458475000135 ], [ 35.138379065000095, 32.495451485000046 ], [ 35.138365949000047, 32.495428654000023 ], [ 35.13827113900004, 32.495278258000042 ], [ 35.138081357000146, 32.494973663000167 ], [ 35.137990700000159, 32.494826652000143 ], [ 35.137908185000185, 32.494690072000026 ], [ 35.137880302000099, 32.494630313000187 ], [ 35.137875420000057, 32.49461984300018 ], [ 35.137837981000075, 32.494539552000049 ], [ 35.138036402000068, 32.494445265000138 ], [ 35.138391836000153, 32.494263433000185 ], [ 35.138742964000073, 32.494060743000091 ], [ 35.139086083000109, 32.493892991000109 ], [ 35.139391761000184, 32.493763681000019 ], [ 35.139639733000081, 32.493655333000163 ], [ 35.139940175000106, 32.493522902000109 ], [ 35.139941090999969, 32.493522498000061 ], [ 35.140001294000115, 32.493496043000107 ], [ 35.139691563000156, 32.493292968999981 ], [ 35.139390137000078, 32.493096807000086 ], [ 35.139146531000165, 32.492949707000037 ], [ 35.138907056000164, 32.492830648000051 ], [ 35.138746035000054, 32.492736013000126 ], [ 35.138514904000033, 32.492582015000153 ], [ 35.138279606000083, 32.492441823000092 ], [ 35.138101956000128, 32.492354221000141 ], [ 35.137945082000158, 32.492270155000085 ], [ 35.13780882500015, 32.492186098000161 ], [ 35.137627189000057, 32.492094970000096 ], [ 35.137420803000168, 32.491975927999988 ], [ 35.137263936000068, 32.491888335000112 ], [ 35.136961675, 32.491709356000172 ], [ 35.136798169000031, 32.491609361000144 ], [ 35.136647627000173, 32.491513177000172 ], [ 35.136475304000044, 32.491418811000187 ], [ 35.136226706000059, 32.49128734500016 ], [ 35.136069503000101, 32.491207783000107 ], [ 35.135716247000175, 32.490981987999987 ], [ 35.135509022000178, 32.490878303000045 ], [ 35.135302466000155, 32.490770530000077 ], [ 35.135161706000076, 32.49070901000016 ], [ 35.135025287000019, 32.490629321000029 ], [ 35.134867423000117, 32.490542571000162 ], [ 35.134632979000116, 32.490390537 ], [ 35.134500724000077, 32.490300140999977 ], [ 35.134372788000121, 32.490213267000115 ], [ 35.134125553000047, 32.490046852000091 ], [ 35.1339720470001, 32.489927558000147 ], [ 35.133818521000194, 32.489826154000127 ], [ 35.133677813000133, 32.489706867000109 ], [ 35.133473133000052, 32.489551327000015 ], [ 35.133281238000052, 32.489417493000133 ], [ 35.133080854000184, 32.489290841000127 ], [ 35.13285919600014, 32.48916051000009 ], [ 35.132718447000116, 32.489091804000111 ], [ 35.132564901000023, 32.48901942599997 ], [ 35.132398567000109, 32.488932528000078 ], [ 35.132065903000125, 32.488751541000113 ], [ 35.131788734000054, 32.488610466000068 ], [ 35.131490142000189, 32.488444015000084 ], [ 35.131340906000105, 32.488386150000167 ], [ 35.131094683000072, 32.488216631000114 ], [ 35.130941178000057, 32.488100854000038 ], [ 35.130779191999977, 32.487988735000044 ], [ 35.130651257000181, 32.487909045000038 ], [ 35.130493418000128, 32.487807776000125 ], [ 35.130361334000042, 32.487720898000191 ], [ 35.130207816000166, 32.487619631000086 ], [ 35.129994652000107, 32.487482116000137 ], [ 35.129781495000145, 32.487337414000081 ], [ 35.129610878000165, 32.487214438000024 ], [ 35.129431791000172, 32.487080608000156 ], [ 35.129133378000063, 32.486910487000046 ], [ 35.128992640000149, 32.486834591000161 ], [ 35.128783624000107, 32.486711447000062 ], [ 35.128527753000128, 32.48655952900009 ], [ 35.128271881000103, 32.486411132000171 ], [ 35.127909543000158, 32.486161499000048 ], [ 35.127679272000194, 32.486013120000109 ], [ 35.127508823000028, 32.48589380400017 ], [ 35.127271584000027, 32.485732174000134 ], [ 35.127041319000057, 32.485580271000117 ], [ 35.126909238000053, 32.485497050000049 ], [ 35.126610717000176, 32.485276339000166 ], [ 35.126448748000143, 32.485157031000085 ], [ 35.126273992999984, 32.485023197000032 ], [ 35.126128976000189, 32.484907420000127 ], [ 35.125954298000124, 32.484693980000031 ], [ 35.125860515000056, 32.484545689000129 ], [ 35.125762558000076, 32.484419237000111 ], [ 35.12567738600012, 32.484307022000166 ], [ 35.125630955000076, 32.48418609700019 ], [ 35.12562828700004, 32.484179144000052 ], [ 35.125613543000043, 32.484140717000173 ], [ 35.125725197000065, 32.48414007700012 ], [ 35.125745203000122, 32.484139962000029 ], [ 35.125874700000111, 32.484139347000053 ], [ 35.125859090000063, 32.484123414000067 ], [ 35.125853196000094, 32.484117398000137 ], [ 35.125718591000066, 32.483980022000139 ], [ 35.125486614000124, 32.483888138000168 ], [ 35.125270412000191, 32.483813595000129 ], [ 35.125017973000183, 32.483739025000148 ], [ 35.125011327000152, 32.483737046000101 ], [ 35.124955569000178, 32.483731429000045 ], [ 35.124793553000075, 32.483715107000137 ], [ 35.12476349200017, 32.483712078000167 ], [ 35.124755847000131, 32.483712775000129 ], [ 35.124589926, 32.483729148000123 ], [ 35.124297192000142, 32.483551409000086 ], [ 35.124121419000062, 32.483444346 ], [ 35.12386740300019, 32.483286500000133 ], [ 35.12353859600006, 32.48311056700004 ], [ 35.123218774000065, 32.482927175000157 ], [ 35.122939475000123, 32.482785653000121 ], [ 35.122768356000108, 32.482684367000104 ], [ 35.122531773000162, 32.482548653000094 ], [ 35.122374115000071, 32.482451180999988 ], [ 35.122234545000083, 32.482384294000042 ], [ 35.122047635000058, 32.482281024000031 ], [ 35.121901244000128, 32.482223572000066 ], [ 35.121741243000145, 32.482141455000146 ], [ 35.121602183000164, 32.482065268000156 ], [ 35.121426408000104, 32.481965808000098 ], [ 35.121266560000038, 32.481898905000151 ], [ 35.121111179000025, 32.48185300200015 ], [ 35.120933230000162, 32.481770730000108 ], [ 35.120707913000047, 32.48167700800019 ], [ 35.120259753000141, 32.481512534000046 ], [ 35.120052551000185, 32.481424602000061 ], [ 35.119791181000096, 32.481317470000079 ], [ 35.119529964000037, 32.481221889000096 ], [ 35.119262437000032, 32.481119539000133 ], [ 35.119030458000111, 32.481043000000113 ], [ 35.118701563000172, 32.480972027000178 ], [ 35.118354578000151, 32.480870601000163 ], [ 35.118190237000135, 32.480811303000053 ], [ 35.11811646200016, 32.480783350000138 ], [ 35.118096338999976, 32.48077573400019 ], [ 35.118023575, 32.480748196000036 ], [ 35.11781303700019, 32.480711210000038 ], [ 35.117781922000177, 32.48070574400009 ], [ 35.117762145000029, 32.480702208000139 ], [ 35.117581983000093, 32.480671497000174 ], [ 35.117391027000053, 32.480630494000081 ], [ 35.117215218000183, 32.480573013000026 ], [ 35.117030591000116, 32.480521308000107 ], [ 35.116836818000138, 32.480473396000036 ], [ 35.116652012000145, 32.480435071000159 ], [ 35.116390761000105, 32.480377668000131 ], [ 35.116205949000062, 32.480345121000028 ], [ 35.115937887000086, 32.480281934 ], [ 35.115748752000172, 32.480251213000031 ], [ 35.115455748999977, 32.480195617000049 ], [ 35.115217101000155, 32.480141890000141 ], [ 35.114948048000031, 32.480075321000072 ], [ 35.114784851000081, 32.480039829000134 ], [ 35.114277021000191, 32.479890082000111 ], [ 35.114255331000152, 32.479883678000135 ], [ 35.114059328, 32.47982580300004 ], [ 35.113899140000058, 32.47977763300014 ], [ 35.113602856000057, 32.479684123000027 ], [ 35.113416929000039, 32.479609866000033 ], [ 35.11336817300014, 32.479588353999986 ], [ 35.113352629000076, 32.479581495000048 ], [ 35.113234664000174, 32.479529270000114 ], [ 35.113094201000024, 32.479377973999988 ], [ 35.113022192000187, 32.479255619000128 ], [ 35.113011816000039, 32.479233502000113 ], [ 35.113011082000128, 32.479231938000169 ], [ 35.112931312000114, 32.479062371999987 ], [ 35.112836507000168, 32.478811356000051 ], [ 35.112760779000155, 32.478595579 ], [ 35.112713211000084, 32.478467183000078 ], [ 35.112712216000091, 32.478464504000101 ], [ 35.112703699, 32.478441402000158 ], [ 35.112696473000142, 32.478421801000025 ], [ 35.112620703000061, 32.478244769000128 ], [ 35.112461307000046, 32.478080496000132 ], [ 35.11227026600011, 32.477975233000052 ], [ 35.112106929000049, 32.477917054000102 ], [ 35.111856281000087, 32.477900793000117 ], [ 35.111639665000098, 32.477923163000185 ], [ 35.111476459000073, 32.477900490000138 ], [ 35.111222202000079, 32.477691192000066 ], [ 35.111085576000164, 32.477533274000166 ], [ 35.110952760000032, 32.477388464000057 ], [ 35.110865617000172, 32.477275675000044 ], [ 35.110725167000112, 32.477121134000129 ], [ 35.110470798000108, 32.477014693000115 ], [ 35.110358312000017, 32.476972472000114 ], [ 35.110321586, 32.476964692000024 ], [ 35.110265431000073, 32.476937737000185 ], [ 35.110212761000184, 32.476917968000066 ], [ 35.110079864000113, 32.476846987000101 ], [ 35.109905298000058, 32.47672778600014 ], [ 35.109772419000137, 32.476640884 ], [ 35.10963188900007, 32.476557076 ], [ 35.109461130000057, 32.476453939000123 ], [ 35.109237203000077, 32.476331457000072 ], [ 35.109098169000106, 32.476248635000161 ], [ 35.108961453000177, 32.476174551000099 ], [ 35.108756429000096, 32.476093927000136 ], [ 35.108498194000163, 32.476029325000127 ], [ 35.108281818000194, 32.47599378200016 ], [ 35.10809189500003, 32.475932474000047 ], [ 35.107856470000172, 32.475838863000035 ], [ 35.107666730000062, 32.475764734 ], [ 35.107492113000092, 32.475696958000071 ], [ 35.107309845000145, 32.475629315000106 ], [ 35.10706676000018, 32.475548658999969 ], [ 35.106876881000176, 32.475593588000038 ], [ 35.106774106000103, 32.475783293000063 ], [ 35.106640870000092, 32.476005240000177 ], [ 35.106481083000119, 32.476188557000171 ], [ 35.106367068, 32.476320484000155 ], [ 35.106275656000093, 32.476452287000143 ], [ 35.106172978000131, 32.476555199000131 ], [ 35.106070280000154, 32.476674173000049 ], [ 35.105870308000135, 32.476820962000033 ], [ 35.105691640000089, 32.476943112000185 ], [ 35.10554340200008, 32.477058807000049 ], [ 35.105368522000163, 32.477209843000139 ], [ 35.105182195000111, 32.477341709000029 ], [ 35.104980788999967, 32.477434812000183 ], [ 35.104718512000034, 32.477553649000129 ], [ 35.104543734000174, 32.477617890000033 ], [ 35.104273996000018, 32.477720656000031 ], [ 35.104095336000171, 32.477836323000076 ], [ 35.103895136000119, 32.477889412000138 ], [ 35.103830033000179, 32.477843280000059 ], [ 35.103822070000149, 32.477837624000131 ], [ 35.103755959000068, 32.477790662000132 ], [ 35.103541457000063, 32.477852753000036 ], [ 35.103502973000104, 32.477863035000155 ], [ 35.103473115000099, 32.477871012000037 ], [ 35.103388312000106, 32.477893766000136 ], [ 35.103279069000052, 32.477922978000038 ], [ 35.103122392000159, 32.477974441000129 ], [ 35.103073402000177, 32.477990533000082 ], [ 35.103064721000067, 32.477993384 ], [ 35.102929852000045, 32.478042440000024 ], [ 35.102828079000062, 32.478079548000039 ], [ 35.102807955000173, 32.478086858000097 ], [ 35.102773364000029, 32.478100919000155 ], [ 35.102610226000024, 32.478160941000112 ], [ 35.102455583000108, 32.478204343000186 ], [ 35.102430642000115, 32.478211366000096 ], [ 35.102425654000058, 32.478212629000154 ], [ 35.102386657000125, 32.478214239000067 ], [ 35.10217497300016, 32.478222979000122 ], [ 35.101851997000097, 32.478222697000092 ], [ 35.101651202000085, 32.478219702000104 ], [ 35.101452926000036, 32.478195153000115 ], [ 35.10124819300006, 32.478148899000189 ], [ 35.100950660000024, 32.478140464000091 ], [ 35.100742710000077, 32.47814295600017 ], [ 35.100536340000019, 32.478152896000097 ], [ 35.100489866000089, 32.478155134000076 ], [ 35.100469754000017, 32.478153565000071 ], [ 35.100141294000025, 32.478153273000032 ], [ 35.099859869000113, 32.478158520000193 ], [ 35.099725060000083, 32.478158255999972 ], [ 35.099690320000036, 32.478158225000072 ], [ 35.099686496000061, 32.47815836500007 ], [ 35.099530254000115, 32.478158226000176 ], [ 35.099475891000168, 32.478158177000068 ], [ 35.09927444200008, 32.478144469000028 ], [ 35.099018490000049, 32.478117045000033 ], [ 35.098749765000093, 32.478068051999969 ], [ 35.098493998000151, 32.478027102000169 ], [ 35.098228422000034, 32.477986283000064 ], [ 35.098002089000033, 32.477934228000095 ], [ 35.097707799000034, 32.477860693000139 ], [ 35.097343257999967, 32.477738482000063 ], [ 35.097167297000112, 32.477681399000062 ], [ 35.097001153000178, 32.477618830000097 ], [ 35.096825206000119, 32.477553572000033 ], [ 35.09667167900011, 32.477502003000154 ], [ 35.096489434000034, 32.477423214999988 ], [ 35.096275287000026, 32.477333546000125 ], [ 35.096124934000102, 32.477271131000066 ], [ 35.09587241000014, 32.477165224000089 ], [ 35.095677347999981, 32.47709994600018 ], [ 35.095434292000164, 32.477002079000158 ], [ 35.095269138000162, 32.476945989000114 ], [ 35.095200544000136, 32.47692848600019 ], [ 35.09517159700016, 32.476921100000141 ], [ 35.095013241, 32.476880656000162 ], [ 35.094811851000088, 32.476823546000048 ], [ 35.09463923300018, 32.476755753000191 ], [ 35.094472908000171, 32.476706707000062 ], [ 35.094431211000028, 32.476687646000187 ], [ 35.094407458000092, 32.476676798000142 ], [ 35.094306619000179, 32.476630747000172 ], [ 35.09407950700006, 32.476543739000078 ], [ 35.093858849000071, 32.476478437000026 ], [ 35.093676555000116, 32.476440363000052 ], [ 35.093475147000106, 32.476399454000102 ], [ 35.093213716000093, 32.476372576000017 ], [ 35.093010935999985, 32.476364494000052 ], [ 35.09284276000011, 32.476332916000104 ], [ 35.09266798900012, 32.476261455000156 ], [ 35.092486423000025, 32.476175754999986 ], [ 35.092311541000129, 32.476064421000046 ], [ 35.092177171, 32.475984544000084 ], [ 35.092042648000188, 32.47589889000011 ], [ 35.091834245000086, 32.475744828000131 ], [ 35.091689800000097, 32.475619149000124 ], [ 35.091504983, 32.475479341000096 ], [ 35.091340241000069, 32.47536801300015 ], [ 35.091158724000024, 32.475248074000092 ], [ 35.090994851000062, 32.475109272000111 ], [ 35.090802096, 32.474940008000146 ], [ 35.090691698000114, 32.474838876000149 ], [ 35.090553094000029, 32.474699113000042 ], [ 35.090472990000137, 32.47456489800004 ], [ 35.090416835000042, 32.474421548000066 ], [ 35.090334688999974, 32.474199130000159 ], [ 35.090274253000132, 32.474024637000184 ], [ 35.090210626000101, 32.47387776000005 ], [ 35.090085319000138, 32.473614860000112 ], [ 35.090024654, 32.473488132000114 ], [ 35.089957709000089, 32.473335614000121 ], [ 35.08986684000007, 32.473175607000087 ], [ 35.089717500000177, 32.472986233000086 ], [ 35.089563793000139, 32.472833629000036 ], [ 35.089451226000165, 32.472739822 ], [ 35.089243166000188, 32.472587165999983 ], [ 35.089077412000165, 32.47249358900018 ], [ 35.088947382000072, 32.472407090000047 ], [ 35.088804420000145, 32.472298598000123 ], [ 35.088672393000138, 32.472215759999983 ], [ 35.088542400000108, 32.472105451 ], [ 35.088442882000038, 32.471949094000138 ], [ 35.088417021000112, 32.471778299000107 ], [ 35.088406424000027, 32.471627668 ], [ 35.0883501510001, 32.471573647000071 ], [ 35.088345242000116, 32.471568927000021 ], [ 35.08828956200017, 32.471515397000076 ], [ 35.088075032000177, 32.471359069000073 ], [ 35.08799615300012, 32.47130558900011 ], [ 35.087977033000129, 32.47129261900011 ], [ 35.087917939000022, 32.471252535000133 ], [ 35.087757690000046, 32.471145858000114 ], [ 35.087608245000183, 32.47104101900004 ], [ 35.08743273500005, 32.470914038000103 ], [ 35.087302910000062, 32.470801895000193 ], [ 35.087181635000036, 32.470638189000113 ], [ 35.087015007000105, 32.470459927000093 ], [ 35.086889344000099, 32.47034398400001 ], [ 35.086768183000117, 32.470220857000072 ], [ 35.086699796000062, 32.470153297000138 ], [ 35.08669766700018, 32.470151099000134 ], [ 35.086697475000165, 32.470150901000125 ], [ 35.086608009000031, 32.470062609000081 ], [ 35.086461992000125, 32.469884365000098 ], [ 35.086406276000105, 32.469789908 ], [ 35.086405226000011, 32.469788115000142 ], [ 35.086388367000154, 32.469759315000033 ], [ 35.086303921000081, 32.469648341000095 ], [ 35.08629855099997, 32.469641279000086 ], [ 35.086195086000032, 32.46950522100019 ], [ 35.086029344, 32.469290183000169 ], [ 35.085845280000058, 32.469102460000158 ], [ 35.085605708000116, 32.468910736999987 ], [ 35.08541690900006, 32.468785570000023 ], [ 35.085353306000059, 32.468744645000129 ], [ 35.085313147000193, 32.468718793000107 ], [ 35.0852649630001, 32.468687774000102 ], [ 35.085099081000067, 32.468574324000144 ], [ 35.084942458000171, 32.468495966000091 ], [ 35.084810741000183, 32.468461898000101 ], [ 35.084794256000123, 32.468457634000117 ], [ 35.084730455000113, 32.46844108200014 ], [ 35.084384833000115, 32.468378315 ], [ 35.084228144000178, 32.468346876000169 ], [ 35.08396524200009, 32.46831927400018 ], [ 35.083665773000121, 32.468295438000155 ], [ 35.083375279000052, 32.46827175400017 ], [ 35.083240846000024, 32.468250057000034 ], [ 35.083237190000091, 32.468249490000119 ], [ 35.083173859000112, 32.468239210000149 ], [ 35.083107911000127, 32.46822850500007 ], [ 35.082882120000193, 32.468169659000182 ], [ 35.082582581, 32.468079458000091 ], [ 35.08237183100016, 32.467962858000192 ], [ 35.082248130000153, 32.467877908999981 ], [ 35.082077623000146, 32.467747964000182 ], [ 35.081918750000057, 32.467618030999972 ], [ 35.081742139000141, 32.467458069000088 ], [ 35.081583303000116, 32.467303196000159 ], [ 35.081424448, 32.467163261 ], [ 35.0812244010001, 32.467003272 ], [ 35.081083967000041, 32.466890394000075 ], [ 35.081068185000106, 32.466877708000084 ], [ 35.08102336900015, 32.466837505000058 ], [ 35.080941537000115, 32.466763166000021 ], [ 35.080759920000105, 32.466618415000084 ], [ 35.080582143000072, 32.466461690000131 ], [ 35.080484907000027, 32.466353378000065 ], [ 35.080290342000183, 32.466196775000185 ], [ 35.080085802000099, 32.466045798000039 ], [ 35.079961683000079, 32.465908995000177 ], [ 35.079502292000143, 32.465459043000067 ], [ 35.079338163000159, 32.465293737000081 ], [ 35.079183779000175, 32.46516845300016 ], [ 35.078979296000057, 32.464980420000131 ], [ 35.078850196000189, 32.464841074000162 ], [ 35.078706149000084, 32.464695795000125 ], [ 35.07850830700005, 32.464513401000147 ], [ 35.078327246000072, 32.464336802 ], [ 35.078119299000036, 32.464131713000029 ], [ 35.077851124000119, 32.463861183000176 ], [ 35.077603037000131, 32.463604763000092 ], [ 35.077425314000095, 32.463419710000153 ], [ 35.077301215000034, 32.463274452000064 ], [ 35.077147096000147, 32.463086467000039 ], [ 35.076996285000178, 32.462912717000052 ], [ 35.07684873400018, 32.462778847000152 ], [ 35.076709445000063, 32.462679362000188 ], [ 35.076524981000091, 32.46255968100013 ], [ 35.076367212000093, 32.462479902000041 ], [ 35.076209587000108, 32.462417174000166 ], [ 35.076011594000192, 32.46234284600007 ], [ 35.075840318000189, 32.462294333000045 ], [ 35.075692806000063, 32.462248662000093 ], [ 35.075641495000184, 32.46221986400019 ], [ 35.075620077, 32.462207821000163 ], [ 35.075494868000021, 32.462137418000111 ], [ 35.075343195000187, 32.4620655330001 ], [ 35.075322645000085, 32.462055793000047 ], [ 35.075298899000074, 32.462042239000141 ], [ 35.075186150000093, 32.461977866000041 ], [ 35.075028469000074, 32.461843841000075 ], [ 35.074934736000046, 32.461732850000033 ], [ 35.074777185000073, 32.461513581000077 ], [ 35.074713569000153, 32.461379796000131 ], [ 35.074626522000131, 32.461245988000087 ], [ 35.074522705000163, 32.461100749000025 ], [ 35.074375307000025, 32.460870075000173 ], [ 35.074231173000044, 32.46068209800012 ], [ 35.074112116000038, 32.460506124000119 ], [ 35.074008747000107, 32.460394561000044 ], [ 35.074006590000181, 32.460392162000119 ], [ 35.074001835000047, 32.460386920000076 ], [ 35.073911025000029, 32.46028680500001 ], [ 35.073803821000183, 32.460184253000079 ], [ 35.073696461, 32.46007606500018 ], [ 35.073589262000098, 32.459970555000154 ], [ 35.073458494000135, 32.459845292000182 ], [ 35.073392129000069, 32.459787334000168 ], [ 35.073391776000108, 32.459787026000129 ], [ 35.073341153000115, 32.459742728000037 ], [ 35.07320024500018, 32.459620273000098 ], [ 35.073089564000156, 32.459511939000038 ], [ 35.072985686000095, 32.459409391000065 ], [ 35.072875005000071, 32.459301198000105 ], [ 35.072774449000121, 32.459198653000044 ], [ 35.072620284000038, 32.459053355000094 ], [ 35.072486234000166, 32.458902445000035 ], [ 35.072421132000102, 32.458766123000146 ], [ 35.072334169000101, 32.458581166000045 ], [ 35.072257214000047, 32.458373254000037 ], [ 35.072210476000066, 32.45818256299998 ], [ 35.072190660000047, 32.457991905000029 ], [ 35.072197568999968, 32.457824101000028 ], [ 35.072254979000093, 32.457667625000056 ], [ 35.07237612900019, 32.457451478000166 ], [ 35.072446790000072, 32.457323620000068 ], [ 35.072564653000143, 32.457084642000041 ], [ 35.072672276999981, 32.456803104000187 ], [ 35.072735007000063, 32.456643956000164 ], [ 35.072803013000168, 32.456511445000103 ], [ 35.072886636000078, 32.456383459000165 ], [ 35.07298612000011, 32.456206740000027 ], [ 35.073080198000071, 32.456087502000116 ], [ 35.073198527000045, 32.456018728000117 ], [ 35.073221747000161, 32.456005233000155 ], [ 35.073247196000068, 32.45599046600006 ], [ 35.073518328000091, 32.456043742000077 ], [ 35.073498601000153, 32.456010892000165 ], [ 35.073446054000158, 32.455923193000103 ], [ 35.073441728000148, 32.455915977000075 ], [ 35.07337776300011, 32.455809272000181 ], [ 35.073315488000048, 32.455672249000145 ], [ 35.073185454000111, 32.455398054999989 ], [ 35.073086736000107, 32.455184624000026 ], [ 35.073004431000129, 32.454997840000033 ], [ 35.07292886800019, 32.45485770200014 ], [ 35.07284304000018, 32.454691347000164 ], [ 35.072743434000131, 32.454516097000067 ], [ 35.072664560000192, 32.454367361000152 ], [ 35.072575226000083, 32.45421255500014 ], [ 35.072458477000055, 32.454057857000123 ], [ 35.072314123000012, 32.453911867000159 ], [ 35.072155990000169, 32.45375994200009 ], [ 35.07197723000013, 32.45361968800006 ], [ 35.071795101000077, 32.453508738000096 ], [ 35.07155087600006, 32.453365452000128 ], [ 35.071363246000146, 32.453266473000042 ], [ 35.071094900000162, 32.453137813000069 ], [ 35.070850583000095, 32.453052999000136 ], [ 35.070678680000185, 32.452994473000103 ], [ 35.070379360000118, 32.452909456000043 ], [ 35.070176206000156, 32.452856812000164 ], [ 35.069976675000078, 32.45282446300007 ], [ 35.06979778800013, 32.452768745000071 ], [ 35.069588011000064, 32.452701440000112 ], [ 35.069247264000012, 32.452648638000142 ], [ 35.069006439000077, 32.452563685000143 ], [ 35.068831053000167, 32.452502195000193 ], [ 35.068593550000116, 32.452420342000096 ], [ 35.068335638000121, 32.452317897000057 ], [ 35.068108613000049, 32.452230138000175 ], [ 35.067850601000032, 32.452086829000109 ], [ 35.067637430000048, 32.45196118400014 ], [ 35.06748025600001, 32.451839408000183 ], [ 35.067277408000109, 32.451702079000086 ], [ 35.067095326000128, 32.451567732000058 ], [ 35.066981826000188, 32.451465450000114 ], [ 35.066789399000129, 32.451255287000095 ], [ 35.06667609800013, 32.451132574000155 ], [ 35.066552353000077, 32.450995333000037 ], [ 35.066421838000053, 32.450831741 ], [ 35.066329137000082, 32.450712151000062 ], [ 35.066236281000045, 32.450586502000078 ], [ 35.066099033000057, 32.450373441000124 ], [ 35.065999445000159, 32.450198328999988 ], [ 35.06591013700006, 32.450037740000141 ], [ 35.06583807800007, 32.449897602000078 ], [ 35.065671388000112, 32.449600110000176 ], [ 35.065606287000151, 32.449474492000093 ], [ 35.065548001000138, 32.449346063000178 ], [ 35.065458888000137, 32.449065991000111 ], [ 35.065435077000188, 32.448890827000184 ], [ 35.065435446000151, 32.448663414000123 ], [ 35.065425540000035, 32.448418237000169 ], [ 35.065419126, 32.448068233000186 ], [ 35.065405910000152, 32.447817277000183 ], [ 35.065434565000146, 32.447566647000031 ], [ 35.0654509310001, 32.447310229000152 ], [ 35.06546081700003, 32.447156378000102 ], [ 35.065454640000098, 32.446970100000158 ], [ 35.065458259000138, 32.446786514000053 ], [ 35.065461670000161, 32.446629977000157 ], [ 35.065477686000065, 32.446282255000028 ], [ 35.065465177000192, 32.446106819000079 ], [ 35.065465513000049, 32.445898992000025 ], [ 35.065500840000027, 32.445734321000145 ], [ 35.065491482000141, 32.445561567000084 ], [ 35.065498355000102, 32.445318521000047 ], [ 35.06552084000009, 32.445183568000118 ], [ 35.065537162, 32.444954200000154 ], [ 35.065578973000186, 32.444684285000108 ], [ 35.065620641000066, 32.444503418000181 ], [ 35.06565612900016, 32.444341706000102 ], [ 35.065678644000172, 32.444187869000075 ], [ 35.065707778000103, 32.443947668000192 ], [ 35.065707996000128, 32.443812688000037 ], [ 35.065705109000135, 32.443542719000163 ], [ 35.065702188000159, 32.443397025000024 ], [ 35.065654872000152, 32.443167444000096 ], [ 35.065550052, 32.44294329100012 ], [ 35.065461055000185, 32.442802851000067 ], [ 35.065327670000102, 32.442570492000129 ], [ 35.065248342000075, 32.442408363000084 ], [ 35.0651621720001, 32.442265533000182 ], [ 35.065079579999974, 32.442068317000064 ], [ 35.064898533000189, 32.441822516000059 ], [ 35.064761904000193, 32.441646794000064 ], [ 35.064625075000151, 32.441492772000117 ], [ 35.064507489000164, 32.441357651000033 ], [ 35.064313551000112, 32.441173833000107 ], [ 35.06412270200002, 32.441033273000187 ], [ 35.063893749000044, 32.440822498000102 ], [ 35.063760172000059, 32.440714270000171 ], [ 35.063601039000162, 32.440584596000122 ], [ 35.063426173000039, 32.440425031000132 ], [ 35.063189223000165, 32.440230874000179 ], [ 35.063011065000182, 32.440052564000155 ], [ 35.062693141000182, 32.439792930000181 ], [ 35.062457711000036, 32.439584825000054 ], [ 35.062181129000066, 32.439344261000087 ], [ 35.062245424000139, 32.438947422000183 ], [ 35.062301044000151, 32.438671324000097 ], [ 35.062324886000169, 32.438521012000081 ], [ 35.061816718000046, 32.438465313000165 ], [ 35.061722436000025, 32.43830993 ], [ 35.061711598000045, 32.438157135999973 ], [ 35.061711072000151, 32.438149714000076 ], [ 35.061699384000065, 32.437984281000183 ], [ 35.061679017000074, 32.437942269000075 ], [ 35.061673843, 32.437931574000174 ], [ 35.061575693000066, 32.437728683000159 ], [ 35.061493482000117, 32.437408036000193 ], [ 35.061410974000012, 32.437267602000134 ], [ 35.061186706000115, 32.437147146000086 ], [ 35.060979866000082, 32.437136892000126 ], [ 35.060826263000081, 32.437086548000025 ], [ 35.060684622000167, 32.436936177000121 ], [ 35.06061994200013, 32.436765752000156 ], [ 35.060661548000041, 32.436625608000099 ], [ 35.060691464000172, 32.436573451000129 ], [ 35.06070586900006, 32.436548337000033 ], [ 35.06075636300011, 32.436460305000026 ], [ 35.060796018000133, 32.436422733000086 ], [ 35.060893154000155, 32.436330699000109 ], [ 35.060894817000019, 32.436328729000138 ], [ 35.060940752000192, 32.436273629000027 ], [ 35.061022842000057, 32.436175159000072 ], [ 35.06109402800007, 32.436029977000089 ], [ 35.061112074000164, 32.435769474000153 ], [ 35.061112334000029, 32.435614202000068 ], [ 35.061087222000083, 32.435429453000154 ], [ 35.060910411000066, 32.435148708000099 ], [ 35.060774746000163, 32.435003277000078 ], [ 35.060645039000178, 32.434872929000107 ], [ 35.060550712000065, 32.434747556000161 ], [ 35.060468188000186, 32.434617266000032 ], [ 35.060368016000041, 32.434411710000063 ], [ 35.060268093000047, 32.434156140000084 ], [ 35.060226950000128, 32.434020826000051 ], [ 35.06020345200011, 32.433865524000169 ], [ 35.060168431000136, 32.433645115000161 ], [ 35.060145084999988, 32.433499818000087 ], [ 35.060127676000093, 32.433279429000095 ], [ 35.060104446000082, 32.433063965000031 ], [ 35.06011052000008, 32.432908701000144 ], [ 35.060081310000157, 32.432693229000051 ], [ 35.060034630000189, 32.432392632000187 ], [ 35.060005492000073, 32.432132072000115 ], [ 35.060005612000111, 32.431862531000093 ], [ 35.059952802000169, 32.43165196200016 ], [ 35.059870470000135, 32.431411486000172 ], [ 35.059805731000154, 32.431181036999988 ], [ 35.059758926000143, 32.430955538000092 ], [ 35.05974758300016, 32.430684997000185 ], [ 35.059777571000154, 32.430439586000034 ], [ 35.059807364000051, 32.430209249000086 ], [ 35.059866911000086, 32.429968803000065 ], [ 35.059872798000129, 32.42982833300016 ], [ 35.059843450000187, 32.429693032999978 ], [ 35.059708084000192, 32.429377394000085 ], [ 35.059584195000127, 32.429051341 ], [ 35.059471318000135, 32.428798430000143 ], [ 35.059391737, 32.428602480999984 ], [ 35.059232712000096, 32.42832823800012 ], [ 35.05909042900015, 32.428075290000152 ], [ 35.058885267000051, 32.427676432000055 ], [ 35.058809930000109, 32.427526847000024 ], [ 35.058717854000122, 32.427352300000052 ], [ 35.058478311000101, 32.426850967 ], [ 35.058172293000041, 32.426562311000112 ], [ 35.057983657000023, 32.426412583000172 ], [ 35.057773983000118, 32.42622718500013 ], [ 35.057639852000136, 32.426070479000089 ], [ 35.057505647000085, 32.425956328000154 ], [ 35.057337972000028, 32.42579239500003 ], [ 35.057250080000188, 32.425603622000096 ], [ 35.057195859000046, 32.425446874000102 ], [ 35.057158206000054, 32.425315227000169 ], [ 35.057094382000116, 32.42504152000015 ], [ 35.05705258200004, 32.424906204000138 ], [ 35.056998170000156, 32.424763826000117 ], [ 35.056935440000075, 32.424628487000177 ], [ 35.05686013900015, 32.424461002999976 ], [ 35.056759816000124, 32.424257982000142 ], [ 35.056667821000076, 32.424040741000056 ], [ 35.056630194000036, 32.423894723000046 ], [ 35.056592717000058, 32.423759413000028 ], [ 35.05653423900003, 32.4235671510001 ], [ 35.056492570000046, 32.423357016000068 ], [ 35.056472, 32.423147050000068 ], [ 35.056484843000192, 32.422922751999977 ], [ 35.056515040000136, 32.422653670000102 ], [ 35.056557190000035, 32.422486472000116 ], [ 35.056612225000094, 32.422265890000176 ], [ 35.056675470000073, 32.422098579000078 ], [ 35.056785033000153, 32.421853124000108 ], [ 35.056873487000189, 32.421710785000187 ], [ 35.056974761000049, 32.421454612000048 ], [ 35.057050912000079, 32.421221372000105 ], [ 35.05710150800013, 32.421068276000028 ], [ 35.057148037, 32.420865437000032 ], [ 35.057182111000145, 32.420659059000172 ], [ 35.057186629000171, 32.42044546 ], [ 35.057189857000083, 32.420305972 ], [ 35.057174947000078, 32.420087698000088 ], [ 35.057125032000158, 32.419843739000044 ], [ 35.0570697550001, 32.419625415000098 ], [ 35.057014601000162, 32.419432737000136 ], [ 35.056944265000027, 32.419278646000123 ], [ 35.056818280000186, 32.419124345000057 ], [ 35.056687277000094, 32.418991455000082 ], [ 35.056546089000108, 32.418888564000156 ], [ 35.056369480000171, 32.418807047000087 ], [ 35.056182929000101, 32.418712696000171 ], [ 35.055996317000108, 32.418652582000163 ], [ 35.055809557000089, 32.418583873000102 ], [ 35.055567485000154, 32.41851072500009 ], [ 35.055405936, 32.418463465000059 ], [ 35.055214186000114, 32.41839911600016 ], [ 35.055057852000175, 32.418313253000065 ], [ 35.054906678000123, 32.418223171000079 ], [ 35.054740266000181, 32.418107424000027 ], [ 35.054573892000121, 32.417970261000107 ], [ 35.054463098000156, 32.417871774000048 ], [ 35.054347172000178, 32.417764546000058 ], [ 35.05425899700009, 32.417650304 ], [ 35.054138017000184, 32.41748755500015 ], [ 35.054022204000091, 32.417316214000095 ], [ 35.053926626000191, 32.417162092000126 ], [ 35.053820944000165, 32.416990764000161 ], [ 35.053750427000068, 32.416849351999986 ], [ 35.053690239000105, 32.416690904000063 ], [ 35.053635013000132, 32.416545424999981 ], [ 35.053599936000182, 32.41636981900001 ], [ 35.053585083000087, 32.416220024000154 ], [ 35.053565177000053, 32.416014564000022 ], [ 35.053575713000043, 32.415783502000124 ], [ 35.053596194000193, 32.415565270000172 ], [ 35.053621891000091, 32.415308442000082 ], [ 35.053632740000012, 32.415236254000149 ], [ 35.053640881999968, 32.415182078999976 ], [ 35.053652649000185, 32.415103048000105 ], [ 35.053682755000182, 32.414889481000102 ], [ 35.053698154000131, 32.414726900000062 ], [ 35.053713557000037, 32.414564319000021 ], [ 35.053739065000059, 32.41441457500008 ], [ 35.053764574000127, 32.414264830000036 ], [ 35.053795054000148, 32.414123543000187 ], [ 35.053812852000192, 32.41401310100008 ], [ 35.053820578000114, 32.413965204000135 ], [ 35.053852876000121, 32.41382857200017 ], [ 35.053864083000065, 32.41378279200012 ], [ 35.05387027300003, 32.413757719999978 ], [ 35.053891025000155, 32.413669965000111 ], [ 35.053903410000032, 32.413615875000062 ], [ 35.053922323000108, 32.413533189000191 ], [ 35.053935354000032, 32.413490793000051 ], [ 35.053962920000174, 32.413400511000191 ], [ 35.053977006000082, 32.413324162000038 ], [ 35.053979520000098, 32.413310496000122 ], [ 35.053998468000088, 32.413207945000067 ], [ 35.054025301000081, 32.413062571000125 ], [ 35.054040562000182, 32.412953470000048 ], [ 35.054044475000069, 32.412925496000071 ], [ 35.054069976000164, 32.412780119000047 ], [ 35.054116041000157, 32.412463433000141 ], [ 35.054136429000039, 32.412296490000074 ], [ 35.054248161000032, 32.412257069000077 ], [ 35.054260588000091, 32.41225268400018 ], [ 35.054474826000046, 32.412177150000161 ], [ 35.054787787000123, 32.41216471700011 ], [ 35.054959567000139, 32.412147742 ], [ 35.055136195000159, 32.412113724000051 ], [ 35.055171855000083, 32.41195116900019 ], [ 35.055167360000155, 32.411861833000103 ], [ 35.055166661000044, 32.411848313 ], [ 35.055163825000136, 32.411793492000186 ], [ 35.055128755000112, 32.411613799000179 ], [ 35.055073720000053, 32.411356868000155 ], [ 35.055033641000193, 32.411194218000162 ], [ 35.055018823000069, 32.411023005000118 ], [ 35.055009007000137, 32.410838976000093 ], [ 35.054974111000092, 32.41056079599997 ], [ 35.054954265000049, 32.410415221000108 ], [ 35.054924330000119, 32.410243989000151 ], [ 35.054902834000131, 32.410093763000134 ], [ 35.054877127000054, 32.409878998000067 ], [ 35.054862548000187, 32.409730239000112 ], [ 35.054856563000101, 32.409669171000189 ], [ 35.054833715000029, 32.409435105 ], [ 35.054786840000133, 32.408785072000171 ], [ 35.05475303500009, 32.408547049000106 ], [ 35.054722656000138, 32.408346791000042 ], [ 35.054682057999969, 32.408100163000029 ], [ 35.054648155000109, 32.40792018999997 ], [ 35.054591411000047, 32.407693411000139 ], [ 35.054585123000038, 32.407668233000038 ], [ 35.054566173000069, 32.40759235400003 ], [ 35.05450481400004, 32.407441372000164 ], [ 35.054457231000129, 32.407296325000175 ], [ 35.054419901000074, 32.407081545000153 ], [ 35.054358905000186, 32.406721608000112 ], [ 35.054315029000065, 32.406451727999979 ], [ 35.054271100000108, 32.406115062000026 ], [ 35.054234266000037, 32.405520696000053 ], [ 35.054214066000156, 32.405294242000139 ], [ 35.054197331000125, 32.405079490000162 ], [ 35.054160171000035, 32.404864850000138 ], [ 35.054150403000165, 32.404804419000016 ], [ 35.054148667000163, 32.404793680000125 ], [ 35.054129605000185, 32.404676146000156 ], [ 35.054092418000039, 32.404475878000142 ], [ 35.054081404000044, 32.404410769000151 ], [ 35.054066010000156, 32.404319343000054 ], [ 35.054051813000171, 32.404235028000073 ], [ 35.054011114000048, 32.403953458000046 ], [ 35.053987506000055, 32.403776457000049 ], [ 35.053886053000099, 32.40299912100005 ], [ 35.05317933900011, 32.402028485000017 ], [ 35.05317856400012, 32.402027421000128 ], [ 35.053136646000041, 32.40196974100013 ], [ 35.052762692000158, 32.401455544000157 ], [ 35.052278840000099, 32.400825105000138 ], [ 35.051972013000182, 32.400395109000044 ], [ 35.051546708000103, 32.399813068000128 ], [ 35.050991829999987, 32.399066570000173 ], [ 35.050777765000134, 32.398779002000026 ], [ 35.050609811000129, 32.398526856000103 ], [ 35.050470234000045, 32.398379153000064 ], [ 35.050213898000152, 32.398050947000115 ], [ 35.050207490000105, 32.398042748000194 ], [ 35.050138504000131, 32.397954473000084 ], [ 35.049856325000121, 32.397590445000162 ], [ 35.049697096000159, 32.397382976000131 ], [ 35.049560570000097, 32.397203714000057 ], [ 35.049427286000082, 32.397069123000051 ], [ 35.049340525000048, 32.396921347000045 ], [ 35.049241363000021, 32.396744670000089 ], [ 35.049157758000149, 32.39659957300006 ], [ 35.049074154000152, 32.396359653000104 ], [ 35.049007303000053, 32.396163164000143 ], [ 35.04898758700017, 32.396105214000102 ], [ 35.048984449000102, 32.396096334000106 ], [ 35.048937856000066, 32.395962841000141 ], [ 35.048868011000081, 32.395553574000132 ], [ 35.048867853000047, 32.395548922000103 ], [ 35.048860978999983, 32.395445591000168 ], [ 35.048849095000094, 32.395266956000057 ], [ 35.048877327000127, 32.394991248000167 ], [ 35.048890041000107, 32.394846278000045 ], [ 35.048896637000098, 32.394688196000118 ], [ 35.04891552800018, 32.394524775000036 ], [ 35.048937551000108, 32.394377280000128 ], [ 35.048949099000026, 32.394315671000129 ], [ 35.048960021000028, 32.394257401000118 ], [ 35.048961706000057, 32.394242749000114 ], [ 35.048990848000187, 32.394105972000091 ], [ 35.04898509800006, 32.393887146999987 ], [ 35.048915958, 32.393825060000097 ], [ 35.048912851000011, 32.393822268000065 ], [ 35.048693120000053, 32.393624832000057 ], [ 35.04858440400011, 32.393407986000057 ], [ 35.048471179000103, 32.39320423900017 ], [ 35.048373372000071, 32.393015302000094 ], [ 35.048257796000087, 32.392736451000189 ], [ 35.048059926000064, 32.392321380000055 ], [ 35.047939999, 32.392060979000064 ], [ 35.047731243000158, 32.391608979000182 ], [ 35.047618123, 32.391349714000114 ], [ 35.04746964800006, 32.391081103000033 ], [ 35.047382771000116, 32.390912612000193 ], [ 35.047287004000054, 32.390699586000153 ], [ 35.047197867000079, 32.390495727000086 ], [ 35.047104403000162, 32.390295665000053 ], [ 35.046864420000077, 32.389942535000102 ], [ 35.046646325000097, 32.389881239000033 ], [ 35.046137864, 32.38977869900009 ], [ 35.045622871000148, 32.389705879000076 ], [ 35.045118655000181, 32.389642229000174 ], [ 35.044890200000168, 32.389615858000184 ], [ 35.04488024900013, 32.389158621000092 ], [ 35.044878359000165, 32.3889234560001 ], [ 35.044876450000118, 32.388787062000176 ], [ 35.044863695, 32.388588936000133 ], [ 35.044800827000131, 32.388372287000038 ], [ 35.044709597000065, 32.388137001000132 ], [ 35.044653090999986, 32.387981373000059 ], [ 35.044450001000087, 32.387440325000057 ], [ 35.044269136000139, 32.386917339000092 ], [ 35.044201069999986, 32.386727455000027 ], [ 35.044130267000071, 32.386582093000072 ], [ 35.044001330000185, 32.386354646000029 ], [ 35.043875358000037, 32.386140025000088 ], [ 35.043759801000192, 32.385952192000104 ], [ 35.043654657000161, 32.38578902800009 ], [ 35.043539059000011, 32.385623597000176 ], [ 35.043460291000088, 32.385475968000151 ], [ 35.043315984000117, 32.385210035000057 ], [ 35.043189887000096, 32.384976392000169 ], [ 35.043010093000134, 32.38468533200006 ], [ 35.042870173000097, 32.384474073000092 ], [ 35.042725069000028, 32.384281688999977 ], [ 35.042599836000193, 32.384118496999974 ], [ 35.042432659000156, 32.383921856000143 ], [ 35.042250662000072, 32.383746049000081 ], [ 35.042085927000073, 32.383574350000174 ], [ 35.041950512000142, 32.383442566000099 ], [ 35.041767512000092, 32.383271827000101 ], [ 35.04165445700005, 32.383169240000029 ], [ 35.041447963000053, 32.382953803000078 ], [ 35.041270986000029, 32.382759262000036 ], [ 35.041140586000097, 32.382610717000091 ], [ 35.041041402000076, 32.382462776000068 ], [ 35.040930689000049, 32.382351876000087 ], [ 35.040955874000076, 32.382207824000091 ], [ 35.040956204000111, 32.382205938000084 ], [ 35.041046680000136, 32.381688531000179 ], [ 35.041049965000127, 32.381669679000083 ], [ 35.041072697000061, 32.381539209000096 ], [ 35.040875886000038, 32.3813864870001 ], [ 35.040747735000025, 32.381278523000049 ], [ 35.040553607000106, 32.381113264000135 ], [ 35.040337107000141, 32.380924866000157 ], [ 35.040142818000106, 32.380757494000193 ], [ 35.040208435000125, 32.380623689 ], [ 35.040209659000084, 32.380621192999968 ], [ 35.040249164000045, 32.380540366000162 ], [ 35.040340582000169, 32.380404664000082 ], [ 35.040753420000044, 32.379674792000117 ], [ 35.041282778000152, 32.378698219000057 ], [ 35.041520086000048, 32.378238920000172 ], [ 35.041802078000103, 32.377767985000162 ], [ 35.042171752000115, 32.377820617000111 ], [ 35.042341232000126, 32.377845925000031 ], [ 35.042525186000091, 32.377856600000143 ], [ 35.042554239000083, 32.377858332000073 ], [ 35.042751834000171, 32.377855497000155 ], [ 35.042771895000158, 32.377853493000146 ], [ 35.042794088000107, 32.377851277000161 ], [ 35.042864597000175, 32.377844235000111 ], [ 35.042965733000187, 32.377834224000082 ], [ 35.043232651999972, 32.37778611300007 ], [ 35.043344786000034, 32.377756533000138 ], [ 35.043416527000034, 32.377737639000145 ], [ 35.043469874000095, 32.377723589000027 ], [ 35.043692338000028, 32.377650194000125 ], [ 35.043890856000075, 32.377596353000172 ], [ 35.044094316000042, 32.377564218000089 ], [ 35.044344110000111, 32.377526928 ], [ 35.044602505000114, 32.377507405000131 ], [ 35.044778218000147, 32.377484389000131 ], [ 35.044791098000132, 32.377483633999987 ], [ 35.044916875000183, 32.377476260000094 ], [ 35.045081107000101, 32.377466756000047 ], [ 35.045246344000134, 32.377452038000058 ], [ 35.045252323000057, 32.377451202000145 ], [ 35.045302995000156, 32.377444291000018 ], [ 35.04542421900004, 32.377427757000078 ], [ 35.04565918000003, 32.377419051000061 ], [ 35.045830213000045, 32.377413498000067 ], [ 35.04602945900001, 32.377402678000067 ], [ 35.046088596000061, 32.377399467000032 ], [ 35.046150967000131, 32.377389592000043 ], [ 35.046268635000104, 32.377370961000167 ], [ 35.04647407300007, 32.377346008000188 ], [ 35.046651954000083, 32.377317640000115 ], [ 35.046817246000103, 32.37727290800018 ], [ 35.047118075000014, 32.37719961200014 ], [ 35.047370099000091, 32.377122726000152 ], [ 35.047586270000124, 32.377036778000161 ], [ 35.047830814000122, 32.37696298100019 ], [ 35.047995926000112, 32.376925436000192 ], [ 35.048207730000058, 32.376868224000077 ], [ 35.048415417000115, 32.376791277000166 ], [ 35.048623062000104, 32.376737724000122 ], [ 35.048679054000161, 32.376721759000134 ], [ 35.048724397000058, 32.376708830000041 ], [ 35.048786195000048, 32.37669115500006 ], [ 35.048874942000168, 32.376645901000074 ], [ 35.048947407000071, 32.376608997 ], [ 35.048951389000024, 32.376606969000193 ], [ 35.049019032000047, 32.376385560000074 ], [ 35.049055418000194, 32.376188064000075 ], [ 35.049108767000064, 32.375974384000187 ], [ 35.049172584000132, 32.375757197000041 ], [ 35.049208861000182, 32.375618880000104 ], [ 35.04926004400005, 32.375409564000165 ], [ 35.04930706100015, 32.375208559000157 ], [ 35.049349697000139, 32.375043338000069 ], [ 35.049415674000159, 32.374824320000073 ], [ 35.049473388000138, 32.374582467000039 ], [ 35.04952459000009, 32.374361741000087 ], [ 35.049599110000088, 32.374099618000116 ], [ 35.049650295000106, 32.373887767000099 ], [ 35.049718220000159, 32.37359928800015 ], [ 35.049782433000019, 32.373344481000117 ], [ 35.049853602000155, 32.373098701000174 ], [ 35.049903444, 32.372894739000174 ], [ 35.049949740000102, 32.372723883999981 ], [ 35.04999953500004, 32.372546977000184 ], [ 35.050050671, 32.37236034700004 ], [ 35.050076391, 32.372273489000122 ], [ 35.050084079000158, 32.372247528 ], [ 35.050160749000099, 32.371988932000136 ], [ 35.050317258000177, 32.371461034000163 ], [ 35.050408514000083, 32.37112270300014 ], [ 35.050427955000146, 32.371050754000123 ], [ 35.050459730000057, 32.37093315900006 ], [ 35.05046232899997, 32.370923540000092 ], [ 35.05047837800015, 32.370860858000015 ], [ 35.050482225000053, 32.370845503999988 ], [ 35.050584217000107, 32.370444629000133 ], [ 35.050700089000145, 32.370078011000032 ], [ 35.050714797000069, 32.370023500000059 ], [ 35.050727159000076, 32.369977910000159 ], [ 35.050869177999971, 32.369454169999983 ], [ 35.050939072000062, 32.369196414000157 ], [ 35.050943243000177, 32.369184584000095 ], [ 35.05108292400007, 32.368780937000167 ], [ 35.051251249000074, 32.368136949000188 ], [ 35.051257593000059, 32.368112675000134 ], [ 35.051481754000065, 32.367254917000025 ], [ 35.051453982000055, 32.367094253000062 ], [ 35.051278485000182, 32.366725290000147 ], [ 35.051102976000152, 32.366365625000185 ], [ 35.050911054999972, 32.365991850000057 ], [ 35.05075754600017, 32.365678993000188 ], [ 35.050631538000061, 32.365398719000098 ], [ 35.050434110000026, 32.365043676000141 ], [ 35.050517158000162, 32.364740280000035 ], [ 35.050586250000038, 32.364553110000031 ], [ 35.050593757, 32.364532775000043 ], [ 35.050649781000061, 32.36438100800018 ], [ 35.05069403400006, 32.364236359000188 ], [ 35.050562316000025, 32.36408683500008 ], [ 35.050411809000082, 32.363954899000191 ], [ 35.050278336000133, 32.363765638000075 ], [ 35.050202883, 32.363625626000044 ], [ 35.050131906000104, 32.363489423000033 ], [ 35.050060749000181, 32.363360689000046 ], [ 35.049922997000124, 32.363152541000034 ], [ 35.049767634000148, 32.362766693000083 ], [ 35.04943465100007, 32.362002434000033 ], [ 35.049266110000019, 32.361559927000087 ], [ 35.049177329000088, 32.361355646000163 ], [ 35.049110373000019, 32.361200848000124 ], [ 35.049025866000079, 32.361019258 ], [ 35.048937130000184, 32.360883032000118 ], [ 35.048834796000051, 32.360739179 ], [ 35.048741397000072, 32.360610556000154 ], [ 35.048652462000064, 32.360493211000119 ], [ 35.048563545000093, 32.360364593000099 ], [ 35.04843477999998, 32.360148846000129 ], [ 35.048363638000183, 32.360012642000072 ], [ 35.048216856000067, 32.359846046000143 ], [ 35.048003306000169, 32.359698386000161 ], [ 35.04774059500005, 32.359561933000123 ], [ 35.047602428000062, 32.35949736200007 ], [ 35.047405490000131, 32.359435670000096 ], [ 35.047399174000134, 32.359440310000139 ], [ 35.047278494000068, 32.359526950000031 ], [ 35.047162565000178, 32.359558500000105 ], [ 35.047112051000056, 32.359583796000095 ], [ 35.046920433000025, 32.359609895 ], [ 35.046764511000106, 32.359541635000085 ], [ 35.046653345000152, 32.359416792000104 ], [ 35.046430639000164, 32.359284192000189 ], [ 35.046216977000086, 32.359200639000107 ], [ 35.046021060000157, 32.359033976000092 ], [ 35.045838729000081, 32.358882548000167 ], [ 35.045575888000087, 32.358821754000076 ], [ 35.045386301000121, 32.358824745000106 ], [ 35.045369360000052, 32.358824970000171 ], [ 35.045357416000115, 32.358825129000138 ], [ 35.045318427000154, 32.358846484000026 ], [ 35.045273500000121, 32.358871092000072 ], [ 35.045129924000094, 32.358949667000104 ], [ 35.044956005000188, 32.359009883000112 ], [ 35.044694610000136, 32.359064349 ], [ 35.044511941000053, 32.359098203000144 ], [ 35.044333609000034, 32.359120652000115 ], [ 35.044177718000185, 32.359037171000068 ], [ 35.044070997000176, 32.358935015000156 ], [ 35.043933079000112, 32.358738132000099 ], [ 35.043857766000031, 32.358530063000046 ], [ 35.043822319000185, 32.358397706000176 ], [ 35.043747102999987, 32.358136796999986 ], [ 35.043653961000132, 32.357875722000188 ], [ 35.04359626400003, 32.357747002000167 ], [ 35.043498513000031, 32.357554118 ], [ 35.043396299000108, 32.357440556000029 ], [ 35.043191279000041, 32.357444085000054 ], [ 35.042990706000069, 32.357466501000147 ], [ 35.042923072000121, 32.357414558000187 ], [ 35.042915758000049, 32.357408937000173 ], [ 35.042858976000161, 32.357365299000094 ], [ 35.042826099000024, 32.357340033000185 ], [ 35.042625522000037, 32.357185900000104 ], [ 35.042542005000143, 32.357105330000024 ], [ 35.042530903000113, 32.357094626 ], [ 35.042451521000089, 32.357018092000089 ], [ 35.042450537000036, 32.357017144000167 ], [ 35.042437948000156, 32.357002757000146 ], [ 35.042155290000039, 32.3567124 ], [ 35.041901370000176, 32.35641235900016 ], [ 35.041703124000094, 32.356167909000192 ], [ 35.041537340000048, 32.355964221000193 ], [ 35.041321221000032, 32.355691002000071 ], [ 35.041168049000134, 32.355490855000085 ], [ 35.041056924000088, 32.355351633000112 ], [ 35.040991937000115, 32.355217689000085 ], [ 35.040948000000128, 32.35501444800019 ], [ 35.040925022000181, 32.354875207000134 ], [ 35.040900170999976, 32.354673542000057 ], [ 35.04087338700009, 32.354439749000164 ], [ 35.040865230000065, 32.354275587000075 ], [ 35.040882262000025, 32.354134709000164 ], [ 35.040960436000091, 32.353963478000139 ], [ 35.041112281000153, 32.353721615000097 ], [ 35.041203047000181, 32.353562941000121 ], [ 35.04126859600018, 32.353397048000147 ], [ 35.041334148000089, 32.353229463000048 ], [ 35.041399483000077, 32.353088509000088 ], [ 35.041492465000147, 32.352897712000015 ], [ 35.041581749999978, 32.352732273000129 ], [ 35.041662073000168, 32.352564708000045 ], [ 35.041826675000095, 32.352245505000155 ], [ 35.04192163100015, 32.352063589000011 ], [ 35.041991248000102, 32.351940675000151 ], [ 35.04200829600012, 32.351788946000113 ], [ 35.042023788000165, 32.351493072000153 ], [ 35.042034923000074, 32.351132660000189 ], [ 35.042031180000038, 32.350914961000058 ], [ 35.04204405400003, 32.350775767000073 ], [ 35.042082405000144, 32.350505570000166 ], [ 35.042082888000095, 32.350246873000174 ], [ 35.04209173900017, 32.35004173100009 ], [ 35.042096239000045, 32.349854338000114 ], [ 35.04210295300004, 32.349636936000081 ], [ 35.04210538500007, 32.349490684000045 ], [ 35.042103509000071, 32.349339070000099 ], [ 35.042089298000064, 32.34912840100003 ], [ 35.042070642000112, 32.348985643999981 ], [ 35.04204989599998, 32.348807233000059 ], [ 35.041938629000128, 32.348658994000175 ], [ 35.04169815500012, 32.348548204000053 ], [ 35.041659635000144, 32.34846544100003 ], [ 35.041658308000137, 32.348462578000067 ], [ 35.041623098000059, 32.348386627000082 ], [ 35.041591700000083, 32.348225111000033 ], [ 35.041564315000073, 32.348046693000015 ], [ 35.041552634000084, 32.347902112000043 ], [ 35.041546271000186, 32.347843347000094 ], [ 35.041541206000034, 32.347796525000092 ], [ 35.041536971000085, 32.347757383000101 ], [ 35.041505609000183, 32.34757571800003 ], [ 35.041470169000092, 32.347444490000044 ], [ 35.04135171300004, 32.347235795000074 ], [ 35.041240975000107, 32.347074171000031 ], [ 35.041126361000067, 32.346942836000096 ], [ 35.040956043000165, 32.346774368000183 ], [ 35.040853345000016, 32.346663199000147 ], [ 35.040690877000088, 32.346558711 ], [ 35.040480958000046, 32.346444153000107 ], [ 35.040207655000074, 32.346319224000183 ], [ 35.039934241000026, 32.346251640000105 ], [ 35.039650340000037, 32.346201374000032 ], [ 35.039420537000126, 32.346157379000033 ], [ 35.039250110000182, 32.346136856000044 ], [ 35.039036097000121, 32.346082737000074 ], [ 35.038861739000083, 32.346035438000172 ], [ 35.038648003000162, 32.345920730000103 ], [ 35.038529182000048, 32.345823063000068 ], [ 35.038406459999976, 32.345768084000042 ], [ 35.038403473000187, 32.345766812000136 ], [ 35.038393018000136, 32.34576215300018 ], [ 35.038370803000134, 32.345752253000057 ], [ 35.038184445000184, 32.345731707000141 ], [ 35.037998047000031, 32.345818950000194 ], [ 35.037823490000051, 32.345875914000089 ], [ 35.037617262000083, 32.345916068000065 ], [ 35.037391013000104, 32.346009879000064 ], [ 35.037196789000177, 32.346022995000112 ], [ 35.036530610000057, 32.346069272000136 ], [ 35.036297764000153, 32.346094046000189 ], [ 35.036280921000071, 32.346095838000167 ], [ 35.036259271000063, 32.346092362000093 ], [ 35.036090599000147, 32.346065277000037 ], [ 35.035940137000125, 32.346021246000021 ], [ 35.035548211000048, 32.345957011000166 ], [ 35.035314380000102, 32.345936534000145 ], [ 35.03508055900005, 32.345912676000125 ], [ 35.034807078000085, 32.345881999000142 ], [ 35.034694494000178, 32.345875894000073 ], [ 35.034596302000068, 32.345870569999988 ], [ 35.034553318000064, 32.345868253999981 ], [ 35.034478140000033, 32.345861950000028 ], [ 35.034431497000185, 32.345857969000122 ], [ 35.034390849000033, 32.345854500000087 ], [ 35.033970529000044, 32.345880820000161 ], [ 35.033558222000124, 32.34596773800007 ], [ 35.03321709100004, 32.346071522000102 ], [ 35.033070263000184, 32.346121756000173 ], [ 35.03281633500012, 32.346191988000157 ], [ 35.032633996000015, 32.346238932000119 ], [ 35.032380121000074, 32.346282250000172 ], [ 35.032177907000062, 32.346305490000134 ], [ 35.031991443000095, 32.346338901000138 ], [ 35.031706083000074, 32.346355260000166 ], [ 35.031420567000112, 32.346368378000193 ], [ 35.031191509000166, 32.346368615000074 ], [ 35.03093371600005, 32.346378388000119 ], [ 35.030751046000034, 32.346389037 ], [ 35.030653007000183, 32.346394752000037 ], [ 35.030603047000113, 32.346393836000118 ], [ 35.030544773000088, 32.346401079000145 ], [ 35.030517548000091, 32.346402589000093 ], [ 35.030504766000092, 32.34640398099998 ], [ 35.030359305000047, 32.346434064000107 ], [ 35.030276100000151, 32.346451349000176 ], [ 35.03022795600009, 32.34646135100013 ], [ 35.03012310500003, 32.34650879600008 ], [ 35.03001098500016, 32.346559529999979 ], [ 35.029946191000136, 32.346588884000141 ], [ 35.029751802000135, 32.346682724000061 ], [ 35.02951375300006, 32.346779886000093 ], [ 35.029299433000119, 32.346880602000113 ], [ 35.029258737000077, 32.346894631999987 ], [ 35.029210003000173, 32.346911437000074 ], [ 35.029124861000014, 32.346940796000126 ], [ 35.028972249000049, 32.347000177000155 ], [ 35.028950607000183, 32.347008598 ], [ 35.02886740100007, 32.347031727000058 ], [ 35.028739355000141, 32.347067331000176 ], [ 35.028543284000136, 32.347088180000014 ], [ 35.028394343000173, 32.347033152000108 ], [ 35.028335034000122, 32.346893997000052 ], [ 35.028305695000142, 32.34671063900015 ], [ 35.028298577000044, 32.346535767999967 ], [ 35.028296813999987, 32.346177734000037 ], [ 35.028284704000043, 32.346009058000107 ], [ 35.028267203000155, 32.345716942000081 ], [ 35.028255101000184, 32.345546290000186 ], [ 35.028250444999969, 32.345386078000047 ], [ 35.028240929999981, 32.345166963000167 ], [ 35.028206749000105, 32.344914135000181 ], [ 35.028179695000176, 32.344749804000173 ], [ 35.028108359000157, 32.344404912000073 ], [ 35.028036844000155, 32.344147803 ], [ 35.027997564000088, 32.343955977000121 ], [ 35.027933450000148, 32.343732553000109 ], [ 35.027829643000189, 32.343521752000186 ], [ 35.027697857000078, 32.343357974000128 ], [ 35.027566502000127, 32.343227164000155 ], [ 35.027472645000103, 32.343020604000117 ], [ 35.027445559000171, 32.342873042000178 ], [ 35.027411281000184, 32.342670796000107 ], [ 35.027411913000037, 32.342359827000053 ], [ 35.027399814000034, 32.342187064000086 ], [ 35.027375414000176, 32.34202470800011 ], [ 35.027360853000118, 32.341839400000083 ], [ 35.027341407999984, 32.341607587000169 ], [ 35.027282280000065, 32.341382057000146 ], [ 35.027207962000148, 32.341118742000106 ], [ 35.027050178000081, 32.340600274000053 ], [ 35.026948959000151, 32.340263087000096 ], [ 35.026648619000127, 32.340228969000123 ], [ 35.026393001000145, 32.340239161999989 ], [ 35.026194346000125, 32.340232528000172 ], [ 35.025948577000122, 32.340215258000171 ], [ 35.025594788000092, 32.340184443000169 ], [ 35.025227395000172, 32.340150222000091 ], [ 35.024887363000062, 32.340128583000023 ], [ 35.02467974800004, 32.34012122900009 ], [ 35.024522364000177, 32.34030318300006 ], [ 35.024382235000189, 32.340405973000031 ], [ 35.02438073999997, 32.340406958000017 ], [ 35.024378914000181, 32.340408364000155 ], [ 35.024322895000068, 32.340449563999982 ], [ 35.024274068000068, 32.340463724000131 ], [ 35.024261940000088, 32.340470186000118 ], [ 35.024245005000068, 32.340472276000128 ], [ 35.024170939000157, 32.34049386200013 ], [ 35.023987503000058, 32.340511344000163 ], [ 35.02358412500007, 32.340541879999989 ], [ 35.023411248000059, 32.34059051700001 ], [ 35.02320151300006, 32.340643463000163 ], [ 35.023012893000043, 32.340678829000069 ], [ 35.022593593000181, 32.340784861000145 ], [ 35.022203028000092, 32.340878398000143 ], [ 35.022144409000134, 32.340892399000154 ], [ 35.021959258000038, 32.340935800000068 ], [ 35.021921396999971, 32.340944763000039 ], [ 35.021713158000068, 32.340997145000131 ], [ 35.021497499000077, 32.341024719000075 ], [ 35.02121607800018, 32.34107079000006 ], [ 35.020931185000109, 32.341110656000183 ], [ 35.020700966000163, 32.341116508000141 ], [ 35.020375791000163, 32.341131514000097 ], [ 35.020065242000157, 32.34113724000008 ], [ 35.019871737000017, 32.341127646000132 ], [ 35.019601827000088, 32.340910245000032 ], [ 35.019306501000187, 32.340624609000031 ], [ 35.019032875999983, 32.340438198000129 ], [ 35.01869360600017, 32.340214490999983 ], [ 35.016356847000168, 32.338690692000114 ], [ 35.016353136000134, 32.338641371000051 ], [ 35.016352967000046, 32.338639146000162 ], [ 35.016236119000155, 32.337103382000066 ], [ 35.016173716000026, 32.335485306000123 ], [ 35.016173556000012, 32.335483050000107 ], [ 35.016168848000177, 32.335360716000139 ], [ 35.016088845000013, 32.333281884000087 ], [ 35.015961512000047, 32.329821219000166 ], [ 35.015957941000067, 32.329724177000116 ], [ 35.015620142000046, 32.320541458000037 ], [ 35.015616605000048, 32.320445313000164 ], [ 35.015381920999971, 32.314065708000157 ], [ 35.015366714000038, 32.313652329000149 ], [ 35.015364462000036, 32.313630182000168 ], [ 35.015156011000101, 32.311580169000081 ], [ 35.014002973000117, 32.309722623000084 ], [ 35.012750334000145, 32.307704516000172 ], [ 35.012614640000095, 32.305799589000173 ], [ 35.012653830000147, 32.30286323100006 ], [ 35.012525621000066, 32.300896821000094 ], [ 35.012380902000132, 32.298677026000178 ], [ 35.012384246000011, 32.296701596000162 ], [ 35.012340915999971, 32.29548784300016 ], [ 35.012366028000145, 32.29465041300017 ], [ 35.01238063500017, 32.294370231000073 ], [ 35.012394550000181, 32.294216401000142 ], [ 35.012451309000141, 32.294035608000172 ], [ 35.012495423000075, 32.294003670000052 ], [ 35.012498496000092, 32.294001445000106 ], [ 35.012573099000122, 32.293947453999976 ], [ 35.012729658000183, 32.293964891000087 ], [ 35.012902675000191, 32.29396671600017 ], [ 35.013142292000055, 32.293932712000185 ], [ 35.013370432000102, 32.293835989000115 ], [ 35.013556482000013, 32.293795702000068 ], [ 35.013611514000161, 32.29373815800011 ], [ 35.013641843000073, 32.293706479000036 ], [ 35.013653312000031, 32.293694500000186 ], [ 35.013656905000062, 32.293690747000142 ], [ 35.013682010000139, 32.293664577000129 ], [ 35.013649483000165, 32.293594498000118 ], [ 35.013644929000179, 32.293584662000171 ], [ 35.013612334000015, 32.293514267000148 ], [ 35.01353702, 32.293286448000174 ], [ 35.013476636000178, 32.293134600000087 ], [ 35.01339421900019, 32.292893808000031 ], [ 35.013293208999983, 32.29258267300014 ], [ 35.013241967000056, 32.2924232310001 ], [ 35.01317976100006, 32.292271383000127 ], [ 35.013122865000128, 32.292118129000073 ], [ 35.013054868000097, 32.291958803000057 ], [ 35.012996140000041, 32.291810199000167 ], [ 35.012923010000179, 32.291570829000079 ], [ 35.012884681000116, 32.291423806000068 ], [ 35.01282762000011, 32.291270835000148 ], [ 35.012752370000101, 32.291090924000059 ], [ 35.012677278000126, 32.290915664000124 ], [ 35.012605798000038, 32.290757597000095 ], [ 35.012497310000128, 32.290530996000086 ], [ 35.012394677000088, 32.290282280000156 ], [ 35.012337891000186, 32.290155517000017 ], [ 35.012190787000122, 32.289838112000155 ], [ 35.012128407000091, 32.289691049000169 ], [ 35.011979844000166, 32.289434511000081 ], [ 35.011884429000133, 32.289299799000105 ], [ 35.011777561000031, 32.289167180000049 ], [ 35.01163982900016, 32.288965186000041 ], [ 35.011505743999976, 32.288764891000085 ], [ 35.011414025000136, 32.288608483000132 ], [ 35.011336608000192, 32.288436460000185 ], [ 35.011277895000035, 32.288281654000173 ], [ 35.011221202000058, 32.288114312000175 ], [ 35.011164645000122, 32.287885958000118 ], [ 35.011140814000157, 32.287710919000119 ], [ 35.01111368800008, 32.287524882000071 ], [ 35.011088150999967, 32.287369990000059 ], [ 35.011071900000161, 32.287218352000139 ], [ 35.011066942000127, 32.28703992100003 ], [ 35.011066215000142, 32.287013752000064 ], [ 35.011033945000122, 32.286829258000068 ], [ 35.011032095000132, 32.286823790000142 ], [ 35.010966210000106, 32.286629067000092 ], [ 35.010880080999982, 32.286422505000075 ], [ 35.010806604000038, 32.286269367000045 ], [ 35.010718607000172, 32.286083235999968 ], [ 35.010661679000066, 32.285947172000078 ], [ 35.010597761000099, 32.285748395999974 ], [ 35.010550214000148, 32.285572191000085 ], [ 35.010491949000027, 32.285366661000126 ], [ 35.010396263000132, 32.285206724000091 ], [ 35.010298693000038, 32.285073837000027 ], [ 35.010212228000057, 32.284945759000095 ], [ 35.010118016000092, 32.284793996000076 ], [ 35.010040989000061, 32.284672414000113 ], [ 35.009962235999978, 32.284507572000166 ], [ 35.009889110000188, 32.284347530000105 ], [ 35.009827041000108, 32.284138330000189 ], [ 35.009795422000082, 32.283960740000055 ], [ 35.009769363000146, 32.28381838700011 ], [ 35.009739670000044, 32.283671235000156 ], [ 35.009728722000034, 32.283522565000112 ], [ 35.00967616500003, 32.283361287000105 ], [ 35.009642561000135, 32.283182145000183 ], [ 35.009637234000138, 32.283041515000093 ], [ 35.009590477000074, 32.282884755000111 ], [ 35.009528685000078, 32.28270091700017 ], [ 35.00949501000008, 32.282553760000155 ], [ 35.009450221000179, 32.282406586000093 ], [ 35.009395847000121, 32.282243473000165 ], [ 35.009315295000192, 32.282067355000152 ], [ 35.009258917000182, 32.281910862000075 ], [ 35.00916521400012, 32.281757268000149 ], [ 35.00905436700009, 32.281630699000061 ], [ 35.008915027000114, 32.281561854000188 ], [ 35.008845701000098, 32.281409849000113 ], [ 35.008962629000166, 32.281264626000109 ], [ 35.009038220000093, 32.28113525700013 ], [ 35.009173025000166, 32.280981057000133 ], [ 35.009214983000106, 32.280933062000031 ], [ 35.009219636000182, 32.280928561000053 ], [ 35.009325196000077, 32.280823898000051 ], [ 35.009530969000139, 32.280627528000139 ], [ 35.009644196000181, 32.280504700000108 ], [ 35.00985623300005, 32.28040147500019 ], [ 35.010163294000108, 32.280379564000043 ], [ 35.010336630000097, 32.280375051000135 ], [ 35.010498737999967, 32.280348115000038 ], [ 35.01075314600007, 32.280284549999976 ], [ 35.010920267000131, 32.280241277000073 ], [ 35.011159584000154, 32.280175997000185 ], [ 35.011385875000087, 32.280075751000027 ], [ 35.011574505000112, 32.279980097000134 ], [ 35.011847756000066, 32.279870202000154 ], [ 35.012096349000103, 32.279735469000116 ], [ 35.012172211000177, 32.27970642300005 ], [ 35.012244346000159, 32.279678749000027 ], [ 35.012258531000043, 32.27967330700011 ], [ 35.012263568000151, 32.279672915000106 ], [ 35.012288722000108, 32.279670958000054 ], [ 35.012680554000042, 32.279640438000172 ], [ 35.012846275000129, 32.279629428000135 ], [ 35.013006351000058, 32.279620098000066 ], [ 35.013255008000158, 32.279606119000107 ], [ 35.013599219000128, 32.279583974000104 ], [ 35.013763119000146, 32.279571550000128 ], [ 35.014008140000101, 32.279551082000069 ], [ 35.014172050000184, 32.279532176000089 ], [ 35.014246188000072, 32.279533841000159 ], [ 35.014286652000067, 32.279534709000018 ], [ 35.014409223000143, 32.279537337000079 ], [ 35.014440056000126, 32.279596600000104 ], [ 35.014441432000069, 32.27959924400011 ], [ 35.01447677800013, 32.279666933000158 ], [ 35.014607152999986, 32.279893429000026 ], [ 35.014699118000067, 32.280010382000057 ], [ 35.014859001000048, 32.280167315000142 ], [ 35.015014958000108, 32.280300289000138 ], [ 35.015209726000023, 32.280432621000102 ], [ 35.015429914000151, 32.280546531000084 ], [ 35.015695336000078, 32.280604434000168 ], [ 35.015864848000092, 32.280604698 ], [ 35.016064552000046, 32.280601907000062 ], [ 35.016232257000183, 32.280594136000047 ], [ 35.016497892000018, 32.280552982000188 ], [ 35.016682119999984, 32.280497188000027 ], [ 35.016838466000138, 32.280449381000039 ], [ 35.017004431000146, 32.280401730000108 ], [ 35.017185294000058, 32.280368473000124 ], [ 35.017477376999977, 32.280290583000067 ], [ 35.017667694000181, 32.280257199000118 ], [ 35.017976525000108, 32.280181867000124 ], [ 35.018172522000043, 32.280129330000136 ], [ 35.018464588000029, 32.280059469000093 ], [ 35.018866124000056, 32.27991143100013 ], [ 35.019062140000131, 32.279847760000109 ], [ 35.019303471000114, 32.279768236000109 ], [ 35.019455682000171, 32.279713374000153 ], [ 35.019705668000086, 32.279619631000116 ], [ 35.019899218000091, 32.279545952000149 ], [ 35.020071448000124, 32.279436169000064 ], [ 35.020157154000117, 32.279299621000121 ], [ 35.020169742000121, 32.279279657000075 ], [ 35.020173130000046, 32.279274284000053 ], [ 35.020279411000047, 32.279134387000113 ], [ 35.020372553000072, 32.279010814000117 ], [ 35.02049085900012, 32.278830919000086 ], [ 35.020554817000061, 32.278702934000023 ], [ 35.020621101000074, 32.278572983000061 ], [ 35.020739345000038, 32.278343067000037 ], [ 35.020856007000134, 32.278155419000143 ], [ 35.02093891700008, 32.27806154100017 ], [ 35.020955926000113, 32.278042282000115 ], [ 35.021002476000092, 32.277989655000113 ], [ 35.021153527000024, 32.277853770000149 ], [ 35.02135180800019, 32.277735994000182 ], [ 35.021512196000174, 32.277654229000063 ], [ 35.021783414000026, 32.277556570000058 ], [ 35.022012338000138, 32.277456873000062 ], [ 35.022146841000165, 32.277381128000115 ], [ 35.022306683000068, 32.277243847000193 ], [ 35.022412877000136, 32.277141851000124 ], [ 35.022549856000012, 32.276991995000174 ], [ 35.022642015000088, 32.276860106000186 ], [ 35.022727261000057, 32.276702280000052 ], [ 35.022772362000126, 32.276548200000093 ], [ 35.02278773900008, 32.276410842000132 ], [ 35.022789071000034, 32.276409012000158 ], [ 35.022791396000116, 32.276395294000054 ], [ 35.022823661000018, 32.276204894000102 ], [ 35.02284987600018, 32.276039372000128 ], [ 35.022895291000111, 32.275814277000052 ], [ 35.022942725000121, 32.275576927000145 ], [ 35.022952061000183, 32.275552139000013 ], [ 35.023032448000151, 32.275337664000119 ], [ 35.023159897000141, 32.275142280000125 ], [ 35.023268612000152, 32.275023097000144 ], [ 35.023438155000065, 32.274841867000077 ], [ 35.023579556000129, 32.274716392000073 ], [ 35.02377254400011, 32.274586906000025 ], [ 35.02395605300012, 32.274469526000075 ], [ 35.024165385, 32.274375995000071 ], [ 35.024327779000146, 32.27428451000003 ], [ 35.024604650000072, 32.274171774000138 ], [ 35.024766945000067, 32.27412805300014 ], [ 35.025060715000052, 32.274104535000163 ], [ 35.025314638000168, 32.274102939000045 ], [ 35.025476893000189, 32.274077251000051 ], [ 35.025702565000188, 32.274021787000038 ], [ 35.025855533000083, 32.27391422300002 ], [ 35.025923963000025, 32.273784691000174 ], [ 35.026037165000162, 32.273577306000163 ], [ 35.026177627999971, 32.273340653 ], [ 35.026248523000106, 32.273221132000174 ], [ 35.026387591000059, 32.27301575700011 ], [ 35.026519580000013, 32.272784589000025 ], [ 35.026626074000148, 32.272611573000063 ], [ 35.026739249000173, 32.272416164000163 ], [ 35.02685002200019, 32.272260771 ], [ 35.026972621000141, 32.272079324000174 ], [ 35.027048163000188, 32.271955722000087 ], [ 35.02721157600007, 32.271685003000186 ], [ 35.027331725000181, 32.271483688000103 ], [ 35.027447366000047, 32.271298285000114 ], [ 35.027527429000031, 32.271154820000106 ], [ 35.027609978000044, 32.271011221000037 ], [ 35.027740291000043, 32.270786246000114 ], [ 35.027836990000139, 32.270616739000047 ], [ 35.027945455000179, 32.270451336000122 ], [ 35.028044462000082, 32.270287891 ], [ 35.028134151000131, 32.270140354000148 ], [ 35.028295294000031, 32.269839478000165 ], [ 35.028375383000025, 32.269681924000054 ], [ 35.028462759000149, 32.269528463000086 ], [ 35.028538130000072, 32.269406833000119 ], [ 35.028691354000159, 32.269167659000061 ], [ 35.028835797000113, 32.268922838000151 ], [ 35.02891601400006, 32.268783318000146 ], [ 35.028998545000093, 32.268645775000039 ], [ 35.029073928000173, 32.268518085000153 ], [ 35.029239028000177, 32.268227075000027 ], [ 35.029314599000088, 32.268087551000065 ], [ 35.029437530000052, 32.267900466000128 ], [ 35.029524795999976, 32.2677189690001 ], [ 35.029616855000086, 32.267543534000083 ], [ 35.02976793800002, 32.26729336600016 ], [ 35.029872097000066, 32.267121050000128 ], [ 35.029932729999985, 32.266987138000047 ], [ 35.029974622000111, 32.266854468000076 ], [ 35.029977623999969, 32.266845171000114 ], [ 35.029979834000187, 32.266835883000056 ], [ 35.030014251000068, 32.26669121700013 ], [ 35.030135062000056, 32.266484684000034 ], [ 35.030214600000079, 32.26634967300015 ], [ 35.030285485000149, 32.266229725000187 ], [ 35.03045625600015, 32.266001002000166 ], [ 35.030548053000189, 32.265874320000137 ], [ 35.030530226000053, 32.265665333000186 ], [ 35.030506951000177, 32.265527494000082 ], [ 35.030452013000058, 32.265300984000135 ], [ 35.030381547000104, 32.26512743100011 ], [ 35.030311176000055, 32.264989525000033 ], [ 35.030159813000068, 32.264718068000036 ], [ 35.030065875000105, 32.264589004000015 ], [ 35.02990593100003, 32.26438051700012 ], [ 35.029759636000051, 32.264229118000117 ], [ 35.029631855000048, 32.264025608000111 ], [ 35.029537421000043, 32.263897671000109 ], [ 35.029445624, 32.263776926000162 ], [ 35.029404653000086, 32.263655506000077 ], [ 35.029400290000183, 32.263642577000155 ], [ 35.02939764600012, 32.263637502000165 ], [ 35.029393679000066, 32.263631157000077 ], [ 35.029387549000091, 32.26362146800011 ], [ 35.029315156000052, 32.263507047000132 ], [ 35.029303098000128, 32.263427444 ], [ 35.029300917000057, 32.263413042000082 ], [ 35.029287664000094, 32.263324818000058 ], [ 35.02928464900009, 32.263173625000093 ], [ 35.029276631000187, 32.263036511999985 ], [ 35.029291055000101, 32.262790375000179 ], [ 35.029338710000047, 32.262594164000177 ], [ 35.029358605000027, 32.262430885000072 ], [ 35.029283678000127, 32.262250982000012 ], [ 35.029232261000061, 32.262090560000104 ], [ 35.029228463000095, 32.262082382000131 ], [ 35.029224637000141, 32.262074057000063 ], [ 35.029125437000062, 32.261858195000116 ], [ 35.029053324000074, 32.261680693000187 ], [ 35.028986867000185, 32.261496013000169 ], [ 35.028923216000123, 32.261316126000111 ], [ 35.028848282000183, 32.261140873000102 ], [ 35.028778373000137, 32.260942380000131 ], [ 35.028692426000077, 32.260717514000135 ], [ 35.028625766000062, 32.260551855000017 ], [ 35.028494938000051, 32.260464023000054 ], [ 35.028238576000149, 32.260461395 ], [ 35.028088272000161, 32.26041143700013 ], [ 35.02789891600014, 32.260321264000083 ], [ 35.027856838, 32.260299786000076 ], [ 35.027850379000085, 32.260296394000136 ], [ 35.027844579000146, 32.260293426000089 ], [ 35.027759764000166, 32.260250047000113 ], [ 35.027545455000109, 32.260117284000046 ], [ 35.02737571199998, 32.260003466000057 ], [ 35.027137376000155, 32.259861509000132 ], [ 35.026967550000165, 32.259790385000088 ], [ 35.026805990000128, 32.259730968000042 ], [ 35.026577569000153, 32.259688082000082 ], [ 35.026379841000107, 32.259638050000035 ], [ 35.026246214000139, 32.259543168000164 ], [ 35.026093288000141, 32.25939865700019 ], [ 35.025996077000173, 32.259254228000032 ], [ 35.025910069000133, 32.259064868 ], [ 35.025803404000101, 32.258840391000035 ], [ 35.025728557000036, 32.258707832000141 ], [ 35.025631459000181, 32.258508871000117 ], [ 35.025519182000039, 32.258272268000155 ], [ 35.025450028000193, 32.258114354000043 ], [ 35.025346262000141, 32.257933138000169 ], [ 35.02522794500004, 32.257731189000083 ], [ 35.025128106000182, 32.25757675300008 ], [ 35.025044963000141, 32.257447841000101 ], [ 35.024980712000058, 32.257324316000052 ], [ 35.024898603000111, 32.257175400000165 ], [ 35.024826932000167, 32.257031431000087 ], [ 35.024753937000071, 32.256887599000095 ], [ 35.024684430000093, 32.256739547000109 ], [ 35.024612741999988, 32.256604314000185 ], [ 35.024519567000027, 32.256435654000086 ], [ 35.024402088000159, 32.256231731000184 ], [ 35.024325352, 32.256051400999979 ], [ 35.024239664000049, 32.255871198000079 ], [ 35.024213843000155, 32.255812661000164 ], [ 35.024205334000044, 32.255793369000116 ], [ 35.024152850000121, 32.255674649000071 ], [ 35.024051911000072, 32.255491184000107 ], [ 35.02404183900012, 32.255472989999987 ], [ 35.023980085000176, 32.255344113000092 ], [ 35.023903243000177, 32.255215213000099 ], [ 35.023821208000072, 32.255033888000071 ], [ 35.023786267000105, 32.254851364999979 ], [ 35.023782772000061, 32.254696788999979 ], [ 35.023783116000118, 32.25452967700005 ], [ 35.023788464000177, 32.254349327000057 ], [ 35.023793909, 32.254201245000047 ], [ 35.023805636000191, 32.254062048000151 ], [ 35.023814762000086, 32.253898894000145 ], [ 35.023824077000029, 32.253643732000171 ], [ 35.023839717999977, 32.25345593100019 ], [ 35.023850439000057, 32.253162161000034 ], [ 35.023849407000171, 32.253019423000126 ], [ 35.023871580000161, 32.25272130400009 ], [ 35.023879540999985, 32.252477692000184 ], [ 35.023895258000152, 32.252253537000172 ], [ 35.023912278000125, 32.251961608999977 ], [ 35.023926778000089, 32.251764506000143 ], [ 35.023937635000038, 32.251649873000133 ], [ 35.023941016000038, 32.251614181000036 ], [ 35.023944968000194, 32.251546977000146 ], [ 35.023950118000073, 32.251461877000054 ], [ 35.023966913000152, 32.251277317000074 ], [ 35.02396592600013, 32.251113163000127 ], [ 35.02397553000003, 32.250797835000185 ], [ 35.023984712000072, 32.250606781000158 ], [ 35.023990525000102, 32.250279610000177 ], [ 35.023987545000068, 32.25011644000017 ], [ 35.023987932000182, 32.250089668000101 ], [ 35.023989847000053, 32.249966098000186 ], [ 35.023993560000122, 32.249933273000067 ], [ 35.024011809000115, 32.249767879000046 ], [ 35.024022211000101, 32.249628399000017 ], [ 35.02403653500005, 32.249435663000099 ], [ 35.024033243000133, 32.249182454000163 ], [ 35.024027926000088, 32.249026887000184 ], [ 35.023994347000098, 32.248827880000135 ], [ 35.023859324, 32.248614209000152 ], [ 35.023843118000116, 32.248594318000187 ], [ 35.023826907000114, 32.248574567000048 ], [ 35.023813018000112, 32.248557615999971 ], [ 35.023670616000061, 32.248383830000193 ], [ 35.023596640000108, 32.248268447000157 ], [ 35.02358715400004, 32.248253652000074 ], [ 35.023577966000175, 32.248242804000085 ], [ 35.023455827000134, 32.248098602000027 ], [ 35.023340387000133, 32.247956962000046 ], [ 35.023162921000051, 32.247743369000034 ], [ 35.02307279300004, 32.247630510000192 ], [ 35.022932062000052, 32.247452899000166 ], [ 35.022796812000024, 32.247270508999975 ], [ 35.022621529, 32.247045363000041 ], [ 35.022520178000036, 32.24690853400017 ], [ 35.022427261000075, 32.246781298000087 ], [ 35.022317481000073, 32.246630083000127 ], [ 35.022227355000098, 32.246517225 ], [ 35.022128791000114, 32.246394773000191 ], [ 35.022023973000103, 32.24625159600015 ], [ 35.021905741000126, 32.246100369000146 ], [ 35.021812854000132, 32.2459587620001 ], [ 35.021660872000041, 32.245773948000078 ], [ 35.02149188500016, 32.245553036999979 ], [ 35.021390524000026, 32.24542099700011 ], [ 35.021291963000124, 32.245298686000183 ], [ 35.021110755000052, 32.245056619000138 ], [ 35.021023458000059, 32.244938974000092 ], [ 35.020851718000017, 32.244689313000094 ], [ 35.020772903000193, 32.244559702000117 ], [ 35.020660341999985, 32.244394110000144 ], [ 35.020578705999981, 32.244267031000163 ], [ 35.020451223, 32.244101840000098 ], [ 35.020344225000031, 32.243972187000111 ], [ 35.020248495000146, 32.243844945000092 ], [ 35.020182350000084, 32.243745784000112 ], [ 35.020180566000079, 32.24374310900015 ], [ 35.020155610000188, 32.24370573300007 ], [ 35.020045813000081, 32.243566492000014 ], [ 35.019952921000026, 32.243432209000048 ], [ 35.019865627000058, 32.243314563000069 ], [ 35.019764305000024, 32.243168151000191 ], [ 35.019572221000146, 32.242897180000057 ], [ 35.019453982000186, 32.242753137000136 ], [ 35.019300637000015, 32.242588327000192 ], [ 35.019295422000027, 32.242582687000095 ], [ 35.019282111000109, 32.242568289000133 ], [ 35.019152634000136, 32.242407461000141 ], [ 35.019141791000038, 32.24220369700015 ], [ 35.01916757000015, 32.242009429000063 ], [ 35.019235863000176, 32.241779718000146 ], [ 35.019340702000079, 32.241595293000103 ], [ 35.019434307000097, 32.241391688000192 ], [ 35.019510688000082, 32.241257524000105 ], [ 35.019635480000147, 32.241044384000077 ], [ 35.019649871000183, 32.240902936999987 ], [ 35.019681504, 32.240761940000141 ], [ 35.019772248000095, 32.240577494000149 ], [ 35.019867995000084, 32.240458152000087 ], [ 35.019968315000028, 32.240292742000065 ], [ 35.020037985000101, 32.240116577000151 ], [ 35.020058911000092, 32.239942452000037 ], [ 35.020059429000128, 32.239696432000073 ], [ 35.020067383000082, 32.239539900000125 ], [ 35.020095969000124, 32.239348453000161 ], [ 35.020134720000044, 32.239211272000091 ], [ 35.020132661000162, 32.239008790000071 ], [ 35.020127966000189, 32.238797567000063 ], [ 35.020132407000119, 32.238632996000035 ], [ 35.020133540000131, 32.238591008000128 ], [ 35.020136226000147, 32.238495199000113 ], [ 35.020157349000044, 32.238227512000037 ], [ 35.020149967000123, 32.238031503000116 ], [ 35.020114660000161, 32.237791911000159 ], [ 35.020076867000114, 32.237473974000068 ], [ 35.020061258000169, 32.237328819000027 ], [ 35.020060307, 32.237308525000117 ], [ 35.020054594000158, 32.237271191000048 ], [ 35.020033976000036, 32.237136443000111 ], [ 35.02001369900006, 32.237003678000065 ], [ 35.01998829900009, 32.236862031000157 ], [ 35.019965580000076, 32.236707426000066 ], [ 35.019940367000061, 32.23655718200007 ], [ 35.01992827600003, 32.236473758000102 ], [ 35.019925497000031, 32.2364545800001 ], [ 35.019912260000126, 32.236363677000099 ], [ 35.019892107000146, 32.236172157000112 ], [ 35.019853946000069, 32.236028377000082 ], [ 35.019822070000089, 32.235893625000131 ], [ 35.019817449000186, 32.235874017000128 ], [ 35.019815824000148, 32.235867124000151 ], [ 35.01979085500011, 32.23560148200005 ], [ 35.019788484000173, 32.235466914000085 ], [ 35.019832481000151, 32.235279718000072 ], [ 35.019899400000099, 32.235149202000116 ], [ 35.019981776000179, 32.23499912200009 ], [ 35.020035753000116, 32.234872955000071 ], [ 35.020110500000158, 32.234724977000099 ], [ 35.020216189000109, 32.234558860999982 ], [ 35.020218781000153, 32.234554787000036 ], [ 35.020229258000029, 32.234538317999977 ], [ 35.020280760000048, 32.234407778000048 ], [ 35.020134978000044, 32.234279052000034 ], [ 35.019986409000126, 32.234215701000039 ], [ 35.019825089999983, 32.234143594000045 ], [ 35.019653344000176, 32.234064988000114 ], [ 35.019499662000101, 32.233988525000086 ], [ 35.01933586500013, 32.233914302000073 ], [ 35.019128334000072, 32.233824652000123 ], [ 35.018938969000146, 32.233767013000033 ], [ 35.018764705000081, 32.233703624000043 ], [ 35.018481903000179, 32.233618223000178 ], [ 35.01829826900007, 32.233569530000125 ], [ 35.018288434000056, 32.23356692200008 ], [ 35.018233378000104, 32.233552323000026 ], [ 35.01798480400015, 32.23350826 ], [ 35.017773246000047, 32.233520052000131 ], [ 35.01762159600014, 32.233580408000137 ], [ 35.017532377000123, 32.233631724000134 ], [ 35.017512381000074, 32.233643225000094 ], [ 35.017469889999973, 32.233667676999971 ], [ 35.017183601, 32.233817722000083 ], [ 35.016981081000154, 32.233944645000179 ], [ 35.016768612000078, 32.234071555000185 ], [ 35.016756165000174, 32.234079004000193 ], [ 35.016685303000031, 32.234124555000108 ], [ 35.016543174000049, 32.23421591500005 ], [ 35.016299775000107, 32.234387865000087 ], [ 35.016070801000126, 32.234557442000153 ], [ 35.015904616000171, 32.234668919000057 ], [ 35.01578322000006, 32.234767646000137 ], [ 35.015496711000083, 32.235017308000181 ], [ 35.015359273000058, 32.235097128000064 ], [ 35.015170389000048, 32.235201243000063 ], [ 35.014849932000118, 32.235356160000151 ], [ 35.014649666000082, 32.23543348700008 ], [ 35.014386332000129, 32.235544813000047 ], [ 35.014243407000095, 32.235597145000099 ], [ 35.014241488000039, 32.235597848000111 ], [ 35.014194701000179, 32.235614964000092 ], [ 35.014037968000082, 32.235418016000153 ], [ 35.013886866000178, 32.23522361300013 ], [ 35.013776608000114, 32.235076900000138 ], [ 35.013656704000141, 32.234945528000139 ], [ 35.013562627999988, 32.234828852000078 ], [ 35.013468574000058, 32.234702455000161 ], [ 35.013363538000078, 32.234569737000186 ], [ 35.013361609000185, 32.234567300000094 ], [ 35.013308870000174, 32.23450071100018 ], [ 35.013132085000166, 32.234301475000052 ], [ 35.01303470300013, 32.234180426000023 ], [ 35.012952843999983, 32.234088568000061 ], [ 35.012941875000081, 32.234076250000157 ], [ 35.012917787000049, 32.234049200000186 ], [ 35.012746607000054, 32.233864345000086 ], [ 35.012589801000047, 32.233703889000139 ], [ 35.012435614000026, 32.233557952000069 ], [ 35.012170060000074, 32.233472564000124 ], [ 35.01201861900006, 32.233435972000109 ], [ 35.011792981000042, 32.233367557 ], [ 35.011587314000167, 32.233262961999969 ], [ 35.011457208000081, 32.23317356300015 ], [ 35.011251604000108, 32.23304205400018 ], [ 35.011106148000124, 32.232922900000119 ], [ 35.010940736000123, 32.23275763900017 ], [ 35.010829484000169, 32.232614161000015 ], [ 35.010766950000175, 32.232480482000085 ], [ 35.010664491000114, 32.232259381000176 ], [ 35.010532909000062, 32.232014279000168 ], [ 35.010458920000076, 32.231887912000104 ], [ 35.010396312000012, 32.231713089000095 ], [ 35.010502408000093, 32.231562633000067 ], [ 35.010723129000155, 32.231303297000125 ], [ 35.010895403, 32.231135755000082 ], [ 35.010898209000061, 32.23111588900008 ], [ 35.010898268000176, 32.231115468000098 ], [ 35.010915959000158, 32.230986428999984 ], [ 35.010733842000093, 32.230805215000089 ], [ 35.010558465000031, 32.230575122000175 ], [ 35.010453777000066, 32.230462935000048 ], [ 35.010301679000122, 32.230276558000185 ], [ 35.010160045000134, 32.230081037000048 ], [ 35.010068955000065, 32.229968732000088 ], [ 35.009957670000176, 32.229842163000171 ], [ 35.009785546000103, 32.229640815000039 ], [ 35.009687685000131, 32.22951722800002 ], [ 35.009515731000079, 32.229315880000058 ], [ 35.009367251000072, 32.229143316000034 ], [ 35.009276213000192, 32.229008043000078 ], [ 35.009103448000189, 32.228798945000051 ], [ 35.00896507200008, 32.228632173000108 ], [ 35.008830200000148, 32.228453854000179 ], [ 35.008681706000118, 32.228289883000173 ], [ 35.008560815000124, 32.228161607000061 ], [ 35.008448365000049, 32.228039400000171 ], [ 35.008362418000161, 32.227926539000123 ], [ 35.008272001000023, 32.227810006000027 ], [ 35.00814192200005, 32.227640851000103 ], [ 35.008033103000173, 32.22752640300007 ], [ 35.007911945000103, 32.227370367000105 ], [ 35.007801679000011, 32.227235060000055 ], [ 35.00768480000005, 32.227093966999973 ], [ 35.00756360500003, 32.226954838000097 ], [ 35.007424702000037, 32.226802577000058 ], [ 35.007288152000058, 32.226636231000157 ], [ 35.007278234000125, 32.22662423700001 ], [ 35.007145951000155, 32.226477482000064 ], [ 35.007013528000073, 32.226319595000064 ], [ 35.006879098000184, 32.226169171000038 ], [ 35.006766669000172, 32.226039357000161 ], [ 35.006747157000177, 32.226018613000178 ], [ 35.006741398000145, 32.226012471000047 ], [ 35.006643141000097, 32.225907692000192 ], [ 35.006527776000041, 32.225757582000028 ], [ 35.00639338700006, 32.225590250000039 ], [ 35.00627205100011, 32.225441680000131 ], [ 35.006126536000068, 32.225283771000136 ], [ 35.006029540000043, 32.225148485000148 ], [ 35.005923768000173, 32.225007409 ], [ 35.005788602000166, 32.224817953000127 ], [ 35.00568277900004, 32.224701393000089 ], [ 35.00557915700017, 32.224564123000107 ], [ 35.005435066000075, 32.224370227000065 ], [ 35.005424309000148, 32.224355752000179 ], [ 35.00541935200016, 32.224349123000081 ], [ 35.005407288000072, 32.224332900000093 ], [ 35.005402424000181, 32.224328235000144 ], [ 35.005239238, 32.224171712000043 ], [ 35.005062731000066, 32.224013608000121 ], [ 35.004910340000151, 32.223893307000026 ], [ 35.004786902000092, 32.223795459000087 ], [ 35.004603735000103, 32.223650591000023 ], [ 35.004326915000092, 32.223432861000106 ], [ 35.004145933000075, 32.223274889000038 ], [ 35.004095465000148, 32.22323577800006 ], [ 35.004086822000033, 32.223229064000066 ], [ 35.003973849000033, 32.223141311000177 ], [ 35.003775284000028, 32.222988807000149 ], [ 35.00361861600004, 32.222855253000091 ], [ 35.003460907000033, 32.222742692000111 ], [ 35.003385598000136, 32.222703232000072 ], [ 35.003383755000073, 32.222702266000169 ], [ 35.003306274000124, 32.222661699000071 ], [ 35.003132006000101, 32.22254121900005 ], [ 35.002981892000093, 32.222441491000154 ], [ 35.002778559999967, 32.222273901000165 ], [ 35.002624997000169, 32.222160500000086 ], [ 35.002438683000037, 32.22201689100001 ], [ 35.002327504000164, 32.221926247000169 ], [ 35.002266619000181, 32.221876404000056 ], [ 35.002259505000097, 32.221870194000076 ], [ 35.002255065000099, 32.221866345000024 ], [ 35.002104003000056, 32.221735371000193 ], [ 35.001926811000146, 32.221591776000139 ], [ 35.00171402300009, 32.221427974000051 ], [ 35.001652074000049, 32.221381460000146 ], [ 35.001643867000155, 32.221375298000169 ], [ 35.001542598000071, 32.221299465000186 ], [ 35.001444001000152, 32.221215885 ], [ 35.001404959000126, 32.221182706000036 ], [ 35.001264972000172, 32.22107778000003 ], [ 35.001095409000072, 32.220932225000183 ], [ 35.000882639000054, 32.220763348000162 ], [ 35.00076454100008, 32.220655077000174 ], [ 35.00054878800006, 32.220486194000102 ], [ 35.00035076, 32.220322553000187 ], [ 35.00019425000005, 32.220196463000036 ], [ 35.00000513700013, 32.22004791500018 ], [ 34.999821992000136, 32.219899235000128 ], [ 34.999601958000085, 32.219721044000039 ], [ 34.999430559000189, 32.219582386000127 ], [ 34.999268091000033, 32.219453889000079 ], [ 34.999049376000187, 32.219277531000046 ], [ 34.998901643000124, 32.219156667000163 ], [ 34.998777533000123, 32.219068392000054 ], [ 34.998664612000141, 32.218945896000037 ], [ 34.998472542000059, 32.218789732000062 ], [ 34.998357613000053, 32.218603401000053 ], [ 34.998266184000045, 32.21843486500012 ], [ 34.998168833000079, 32.218316482000034 ], [ 34.998101542000086, 32.218219555000076 ], [ 34.998100276000173, 32.218217732000028 ], [ 34.998044774000164, 32.218137745000035 ], [ 34.997900241000025, 32.217995751000046 ], [ 34.997822184000086, 32.217946080000104 ], [ 34.997818980000147, 32.21794404100018 ], [ 34.997770320000029, 32.217913101000136 ], [ 34.997600177000095, 32.21780840200006 ], [ 34.997430042000133, 32.217699475000188 ], [ 34.997252936000052, 32.217594765000058 ], [ 34.997097020000126, 32.217502066000122 ], [ 34.996960035000029, 32.217393335999986 ], [ 34.996832448000077, 32.217306603000054 ], [ 34.996799522000174, 32.217282311000133 ], [ 34.996782594000024, 32.217269803000192 ], [ 34.996680061000177, 32.217194042000017 ], [ 34.996493410000085, 32.217061132000083 ], [ 34.996332914000106, 32.216942359000086 ], [ 34.99615568400003, 32.216821441000036 ], [ 34.996037549000107, 32.216732750000062 ], [ 34.995898226, 32.216634020000072 ], [ 34.995714025000154, 32.216517177000071 ], [ 34.99554622200003, 32.21640641900018 ], [ 34.995353454000053, 32.216267722000111 ], [ 34.995192793, 32.216150776000063 ], [ 34.995027519000189, 32.21602198800008 ], [ 34.994902410000066, 32.215939343000059 ], [ 34.994760563000114, 32.215856669000118 ], [ 34.994580984000095, 32.215749837000033 ], [ 34.994375590000175, 32.215624924000053 ], [ 34.994222014000059, 32.215526166000075 ], [ 34.994162770000173, 32.21549305200017 ], [ 34.99416259100002, 32.215492952000147 ], [ 34.99408495900019, 32.215449559000035 ], [ 34.993913555000063, 32.215321041000038 ], [ 34.993793172000096, 32.215204164000056 ], [ 34.993651665000073, 32.215049205000128 ], [ 34.993610876000162, 32.214987559000178 ], [ 34.99361062700001, 32.21498718100014 ], [ 34.993557367000051, 32.214906447000033 ], [ 34.993455920000088, 32.214773540000124 ], [ 34.993363874000124, 32.214658824000082 ], [ 34.993255454000064, 32.214530131000174 ], [ 34.993143627000109, 32.214371137000171 ], [ 34.993049277000125, 32.214250359000118 ], [ 34.992931353000131, 32.214145744000064 ], [ 34.992817891000186, 32.214047056000084 ], [ 34.992699974000061, 32.213940326000113 ], [ 34.992541657000061, 32.213815491 ], [ 34.992448328000023, 32.213753614000154 ], [ 34.992447812000194, 32.21375327100003 ], [ 34.992392894000091, 32.213716740000109 ], [ 34.992265333000091, 32.213621973000159 ], [ 34.992149708000056, 32.213527364000072 ], [ 34.992049395000151, 32.213406716 ], [ 34.991989639, 32.213305724000179 ], [ 34.991989405000027, 32.213305329000093 ], [ 34.991962897000121, 32.213260588000026 ], [ 34.991846925000118, 32.213103419000049 ], [ 34.991710361000173, 32.212963685000034 ], [ 34.991578211000103, 32.212849038000058 ], [ 34.991443945000185, 32.212719032000166 ], [ 34.991350885000088, 32.21254626100017 ], [ 34.991298146000076, 32.21235439700007 ], [ 34.991273615000125, 32.212148915000114 ], [ 34.991262503000087, 32.21201517500009 ], [ 34.991247333000047, 32.211708963000149 ], [ 34.991243291999979, 32.211460964000139 ], [ 34.991218528000104, 32.211282677000042 ], [ 34.9911733940001, 32.21110040700006 ], [ 34.991150854000182, 32.210962844000164 ], [ 34.991048699000146, 32.210782308000148 ], [ 34.990982880000104, 32.210654392000038 ], [ 34.990918947000068, 32.21049942500008 ], [ 34.990855512000053, 32.210346150000078 ], [ 34.990794281000035, 32.210171604000038 ], [ 34.990726258000052, 32.209995212000024 ], [ 34.990626398000131, 32.209826374999977 ], [ 34.990549224000119, 32.209665324000071 ], [ 34.990437153000187, 32.209475471000076 ], [ 34.990344112, 32.209297063000065 ], [ 34.990246275000175, 32.209182475000034 ], [ 34.99012811900019, 32.208973025000091 ], [ 34.990037133000101, 32.208835201000056 ], [ 34.989957318000165, 32.208670482000173 ], [ 34.989827668000089, 32.208486093000147 ], [ 34.989748082000119, 32.208363929000143 ], [ 34.989645905000089, 32.208195086000103 ], [ 34.989468371000157, 32.208004835000111 ], [ 34.989370517000054, 32.207898137000143 ], [ 34.989276647000054, 32.207789897000055 ], [ 34.989196967000055, 32.207707892000144 ], [ 34.989191324000046, 32.207702083000072 ], [ 34.989155968000148, 32.207665688000191 ], [ 34.989007955000034, 32.207535514000085 ], [ 34.988942111000085, 32.207487349000075 ], [ 34.988931251999986, 32.207479420000027 ], [ 34.988880404000042, 32.207442291000064 ], [ 34.988838734000183, 32.207422408000127 ], [ 34.988829419000183, 32.207417963000012 ], [ 34.988689046000047, 32.207350928000096 ], [ 34.988520370000117, 32.207267214000069 ], [ 34.988445383000055, 32.207231009 ], [ 34.988431233000142, 32.207224180000082 ], [ 34.988347221000083, 32.207183632000067 ], [ 34.988146698000094, 32.207111555999973 ], [ 34.98798474300014, 32.207058853000149 ], [ 34.987846555000033, 32.206979562000072 ], [ 34.987729850000107, 32.20694540500017 ], [ 34.987717708000162, 32.206941851000067 ], [ 34.98768011500016, 32.206930793000026 ], [ 34.987518199000078, 32.206862732 ], [ 34.987360226000078, 32.206808484000135 ], [ 34.987324295000178, 32.206796161000113 ], [ 34.987323362000041, 32.206795755000087 ], [ 34.987141028000053, 32.206716364000158 ], [ 34.986841902000151, 32.206642703000171 ], [ 34.986660890999985, 32.206651831000045 ], [ 34.986658417000172, 32.206651956000144 ], [ 34.986642174000167, 32.206653198000083 ], [ 34.986359058000176, 32.206673686000158 ], [ 34.986048270000026, 32.206692154000109 ], [ 34.985763842000154, 32.206707568000127 ], [ 34.985602881000034, 32.206723202000035 ], [ 34.985280948000138, 32.206757568000171 ], [ 34.985157452000067, 32.206769323000174 ], [ 34.985101105000069, 32.206774623000115 ], [ 34.985079541000061, 32.206776651000098 ], [ 34.984930858000155, 32.206793628000128 ], [ 34.984905808000178, 32.206796488 ], [ 34.984832368000127, 32.206804811000097 ], [ 34.984821128000135, 32.206793518000154 ], [ 34.984817330000169, 32.206789711999988 ], [ 34.984683085000142, 32.20665518300018 ], [ 34.984582452000097, 32.206470558000092 ], [ 34.984433273999969, 32.206279502000086 ], [ 34.984284077000154, 32.206098031000067 ], [ 34.984141242000192, 32.205888390000041 ], [ 34.983999502000188, 32.205706930000133 ], [ 34.983957516000089, 32.205663173000119 ], [ 34.983952035000073, 32.205657455000051 ], [ 34.983865114000082, 32.205566769000143 ], [ 34.983745684000098, 32.205410853000046 ], [ 34.983611433000135, 32.20521658500013 ], [ 34.983510652000064, 32.205092406000063 ], [ 34.983421147000172, 32.204965147000109 ], [ 34.983298040000193, 32.204821764000087 ], [ 34.983100178000029, 32.204617939000173 ], [ 34.982942132000062, 32.204462517000081 ], [ 34.98287536100014, 32.204390676000116 ], [ 34.982872653000072, 32.204387764000046 ], [ 34.982766443000173, 32.204273527999987 ], [ 34.982606148000173, 32.204156849000015 ], [ 34.98241748300012, 32.204052096000169 ], [ 34.982186290000072, 32.203923311000096 ], [ 34.981940952000173, 32.203818452000178 ], [ 34.981789820000131, 32.203749979000122 ], [ 34.981605924000178, 32.203661296000178 ], [ 34.981379304000086, 32.203560559999971 ], [ 34.98110565800016, 32.203443671000173 ], [ 34.980945317000135, 32.203347140000119 ], [ 34.98058146600016, 32.203382547000103 ], [ 34.98042085000003, 32.203394230000072 ], [ 34.980241175000174, 32.20340601800018 ], [ 34.979972021000094, 32.2034135560001 ], [ 34.979660184000124, 32.203392833000066 ], [ 34.979452419999973, 32.203372443000148 ], [ 34.979156306000164, 32.203294401000107 ], [ 34.978972115000147, 32.203257990000168 ], [ 34.978811603000167, 32.203229513000053 ], [ 34.97851877, 32.203164861 ], [ 34.97835827800003, 32.203128351000032 ], [ 34.978188371000101, 32.203079989000116 ], [ 34.977919218000125, 32.203023269000028 ], [ 34.977692995000154, 32.202967939000075 ], [ 34.977689339000051, 32.20296704499998 ], [ 34.977532266000082, 32.202890101000037 ], [ 34.977310642000077, 32.202717082 ], [ 34.977126896000129, 32.202508060000127 ], [ 34.976971500000047, 32.202295146000097 ], [ 34.976889340000184, 32.202085287000045 ], [ 34.976887699000144, 32.202081094000164 ], [ 34.976882924, 32.202068968000049 ], [ 34.976805844000012, 32.20194835000018 ], [ 34.976674142000149, 32.201802128000168 ], [ 34.976646366000182, 32.201776855000105 ], [ 34.97664239, 32.201773235000189 ], [ 34.976476404000152, 32.201622105000069 ], [ 34.976308288000098, 32.201458905000095 ], [ 34.976145271000178, 32.201310229000057 ], [ 34.976000048000174, 32.201203293000106 ], [ 34.97587486000009, 32.201102031000062 ], [ 34.975762785000143, 32.200992337000059 ], [ 34.975644041000123, 32.200899400000083 ], [ 34.975436270000046, 32.200755851000167 ], [ 34.975258054000051, 32.200654489000158 ], [ 34.974987221000106, 32.200609033000092 ], [ 34.974663427000166, 32.200602790000062 ], [ 34.974458708000157, 32.200560414999984 ], [ 34.974310034000098, 32.200506733000168 ], [ 34.974112034000086, 32.200430553000103 ], [ 34.973834744000044, 32.200320546000114 ], [ 34.97361448200013, 32.200265461000129 ], [ 34.973386458000107, 32.200265031000072 ], [ 34.97312540900009, 32.200281304999976 ], [ 34.972844455000086, 32.200306136 ], [ 34.972504910000168, 32.200365660000159 ], [ 34.972480702000098, 32.200369982000154 ], [ 34.972385942000074, 32.200392316000034 ], [ 34.972232802, 32.200428411000075 ], [ 34.972174621000079, 32.200448032000054 ], [ 34.972109399000033, 32.200470027000165 ], [ 34.971868895, 32.200551294000036 ], [ 34.971620844000029, 32.200665943000047 ], [ 34.971409970000138, 32.200760088000095 ], [ 34.971118847000128, 32.200869018000049 ], [ 34.97104735500011, 32.200894807000111 ], [ 34.971020969000051, 32.20090842400009 ], [ 34.970998254, 32.200912610000103 ], [ 34.970956783000076, 32.200927606000107 ], [ 34.970745167000132, 32.20098906200019 ], [ 34.970474188000026, 32.200999676000038 ], [ 34.970279161000121, 32.200990987000125 ], [ 34.970100795000121, 32.200948516000039 ], [ 34.969909425000083, 32.200872343000071 ], [ 34.969731096000146, 32.200815780000084 ], [ 34.969577069000138, 32.200782091000065 ], [ 34.969547398000032, 32.200775589000045 ], [ 34.969420722000052, 32.200747832000161 ], [ 34.969140885000058, 32.200724327000046 ], [ 34.968942209000147, 32.20070543800017 ], [ 34.968873152000072, 32.200698871999975 ], [ 34.968869175000179, 32.200698583000076 ], [ 34.968674993000093, 32.20068412 ], [ 34.968570296000053, 32.200670390000141 ], [ 34.968531905000134, 32.200665399000172 ], [ 34.968456983000181, 32.200655660000166 ], [ 34.96819936900016, 32.200627124000107 ], [ 34.968158233000111, 32.200621718000036 ], [ 34.968136252000193, 32.200618829000064 ], [ 34.967938289000074, 32.200592942000128 ], [ 34.967693901000075, 32.200575562000097 ], [ 34.967546589000165, 32.200571754000123 ], [ 34.967510371000174, 32.200570840000069 ], [ 34.967455947000133, 32.200569467000037 ], [ 34.967201481000188, 32.200602790000062 ], [ 34.966761923000092, 32.200629978000165 ], [ 34.96649529400014, 32.200626501000158 ], [ 34.966244060000122, 32.200628831000131 ], [ 34.966099158000191, 32.200634773000104 ], [ 34.966066887000125, 32.200636096000153 ], [ 34.966059096000095, 32.200636363000058 ], [ 34.966042689000062, 32.200637035000113 ], [ 34.965873357000078, 32.200625432000152 ], [ 34.965865901000029, 32.200624432000041 ], [ 34.965818887000182, 32.200618746000146 ], [ 34.965780155000175, 32.200614062000113 ], [ 34.965585268000154, 32.200590492000117 ], [ 34.965568022000127, 32.200584963999972 ], [ 34.965551673000107, 32.200579724000079 ], [ 34.965488405000031, 32.200559444000191 ], [ 34.965289221000091, 32.200495366000041 ], [ 34.965043940000101, 32.200379767000129 ], [ 34.964917060000118, 32.200296668000135 ], [ 34.964664512000184, 32.200171614000055 ], [ 34.964520692000178, 32.200102994000076 ], [ 34.96430509400011, 32.199980265000136 ], [ 34.964127447000067, 32.19985761300012 ], [ 34.963916159000178, 32.199734891000105 ], [ 34.963700399000061, 32.19961216300004 ], [ 34.963497545000166, 32.199496503000091 ], [ 34.963269212000171, 32.199366564000059 ], [ 34.963015369000061, 32.199233048000053 ], [ 34.962799795000137, 32.199102991000188 ], [ 34.962579903000062, 32.19897673000014 ], [ 34.962377054000058, 32.198861209000086 ], [ 34.962214189000179, 32.19872843600001 ], [ 34.962091621000184, 32.198584330000187 ], [ 34.96198216900018, 32.19837177 ], [ 34.961898080000083, 32.198155736000103 ], [ 34.961843751000117, 32.197903831000133 ], [ 34.961738305999972, 32.197741723000036 ], [ 34.961581819000116, 32.19764066700003 ], [ 34.961378874000104, 32.197561075000181 ], [ 34.961222218000103, 32.197521169000083 ], [ 34.96104052700008, 32.197366097000042 ], [ 34.960887771000046, 32.197053407000112 ], [ 34.960803547000182, 32.196887674000152 ], [ 34.960723554000026, 32.196750838000185 ], [ 34.960643346000154, 32.196631897000032 ], [ 34.960525430000189, 32.196365491 ], [ 34.960407563000103, 32.196142203000193 ], [ 34.960285506000048, 32.195875650000062 ], [ 34.960205368000175, 32.195731625000121 ], [ 34.960138045000178, 32.195566774000099 ], [ 34.960087906000012, 32.195300504999977 ], [ 34.960075974000119, 32.195061505000126 ], [ 34.960076491000052, 32.194873539000184 ], [ 34.960082675000024, 32.194493388000126 ], [ 34.960079947000168, 32.194419006000146 ], [ 34.960078833000068, 32.194388615000037 ], [ 34.960073275000184, 32.194237063000116 ], [ 34.960077338000076, 32.194153773000153 ], [ 34.960081000000173, 32.194078700999967 ], [ 34.960083994000058, 32.19401501800013 ], [ 34.960099838000133, 32.193737327000179 ], [ 34.960100423000085, 32.193584728000076 ], [ 34.960096614000065, 32.19358415500011 ], [ 34.960092446000033, 32.193583573000069 ], [ 34.959758708000152, 32.193536983000115 ], [ 34.959602718000042, 32.193558088000145 ], [ 34.959376485000064, 32.19357468600009 ], [ 34.959331710000185, 32.193408047000105 ], [ 34.959296909000045, 32.193228605000172 ], [ 34.959243104000109, 32.193062377000103 ], [ 34.959238584000104, 32.19304841200011 ], [ 34.959233867000137, 32.193043458000034 ], [ 34.959051714999987, 32.192852179000113 ], [ 34.958946353000158, 32.192723745000137 ], [ 34.958856233000176, 32.192595481000183 ], [ 34.958761108000033, 32.192479891000062 ], [ 34.958665817000053, 32.192364439000073 ], [ 34.958555650000108, 32.19223599500009 ], [ 34.958355174000189, 32.191987880999989 ], [ 34.958197969000082, 32.191791988000034 ], [ 34.958027726000125, 32.191578035000191 ], [ 34.957932461000155, 32.191453988000148 ], [ 34.957842322000033, 32.191334318000031 ], [ 34.957681974000081, 32.191137433000165 ], [ 34.957526795000149, 32.190927877000036 ], [ 34.957431520000171, 32.19080805599998 ], [ 34.95728619300013, 32.190632618000052 ], [ 34.957145931000071, 32.190482835000182 ], [ 34.957075903000145, 32.190341648000128 ], [ 34.957059332000085, 32.190230493000058 ], [ 34.957058988000085, 32.190228186000184 ], [ 34.957056223000109, 32.190209298000184 ], [ 34.957052713000166, 32.190101358000163 ], [ 34.9570519990001, 32.190080436000187 ], [ 34.957050875, 32.190047529000026 ], [ 34.957071437000138, 32.189863971000136 ], [ 34.957107409000059, 32.189620558000172 ], [ 34.957158245000187, 32.189394225000171 ], [ 34.957214398000133, 32.189103793000129 ], [ 34.957265426000106, 32.188809261000074 ], [ 34.957326668000178, 32.188476144000163 ], [ 34.957377727000051, 32.188228537000157 ], [ 34.957434315000114, 32.187959942000077 ], [ 34.957475127000123, 32.187703720000172 ], [ 34.957526185000063, 32.187456110000142 ], [ 34.957567034000192, 32.187187063000181 ], [ 34.957618296000135, 32.186866747000124 ], [ 34.957654170000126, 32.186597689000052 ], [ 34.957694993000189, 32.186396981000144 ], [ 34.957720557000187, 32.186260355000059 ], [ 34.957767900000078, 32.186097986 ], [ 34.957808947000046, 32.185874735000084 ], [ 34.957833071000096, 32.185720068000023 ], [ 34.957850204000181, 32.185576944000047 ], [ 34.957867481000108, 32.185442272000103 ], [ 34.957912087000068, 32.185190845000193 ], [ 34.957943051000143, 32.184958976000075 ], [ 34.957970330000137, 32.184801500000049 ], [ 34.958008074000077, 32.184575283000072 ], [ 34.958045705000075, 32.184389221000117 ], [ 34.958083321000174, 32.18420879700011 ], [ 34.95811411800014, 32.184037095000122 ], [ 34.958141537000188, 32.183888636000177 ], [ 34.958175933, 32.183673825000085 ], [ 34.958196584000063, 32.183516333 ], [ 34.958230662, 32.183356051000089 ], [ 34.95825132300007, 32.183195601000136 ], [ 34.958285655000054, 32.183003897000049 ], [ 34.958316804000049, 32.182824025000116 ], [ 34.958361079000042, 32.182632201000047 ], [ 34.95838853500004, 32.182468945000039 ], [ 34.958422646000088, 32.182297109000046 ], [ 34.95845721000012, 32.182022271000051 ], [ 34.95849490400002, 32.181813243000136 ], [ 34.958535875000166, 32.181615777000161 ], [ 34.958583973000032, 32.181358721000038 ], [ 34.958628299000168, 32.181146888000171 ], [ 34.958662585000127, 32.180972233000034 ], [ 34.958693340000139, 32.180814763000114 ], [ 34.958717714000159, 32.180508342999985 ], [ 34.958766160000096, 32.180185343000119 ], [ 34.958796949000089, 32.180016318000071 ], [ 34.958831057000054, 32.179844622000076 ], [ 34.958875380000052, 32.179692955000064 ], [ 34.958899296000084, 32.179552662000049 ], [ 34.958947108000132, 32.179337876000034 ], [ 34.958978021000121, 32.17912319800007 ], [ 34.959005627000124, 32.178966285000115 ], [ 34.95903295100004, 32.178791616000183 ], [ 34.959046916000034, 32.178654121000079 ], [ 34.95905539000006, 32.178609143000074 ], [ 34.959067429000072, 32.178545243000087 ], [ 34.959077686000114, 32.178490872000168 ], [ 34.9590891470001, 32.178360982000072 ], [ 34.9590893190001, 32.178358726000056 ], [ 34.959103112000093, 32.178204328000049 ], [ 34.959105390000104, 32.178178822000064 ], [ 34.959109015000138, 32.178154293000091 ], [ 34.959126155000149, 32.178038522000179 ], [ 34.959139925000045, 32.177971762000027 ], [ 34.959153359000084, 32.177906828000118 ], [ 34.959187874000179, 32.17770723700005 ], [ 34.959222194000176, 32.177518349000081 ], [ 34.959249414000112, 32.177380880000158 ], [ 34.959303457000033, 32.177068741000141 ], [ 34.959318369000073, 32.176948156000037 ], [ 34.959323872000084, 32.176903494000101 ], [ 34.959334979000175, 32.176813342000059 ], [ 34.959361931000103, 32.176651918000061 ], [ 34.959397915000068, 32.176460499000086 ], [ 34.959415944000057, 32.176291590000062 ], [ 34.95944742100005, 32.176111294000066 ], [ 34.959461090000048, 32.17596111600011 ], [ 34.959570095000117, 32.175854620000166 ], [ 34.959576379000055, 32.175848481000116 ], [ 34.959633857000028, 32.175792516000172 ], [ 34.959852107000131, 32.175590749999969 ], [ 34.959998455000175, 32.175448447 ], [ 34.960126923000132, 32.175302160000115 ], [ 34.960313135000092, 32.175122312000155 ], [ 34.960428236000155, 32.175017426000181 ], [ 34.960547826999971, 32.17490494000009 ], [ 34.960667429000125, 32.174788790000093 ], [ 34.960813776000066, 32.17464634300012 ], [ 34.960955432000048, 32.174522766999985 ], [ 34.961092792000045, 32.174395238000045 ], [ 34.961160242000119, 32.174327174000098 ], [ 34.961199329000067, 32.174287721000098 ], [ 34.961230183000112, 32.17425657900003 ], [ 34.96143399400006, 32.174061688000108 ], [ 34.961568874000193, 32.173931052000171 ], [ 34.961688455000058, 32.173822510000036 ], [ 34.961812445000191, 32.173736380000037 ], [ 34.96183224300006, 32.17373297600011 ], [ 34.961841616000186, 32.173731365000094 ], [ 34.96209537500016, 32.17368804400013 ], [ 34.962427029000025, 32.173632338000118 ], [ 34.962696694000044, 32.173587780000162 ], [ 34.962860300000102, 32.17355470900003 ], [ 34.962909648999982, 32.173544731000106 ], [ 34.96304594999998, 32.173517170000025 ], [ 34.963236074000122, 32.173480063000056 ], [ 34.963417396000182, 32.173450265000099 ], [ 34.963775402000124, 32.173390943000129 ], [ 34.963992032000135, 32.173353745999975 ], [ 34.964177879000147, 32.173305358000107 ], [ 34.964341483000169, 32.17327186000017 ], [ 34.964496273000179, 32.173189594000121 ], [ 34.964488001000063, 32.173001750000026 ], [ 34.964475134000111, 32.172858986000108 ], [ 34.964459651000027, 32.172703255000101 ], [ 34.964438163000182, 32.172440284000118 ], [ 34.964416649000157, 32.172248750000051 ], [ 34.964399380000089, 32.172079771000028 ], [ 34.964386594000075, 32.171906996000189 ], [ 34.964369376000093, 32.171719134000114 ], [ 34.96435665000007, 32.171523814000125 ], [ 34.964330761000156, 32.171235329000126 ], [ 34.964322458000083, 32.171058898000183 ], [ 34.964287942000112, 32.170773356000041 ], [ 34.964266528999985, 32.170484177000162 ], [ 34.96424958700004, 32.170255031000011 ], [ 34.964227755000024, 32.170119858000135 ], [ 34.964219412000091, 32.169958365000184 ], [ 34.964201977000187, 32.169790230000046 ], [ 34.964176110999972, 32.169553599000096 ], [ 34.964158802000043, 32.169399695000152 ], [ 34.964128489000132, 32.169215611000027 ], [ 34.964111170000024, 32.169065373000024 ], [ 34.964240913000026, 32.168977567000184 ], [ 34.964244849000181, 32.168974903000162 ], [ 34.964288253, 32.168945528000108 ], [ 34.964387322000164, 32.168949012000041 ], [ 34.964407022000159, 32.168949705000045 ], [ 34.96462848900012, 32.168957466000052 ], [ 34.964915681999969, 32.168980571000077 ], [ 34.965158663000125, 32.168995982000013 ], [ 34.965410417000157, 32.169015355000113 ], [ 34.965595924000127, 32.169026990000134 ], [ 34.966027400000144, 32.169053614000177 ], [ 34.96643833100012, 32.169080763000011 ], [ 34.966672697000149, 32.169097140000076 ], [ 34.967001335000134, 32.169108766000136 ], [ 34.967057234000094, 32.169082245000141 ], [ 34.967062809000083, 32.169079602000011 ], [ 34.96724815400006, 32.16899172900014 ], [ 34.967386735000048, 32.168896322000137 ], [ 34.967508078000094, 32.168804686000044 ], [ 34.967676981000125, 32.168705815000123 ], [ 34.9678676690001, 32.168577536000043 ], [ 34.96802801900003, 32.1684566670001 ], [ 34.968153646000189, 32.168372366000142 ], [ 34.968279295, 32.168280737000089 ], [ 34.968490406000171, 32.168133333000185 ], [ 34.968653066000115, 32.168015428000103 ], [ 34.968773752000175, 32.167921111000169 ], [ 34.968917845000078, 32.167807114000084 ], [ 34.969098902000098, 32.167685437000046 ], [ 34.969233480000184, 32.167598898000108 ], [ 34.969470477000186, 32.167433928000094 ], [ 34.969626838000067, 32.167324279000184 ], [ 34.96966084100012, 32.167300434000083 ], [ 34.969682466000052, 32.167283433000193 ], [ 34.969790820000128, 32.167198243000087 ], [ 34.970001786000182, 32.167041678000146 ], [ 34.970178251000107, 32.166900266000027 ], [ 34.970396504000121, 32.166743007000036 ], [ 34.970559006000087, 32.166621294000038 ], [ 34.97072162700016, 32.166515219000019 ], [ 34.970870232000095, 32.166385447000152 ], [ 34.970810411, 32.16620412900005 ], [ 34.970732286000043, 32.165991212000108 ], [ 34.970686317000059, 32.165833590000034 ], [ 34.970631013000116, 32.165699484000129 ], [ 34.970534346000193, 32.16548258600011 ], [ 34.970484422000141, 32.165254223000147 ], [ 34.970475498000098, 32.165120347000084 ], [ 34.970471474000135, 32.16488784500001 ], [ 34.970476475999988, 32.164749906000054 ], [ 34.970578247000162, 32.164632503000064 ], [ 34.970582321000165, 32.16462780300003 ], [ 34.970630008000114, 32.164572940000028 ], [ 34.970903914000189, 32.164415930000132 ], [ 34.971057048000091, 32.164325618000134 ], [ 34.971261298000115, 32.164199897000117 ], [ 34.971437808000132, 32.164101740000092 ], [ 34.971600218000106, 32.164011444000096 ], [ 34.971841645999973, 32.16385831700012 ], [ 34.972013517000107, 32.163760148000051 ], [ 34.972208485000067, 32.163634408000178 ], [ 34.972521913000037, 32.163438720000102 ], [ 34.972693803000084, 32.163332660000037 ], [ 34.972870083000089, 32.163258174000134 ], [ 34.973088255, 32.163128529000119 ], [ 34.973227634000068, 32.163038192000045 ], [ 34.973427231000187, 32.162916401000189 ], [ 34.973654724000085, 32.162767189000078 ], [ 34.973831043000189, 32.162676918000159 ], [ 34.973984340000186, 32.162586605000058 ], [ 34.974132839000106, 32.162492335000081 ], [ 34.97426759200016, 32.162398042000177 ], [ 34.974420894000048, 32.162240655 ], [ 34.97447702300019, 32.162186936000126 ], [ 34.974544791000085, 32.162122023000165 ], [ 34.974597415000176, 32.162071617000095 ], [ 34.97472022300002, 32.161919528 ], [ 34.974804027000062, 32.161797519000118 ], [ 34.974860423999985, 32.161742644000128 ], [ 34.974885399000016, 32.161718343000132 ], [ 34.974989854000057, 32.161616663000075 ], [ 34.975096980000046, 32.161443409000128 ], [ 34.975208508000037, 32.161297922000074 ], [ 34.975403679000124, 32.161089464999975 ], [ 34.97552461700019, 32.160955829000102 ], [ 34.975738442000193, 32.160707951000063 ], [ 34.975854667000135, 32.160601786000029 ], [ 34.97598489600017, 32.160397151999973 ], [ 34.976147582000124, 32.160259648000192 ], [ 34.97625138300009, 32.160153600000115 ], [ 34.97642786, 32.160000338000032 ], [ 34.976516344000061, 32.159858753000151 ], [ 34.976692992000096, 32.159638423 ], [ 34.97680004900019, 32.159488840000165 ], [ 34.976952194000091, 32.159263812000177 ], [ 34.977088450000167, 32.159095542000102 ], [ 34.977123029999973, 32.15904671200019 ], [ 34.977156821000051, 32.158999153000082 ], [ 34.977207815000156, 32.15892738000008 ], [ 34.977242117000173, 32.158792739000035 ], [ 34.977282474000049, 32.158556937000071 ], [ 34.977294418000156, 32.15829219699998 ], [ 34.977283572000147, 32.158128585000156 ], [ 34.977238929000066, 32.157839785000078 ], [ 34.977205331000164, 32.157700084000112 ], [ 34.977143382000065, 32.157570055000122 ], [ 34.977070222000066, 32.157420839000054 ], [ 34.976967790000117, 32.1571887180001 ], [ 34.976883191000127, 32.157043286000146 ], [ 34.976807301000065, 32.156925207000029 ], [ 34.97667807400012, 32.156742492000149 ], [ 34.976593435000154, 32.156612983000173 ], [ 34.976504187000046, 32.15647205200014 ], [ 34.976415076000194, 32.156342536000068 ], [ 34.976321492000125, 32.156213149000109 ], [ 34.976209913000048, 32.156060762000038 ], [ 34.976089577000039, 32.155900751000047 ], [ 34.975951204000182, 32.155733097000166 ], [ 34.975866069000176, 32.155604291000031 ], [ 34.975719008000169, 32.155402378000076 ], [ 34.975625379000178, 32.155291875000103 ], [ 34.975527169000031, 32.155158676000156 ], [ 34.975442493000116, 32.155044383000018 ], [ 34.97529100200012, 32.154827245000035 ], [ 34.975210662000052, 32.154701689000092 ], [ 34.975072675000092, 32.154450335000092 ], [ 34.975001477000035, 32.154313242000057 ], [ 34.974903525000116, 32.154081126 ], [ 34.974804990000052, 32.15381871600016 ], [ 34.974751672000082, 32.153685601000063 ], [ 34.974684847000162, 32.153521883 ], [ 34.974618230000033, 32.153342947000112 ], [ 34.974551673000121, 32.153141327000128 ], [ 34.974493959000142, 32.152977626 ], [ 34.974404915000093, 32.152760605000083 ], [ 34.974351608000177, 32.152623685000151 ], [ 34.974302762000036, 32.152490437000097 ], [ 34.974389209000037, 32.152380715999982 ], [ 34.97439266400005, 32.152376331000085 ], [ 34.974419417000036, 32.152342282 ], [ 34.974594287000116, 32.152228475000129 ], [ 34.97473781400015, 32.152129968000054 ], [ 34.97500281400005, 32.151940806000027 ], [ 34.975231492000148, 32.151770033 ], [ 34.975406400000054, 32.151641009000173 ], [ 34.97570222600001, 32.151443871000026 ], [ 34.975899346000176, 32.151307278 ], [ 34.976141467000048, 32.151125114000024 ], [ 34.97632977700016, 32.151000060000172 ], [ 34.976553922000164, 32.150852103000091 ], [ 34.976719716, 32.15072305700005 ], [ 34.976943906000088, 32.150556079000125 ], [ 34.977183226000193, 32.150367428000038 ], [ 34.97733118400015, 32.150216651000108 ], [ 34.977464431000101, 32.150119532000133 ], [ 34.977601986000025, 32.150022419000038 ], [ 34.977849866999975, 32.149851537000075 ], [ 34.977973808000058, 32.149766094000029 ], [ 34.978116174000093, 32.149665046 ], [ 34.978249264000112, 32.149563982000188 ], [ 34.978373224000052, 32.149470788000087 ], [ 34.97852919800016, 32.149358211000106 ], [ 34.978662276000136, 32.149261091000085 ], [ 34.978822889000014, 32.149148380000099 ], [ 34.978865716000143, 32.149110695000047 ], [ 34.978893022000079, 32.149086712000155 ], [ 34.978937760000065, 32.149047420000102 ], [ 34.97912125400012, 32.148923055000182 ], [ 34.979172694000113, 32.14890280000003 ], [ 34.979195695000158, 32.148893744000134 ], [ 34.979327664000152, 32.148841711000046 ], [ 34.979593402000091, 32.148877144000039 ], [ 34.9799688760001, 32.148940252999978 ], [ 34.980161293000094, 32.148956106000185 ], [ 34.980489845000136, 32.148974604000102 ], [ 34.98069600700012, 32.148990620000177 ], [ 34.98093880100015, 32.148994868000159 ], [ 34.98119533400012, 32.149003227000037 ], [ 34.981474877000096, 32.149015292000058 ], [ 34.98191456800015, 32.149031733000129 ], [ 34.982203272000049, 32.149024508000139 ], [ 34.982404882000026, 32.14900542800018 ], [ 34.98259734700008, 32.14900183200001 ], [ 34.982890582000095, 32.148971225000082 ], [ 34.983078465000062, 32.148944228000062 ], [ 34.983362628000066, 32.148898101000043 ], [ 34.983635314000026, 32.148804470000073 ], [ 34.983646585000031, 32.148800544999972 ], [ 34.983967695000104, 32.148747719000085 ], [ 34.983993542, 32.148744383000121 ], [ 34.984182746000045, 32.14871978400015 ], [ 34.984402731000046, 32.14870453900005 ], [ 34.98463182800009, 32.148689452000099 ], [ 34.984911291, 32.148666564000166 ], [ 34.985172539000132, 32.148643643000128 ], [ 34.985419987000171, 32.148640281000041 ], [ 34.985630690000107, 32.148628963000192 ], [ 34.985850687000095, 32.148609770000121 ], [ 34.986143877000018, 32.148594794000132 ], [ 34.986432481000122, 32.148626450000052 ], [ 34.98656554900009, 32.148529322 ], [ 34.986571871000081, 32.148519046000047 ], [ 34.986576032000187, 32.148512366000034 ], [ 34.986703564000095, 32.148307639000052 ], [ 34.986781731000065, 32.148175326000057 ], [ 34.986864558000093, 32.148035271000083 ], [ 34.986965726000108, 32.14791089 ], [ 34.987094366000065, 32.147728083000061 ], [ 34.987177212000176, 32.147580138000023 ], [ 34.987303615000087, 32.14736308200014 ], [ 34.987381850000077, 32.147203577000028 ], [ 34.987487526000109, 32.147063562000085 ], [ 34.987584106000099, 32.146919727000181 ], [ 34.987696770000184, 32.14670039400005 ], [ 34.987831135000192, 32.146477154000024 ], [ 34.987901021000141, 32.146345108000105 ], [ 34.987976346000039, 32.146222229000159 ], [ 34.988073247000159, 32.146081214000162 ], [ 34.988191612000094, 32.145899090000171 ], [ 34.988288359000194, 32.145753563000142 ], [ 34.988395935000028, 32.145580580000114 ], [ 34.988498191000133, 32.14541674600008 ], [ 34.988573516000088, 32.145293869000113 ], [ 34.988697290000175, 32.145066382000039 ], [ 34.988788711000041, 32.144929864000119 ], [ 34.988924750000024, 32.144698595000079 ], [ 34.989037825000025, 32.144511951000084 ], [ 34.989150733000145, 32.144325309000067 ], [ 34.989247728000066, 32.144143287000134 ], [ 34.989365934000091, 32.143956795000122 ], [ 34.989495095000052, 32.143761021000103 ], [ 34.989613499000086, 32.14356086000015 ], [ 34.989758601000176, 32.143346936000057 ], [ 34.989820357000099, 32.143264853000062 ], [ 34.989848487000131, 32.14322746400012 ], [ 34.989909130000115, 32.143146832000184 ], [ 34.990049162000162, 32.142905564000102 ], [ 34.990195153000059, 32.14266557500008 ], [ 34.990233097000157, 32.142589410000085 ], [ 34.99025673400007, 32.142541970000025 ], [ 34.990281358000175, 32.142492552000022 ], [ 34.990296632000025, 32.142478316000108 ], [ 34.990311235000036, 32.142464705000123 ], [ 34.990388753000104, 32.142392556000118 ], [ 34.990464138, 32.142242339000063 ], [ 34.990450646000113, 32.142206102000159 ], [ 34.990448004000086, 32.142199009000024 ], [ 34.990346984000098, 32.141927773000134 ], [ 34.990288631000169, 32.141745477000143 ], [ 34.990224642000101, 32.141567682000073 ], [ 34.990198176000035, 32.141417290000049 ], [ 34.990102230000105, 32.141234928000074 ], [ 34.990023898000175, 32.141098676000183 ], [ 34.989981158000035, 32.140967559000103 ], [ 34.989919687000167, 32.140841621000163 ], [ 34.989858463000076, 32.140684261999979 ], [ 34.989778854000178, 32.14045881200019 ], [ 34.989736140000161, 32.140317126000184 ], [ 34.989687108, 32.14018599700006 ], [ 34.989650342000175, 32.140049676000046 ], [ 34.9895890680001, 32.139913311000043 ], [ 34.989546163000171, 32.13978219300003 ], [ 34.98948495000019, 32.139619619000086 ], [ 34.989442249000092, 32.139472721 ], [ 34.989387103000183, 32.139336366 ], [ 34.989338096000097, 32.139194809000116 ], [ 34.989282923000076, 32.139068883 ], [ 34.989153050000084, 32.138880825000058 ], [ 34.988999252000156, 32.138723304000109 ], [ 34.988863800000104, 32.13864965300013 ], [ 34.988623405000055, 32.138623019000079 ], [ 34.988302833000148, 32.138606671000161 ], [ 34.988130297000112, 32.138595941000119 ], [ 34.987945304000164, 32.138600826000072 ], [ 34.987668018000136, 32.13855834400016 ], [ 34.987575819000028, 32.138406284000155 ], [ 34.98760087800008, 32.138249076000136 ], [ 34.987620017000154, 32.13800801800005 ], [ 34.987657512000112, 32.13777742200017 ], [ 34.987682854000127, 32.137504813000078 ], [ 34.987708118000057, 32.137263764000124 ], [ 34.987770249000164, 32.137048993000064 ], [ 34.987826416000075, 32.136834210000131 ], [ 34.987869935000049, 32.136645613000042 ], [ 34.987932010000122, 32.136452681000094 ], [ 34.987957209000172, 32.136237842000185 ], [ 34.988068957000166, 32.135913109 ], [ 34.988174537000191, 32.135604006000108 ], [ 34.988267596000185, 32.13533687000006 ], [ 34.988391785000033, 32.135001593000084 ], [ 34.988476318000039, 32.134837837000077 ], [ 34.988498105000133, 32.134795633000124 ], [ 34.988540366000166, 32.134713560000137 ], [ 34.988608647000035, 32.134556430000146 ], [ 34.988625840000168, 32.134500095000192 ], [ 34.988636609000082, 32.134465013000124 ], [ 34.988658390000182, 32.134394051000129 ], [ 34.988701777000131, 32.134257870000113 ], [ 34.988609388000043, 32.134048884000038 ], [ 34.98846185300016, 32.133907154000042 ], [ 34.988332717000162, 32.133760100000131 ], [ 34.988197464000052, 32.133607823000091 ], [ 34.987982282000189, 32.133366351000177 ], [ 34.987865551000027, 32.133224675000179 ], [ 34.987736429000165, 32.133072407000157 ], [ 34.987607293000167, 32.132925353000076 ], [ 34.987472045000175, 32.132773216000032 ], [ 34.987361365000083, 32.132662831000061 ], [ 34.987165514000083, 32.132440554000027 ], [ 34.987071225000193, 32.132264815000156 ], [ 34.986976842000104, 32.132060333000084 ], [ 34.986822444000154, 32.131884491000108 ], [ 34.986693852000144, 32.131719683000142 ], [ 34.98656076400016, 32.131565856000122 ], [ 34.986449240000184, 32.131463360000168 ], [ 34.986281963000124, 32.131272837000154 ], [ 34.986114743000144, 32.131060474000037 ], [ 34.985993742000119, 32.130906952000146 ], [ 34.985847994000153, 32.130716469000106 ], [ 34.985693489000084, 32.130518779999989 ], [ 34.98556489900011, 32.130353972000023 ], [ 34.98551832000004, 32.13010518700014 ], [ 34.985492851000174, 32.129958882000039 ], [ 34.985471766000103, 32.129779609000025 ], [ 34.985442227000078, 32.129538185000115 ], [ 34.985421215000088, 32.129329746000053 ], [ 34.985400043000141, 32.129186968000113 ], [ 34.98537414700013, 32.12901163600003 ], [ 34.985348759000146, 32.128832356000089 ], [ 34.985323541000184, 32.12858361100001 ], [ 34.985272533000057, 32.128386109000189 ], [ 34.985251343000073, 32.128250800000103 ], [ 34.985243112000035, 32.128097055000069 ], [ 34.985239421000188, 32.127848489000144 ], [ 34.985257258000161, 32.127599820000057 ], [ 34.985262089000116, 32.127387623000175 ], [ 34.985275023000099, 32.127245613000184 ], [ 34.985297047000131, 32.127044439000031 ], [ 34.985276145000171, 32.126792037000143 ], [ 34.985272202000147, 32.126645768000174 ], [ 34.985259658000132, 32.126495821000105 ], [ 34.98525163700009, 32.126258097000175 ], [ 34.985286484000085, 32.126093581000077 ], [ 34.985325628000112, 32.12593273300007 ], [ 34.985390627000072, 32.125695140000062 ], [ 34.985452319000046, 32.125388780000094 ], [ 34.985495638000145, 32.125213286000132 ], [ 34.985526161999985, 32.125056090000101 ], [ 34.985539556000049, 32.124862366000059 ], [ 34.985609034000106, 32.124621117000061 ], [ 34.985665269000037, 32.12444564700013 ], [ 34.985708907000117, 32.124208015000193 ], [ 34.985817209000174, 32.123933862000172 ], [ 34.985842081000101, 32.123867252000139 ], [ 34.985866213000179, 32.123802626000156 ], [ 34.985868548000099, 32.123794881000094 ], [ 34.985934173000089, 32.123638592000077 ], [ 34.986024827000165, 32.123470510000175 ], [ 34.986044428000071, 32.123311742 ], [ 34.986059835, 32.123240752000186 ], [ 34.986063500000057, 32.123223734000192 ], [ 34.986090988, 32.123096096000097 ], [ 34.98623092400004, 32.122885410000094 ], [ 34.986286588000041, 32.122835016000181 ], [ 34.986298961999978, 32.122823813000082 ], [ 34.986339785999974, 32.12278682800013 ], [ 34.986479560000191, 32.122642084 ], [ 34.986565300000166, 32.122451166000019 ], [ 34.986585905000027, 32.122420909000141 ], [ 34.986634790000096, 32.122349464000138 ], [ 34.986650713000074, 32.122326193000106 ], [ 34.986664288000043, 32.122311414000023 ], [ 34.986706663000064, 32.122265281000011 ], [ 34.986759457000176, 32.122207743000047 ], [ 34.986852819000092, 32.122082784000099 ], [ 34.987031315000081, 32.121944732000088 ], [ 34.98717102, 32.121826476000024 ], [ 34.987310973000149, 32.121675108000147 ], [ 34.9874585230001, 32.121530519000146 ], [ 34.987551782000082, 32.121379067000078 ], [ 34.987629575000028, 32.121254080000142 ], [ 34.987722967000138, 32.121115876000033 ], [ 34.987831675000052, 32.121010669000157 ], [ 34.987940399000024, 32.120898840000052 ], [ 34.988033674000178, 32.120740909 ], [ 34.988151875000085, 32.120544835000146 ], [ 34.988237515000094, 32.120393370000158 ], [ 34.988400587000058, 32.120196107000083 ], [ 34.98857157499998, 32.120011962000035 ], [ 34.988664798000173, 32.119873754000139 ], [ 34.988758202999975, 32.11972892600005 ], [ 34.98885925400009, 32.11957100800015 ], [ 34.988952460000178, 32.119439424000063 ], [ 34.988937447000069, 32.119281298000146 ], [ 34.988930162000088, 32.119076970000094 ], [ 34.988953903000038, 32.118846490000067 ], [ 34.988962038000068, 32.11870151100004 ], [ 34.988954639999974, 32.118543399000089 ], [ 34.988955009000108, 32.118391924000093 ], [ 34.988932342000112, 32.118180948000031 ], [ 34.988909755000122, 32.117937139000048 ], [ 34.988918674000047, 32.117674362000059 ], [ 34.988934424000092, 32.117529537000053 ], [ 34.988950502000193, 32.117318629000181 ], [ 34.988943184000107, 32.117127686000117 ], [ 34.988959259000126, 32.116916775000163 ], [ 34.988967357000092, 32.116719239000133 ], [ 34.988960221000184, 32.116521535000118 ], [ 34.988968367000155, 32.116304128000024 ], [ 34.988968783000189, 32.11613278700014 ], [ 34.98897694700014, 32.115974703000177 ], [ 34.988954332000162, 32.115744140000061 ], [ 34.988939488000142, 32.115447645000131 ], [ 34.988947704000111, 32.11526969300013 ], [ 34.988986797000052, 32.115124909000031 ], [ 34.989126443000089, 32.115026240000134 ], [ 34.989281713000139, 32.114901386000099 ], [ 34.989468007000085, 32.114750097000126 ], [ 34.98966989600018, 32.11458587300001 ], [ 34.989809567000123, 32.114474097000027 ], [ 34.990001962000122, 32.114264905000141 ], [ 34.990215792000072, 32.114021793000063 ], [ 34.99022608700011, 32.114010118000067 ], [ 34.990343202000133, 32.113914928000042 ], [ 34.990349673000026, 32.113909583 ], [ 34.990371073000063, 32.113891445000149 ], [ 34.990473598000108, 32.113805389000106 ], [ 34.990477247000115, 32.113803001000122 ], [ 34.990601276000177, 32.113724590000118 ], [ 34.990724724000074, 32.113611940000169 ], [ 34.990852889000109, 32.11353565200011 ], [ 34.990985959000113, 32.113414846000069 ], [ 34.991199664000135, 32.11322175100014 ], [ 34.991324253000016, 32.113116289000118 ], [ 34.991328068000087, 32.11311333600014 ], [ 34.991402671000117, 32.113050029000135 ], [ 34.991475219000108, 32.112988467000037 ], [ 34.991631867000081, 32.112839660000077 ], [ 34.991695455000183, 32.112804247000042 ], [ 34.991702491000069, 32.112800329000095 ], [ 34.991797979000125, 32.112747233000164 ], [ 34.991875096000058, 32.112554184000089 ], [ 34.991998996000177, 32.112320633000024 ], [ 34.992084723000062, 32.112127316000112 ], [ 34.992118377, 32.111970123000162 ], [ 34.992232753000053, 32.111704288000112 ], [ 34.992346984, 32.11149890300004 ], [ 34.992450988000087, 32.111346481000055 ], [ 34.992470591000028, 32.111317770000085 ], [ 34.992584616000158, 32.11119707000006 ], [ 34.992689196000072, 32.111080297000058 ], [ 34.992762393000191, 32.111002784000107 ], [ 34.992803221000031, 32.1109595960001 ], [ 34.992926676000025, 32.110842856000033 ], [ 34.993097738000131, 32.110686043000101 ], [ 34.993236920000129, 32.11049789000009 ], [ 34.993298978000098, 32.11030044600011 ], [ 34.99332791400019, 32.110107028000073 ], [ 34.993342729000062, 32.109865117000084 ], [ 34.99334306500009, 32.109724069000094 ], [ 34.993362804000014, 32.109429889000126 ], [ 34.993372558000146, 32.10929688900012 ], [ 34.993387171, 32.109139662000189 ], [ 34.99339696200019, 32.108990600000084 ], [ 34.993406725000057, 32.108853515000192 ], [ 34.993402591000063, 32.108713023000121 ], [ 34.993417177000026, 32.108567912000126 ], [ 34.993426968, 32.108418709000091 ], [ 34.993422504000193, 32.108277652000083 ], [ 34.99341818500011, 32.108144630000083 ], [ 34.993404311000177, 32.107991438 ], [ 34.99339040000018, 32.107854452000026 ], [ 34.993357441000057, 32.107721379000168 ], [ 34.993319886000052, 32.107572094000147 ], [ 34.993312515000071, 32.107539813000017 ], [ 34.993302756000048, 32.107496760000117 ], [ 34.993277783, 32.107386588000054 ], [ 34.993273841000075, 32.107375137000076 ], [ 34.993230597000036, 32.107249543000023 ], [ 34.993126136000171, 32.106972339000151 ], [ 34.99304134099998, 32.106778586000189 ], [ 34.992965877000131, 32.10661897500006 ], [ 34.992963265000128, 32.106613450000054 ], [ 34.992951736000123, 32.106589052000174 ], [ 34.992829002000121, 32.10640749300012 ], [ 34.992692010000155, 32.106233937000184 ], [ 34.992564449000156, 32.106064346000096 ], [ 34.992403574000093, 32.105910902000176 ], [ 34.992223625000179, 32.105842109000093 ], [ 34.99204381900006, 32.105781347 ], [ 34.991821188000188, 32.105700363000096 ], [ 34.991570183000135, 32.105647506000082 ], [ 34.991356783000072, 32.105651079000097 ], [ 34.991345943000056, 32.105651495000131 ], [ 34.991307612000185, 32.105652967000083 ], [ 34.99115297700007, 32.105658756000082 ], [ 34.990977636000025, 32.105670567000118 ], [ 34.990775861000145, 32.105660071000102 ], [ 34.99056278400019, 32.105599249000079 ], [ 34.990523614000153, 32.105572971000186 ], [ 34.990498791000107, 32.105568560000108 ], [ 34.990495205000173, 32.105565687000137 ], [ 34.990403951000076, 32.105492585000093 ], [ 34.990401199000019, 32.10549074000005 ], [ 34.990364120999971, 32.105465886000104 ], [ 34.990250496000101, 32.10535282100011 ], [ 34.990137138000136, 32.105199454000115 ], [ 34.990038668000182, 32.1050500610001 ], [ 34.989967623000041, 32.104924388000086 ], [ 34.989891664000083, 32.104777007000052 ], [ 34.989830956000048, 32.104620915000112 ], [ 34.989830044000144, 32.104602594000085 ], [ 34.989829694000093, 32.104595551000159 ], [ 34.989821165000023, 32.104426023000144 ], [ 34.989852135000092, 32.104283198000132 ], [ 34.989944102000152, 32.104110044000038 ], [ 34.990077060000147, 32.103893703000153 ], [ 34.990194568000106, 32.103768359000071 ], [ 34.990291525000032, 32.103651576000118 ], [ 34.990393607000101, 32.103539170000033 ], [ 34.990551961000108, 32.10336190400011 ], [ 34.990679690999968, 32.103184441999986 ], [ 34.990803148000168, 32.102994716000126 ], [ 34.99088008700005, 32.102804201000083 ], [ 34.990854978000186, 32.102643945000125 ], [ 34.990830052000092, 32.10261529800016 ], [ 34.990824566000185, 32.102608984000028 ], [ 34.990738099000055, 32.1025094580001 ], [ 34.990590699999984, 32.102400983000109 ], [ 34.99042807100011, 32.102292342000112 ], [ 34.990194084000052, 32.102188082000168 ], [ 34.98996499000009, 32.102113988000099 ], [ 34.989690230000122, 32.102031214000135 ], [ 34.989527423000027, 32.101996264000093 ], [ 34.989191537000124, 32.101930715000094 ], [ 34.989013325000144, 32.101900108000166 ], [ 34.988840224000114, 32.101878102000114 ], [ 34.988659353000173, 32.101852139000187 ], [ 34.988600837000092, 32.101843791000192 ], [ 34.988565359, 32.101838729000121 ], [ 34.98838712700018, 32.101816713000062 ], [ 34.988269115000037, 32.101790874000187 ], [ 34.988263205000067, 32.101789580000059 ], [ 34.988148050000063, 32.10176429500018 ], [ 34.987995513000101, 32.101660036000169 ], [ 34.987919328000146, 32.101538721000168 ], [ 34.987787254000011, 32.101460423999981 ], [ 34.987532673000032, 32.101385856000036 ], [ 34.987350257, 32.10131493800003 ], [ 34.98713453300013, 32.101192107000088 ], [ 34.986880211000027, 32.101078648000055 ], [ 34.986642460000155, 32.100960425000096 ], [ 34.98649314000005, 32.100894215000153 ], [ 34.986343799000053, 32.100837446000128 ], [ 34.986188841000057, 32.100776014000019 ], [ 34.986028422000174, 32.10071443400011 ], [ 34.985938144000158, 32.100671577000185 ], [ 34.985928166000065, 32.100666865000164 ], [ 34.985917478000033, 32.100661818 ], [ 34.985914901000115, 32.10066059400009 ], [ 34.985829349000142, 32.100619953000034 ], [ 34.98585475100009, 32.100574661000167 ], [ 34.985862270000098, 32.100561254000013 ], [ 34.985935093000194, 32.100431749000052 ], [ 34.986073901000111, 32.100262483000108 ], [ 34.986071775000141, 32.100184277000039 ], [ 34.98607144000016, 32.100172689000146 ], [ 34.98606872400012, 32.100078874000076 ], [ 34.986068185000192, 32.09975971700004 ], [ 34.986052143000109, 32.09955241300014 ], [ 34.986036075000186, 32.099354691000144 ], [ 34.986008799000047, 32.099137927000129 ], [ 34.985998046000134, 32.099001369 ], [ 34.985987469000065, 32.098860018000153 ], [ 34.985977714000057, 32.098700680000093 ], [ 34.985976805000064, 32.098685839000041 ], [ 34.985953162000158, 32.098508554000034 ], [ 34.985944137000047, 32.098440883000023 ], [ 34.985933604000138, 32.098214850000033 ], [ 34.985911874000124, 32.098031209000055 ], [ 34.985873757000093, 32.097580095000183 ], [ 34.985862060000102, 32.097431966000102 ], [ 34.985854494000193, 32.097336149000114 ], [ 34.985851088000061, 32.097307116000081 ], [ 34.985846061000075, 32.097264977000066 ], [ 34.985819780000156, 32.09704793100002 ], [ 34.985770537000064, 32.096812387999989 ], [ 34.985715688000028, 32.0965673930001 ], [ 34.985666385000172, 32.096355380000034 ], [ 34.985622725000098, 32.096138727000152 ], [ 34.985574843000052, 32.095955602000174 ], [ 34.98553584900003, 32.095792220000135 ], [ 34.9854791570001, 32.095557086000042 ], [ 34.985478183000055, 32.095549194000114 ], [ 34.985458993000066, 32.095430916999987 ], [ 34.985453073000087, 32.095394430999988 ], [ 34.985345283000072, 32.095205844000134 ], [ 34.985134195000171, 32.095021160000101 ], [ 34.985021203000031, 32.094928945000049 ], [ 34.984854128000165, 32.09481972400016 ], [ 34.984809514000062, 32.094787235000069 ], [ 34.984805817000165, 32.094784549000167 ], [ 34.984721449000119, 32.094723245000068 ], [ 34.984510115000035, 32.094572094000114 ], [ 34.98431864500003, 32.094420981000098 ], [ 34.984268461000113, 32.094365936000088 ], [ 34.984248092000144, 32.094343582000192 ], [ 34.984181137000178, 32.094270102000166 ], [ 34.984168935000071, 32.094248899000092 ], [ 34.984164983000085, 32.094242032000125 ], [ 34.984057851000102, 32.094056970000111 ], [ 34.983930484000155, 32.093822269000157 ], [ 34.983857024000088, 32.09367559400016 ], [ 34.983793280000157, 32.093549931000155 ], [ 34.983725228000026, 32.093424822000031 ], [ 34.983724077000034, 32.093422003000057 ], [ 34.983670942000174, 32.093290159000162 ], [ 34.983617149000054, 32.093156057000101 ], [ 34.983509408000089, 32.092883773000096 ], [ 34.983436035000182, 32.092703560000018 ], [ 34.98336263900012, 32.092531801000121 ], [ 34.983274648000076, 32.092305485000054 ], [ 34.983215913000095, 32.092163062000054 ], [ 34.983132007000052, 32.091958595000108 ], [ 34.983063598000172, 32.091778532000035 ], [ 34.982995096000025, 32.091636090000179 ], [ 34.982916728000077, 32.091468412000154 ], [ 34.982843365000178, 32.091284113000086 ], [ 34.982774936000112, 32.091112363000093 ], [ 34.982686668000099, 32.090932122000027 ], [ 34.982611319000171, 32.090748806000136 ], [ 34.98260142200013, 32.090724705000184 ], [ 34.9825937170001, 32.090705940000134 ], [ 34.982530380000128, 32.090483894000045 ], [ 34.982501245000094, 32.090286993000177 ], [ 34.982501146000175, 32.090128331000017 ], [ 34.98252138700019, 32.089910665000161 ], [ 34.982527982000079, 32.089891756999975 ], [ 34.982532389000028, 32.089879122000127 ], [ 34.982532586000104, 32.089866300000097 ], [ 34.982603907000055, 32.089674654000078 ], [ 34.982610908000026, 32.089655503000188 ], [ 34.982612904000177, 32.089651138000079 ], [ 34.982635736000134, 32.089588759000151 ], [ 34.982661161000181, 32.089547801000151 ], [ 34.982680207000158, 32.089507092000076 ], [ 34.982714580000049, 32.089433621000126 ], [ 34.982759403000159, 32.089378640000064 ], [ 34.982783976000121, 32.089348498000106 ], [ 34.982791283000097, 32.089339494000058 ], [ 34.98280207300013, 32.089326125000071 ], [ 34.982814356000176, 32.089313325000091 ], [ 34.982821153000089, 32.089308407000033 ], [ 34.983045008000033, 32.089145359000042 ], [ 34.98317817800006, 32.089041046000034 ], [ 34.983340703000124, 32.088978494 ], [ 34.983572250000179, 32.088916068000174 ], [ 34.983778834000191, 32.088908124000056 ], [ 34.984157803000187, 32.088933890000078 ], [ 34.984393880000084, 32.088980391000064 ], [ 34.984595496999987, 32.089039371000183 ], [ 34.984797106000087, 32.089102439000044 ], [ 34.985046695000051, 32.089173197000036 ], [ 34.985302500000159, 32.08927412200012 ], [ 34.985469640000133, 32.089353893000066 ], [ 34.985671126999989, 32.089467261000038 ], [ 34.985867665000114, 32.08957230600015 ], [ 34.986015133000024, 32.089643729000102 ], [ 34.986211975000174, 32.08969438500003 ], [ 34.986212321000039, 32.089693745000147 ], [ 34.986345326000105, 32.089447611000026 ], [ 34.986414787000058, 32.089267654000139 ], [ 34.986469406000083, 32.089066818000049 ], [ 34.986523949000059, 32.088895289000163 ], [ 34.986563693000164, 32.088753044000043 ], [ 34.986647741000183, 32.088564799000153 ], [ 34.986687473000075, 32.08842663900009 ], [ 34.986751918000152, 32.088267668000185 ], [ 34.986836178000033, 32.087991498000065 ], [ 34.986880958000029, 32.087819954000111 ], [ 34.986945297000091, 32.087635902000159 ], [ 34.987074273000133, 32.087281324000116 ], [ 34.987123779000115, 32.087139096000044 ], [ 34.987194013000078, 32.086846415000082 ], [ 34.987249702000156, 32.086679115000095 ], [ 34.987330169000131, 32.086464654000054 ], [ 34.987386282000102, 32.086192520000054 ], [ 34.987460663000093, 32.085962410000036 ], [ 34.987478328000066, 32.085905410000123 ], [ 34.987486021000052, 32.08588058600003 ], [ 34.987528893000047, 32.085742713000059 ], [ 34.98753322500005, 32.085731308000106 ], [ 34.987543990000177, 32.085703330000115 ], [ 34.987609347000159, 32.085533469000154 ], [ 34.987648284000102, 32.08541112000006 ], [ 34.987654882000072, 32.085390386000142 ], [ 34.987677566, 32.085318986000118 ], [ 34.98772761400005, 32.085156890000178 ], [ 34.987742132000051, 32.085110046000068 ], [ 34.987751969000044, 32.085078306000071 ], [ 34.987809088000063, 32.084876628000075 ], [ 34.987816747000068, 32.084849587000065 ], [ 34.987830298000063, 32.084790288000079 ], [ 34.987879158000169, 32.084571968000091 ], [ 34.987934359000064, 32.08440184900013 ], [ 34.987968146000071, 32.084256351000192 ], [ 34.988027002000138, 32.084078912000166 ], [ 34.988094281000144, 32.083908672000121 ], [ 34.988174044000061, 32.083709994 ], [ 34.988228651000043, 32.083511268999985 ], [ 34.988287628000023, 32.083351865000168 ], [ 34.988338156000168, 32.083195829000033 ], [ 34.988413658000184, 32.082979386000147 ], [ 34.988430845999972, 32.082920800000068 ], [ 34.988437219000105, 32.082898957000168 ], [ 34.988476911000191, 32.082762923000075 ], [ 34.988548230000106, 32.082564229000184 ], [ 34.988623921000055, 32.082337218000134 ], [ 34.988665949000165, 32.082205966000117 ], [ 34.988668288000099, 32.082199990000163 ], [ 34.988673777000088, 32.082185971000115 ], [ 34.988720569000066, 32.082067552000183 ], [ 34.988793105000013, 32.081845325000188 ], [ 34.988805108000065, 32.081808409000132 ], [ 34.988813115000085, 32.081783785000084 ], [ 34.988893514999972, 32.081525641000042 ], [ 34.988900229000024, 32.081505174000029 ], [ 34.988907188000155, 32.08148395700016 ], [ 34.988948204000167, 32.08135876200015 ], [ 34.988986031000024, 32.081252162000055 ], [ 34.989011197000139, 32.081181469000171 ], [ 34.989011306000066, 32.081181095000147 ], [ 34.989065936000145, 32.080993453000076 ], [ 34.98907110100015, 32.080978592000179 ], [ 34.989083603000097, 32.080942618 ], [ 34.989128936000043, 32.080812498000114 ], [ 34.989183633000039, 32.080642097000123 ], [ 34.989189961000193, 32.080625763000171 ], [ 34.989195092000159, 32.080612517000134 ], [ 34.989255081000067, 32.080457634000027 ], [ 34.989330692000181, 32.080262609000158 ], [ 34.989381416000128, 32.080092904000082 ], [ 34.989457051999977, 32.079887169000187 ], [ 34.989536877000091, 32.079660027000045 ], [ 34.989604105000183, 32.079440047000105 ], [ 34.989679714000147, 32.079245021000133 ], [ 34.989751151000064, 32.079064080000023 ], [ 34.989814266000053, 32.078833383000187 ], [ 34.98991084000005, 32.078592177000132 ], [ 34.989945974000136, 32.078500738000116 ], [ 34.989970463000134, 32.078437001000111 ], [ 34.99000511600002, 32.078308277000076 ], [ 34.990022899000166, 32.078242218000071 ], [ 34.990065848000086, 32.078070104 ], [ 34.990105871000139, 32.077876284000126 ], [ 34.99014909400006, 32.077727561000188 ], [ 34.990192190000073, 32.077562352000086 ], [ 34.990254790999984, 32.077407181000126 ], [ 34.990297808000093, 32.07727494300002 ], [ 34.990337010000133, 32.077146081000024 ], [ 34.99043103300005, 32.076862738000159 ], [ 34.990474098000107, 32.076710633000062 ], [ 34.990575829000079, 32.076456332000078 ], [ 34.990642395000123, 32.076234942000042 ], [ 34.990701093000155, 32.076049889000103 ], [ 34.990779377000081, 32.075841764000018 ], [ 34.990857454000036, 32.075650127000074 ], [ 34.990928603000157, 32.075449314000082 ], [ 34.990987236000137, 32.075290614000096 ], [ 34.991057748000117, 32.075079235000089 ], [ 34.991124192000086, 32.074907443000086 ], [ 34.991229901000054, 32.074580296000136 ], [ 34.991280771000163, 32.074415100000124 ], [ 34.991339422000124, 32.074249777000034 ], [ 34.991445371000111, 32.073959549000165 ], [ 34.991547018000063, 32.073668753000106 ], [ 34.991633138000111, 32.073434289000033 ], [ 34.991687939000087, 32.073285586999987 ], [ 34.991731606000087, 32.073164999000142 ], [ 34.991739749000146, 32.07314251300005 ], [ 34.991745460000175, 32.073126740000077 ], [ 34.991746581000143, 32.073123645000123 ], [ 34.991793653000173, 32.072955060000083 ], [ 34.991844512000171, 32.072793244000025 ], [ 34.991908140000135, 32.072622152000122 ], [ 34.991974597000024, 32.072443737000185 ], [ 34.992048948000047, 32.072215735000157 ], [ 34.992091994000077, 32.072070394000093 ], [ 34.992166205000046, 32.07183111900008 ], [ 34.992217324000137, 32.07167066500017 ], [ 34.992231520000075, 32.071626105000178 ], [ 34.992236736000109, 32.071609734000162 ], [ 34.992299384000148, 32.071431311000083 ], [ 34.992350261000183, 32.07126273300014 ], [ 34.992412909000052, 32.071084312000039 ], [ 34.992487222000079, 32.070872937000047 ], [ 34.992565297000056, 32.070677914000157 ], [ 34.992627956000149, 32.070496252000055 ], [ 34.992682753000167, 32.070347549000076 ], [ 34.992734549000033, 32.070139657000141 ], [ 34.992781444000059, 32.069974453000157 ], [ 34.992857263000019, 32.069864329000097 ], [ 34.992862645000116, 32.069856512000058 ], [ 34.992865502000086, 32.069839045000151 ], [ 34.992866005000053, 32.069835664000095 ], [ 34.992868241000053, 32.069821593000086 ], [ 34.992887005, 32.069703528 ], [ 34.992953537000176, 32.069491999000036 ], [ 34.993023968000045, 32.069310349999967 ], [ 34.993079103000127, 32.069090065000125 ], [ 34.993128613000124, 32.068937406000032 ], [ 34.993221836000089, 32.068774536000092 ], [ 34.993290210000055, 32.068622051000148 ], [ 34.993346224999982, 32.068448548999982 ], [ 34.993387661000042, 32.068352176000133 ], [ 34.993407793000131, 32.068305351000049 ], [ 34.99344367600014, 32.068221983000115 ], [ 34.993445731000065, 32.068217208000135 ], [ 34.993526604000067, 32.068027967000035 ], [ 34.993594968000082, 32.067880836000029 ], [ 34.99367572500006, 32.06767045800018 ], [ 34.993762718000085, 32.067481227000087 ], [ 34.993812508000133, 32.067349845000024 ], [ 34.993862298000181, 32.067218465 ], [ 34.993918426000164, 32.067065957000182 ], [ 34.99399913100018, 32.066876715000149 ], [ 34.994080026000063, 32.066676906000055 ], [ 34.994205403000024, 32.066351060000102 ], [ 34.994279908000067, 32.066193372000043 ], [ 34.994366951000075, 32.065983144000029 ], [ 34.99444168600013, 32.065799105000167 ], [ 34.994516188999967, 32.065641417000109 ], [ 34.994572113000174, 32.065504692000047 ], [ 34.994671701000073, 32.065236573000163 ], [ 34.994727685999976, 32.065073497000185 ], [ 34.994796079000082, 32.064910582000095 ], [ 34.994870775000038, 32.064742326000044 ], [ 34.994957815000134, 32.064532099000132 ], [ 34.995044828000118, 32.064332300000046 ], [ 34.995127221000075, 32.064152606000107 ], [ 34.995150446000139, 32.06410195300009 ], [ 34.995162921000031, 32.064074781000159 ], [ 34.995243737000123, 32.063906534000182 ], [ 34.995299658000079, 32.063769806000039 ], [ 34.995316639000123, 32.063725590000104 ], [ 34.995375913000089, 32.063571116000105 ], [ 34.99545049000011, 32.063381863000188 ], [ 34.995549923000056, 32.063176869000074 ], [ 34.995618314000126, 32.063013956000191 ], [ 34.995680546000131, 32.062866672000098 ], [ 34.995730320000177, 32.062740502000167 ], [ 34.995782598000062, 32.06260377000018 ], [ 34.995783264000124, 32.062602221000134 ], [ 34.995798746000162, 32.062561808000112 ], [ 34.995860787000026, 32.062425092000183 ], [ 34.995944443000042, 32.062244872000178 ], [ 34.995951430000162, 32.062229665000075 ], [ 34.995968743999981, 32.062192406000065 ], [ 34.995985191000045, 32.062157013999979 ], [ 34.996072211000126, 32.061952001000179 ], [ 34.996146798000154, 32.061757392000175 ], [ 34.9962091270001, 32.061568117000036 ], [ 34.996296842000163, 32.061348450000082 ], [ 34.996371354000075, 32.061185404000071 ], [ 34.996446081000158, 32.061001364000106 ], [ 34.996508219000134, 32.060822658000063 ], [ 34.996582921000083, 32.060649185000045 ], [ 34.996676063000166, 32.06044418100015 ], [ 34.996756871000116, 32.060275932000138 ], [ 34.996825270000159, 32.060107663000167 ], [ 34.996871593000037, 32.05996965300011 ], [ 34.996960671000124, 32.059733219000123 ], [ 34.997034370000051, 32.059561859000155 ], [ 34.997095717000093, 32.05943711700013 ], [ 34.997154106000039, 32.059304623000173 ], [ 34.997221649000039, 32.059148751000066 ], [ 34.997310810000045, 32.058946134000053 ], [ 34.997397175000174, 32.058736046000092 ], [ 34.997489403000145, 32.058494402000179 ], [ 34.997560100000044, 32.058333323000113 ], [ 34.997645985000133, 32.058187911000118 ], [ 34.997681497000031, 32.058128599000042 ], [ 34.997691497000176, 32.05811189700006 ], [ 34.99774099900003, 32.058029549000025 ], [ 34.997820806000107, 32.057863272000191 ], [ 34.997848752000152, 32.057727764000163 ], [ 34.997851290000142, 32.057715499000153 ], [ 34.997870174000127, 32.057624233000013 ], [ 34.997884098000043, 32.057575721000092 ], [ 34.99789919900013, 32.057523110000091 ], [ 34.997908374000076, 32.057491139000035 ], [ 34.997911157000033, 32.057481454000026 ], [ 34.997938732000136, 32.057385508000095 ], [ 34.998034095000094, 32.057076234000078 ], [ 34.998086438000087, 32.056910052000035 ], [ 34.998157203000176, 32.056717831000185 ], [ 34.99823386300011, 32.056554084000027 ], [ 34.998292319000143, 32.056390446000194 ], [ 34.99839101200007, 32.056141769000135 ], [ 34.998446127000079, 32.056003001000192 ], [ 34.998452924000048, 32.05598588700019 ], [ 34.998453757000163, 32.055983492000109 ], [ 34.998501728000178, 32.055845625000131 ], [ 34.998542080000107, 32.055498212000089 ], [ 34.998563803000025, 32.055334796000068 ], [ 34.998592739000117, 32.055128836000051 ], [ 34.998600221000061, 32.054971454 ], [ 34.998636341000179, 32.054735352000193 ], [ 34.998666820000153, 32.054577868000138 ], [ 34.99867376200018, 32.054541998 ], [ 34.998686748000182, 32.054474898000137 ], [ 34.998701304000122, 32.054424360000041 ], [ 34.998710600000038, 32.054392082000049 ], [ 34.9987546320001, 32.054240117000177 ], [ 34.99875913000011, 32.054226879000112 ], [ 34.998779248, 32.054154072000074 ], [ 34.998816027000146, 32.054020968000088 ], [ 34.99889476400017, 32.053815090000057 ], [ 34.998980840000172, 32.053512424000075 ], [ 34.99903106000005, 32.053330876000189 ], [ 34.999088371000084, 32.053161319000083 ], [ 34.999203340000122, 32.052811777000102 ], [ 34.999267957000029, 32.052557545000013 ], [ 34.999368246000074, 32.052260961000172 ], [ 34.999418577000085, 32.052030802000047 ], [ 34.999490281000135, 32.051788698000109 ], [ 34.999547713000084, 32.051564752000047 ], [ 34.999633798000048, 32.051328593000164 ], [ 34.999669703000052, 32.051183374000118 ], [ 34.999768997000103, 32.050885942000036 ], [ 34.999815512000168, 32.050732290000099 ], [ 34.999879140000075, 32.050475098000106 ], [ 34.999951572000043, 32.050203828000065 ], [ 35.000040297000169, 32.0499680960001 ], [ 35.000078570000085, 32.049800196000092 ], [ 35.000133622000192, 32.049603580000166 ], [ 35.000184264000097, 32.049453598000184 ], [ 35.000222463000171, 32.049317826000106 ], [ 35.000264857000104, 32.049156979000031 ], [ 35.00031135100005, 32.049010511000176 ], [ 35.000349542000095, 32.048878262000187 ], [ 35.000400282000044, 32.048685443000124 ], [ 35.000481261000061, 32.048364448000086 ], [ 35.000557353000147, 32.04815363299997 ], [ 35.00061246700011, 32.047928554000123 ], [ 35.000688558000093, 32.047717739000177 ], [ 35.000735302000066, 32.047535483000161 ], [ 35.000807493000082, 32.047293943000113 ], [ 35.000853972000073, 32.047154523000074 ], [ 35.000921468000172, 32.047011613000166 ], [ 35.001006602000132, 32.046747951000043 ], [ 35.001007563000087, 32.04674497600007 ], [ 35.001010279000127, 32.046736565000174 ], [ 35.001061223000079, 32.046525711000129 ], [ 35.00111203400013, 32.046372063000035 ], [ 35.001141642999983, 32.0462290910001 ], [ 35.001179843000159, 32.046093319000022 ], [ 35.001226415000076, 32.045911200000148 ], [ 35.001277269000013, 32.045739659000105 ], [ 35.001374804000193, 32.045482942000092 ], [ 35.001425415000028, 32.045343670000079 ], [ 35.001484778000076, 32.045140015000015 ], [ 35.001556580000113, 32.044922005000103 ], [ 35.001612359000035, 32.044780666000065 ], [ 35.00161582000004, 32.044771896000043 ], [ 35.001646964000145, 32.044681062000166 ], [ 35.001662286000169, 32.044636137000111 ], [ 35.001667305000126, 32.044611064000037 ], [ 35.001678146000074, 32.044557154000017 ], [ 35.001708975000042, 32.044403856000145 ], [ 35.001747178000073, 32.044264560000158 ], [ 35.001789534000068, 32.044118087000015 ], [ 35.001917682000169, 32.043711495000139 ], [ 35.00196851600009, 32.043547139000054 ], [ 35.002031962000046, 32.043364908000171 ], [ 35.002086956000142, 32.043189849000157 ], [ 35.00212499200012, 32.043050412000071 ], [ 35.002142784000171, 32.04299529400015 ], [ 35.002161814000146, 32.042936339000164 ], [ 35.002188470000192, 32.042853950000165 ], [ 35.002252048000116, 32.042614510000078 ], [ 35.002278238000144, 32.042518736000147 ], [ 35.002294764000112, 32.042458439000029 ], [ 35.00231143600007, 32.042397609000147 ], [ 35.00235386300011, 32.042219008000188 ], [ 35.002396051000062, 32.042072531000088 ], [ 35.002484259000084, 32.041840319000073 ], [ 35.002525102000163, 32.041702719000057 ], [ 35.002559993000091, 32.041565107 ], [ 35.002641481000126, 32.041304702000048 ], [ 35.002676555000164, 32.041157371000054 ], [ 35.00271148000013, 32.041004966000116 ], [ 35.002746785000113, 32.040828888000135 ], [ 35.002776103000031, 32.040666749000138 ], [ 35.002834239000094, 32.040489863000062 ], [ 35.002851935000137, 32.040347292000035 ], [ 35.002886867000143, 32.040190096 ], [ 35.002916142000174, 32.040047546000153 ], [ 35.002939515000094, 32.03988046600017 ], [ 35.002963110000167, 32.039688727 ], [ 35.002992510000126, 32.039492208000183 ], [ 35.003015859000186, 32.039334852000138 ], [ 35.003045358000065, 32.039094087000024 ], [ 35.003091979000089, 32.038887732000092 ], [ 35.003111140000158, 32.038755168000137 ], [ 35.003114500000095, 32.03873192400016 ], [ 35.003114350000089, 32.038725444000136 ], [ 35.003137431000084, 32.03854159500014 ], [ 35.003145013000051, 32.038480454000137 ], [ 35.00315789900003, 32.038414951000163 ], [ 35.003179990000149, 32.038303528000085 ], [ 35.00322090700007, 32.038131547000148 ], [ 35.00324434800018, 32.03793501600012 ], [ 35.00329126000014, 32.037674412000058 ], [ 35.003296792000071, 32.037641448000159 ], [ 35.003305551000153, 32.037589938000167 ], [ 35.003314565000039, 32.037536924000051 ], [ 35.00332641, 32.037469538000153 ], [ 35.003332666000176, 32.03743394900016 ], [ 35.003367188000027, 32.037237015000187 ], [ 35.003384904000086, 32.037084722000145 ], [ 35.003420098000163, 32.036883281000087 ], [ 35.003455051000117, 32.036716079000087 ], [ 35.003501639000035, 32.036524519000068 ], [ 35.00352016800008, 32.036304168000186 ], [ 35.003532556000039, 32.036167367000132 ], [ 35.003537081000161, 32.036117049999973 ], [ 35.003549863000103, 32.035974913000018 ], [ 35.003591064000091, 32.035796735000019 ], [ 35.00359647199997, 32.035773349000067 ], [ 35.003604492000136, 32.035738839000032 ], [ 35.003654772000175, 32.035522767000089 ], [ 35.00370725900018, 32.035282040000027 ], [ 35.003736610000033, 32.035105107 ], [ 35.003748634000146, 32.034908419000089 ], [ 35.003789553000047, 32.034662741000034 ], [ 35.003830436000158, 32.034505414000023 ], [ 35.003859516999967, 32.03437272300016 ], [ 35.003871576, 32.034161381000104 ], [ 35.003912967000133, 32.0337790210001 ], [ 35.003924004000112, 32.033654335000051 ], [ 35.00393018900013, 32.033583636000174 ], [ 35.003936737000174, 32.033508798000184 ], [ 35.003961646000164, 32.033337799000151 ], [ 35.003967991000081, 32.033294244000047 ], [ 35.003971855000032, 32.033267901000045 ], [ 35.003970069000104, 32.033252680000146 ], [ 35.003966941000158, 32.033226208000087 ], [ 35.003954813000064, 32.03312358300019 ], [ 35.003929846000062, 32.032972768000093 ], [ 35.003924021000159, 32.032768299000111 ], [ 35.003949928000111, 32.032504419000134 ], [ 35.003975699000193, 32.032299862000173 ], [ 35.003978281000059, 32.032269929000108 ], [ 35.003983173999984, 32.032213216000116 ], [ 35.003988612000114, 32.032149253000057 ], [ 35.004007975000036, 32.03199851100004 ], [ 35.00407801800003, 32.031745553000064 ], [ 35.004084800000044, 32.03160014700012 ], [ 35.004104009000173, 32.03144405200004 ], [ 35.004110836999985, 32.031277225 ], [ 35.004130282000119, 32.031090129000177 ], [ 35.004162461000192, 32.030831756 ], [ 35.004188266000085, 32.030610994000028 ], [ 35.004207585000188, 32.030406426000184 ], [ 35.004246309, 32.030105085 ], [ 35.004259489000049, 32.029835828000046 ], [ 35.004264546, 32.029793706000135 ], [ 35.004266798, 32.029774901000053 ], [ 35.004285284000161, 32.029620562000161 ], [ 35.004292804000045, 32.029588930000045 ], [ 35.004297975000043, 32.029567177000104 ], [ 35.004317345000061, 32.029486046000045 ], [ 35.004336773000034, 32.029233006000084 ], [ 35.004343461000076, 32.029055332000098 ], [ 35.004356573000109, 32.028888515000062 ], [ 35.004363105000095, 32.028706614000043 ], [ 35.004369693000115, 32.028572055000041 ], [ 35.004389043000117, 32.028426669000055 ], [ 35.004414835000091, 32.028211401000192 ], [ 35.004427869000097, 32.028006823000169 ], [ 35.004441006000036, 32.027829159000191 ], [ 35.004473155000142, 32.027581634000057 ], [ 35.004492581000136, 32.027403980000088 ], [ 35.00450555000009, 32.027226313000028 ], [ 35.004512165000165, 32.027080905999981 ], [ 35.004525215000172, 32.026941005000083 ], [ 35.004531818000089, 32.026801093000017 ], [ 35.004551215000049, 32.026634147000095 ], [ 35.004551693000053, 32.026495494000073 ], [ 35.004590007000047, 32.026301805000116 ], [ 35.004590384000153, 32.026134830000046 ], [ 35.004628741000033, 32.025994969000124 ], [ 35.004648058000157, 32.025790401000052 ], [ 35.004661156000168, 32.025628942000139 ], [ 35.004687059000048, 32.02536520200016 ], [ 35.004725348000136, 32.025182222000126 ], [ 35.004731984000159, 32.025026106000155 ], [ 35.004745133000085, 32.024842944000113 ], [ 35.004770742000176, 32.024708419999968 ], [ 35.004796376000172, 32.024563185000147 ], [ 35.004815927999971, 32.024327898000138 ], [ 35.004828056000122, 32.024156008000091 ], [ 35.004828742000143, 32.024144876999969 ], [ 35.004846801000156, 32.023911843000064 ], [ 35.004857264, 32.023672173000136 ], [ 35.00485812300019, 32.023657521000189 ], [ 35.004863735000129, 32.023516763000089 ], [ 35.004863773000125, 32.023499883000113 ], [ 35.004864042000065, 32.023380504000102 ], [ 35.004869825000071, 32.023162525000089 ], [ 35.004891476000182, 32.023021792000065 ], [ 35.004895576000024, 32.022992398000099 ], [ 35.004903582000111, 32.022935012000175 ], [ 35.004918546000113, 32.022826536000082 ], [ 35.004934998000067, 32.022644931000059 ], [ 35.004945972000087, 32.022472477000179 ], [ 35.00497851700004, 32.022268212000085 ], [ 35.004981047000058, 32.022246799000129 ], [ 35.004982954000127, 32.022230173000025 ], [ 35.005005677000156, 32.022032092000074 ], [ 35.005032824000182, 32.021728758 ], [ 35.005049357000189, 32.021510799000168 ], [ 35.00506052500009, 32.021324677000052 ], [ 35.005071705000091, 32.021061336000059 ], [ 35.005098739, 32.020879746000105 ], [ 35.005132095000135, 32.020795296000074 ], [ 35.005135002000088, 32.020787935000044 ], [ 35.005157792000034, 32.020729915000061 ], [ 35.00493972400011, 32.020470711000087 ], [ 35.004817310000078, 32.020334252000112 ], [ 35.004771587000164, 32.02029373400012 ], [ 35.004762293000056, 32.020285504000128 ], [ 35.004673541000045, 32.020206916000063 ], [ 35.004513966000047, 32.020047708 ], [ 35.004380770000068, 32.019924900000149 ], [ 35.004224615000169, 32.019789511000056 ], [ 35.00406484500013, 32.019643973000086 ], [ 35.003910543000131, 32.019493932000046 ], [ 35.003740107000056, 32.01938458900014 ], [ 35.003585663000081, 32.019298098000149 ], [ 35.003425770999968, 32.019206949000193 ], [ 35.003287316000183, 32.019143171000053 ], [ 35.003138134999972, 32.019070357000032 ], [ 35.002930279, 32.018979128000069 ], [ 35.002770327000121, 32.018915314000083 ], [ 35.002583749000109, 32.01885145500006 ], [ 35.002317326000025, 32.018769289000033 ], [ 35.002093389000038, 32.018696208999984 ], [ 35.001869588000091, 32.018636797000056 ], [ 35.001632899000128, 32.018570459999978 ], [ 35.001548779000132, 32.018543969 ], [ 35.001536509000175, 32.018540097000084 ], [ 35.001430278000157, 32.018506573000138 ], [ 35.001238386000125, 32.018451722000123 ], [ 35.000918506000119, 32.018387638000149 ], [ 35.000609335000036, 32.018341752000083 ], [ 35.000310648000095, 32.018266714000106 ], [ 35.000310421000165, 32.018266656000094 ], [ 35.000300070000094, 32.018264018000025 ], [ 35.000044301000173, 32.018154668000079 ], [ 34.999916497000072, 32.01806356700007 ], [ 34.999857716000065, 32.018022324000128 ], [ 34.999708775000101, 32.017917942000167 ], [ 34.999517158000174, 32.017745008000077 ], [ 34.999410810000029, 32.017604061000043 ], [ 34.999331361000145, 32.01734507700013 ], [ 34.999289080000096, 32.017177041000082 ], [ 34.999241777000179, 32.016890776000082 ], [ 34.999226134000025, 32.016718277000109 ], [ 34.999187461000133, 32.016492615000118 ], [ 34.99917180500006, 32.016324484000165 ], [ 34.999135003000049, 32.016147440000054 ], [ 34.999092859000143, 32.015920225000173 ], [ 34.999061204999975, 32.015734029000043 ], [ 34.999013812000044, 32.015488768000125 ], [ 34.998992867000027, 32.015320627000108 ], [ 34.998971900000129, 32.015161646000024 ], [ 34.998964499000181, 32.014928993000069 ], [ 34.998938047000081, 32.014711385000169 ], [ 34.998884977000159, 32.014417359000163 ], [ 34.998849559000064, 32.014215093000132 ], [ 34.998818383000128, 32.01403665100014 ], [ 34.998800893000123, 32.013876267000171 ], [ 34.998778772000151, 32.013716015000057 ], [ 34.998770416000184, 32.013467859000116 ], [ 34.998780336000095, 32.013340717000119 ], [ 34.998782860000119, 32.013308371000107 ], [ 34.998784054000055, 32.013292168000078 ], [ 34.998789000000102, 32.013227499000152 ], [ 34.998787549000099, 32.013211433000038 ], [ 34.998784578000084, 32.013178897000046 ], [ 34.99877577400008, 32.013082482000129 ], [ 34.998780584000144, 32.012933690000068 ], [ 34.998772096000152, 32.01274274300016 ], [ 34.998772405000068, 32.012609162000047 ], [ 34.998777409000127, 32.012376810000035 ], [ 34.998782324000103, 32.01218222100016 ], [ 34.998791785000094, 32.011953259000052 ], [ 34.998801209000135, 32.011812085000088 ], [ 34.998810537000054, 32.011640332000184 ], [ 34.998810890000129, 32.011487727000087 ], [ 34.998806858000194, 32.011300592000111 ], [ 34.998798152000177, 32.01113275400013 ], [ 34.998803224000028, 32.010941973000058 ], [ 34.998808051000026, 32.010785431000045 ], [ 34.998821775000067, 32.010572256000103 ], [ 34.998840280000081, 32.010366138000109 ], [ 34.998849651000057, 32.010175361000051 ], [ 34.998850102, 32.009980767000116 ], [ 34.99885489400009, 32.009839584000019 ], [ 34.998850808999975, 32.009675417000039 ], [ 34.998855628000115, 32.009522821000019 ], [ 34.998878393000155, 32.009331926000129 ], [ 34.998874254000043, 32.009190728000192 ], [ 34.998883783000053, 32.009003757000073 ], [ 34.998902119000149, 32.008798483000135 ], [ 34.998911693000082, 32.008519920000083 ], [ 34.998916768000015, 32.008256570000185 ], [ 34.998917209000183, 32.008065778000173 ], [ 34.998917582000104, 32.007905565000158 ], [ 34.998958356000117, 32.007722450000188 ], [ 34.998972111000057, 32.007565923000129 ], [ 34.9989726230001, 32.007344556000191 ], [ 34.998968582000032, 32.007161366000162 ], [ 34.998969294000119, 32.006925344000138 ], [ 34.998956315000044, 32.006745945000148 ], [ 34.998961187000077, 32.006570380000085 ], [ 34.998970723000127, 32.006307175000074 ], [ 34.998984761000088, 32.006101049000051 ], [ 34.99899656000008, 32.005862227000193 ], [ 34.99899356200018, 32.005727654000168 ], [ 34.999000487000103, 32.005593097000144 ], [ 34.999004371000069, 32.005344397000158 ], [ 34.999008057000026, 32.005181230000062 ], [ 34.999018580000097, 32.004992288000096 ], [ 34.999029045000157, 32.004828991000181 ], [ 34.99902609500009, 32.004674410000064 ], [ 34.999046735000036, 32.004473930000188 ], [ 34.999067285000137, 32.004310789999977 ], [ 34.999087908000149, 32.004044930000191 ], [ 34.999105101000055, 32.003904612000156 ], [ 34.999105438000186, 32.00375862900006 ], [ 34.999115901999971, 32.003595475000054 ], [ 34.9991164650001, 32.003351984000062 ], [ 34.999120481000091, 32.003117233000125 ], [ 34.999127684000086, 32.002862342000071 ], [ 34.999141746000191, 32.002573501000029 ], [ 34.999148856000033, 32.002430348000189 ], [ 34.999149167000155, 32.002295779000178 ], [ 34.999149491000026, 32.002155434000031 ], [ 34.999143096000125, 32.00198943200013 ], [ 34.999143586000173, 32.001777504000188 ], [ 34.999150887000155, 32.001551358000142 ], [ 34.99915461900008, 32.001368040000045 ], [ 34.999158667000074, 32.001119341000162 ], [ 34.999165843000128, 32.000876002000041 ], [ 34.999162941000066, 32.00070127000015 ], [ 34.999180308000177, 32.000483732000077 ], [ 34.999187514000027, 32.000228841000023 ], [ 34.999198116000059, 32.000005517000034 ], [ 34.999215568000068, 31.999751202000027 ], [ 34.999226071000123, 31.999570856000048 ], [ 34.999250259000178, 31.999264558999982 ], [ 34.999260792000086, 31.999072658000046 ], [ 34.999268066000127, 31.998857925000095 ], [ 34.999278936000167, 31.998730061000174 ], [ 34.999283193000053, 31.998679979000144 ], [ 34.999285403000044, 31.998654621000185 ], [ 34.999296360000187, 31.998348725000085 ], [ 34.999307014000181, 31.99810257200005 ], [ 34.99931749700005, 31.997930820000079 ], [ 34.99931452800007, 31.997713110000177 ], [ 34.999318424000023, 31.99752993300018 ], [ 34.99931954300007, 31.997474698000133 ], [ 34.999319791000062, 31.997462539000139 ], [ 34.999322155000073, 31.997346616000016 ], [ 34.999342999000021, 31.997126692000109 ], [ 34.999370955000018, 31.996763755000018 ], [ 34.999379542000156, 31.996554377000109 ], [ 34.999376025000117, 31.996358647000079 ], [ 34.99938438800018, 31.996173365000061 ], [ 34.999389021000127, 31.995957077000071 ], [ 34.999393127000076, 31.995897268000192 ], [ 34.999396208000064, 31.995852393000121 ], [ 34.999405623000087, 31.995713330000058 ], [ 34.999388797999984, 31.995552525000164 ], [ 34.999385884000105, 31.995524479000153 ], [ 34.99938357100018, 31.995508582000184 ], [ 34.999341940000022, 31.99522243600012 ], [ 34.999330218000125, 31.995071360000054 ], [ 34.999298341000099, 31.994913487000076 ], [ 34.99926638400018, 31.994717711000192 ], [ 34.999238751000121, 31.994511653000018 ], [ 34.999210977000132, 31.994295310000155 ], [ 34.999179163000179, 31.994109820000119 ], [ 34.999155435000148, 31.993931246000045 ], [ 34.999127479000151, 31.993793812000035 ], [ 34.999099348000016, 31.993660606000049 ], [ 34.999059606000117, 31.993399575000012 ], [ 34.99905442000005, 31.993353839000179 ], [ 34.999051503000089, 31.993328119000182 ], [ 34.999043886000095, 31.993262303000051 ], [ 34.999024077000115, 31.993104308000056 ], [ 34.998984258000121, 31.99287766000009 ], [ 34.998940398000059, 31.992681861000165 ], [ 34.998876260000031, 31.992461934000175 ], [ 34.998832359000062, 31.99228332600012 ], [ 34.998804435000068, 31.992060784000046 ], [ 34.998788678000096, 31.991868556000099 ], [ 34.998772957000142, 31.991731143000038 ], [ 34.998736909000172, 31.991590314000177 ], [ 34.998660736000147, 31.991425460000016 ], [ 34.998628956, 31.991368761000047 ], [ 34.998622334000174, 31.991356956000061 ], [ 34.998531809000042, 31.991195561000097 ], [ 34.998465790000182, 31.991002122000168 ], [ 34.99844405000016, 31.990822848000107 ], [ 34.998437250000165, 31.990764120000051 ], [ 34.998436592000076, 31.99075843900016 ], [ 34.998427678000041, 31.99068120600009 ], [ 34.998372991000053, 31.990379286000177 ], [ 34.998323562000166, 31.99023293700003 ], [ 34.998291019000021, 31.989935703000128 ], [ 34.998258213000156, 31.989751619000174 ], [ 34.998230819000014, 31.989586569000039 ], [ 34.998192294000148, 31.989444890000129 ], [ 34.998153258000116, 31.989308705000155 ], [ 34.998114932000135, 31.98915293500005 ], [ 34.998087571000099, 31.988973650000048 ], [ 34.998032840000064, 31.988690468000073 ], [ 34.998011113000132, 31.988506544000131 ], [ 34.997989321000148, 31.988350804 ], [ 34.997917981000057, 31.988100709000037 ], [ 34.997866520000173, 31.9878344440001 ], [ 34.997819505000109, 31.987575089000018 ], [ 34.997786818000179, 31.987339998000039 ], [ 34.997763359000089, 31.987190168999973 ], [ 34.997739899000067, 31.987040202000117 ], [ 34.997716019000052, 31.986858387000098 ], [ 34.997678483000186, 31.986647664000145 ], [ 34.99762660100015, 31.986420710000175 ], [ 34.997579510000037, 31.986266617000126 ], [ 34.99754668800017, 31.986019404000047 ], [ 34.997504424000056, 31.985780351000074 ], [ 34.99749608400009, 31.985740882000073 ], [ 34.997490525000046, 31.985714381000093 ], [ 34.997476811000183, 31.985649406000164 ], [ 34.997466813000074, 31.985602035000056 ], [ 34.997438751000061, 31.985439943000131 ], [ 34.99743425500003, 31.985406444000091 ], [ 34.997421689000078, 31.985312812000188 ], [ 34.997415350000153, 31.985265737000077 ], [ 34.997411574000182, 31.98525516300009 ], [ 34.997403981, 31.985233602 ], [ 34.997353923000105, 31.985091469000054 ], [ 34.99731147100016, 31.984933295000133 ], [ 34.997273473000064, 31.98477963900001 ], [ 34.997235797000144, 31.984629789000053 ], [ 34.997198112000092, 31.984483882000177 ], [ 34.997165056000028, 31.984337985000082 ], [ 34.997127494000154, 31.984139378000066 ], [ 34.997108869000101, 31.983973214000173 ], [ 34.997071288000086, 31.98378278000007 ], [ 34.997024087, 31.983604449000154 ], [ 34.996948727000188, 31.983308552000096 ], [ 34.996901719, 31.983049197000184 ], [ 34.996816147000061, 31.982737783000175 ], [ 34.996764312000096, 31.982563388000074 ], [ 34.996717021, 31.982425639000098 ], [ 34.996646350000105, 31.982174276000023 ], [ 34.99660385400017, 31.98203653600018 ], [ 34.996551740000086, 31.981840300000101 ], [ 34.996504677000189, 31.981605322000178 ], [ 34.996452858000112, 31.981353993000084 ], [ 34.996415193000075, 31.981200054000055 ], [ 34.996339630000136, 31.980993212000158 ], [ 34.996306554000057, 31.980855484000131 ], [ 34.996245132000126, 31.980681216000107 ], [ 34.996188486000051, 31.98051498600006 ], [ 34.996127055000045, 31.980344662000164 ], [ 34.996084626000027, 31.980178599000169 ], [ 34.996041855000101, 31.980017746000101 ], [ 34.995985286000121, 31.979819109000118 ], [ 34.995919097000069, 31.979632571000138 ], [ 34.995857761000138, 31.979421807000108 ], [ 34.99580592, 31.97925163900004 ], [ 34.995777643999986, 31.979113781000024 ], [ 34.995755055000188, 31.978947326000025 ], [ 34.995714346999989, 31.978752520000057 ], [ 34.995652490000111, 31.978482996000139 ], [ 34.995590461000063, 31.97821642800011 ], [ 34.995536080000079, 31.977931133000027 ], [ 34.995495932000154, 31.977780715000051 ], [ 34.995459493000055, 31.977598877000105 ], [ 34.99539754000017, 31.977369933000148 ], [ 34.995357355000124, 31.977235152999981 ], [ 34.995335632000035, 31.977133286000026 ], [ 34.995324981000124, 31.977083340000149 ], [ 34.995323669000186, 31.977078826000138 ], [ 34.995254697000178, 31.976812389000031 ], [ 34.995183642000086, 31.976589065000042 ], [ 34.995178392000184, 31.976570739000124 ], [ 34.995118390000187, 31.976373239999987 ], [ 34.995101294000165, 31.976316968000162 ], [ 34.995057493, 31.97617274400011 ], [ 34.99500633800011, 31.975993982000091 ], [ 34.994993275000013, 31.975935511000102 ], [ 34.994980326000132, 31.975877545000117 ], [ 34.994947609000178, 31.975731223000082 ], [ 34.994889236000063, 31.975527369000076 ], [ 34.994827092000037, 31.975311107000152 ], [ 34.994776316000127, 31.975041457000032 ], [ 34.994728768000073, 31.974875243000156 ], [ 34.994688716000155, 31.974684099000115 ], [ 34.994641386000126, 31.974495903000047 ], [ 34.994597715000168, 31.974298413000042 ], [ 34.994539298000063, 31.974113861000035 ], [ 34.994488143000183, 31.973935098000084 ], [ 34.994444362000024, 31.973784533000128 ], [ 34.994393269000113, 31.973649734000105 ], [ 34.994334918000163, 31.973367674000031 ], [ 34.994272073000047, 31.973099835000141 ], [ 34.99422451200013, 31.972939961000066 ], [ 34.99413297000018, 31.972783112000172 ], [ 34.994018386000107, 31.972725002000118 ], [ 34.994014145, 31.972722850000139 ], [ 34.993934510000088, 31.972682444000156 ], [ 34.993761755000094, 31.972616343000141 ], [ 34.99354127100014, 31.972531417000027 ], [ 34.993346405000182, 31.9724496340001 ], [ 34.993140655000047, 31.972355152000091 ], [ 34.992905333000124, 31.972254558000088 ], [ 34.992721556999982, 31.972166454000103 ], [ 34.992469843000151, 31.972076400000105 ], [ 34.992308145000095, 31.972019616000011 ], [ 34.992120657000044, 31.971962925000071 ], [ 34.991878017000033, 31.971881059000054 ], [ 34.991635364000103, 31.971805391000146 ], [ 34.99141471300004, 31.971723562000079 ], [ 34.991230832000042, 31.971679419000054 ], [ 34.991028633999974, 31.97162256200005 ], [ 34.990756543000145, 31.971553183000083 ], [ 34.990484514000116, 31.97145872100009 ], [ 34.990232608000042, 31.971382189000167 ], [ 34.989978844000177, 31.971322142000076 ], [ 34.989673716000141, 31.971243261000041 ], [ 34.98947514200006, 31.971192888000189 ], [ 34.989309765000144, 31.971154976000093 ], [ 34.98891259300018, 31.971063390000154 ], [ 34.988607406000028, 31.971009590000108 ], [ 34.988316790000169, 31.97094637400005 ], [ 34.988147580000032, 31.97092099200006 ], [ 34.987885756000026, 31.9708459900001 ], [ 34.987712280000039, 31.970807918000162 ], [ 34.987515172000087, 31.97076712900008 ], [ 34.98732152700012, 31.970729023000104 ], [ 34.987107244000072, 31.970682283000144 ], [ 34.98684224100009, 31.970623900000191 ], [ 34.986740693000058, 31.970441239000081 ], [ 34.986761457000171, 31.970264575000044 ], [ 34.986778830999981, 31.970122710000112 ], [ 34.986809834000155, 31.969948880000118 ], [ 34.986822505000077, 31.969769808000024 ], [ 34.986848791999989, 31.969564265000031 ], [ 34.986890438000103, 31.969297596000047 ], [ 34.986932145000083, 31.969074608000085 ], [ 34.986968673999968, 31.968803561000129 ], [ 34.987000133000038, 31.968646925000144 ], [ 34.987051948000101, 31.968480744000146 ], [ 34.987072954999974, 31.968270966000034 ], [ 34.987068364000038, 31.96805226400005 ], [ 34.987069005000023, 31.967789747000097 ], [ 34.987054087000047, 31.967786035000131 ], [ 34.986908763000088, 31.967749870000091 ], [ 34.986759518999975, 31.967736061999972 ], [ 34.986744164000072, 31.967734641000163 ], [ 34.986478689000194, 31.967669773000125 ], [ 34.986468291000051, 31.967667237000057 ], [ 34.986387332000049, 31.967647487000022 ], [ 34.986149280000063, 31.967590418000043 ], [ 34.986063039000101, 31.967571296000017 ], [ 34.986060231000067, 31.967570673000068 ], [ 34.985904437000102, 31.967536296000162 ], [ 34.985666348000052, 31.967494161000161 ], [ 34.98546693600008, 31.967452096000102 ], [ 34.985392759000092, 31.967438787000162 ], [ 34.98530749400004, 31.967423489000169 ], [ 34.985180525000089, 31.96740416300014 ], [ 34.985069556000042, 31.96738727200011 ], [ 34.98484202800006, 31.967351074000135 ], [ 34.984625046000076, 31.967329831000029 ], [ 34.984390376000192, 31.967308556000148 ], [ 34.984015852000084, 31.967292947000033 ], [ 34.983753166000042, 31.967304451000075 ], [ 34.983560580000074, 31.967310022999982 ], [ 34.983519005000119, 31.967312133000178 ], [ 34.983388978000107, 31.967318733000184 ], [ 34.983269526000186, 31.967338810000172 ], [ 34.983231385000124, 31.967345221000073 ], [ 34.98298418800016, 31.96737577600004 ], [ 34.98297182400006, 31.96737730500007 ], [ 34.982871916000136, 31.967389665000042 ], [ 34.98269678600019, 31.967422181000074 ], [ 34.982486566000034, 31.967472527000155 ], [ 34.982389704000184, 31.967502934000095 ], [ 34.982377219000114, 31.967506853000145 ], [ 34.982202694000193, 31.967561493 ], [ 34.982068504999972, 31.967611977000104 ], [ 34.982045018000122, 31.967620813000167 ], [ 34.982015751000063, 31.967633221000085 ], [ 34.981848767000088, 31.967704014 ], [ 34.981687417000103, 31.967778264000117 ], [ 34.981526220000148, 31.967855471000178 ], [ 34.981354457000066, 31.96792984300015 ], [ 34.981133740000189, 31.968012860000158 ], [ 34.980894048999971, 31.968081611000059 ], [ 34.980743365000137, 31.968120229000078 ], [ 34.980575145000046, 31.968164590000129 ], [ 34.98057358900013, 31.968162029000155 ], [ 34.980488062000063, 31.968021265000061 ], [ 34.980509496000082, 31.967845307000061 ], [ 34.980527565000045, 31.967627635000156 ], [ 34.980559475000177, 31.967493547000117 ], [ 34.980577300000164, 31.967305604999979 ], [ 34.980633807000117, 31.967117875000099 ], [ 34.980648002000123, 31.966928374000133 ], [ 34.980669498000168, 31.966728605000014 ], [ 34.980705213000192, 31.966460235000056 ], [ 34.980740630000184, 31.966311074000032 ], [ 34.98075851700014, 31.966164984000045 ], [ 34.980790694000063, 31.965989186000058 ], [ 34.98082979100019, 31.965756614000156 ], [ 34.980847776000132, 31.965571773000079 ], [ 34.980914717000076, 31.965375043000108 ], [ 34.980936137000072, 31.965205002000175 ], [ 34.980996269000116, 31.96502023700009 ], [ 34.9810352, 31.964853331000143 ], [ 34.981047689000093, 31.964804488000084 ], [ 34.981074096000043, 31.964701218000073 ], [ 34.981131468000171, 31.964567698000053 ], [ 34.981158554000103, 31.964504661000035 ], [ 34.981211963000192, 31.964299450000055 ], [ 34.98126856500005, 31.964072830000134 ], [ 34.981331972000078, 31.963900047000152 ], [ 34.981391955000163, 31.963709222000034 ], [ 34.981451838000055, 31.963557289 ], [ 34.981525818000136, 31.963387345000172 ], [ 34.981532222000112, 31.963360925000131 ], [ 34.981561223000142, 31.963241284000048 ], [ 34.981650603000048, 31.963085103000026 ], [ 34.981670296000175, 31.963050691000035 ], [ 34.981786824000039, 31.962785989000167 ], [ 34.981850120000161, 31.962657875000048 ], [ 34.981962794000026, 31.962413458000128 ], [ 34.98198853700012, 31.962351937000108 ], [ 34.982022655000094, 31.962270403000105 ], [ 34.982066733000011, 31.962195725000129 ], [ 34.98210000500012, 31.96213935500009 ], [ 34.982177403000151, 31.961990413000024 ], [ 34.982265323000092, 31.961862344 ], [ 34.982356746000107, 31.961722303000045 ], [ 34.982526207000035, 31.961439942000084 ], [ 34.982645665000121, 31.961258243000032 ], [ 34.982740600999989, 31.961100313000088 ], [ 34.982887470000151, 31.960862439000152 ], [ 34.983005675000072, 31.960719065000035 ], [ 34.983104965000109, 31.960604826000065 ], [ 34.983251524000082, 31.960424443000136 ], [ 34.983369712000126, 31.960288113000047 ], [ 34.983471363999968, 31.960153727000147 ], [ 34.983561056000099, 31.960043553000048 ], [ 34.983694710000179, 31.959867515000099 ], [ 34.983724189000043, 31.959819714000105 ], [ 34.983777520000103, 31.959733236000091 ], [ 34.983858237000106, 31.959636366000041 ], [ 34.983902847000081, 31.959582828000066 ], [ 34.984049404000189, 31.959402444000034 ], [ 34.984141597000132, 31.959282131000123 ], [ 34.984231457000078, 31.959169845000076 ], [ 34.984380764000093, 31.95901384300015 ], [ 34.984482392000132, 31.958887490000052 ], [ 34.984614669000166, 31.9587331460001 ], [ 34.984739967000053, 31.958592883000108 ], [ 34.984898292000082, 31.958398428000123 ], [ 34.985014176000107, 31.958254061000162 ], [ 34.985127558000045, 31.958119836000151 ], [ 34.985258525000177, 31.95795985400008 ], [ 34.98539316800003, 31.957783534000043 ], [ 34.98549728800009, 31.957651123000176 ], [ 34.985617799000011, 31.957506905000173 ], [ 34.985719447000122, 31.957372515000031 ], [ 34.985823401000175, 31.957240245000094 ], [ 34.985893504000046, 31.957162870000047 ], [ 34.985937588000127, 31.957114194000098 ], [ 34.986034606000146, 31.956979937000085 ], [ 34.986140818000081, 31.956869651000034 ], [ 34.986268431000042, 31.956727418000071 ], [ 34.986379487000193, 31.956597132000127 ], [ 34.986495398000102, 31.956440646000146 ], [ 34.986599350000176, 31.956308374 ], [ 34.986715898000057, 31.956162176000191 ], [ 34.986805592000167, 31.956047915000056 ], [ 34.986914565000063, 31.95588972600018 ], [ 34.98694525000019, 31.955845394000107 ], [ 34.987090278000096, 31.955677544000025 ], [ 34.987140834, 31.955616618000136 ], [ 34.987226360000193, 31.955516581000154 ], [ 34.98724808500009, 31.955487030000086 ], [ 34.987321045000101, 31.955388380000102 ], [ 34.987477919000128, 31.955174334000162 ], [ 34.98762222300013, 31.954961673000071 ], [ 34.98770977300012, 31.954845435000038 ], [ 34.9878752730001, 31.954616889000135 ], [ 34.98800995199997, 31.954420416000119 ], [ 34.988120438000067, 31.954250530000081 ], [ 34.988208508000071, 31.954123583000182 ], [ 34.988279045000127, 31.954001539000046 ], [ 34.988387661000047, 31.953852225000105 ], [ 34.988484481000057, 31.953727831000094 ], [ 34.988572652000187, 31.953558469000143 ], [ 34.988693066, 31.953381697000054 ], [ 34.988795696000182, 31.95324730700014 ], [ 34.988914090000037, 31.953085892000047 ], [ 34.989060801000164, 31.952901698000062 ], [ 34.989201750000177, 31.952707630000191 ], [ 34.989287013000023, 31.952578140000128 ], [ 34.989383917000055, 31.952418801000135 ], [ 34.989475070000083, 31.95224451200005 ], [ 34.989583770000024, 31.952058702000102 ], [ 34.989638662000118, 31.951912250000078 ], [ 34.989734651000163, 31.951720075000082 ], [ 34.989806763000047, 31.951560126000061 ], [ 34.989910515000133, 31.951369232000104 ], [ 34.990006628000174, 31.951194672000042 ], [ 34.990106078000053, 31.951005744000042 ], [ 34.990212474000145, 31.950813869000058 ], [ 34.990311874000042, 31.950645232000056 ], [ 34.990414767000118, 31.950467862000096 ], [ 34.990504080000107, 31.950302166000085 ], [ 34.990566070999989, 31.950156996000146 ], [ 34.990624565000076, 31.950023232000092 ], [ 34.990696634000074, 31.94988075700013 ], [ 34.990761765000059, 31.949735449000173 ], [ 34.990861380000183, 31.949546380000072 ], [ 34.99095743200013, 31.949325459000192 ], [ 34.991053574000091, 31.949136384000099 ], [ 34.991115434000051, 31.948976557000094 ], [ 34.991184278999981, 31.948799130000054 ], [ 34.991260538000176, 31.948630733000073 ], [ 34.991349883, 31.948380630000088 ], [ 34.991408423000053, 31.948226435000038 ], [ 34.991463261000149, 31.948101400000098 ], [ 34.991545667000082, 31.94791822000019 ], [ 34.991604230000178, 31.947755427000118 ], [ 34.991679718000057, 31.94756349700009 ], [ 34.991751975000057, 31.947339433000025 ], [ 34.991835144000106, 31.947112994000179 ], [ 34.991914193000184, 31.946883163000109 ], [ 34.991989907000061, 31.946665024000083 ], [ 34.992079248000039, 31.946414920000166 ], [ 34.99213083900014, 31.946263673000146 ], [ 34.992196299000057, 31.946048474 ], [ 34.99225118600009, 31.945900190000032 ], [ 34.992320914000175, 31.945697116000076 ], [ 34.992386160000081, 31.945502351000073 ], [ 34.992417387000046, 31.945365579000111 ], [ 34.992458753000108, 31.945205578000127 ], [ 34.992513870000153, 31.94496119300004 ], [ 34.99255528700013, 31.944777939000176 ], [ 34.992624271000125, 31.944539494000082 ], [ 34.992683007000039, 31.944301457000165 ], [ 34.992734720000101, 31.944097930000112 ], [ 34.992765832000032, 31.943940868000084 ], [ 34.992824278000057, 31.943754685000044 ], [ 34.99285542400014, 31.943582969000033 ], [ 34.992886719000182, 31.943417170000089 ], [ 34.99294516600014, 31.943230988000153 ], [ 34.992983078000066, 31.943063087000041 ], [ 34.993007364000107, 31.942926305000071 ], [ 34.993040121999968, 31.94277135800013 ], [ 34.993086791000053, 31.942532594000113 ], [ 34.993115724, 31.94231789700018 ], [ 34.993151835000106, 31.942072915000153 ], [ 34.993202130000043, 31.941840077000109 ], [ 34.993241658000159, 31.941616377000059 ], [ 34.993266767000193, 31.941480301000183 ], [ 34.993288409000172, 31.941344217999983 ], [ 34.993298988000106, 31.941262420000157 ], [ 34.993306757000084, 31.941202351000072 ], [ 34.993320400000073, 31.941146028000105 ], [ 34.993338964000031, 31.941069385999981 ], [ 34.993392714000038, 31.940842614000076 ], [ 34.993425170000023, 31.940673292999975 ], [ 34.993450476000191, 31.940455489000101 ], [ 34.993486674000167, 31.940242072000103 ], [ 34.993499292000138, 31.940162718000124 ], [ 34.993508313000063, 31.940105989000131 ], [ 34.993523259000085, 31.940051769000092 ], [ 34.993544148000126, 31.939975988000128 ], [ 34.993601479000176, 31.939700890000097 ], [ 34.993648086000178, 31.939558789000159 ], [ 34.993719519000138, 31.939329086000043 ], [ 34.993776822000029, 31.939135574000034 ], [ 34.993819887000086, 31.938954153000054 ], [ 34.993855606000125, 31.938803019000147 ], [ 34.993873941000118, 31.938735695000105 ], [ 34.993931282000176, 31.938525552000044 ], [ 34.993977901000051, 31.938307785 ], [ 34.993986697000082, 31.938221702000078 ], [ 34.994003273000033, 31.93805982400005 ], [ 34.994039152000028, 31.937911647000135 ], [ 34.994082305000177, 31.937691055000187 ], [ 34.994128808000028, 31.937521760000095 ], [ 34.994130610000127, 31.937486612000043 ], [ 34.994136255000171, 31.93737649500008 ], [ 34.994171714000174, 31.937255512000092 ], [ 34.994183066000062, 31.937216781000188 ], [ 34.994185815000037, 31.937166397000112 ], [ 34.99419049100004, 31.937080674000185 ], [ 34.994213131000151, 31.936973982000097 ], [ 34.994226418999972, 31.936911359000135 ], [ 34.994265736000159, 31.936775306000129 ], [ 34.994280347000029, 31.936605957000097 ], [ 34.99431281000011, 31.936364068000046 ], [ 34.994338209000034, 31.936173599000028 ], [ 34.994354586000043, 31.936096772000155 ], [ 34.994370458000105, 31.936022318000028 ], [ 34.99440039100017, 31.935929045000194 ], [ 34.994431384000166, 31.935832472000129 ], [ 34.994463805000123, 31.935678372000154 ], [ 34.994488952000154, 31.935524117000114 ], [ 34.994521416000168, 31.935351838000145 ], [ 34.994557163000025, 31.935188441000037 ], [ 34.994632240000101, 31.934952687000077 ], [ 34.994689530000016, 31.934762272000057 ], [ 34.994725363000043, 31.934632274000137 ], [ 34.994750809000038, 31.934421513000188 ], [ 34.994793910000169, 31.934221915000023 ], [ 34.994851323000034, 31.933980070000132 ], [ 34.994911429000183, 31.933785714000066 ], [ 34.994969814000115, 31.93362207500013 ], [ 34.995025098999974, 31.933439973000134 ], [ 34.995086597000125, 31.933286626000154 ], [ 34.995169521000037, 31.933086533000051 ], [ 34.995184829000095, 31.933041184000103 ], [ 34.995249391000073, 31.932849938000061 ], [ 34.995295482000074, 31.932712205000144 ], [ 34.995369358000175, 31.932494341000051 ], [ 34.995446001000175, 31.932294238000111 ], [ 34.995501330000081, 31.932164273000126 ], [ 34.995618031000049, 31.931862638000098 ], [ 34.99571926800013, 31.931602829000042 ], [ 34.995812071000103, 31.931415999000023 ], [ 34.995858270000099, 31.931231343000036 ], [ 34.99591972900015, 31.931093634999968 ], [ 34.99598716700018, 31.930942836000042 ], [ 34.996066838000104, 31.930789517000051 ], [ 34.996137352000119, 31.930664790000094 ], [ 34.996195653000029, 31.930534829000123 ], [ 34.996253939000042, 31.93041008199998 ], [ 34.996361295000042, 31.930217778999975 ], [ 34.996375230000069, 31.930193988000042 ], [ 34.996459671000025, 31.930049273000066 ], [ 34.996572911000158, 31.92988291000006 ], [ 34.9967107760001, 31.929714050000143 ], [ 34.996750873000167, 31.929666631000032 ], [ 34.996857573999989, 31.92954013200017 ], [ 34.996967732000087, 31.929420684000036 ], [ 34.997077876000105, 31.929306311000062 ], [ 34.997178905000055, 31.929202489000033 ], [ 34.997319725000125, 31.929041525000173 ], [ 34.997468084000047, 31.928906923000056 ], [ 34.997599632000117, 31.928753694000079 ], [ 34.997749570999986, 31.928577104000055 ], [ 34.997914886999979, 31.928397861000064 ], [ 34.998018889999969, 31.928294043000164 ], [ 34.998187084000051, 31.928153838000185 ], [ 34.998294221000151, 31.928052563000051 ], [ 34.998431807000145, 31.927930483000125 ], [ 34.998593830000118, 31.92781633400017 ], [ 34.998716718000026, 31.927690426000026 ], [ 34.998867949000157, 31.927526377000049 ], [ 34.99896897300016, 31.927423821000104 ], [ 34.999071976999971, 31.927322679999975 ], [ 34.999177125000188, 31.927223232000131 ], [ 34.999284250000073, 31.927125338000167 ], [ 34.999393356000041, 31.927028996000047 ], [ 34.999504441000056, 31.926934348000032 ], [ 34.999617339000167, 31.926841114000126 ], [ 34.99962495300008, 31.926835348000168 ], [ 34.999732378000033, 31.926749995000137 ], [ 34.99984906800006, 31.926660430000084 ], [ 34.999967570000138, 31.926572558000089 ], [ 35.000087887, 31.926486521000186 ], [ 35.00030965000019, 31.926328366000121 ], [ 35.000525430999971, 31.926185419000149 ], [ 35.000746978000109, 31.926048821 ], [ 35.000974126000074, 31.925918996 ], [ 35.001206217000174, 31.925796084000183 ], [ 35.001443245000075, 31.925680084000135 ], [ 35.001685048000127, 31.92557113800018 ], [ 35.001713330000143, 31.925558503000104 ], [ 35.001855735000106, 31.925494484000069 ], [ 35.002033543999971, 31.925407835000101 ], [ 35.002039170000103, 31.925404885000034 ], [ 35.00220790000003, 31.925315967000131 ], [ 35.00229392600005, 31.925266931000181 ], [ 35.002378134000082, 31.925218879000113 ], [ 35.002494946000127, 31.925146361000145 ], [ 35.002701100000138, 31.925018472000147 ], [ 35.002903631000152, 31.924886491000109 ], [ 35.003103525000142, 31.92475140300013 ], [ 35.003300449999983, 31.924613491000116 ], [ 35.003330403000064, 31.924591700000178 ], [ 35.003494736999983, 31.924472618000095 ], [ 35.003653123000163, 31.924353525000072 ], [ 35.003685893000181, 31.924328779000177 ], [ 35.003716676000181, 31.924304875000132 ], [ 35.003874244000031, 31.92418226 ], [ 35.004050689000167, 31.924039805000064 ], [ 35.004059461, 31.924032773000192 ], [ 35.004584506000185, 31.923601881000081 ], [ 35.006212912000137, 31.92226558699997 ], [ 35.006330618000106, 31.922158687000035 ], [ 35.006448972000101, 31.922058127000071 ], [ 35.006572608000056, 31.921960392000074 ], [ 35.006700034000119, 31.921866470999987 ], [ 35.006831415000022, 31.921776358000102 ], [ 35.006966256000112, 31.921690198000078 ], [ 35.007083428000044, 31.921621615000163 ], [ 35.007106707000105, 31.921607990000041 ], [ 35.007132727999988, 31.921594376000144 ], [ 35.007263513000112, 31.921525951999968 ], [ 35.007355138000094, 31.921483403000082 ], [ 35.007371344000035, 31.921475960000123 ], [ 35.007381266000152, 31.921471327000177 ], [ 35.007411369000067, 31.921457342000167 ], [ 35.00742509600002, 31.921450965000076 ], [ 35.007469476000153, 31.921432844000094 ], [ 35.007591122000122, 31.921383173000152 ], [ 35.007702505000168, 31.921343739000122 ], [ 35.007761096000138, 31.921322995000139 ], [ 35.007820742000092, 31.921304951000081 ], [ 35.007934853000052, 31.921270431000096 ], [ 35.008035637000035, 31.921244835999971 ], [ 35.008110742000099, 31.921225763000109 ], [ 35.0081866270001, 31.921210160000157 ], [ 35.00828958600016, 31.921188991000065 ], [ 35.008426945000053, 31.921167180000168 ], [ 35.008470559000102, 31.921160254000085 ], [ 35.008499326000106, 31.921156490000158 ], [ 35.008531210000058, 31.921152319000043 ], [ 35.008676477000108, 31.921133106000184 ], [ 35.008710356000165, 31.92112865100006 ], [ 35.008718289, 31.921127394000052 ], [ 35.008814808000125, 31.921111768000173 ], [ 35.008919098000035, 31.921094742000037 ], [ 35.00902289600009, 31.921074758000145 ], [ 35.009119918000124, 31.921056032000024 ], [ 35.009126365000043, 31.921054773000151 ], [ 35.009132480000119, 31.921053375000042 ], [ 35.009229180000091, 31.921031546000108 ], [ 35.009331991000181, 31.921008461000042 ], [ 35.009433658000148, 31.920982413000047 ], [ 35.010804714000074, 31.92063104600004 ], [ 35.010838602000035, 31.920622364000167 ], [ 35.010997900000064, 31.920607397000083 ], [ 35.011077567000029, 31.920592726000052 ], [ 35.011122851000039, 31.920584343000144 ], [ 35.011158553000143, 31.920577776000073 ], [ 35.011314609000067, 31.92053405900009 ], [ 35.011365369000032, 31.920516385000042 ], [ 35.011492513000064, 31.920472480000058 ], [ 35.01159879000005, 31.920440510000049 ], [ 35.011662133000073, 31.920421456000099 ], [ 35.01172639300006, 31.920405329000062 ], [ 35.011834546000046, 31.92037818600005 ], [ 35.011938015000169, 31.920357212000113 ], [ 35.011951236000073, 31.920354555000131 ], [ 35.011962477000054, 31.920352179000133 ], [ 35.011985922000122, 31.920347446000164 ], [ 35.012009584000111, 31.920342669000036 ], [ 35.012087175000033, 31.920330488 ], [ 35.012186419999978, 31.920314907000034 ], [ 35.01227036, 31.920305618999976 ], [ 35.012364728000193, 31.920295178000117 ], [ 35.012459735000164, 31.920288905000064 ], [ 35.012544014000127, 31.920283341000129 ], [ 35.012721475000149, 31.920271783000032 ], [ 35.012785259000054, 31.920267656000135 ], [ 35.012816157000145, 31.920265029000177 ], [ 35.012825080000084, 31.920264197000108 ], [ 35.012910679000129, 31.920256863000077 ], [ 35.0130987390001, 31.920234892999986 ], [ 35.013285818000043, 31.920207426000161 ], [ 35.013471755000012, 31.920174322000037 ], [ 35.013656215000026, 31.920135717000164 ], [ 35.013747625000121, 31.920114442000056 ], [ 35.013799694000056, 31.92010226400015 ], [ 35.014478727000039, 31.919943810000177 ], [ 35.014486331000114, 31.919941988 ], [ 35.014498561000096, 31.919939332000183 ], [ 35.015093275000083, 31.919809771000189 ], [ 35.015252614000019, 31.919775073000153 ], [ 35.016243837000047, 31.919564814000069 ], [ 35.017233909000083, 31.919351023000047 ], [ 35.01724052000003, 31.919349484 ], [ 35.017410773000165, 31.919310430000166 ], [ 35.017787473000055, 31.919223923 ], [ 35.01779904100016, 31.919221262000065 ], [ 35.018037072000027, 31.919161879000058 ], [ 35.018184681999969, 31.91912504600009 ], [ 35.018514296999967, 31.919037620000154 ], [ 35.018568352000102, 31.919023189000143 ], [ 35.018602405000024, 31.91901351600012 ], [ 35.018949884000051, 31.918915550000179 ], [ 35.0191297450001, 31.918861853000067 ], [ 35.019329115000062, 31.918802409000136 ], [ 35.019706042999985, 31.918683486000191 ], [ 35.019887064000159, 31.918627821000086 ], [ 35.020072866000078, 31.918576950000045 ], [ 35.020260971000084, 31.918531437000127 ], [ 35.020450714000049, 31.918491563000032 ], [ 35.020642098999986, 31.918457330000081 ], [ 35.020834628000046, 31.918428874000085 ], [ 35.020967838000047, 31.918403991000048 ], [ 35.020984703000124, 31.918398521000142 ], [ 35.021005031000186, 31.918394465000119 ], [ 35.021100591000106, 31.918360930000119 ], [ 35.021148537000158, 31.918344093000087 ], [ 35.021156968000071, 31.918341148000081 ], [ 35.021165568000072, 31.918336791000172 ], [ 35.021315407000145, 31.91826036100008 ], [ 35.021447280000132, 31.91816304800011 ], [ 35.021458864000181, 31.918154470000104 ], [ 35.021461676000058, 31.918151937000175 ], [ 35.021466144000044, 31.918147998000109 ], [ 35.021616104000032, 31.918012666000095 ], [ 35.021791409000059, 31.917843272000084 ], [ 35.021959786000082, 31.917668652000032 ], [ 35.022120903000143, 31.917489232000094 ], [ 35.022188973000084, 31.917407745000048 ], [ 35.022197750000032, 31.917397191000077 ], [ 35.022205367000026, 31.917388040999981 ], [ 35.022274596000159, 31.917305150000175 ], [ 35.022420697000086, 31.91711640300008 ], [ 35.022558874000083, 31.916923561000146 ], [ 35.022689131000106, 31.916726761000177 ], [ 35.022811300000171, 31.916526145000091 ], [ 35.022856405000084, 31.916443214000083 ], [ 35.02288741600006, 31.916386332000172 ], [ 35.023010793000083, 31.916159508000078 ], [ 35.023081129000047, 31.916018558000133 ], [ 35.023148492000189, 31.915876621000166 ], [ 35.023212883999975, 31.915733691000071 ], [ 35.023274469000057, 31.915589911000097 ], [ 35.023333081000089, 31.915445141000191 ], [ 35.023388557000033, 31.915299522000112 ], [ 35.02344122500017, 31.915153191000172 ], [ 35.023490758000094, 31.915006014000028 ], [ 35.023537315000112, 31.914858126000183 ], [ 35.023580903000152, 31.914709529000049 ], [ 35.023621515000173, 31.914560361000156 ], [ 35.02365882700002, 31.914410629000031 ], [ 35.023693329000025, 31.914260326000147 ], [ 35.023724531000141, 31.914109598000096 ], [ 35.023752756000079, 31.913958864000051 ], [ 35.023883591000185, 31.913149661000148 ], [ 35.023964751000108, 31.912557953000032 ], [ 35.024022424000179, 31.912062029000026 ], [ 35.024033692000046, 31.91196523900004 ], [ 35.024055127000167, 31.911740799000086 ], [ 35.024090570000169, 31.911371521000092 ], [ 35.02410194600003, 31.911219777000156 ], [ 35.024135226000112, 31.910776938000026 ], [ 35.02413642300013, 31.910756789000061 ], [ 35.024215625000124, 31.909500821000051 ], [ 35.024289351000164, 31.908257383000034 ], [ 35.024291234000032, 31.908224411000106 ], [ 35.024293109000098, 31.908195386000102 ], [ 35.024388577000025, 31.90673765300005 ], [ 35.024405965000028, 31.906472623000127 ], [ 35.024547741000049, 31.904739617000075 ], [ 35.024549096000044, 31.904722429000117 ], [ 35.024549434999983, 31.904718765000155 ], [ 35.02462765700011, 31.90361624500008 ], [ 35.024628165000138, 31.903609763000077 ], [ 35.024638578000179, 31.903361914000072 ], [ 35.024653513000089, 31.903002610000158 ], [ 35.024663186000112, 31.902793934000158 ], [ 35.024672029000044, 31.902668677000179 ], [ 35.024673727000163, 31.902645568000139 ], [ 35.024679807000155, 31.902578788000085 ], [ 35.024687243000017, 31.902497490000144 ], [ 35.02470389299998, 31.902349557000036 ], [ 35.024723353000184, 31.90220191200018 ], [ 35.024745953000092, 31.902054551000163 ], [ 35.02475597900002, 31.901997215000051 ], [ 35.02477168900009, 31.901907476000133 ], [ 35.024793221000095, 31.901796609000144 ], [ 35.024800232000075, 31.901760830000114 ], [ 35.024808900000096, 31.901720965000095 ], [ 35.024831910000046, 31.901614750000078 ], [ 35.024833080000121, 31.901609116000145 ], [ 35.024868938000054, 31.90143810100011 ], [ 35.024923145, 31.901179183000011 ], [ 35.024925148000079, 31.901169464000191 ], [ 35.024974091000161, 31.900899691000177 ], [ 35.025015077000148, 31.900644136999972 ], [ 35.025017418000118, 31.900629343 ], [ 35.025055297000108, 31.900358286000028 ], [ 35.025087561000134, 31.90008665400012 ], [ 35.025189721000061, 31.899147202000051 ], [ 35.025291881000157, 31.898207752000133 ], [ 35.025292386000103, 31.898203666000143 ], [ 35.025349617000131, 31.897753959000113 ], [ 35.025357314000132, 31.897704087000079 ], [ 35.025389276000112, 31.897499248000088 ], [ 35.025434223000047, 31.897245110000028 ], [ 35.025484283000083, 31.896991821000142 ], [ 35.025539131000187, 31.896741220000081 ], [ 35.025539630000139, 31.896739247000028 ], [ 35.025600096000176, 31.89648752800008 ], [ 35.025600596, 31.89648541400004 ], [ 35.025699237000083, 31.896057326000175 ], [ 35.025744788000054, 31.895829537000054 ], [ 35.025770011000077, 31.895689086000061 ], [ 35.025785716000087, 31.895601038000052 ], [ 35.025792743000011, 31.895556097000167 ], [ 35.025821852000036, 31.895371969000053 ], [ 35.025853367000082, 31.895142470000167 ], [ 35.025854037000101, 31.895137821000048 ], [ 35.025872774000163, 31.89501962200012 ], [ 35.025874446000103, 31.895008775000179 ], [ 35.025882644000092, 31.894956791000141 ], [ 35.025923819000013, 31.894769578000023 ], [ 35.025976384000046, 31.894584638000026 ], [ 35.026040339000076, 31.894402109000112 ], [ 35.026115356000162, 31.894222836999973 ], [ 35.026201265000054, 31.894046963 ], [ 35.026297738000153, 31.893875334000086 ], [ 35.026331709000033, 31.893819018000045 ], [ 35.026459467000109, 31.893612346 ], [ 35.026595861000033, 31.893381447000024 ], [ 35.026599508000061, 31.893375395000021 ], [ 35.026730288000067, 31.893144067000094 ], [ 35.026734598000075, 31.893136323000135 ], [ 35.026848810000104, 31.892929629000093 ], [ 35.027345933000106, 31.892030489000149 ], [ 35.027400375000184, 31.89189656200017 ], [ 35.027404856000089, 31.89188557500006 ], [ 35.027407350000146, 31.891876137000168 ], [ 35.027413842000158, 31.891852334000077 ], [ 35.027440798000043, 31.891751056000032 ], [ 35.027446687000122, 31.891698082000062 ], [ 35.027452403000041, 31.891647503000058 ], [ 35.027456439, 31.891611575000127 ], [ 35.027446005000058, 31.891541669000048 ], [ 35.02743802100008, 31.891488534000132 ], [ 35.027436225000145, 31.891476976000092 ], [ 35.027427345000092, 31.891457517000163 ], [ 35.027411746000155, 31.891412121000144 ], [ 35.027386893000141, 31.891369387000168 ], [ 35.02737834200002, 31.891350493000175 ], [ 35.02737174900011, 31.891343015000132 ], [ 35.027229700000191, 31.891182450000031 ], [ 35.027103963000172, 31.891041918000155 ], [ 35.026989968000066, 31.890894219000074 ], [ 35.02694056200005, 31.890821719000144 ], [ 35.026937765000071, 31.890817769000193 ], [ 35.026821174000133, 31.890646390000086 ], [ 35.026729273000058, 31.890516899000147 ], [ 35.02671346000011, 31.890495597000154 ], [ 35.026634728000147, 31.890388813000186 ], [ 35.026537537000024, 31.89026213000011 ], [ 35.026534244000175, 31.890257899 ], [ 35.025700756000163, 31.889154886000142 ], [ 35.025696967000101, 31.889149668000073 ], [ 35.025237965000144, 31.88850911000003 ], [ 35.025235662000057, 31.888505725000186 ], [ 35.025173909000159, 31.888414747000127 ], [ 35.025081863000025, 31.888279054000179 ], [ 35.024993451000171, 31.888141535000045 ], [ 35.024973534000026, 31.888109236000162 ], [ 35.024907852000069, 31.888002750000055 ], [ 35.024830822000126, 31.887872151000181 ], [ 35.024825226000189, 31.887862702000177 ], [ 35.024820454000121, 31.887854382 ], [ 35.024745412000129, 31.887721532000057 ], [ 35.024687660000154, 31.887614494000047 ], [ 35.02466857100012, 31.887579095999968 ], [ 35.024638303000074, 31.887520433000191 ], [ 35.024594544000081, 31.887435541000116 ], [ 35.024523488000057, 31.887291000000118 ], [ 35.024482380000052, 31.887202729000023 ], [ 35.024455083000191, 31.887144209000155 ], [ 35.024427918000185, 31.887077044000193 ], [ 35.024399539000058, 31.887006878000079 ], [ 35.024375221000184, 31.886925497000163 ], [ 35.024351475000174, 31.886846027000161 ], [ 35.024320261000071, 31.886683226000116 ], [ 35.024305568000159, 31.88651805500001 ], [ 35.024300633000053, 31.886427159000164 ], [ 35.024292676000186, 31.886278345000107 ], [ 35.024280755000177, 31.886129665000055 ], [ 35.024265698000079, 31.885981121000043 ], [ 35.024247667000111, 31.885832854000114 ], [ 35.024229430999981, 31.885704879000059 ], [ 35.024226665000128, 31.8856847240001 ], [ 35.024212284999976, 31.885526882000192 ], [ 35.024214115000177, 31.885438180000108 ], [ 35.024214516000086, 31.885418769000012 ], [ 35.024215033000075, 31.885393723000107 ], [ 35.024217386000146, 31.885372871000129 ], [ 35.024218061000113, 31.885367096000095 ], [ 35.024223778000135, 31.885316657000089 ], [ 35.024233508000066, 31.885241987000143 ], [ 35.024236865999967, 31.885215502000165 ], [ 35.02424070800015, 31.88519267900017 ], [ 35.024242714000138, 31.885181408 ], [ 35.024256727000136, 31.885101914000188 ], [ 35.024258085000042, 31.885094208000112 ], [ 35.024259876000144, 31.885086757000067 ], [ 35.024293228000033, 31.884947992000093 ], [ 35.024336190000042, 31.884806687000037 ], [ 35.024337122000134, 31.884803622000049 ], [ 35.024338245000138, 31.884800592000147 ], [ 35.024368339000148, 31.884719402000144 ], [ 35.024372325000115, 31.884708698000168 ], [ 35.024375482000096, 31.884699967000074 ], [ 35.024389928000062, 31.884661238000149 ], [ 35.024450983, 31.884522303000097 ], [ 35.024451317000057, 31.884521543000062 ], [ 35.024451696000028, 31.884520800000075 ], [ 35.02452112300017, 31.884384678000174 ], [ 35.024599342000158, 31.88425120900007 ], [ 35.024685649000105, 31.884121416000085 ], [ 35.024775310000109, 31.884001670000089 ], [ 35.024779873000057, 31.883995577000064 ], [ 35.024784796, 31.883989701000075 ], [ 35.024881519000132, 31.883874262000063 ], [ 35.02491064700007, 31.883843303000049 ], [ 35.024918096000022, 31.88383542400004 ], [ 35.025060107000172, 31.883679642000118 ], [ 35.025515733000191, 31.883197406000193 ], [ 35.025521525000158, 31.883191213000089 ], [ 35.025992832000156, 31.88270970200017 ], [ 35.026474197000084, 31.882235108000145 ], [ 35.02659896800003, 31.88210903300012 ], [ 35.026700755000036, 31.881998142000043 ], [ 35.026797757000054, 31.881884145000129 ], [ 35.026890307000087, 31.881767323000076 ], [ 35.026977246000058, 31.881648378000079 ], [ 35.026978904000032, 31.881645984000045 ], [ 35.027065206000088, 31.881513793000067 ], [ 35.027112445000171, 31.881427907000045 ], [ 35.027124876000187, 31.881405378000068 ], [ 35.027130014000079, 31.881396227000096 ], [ 35.02714493100018, 31.881369192000079 ], [ 35.027212605000102, 31.881220206000023 ], [ 35.027267904000155, 31.881067537999968 ], [ 35.027276886000152, 31.881035845000099 ], [ 35.027278881000086, 31.881028802000174 ], [ 35.02728536800015, 31.881006267000146 ], [ 35.027321123000036, 31.880880764000153 ], [ 35.027368247000027, 31.880685952000192 ], [ 35.027383427000188, 31.880609459000027 ], [ 35.027387764000082, 31.880587904000095 ], [ 35.027389766999988, 31.880578185000104 ], [ 35.027407281000194, 31.880490000000179 ], [ 35.027438226000186, 31.880292908 ], [ 35.027461246000144, 31.880094958000143 ], [ 35.027476009000054, 31.879896576000078 ], [ 35.027482844000133, 31.879697899000064 ], [ 35.027481693000141, 31.879613491000043 ], [ 35.027481558000034, 31.879598412000121 ], [ 35.027465158000098, 31.878464887 ], [ 35.027463136000108, 31.878318901 ], [ 35.027421926000102, 31.877039919000083 ], [ 35.02742144500013, 31.877032449000183 ], [ 35.027407478000157, 31.876749619 ], [ 35.027384053000048, 31.876406603000078 ], [ 35.027353690000155, 31.876064001000145 ], [ 35.027316226000039, 31.875721810000186 ], [ 35.027271826000117, 31.875380315000086 ], [ 35.027260746000081, 31.875306177000141 ], [ 35.027220489000058, 31.875039513000104 ], [ 35.02718784100017, 31.874849939000057 ], [ 35.027162053000154, 31.874699546000159 ], [ 35.027138518000072, 31.874577201000079 ], [ 35.027096843000095, 31.874360417000048 ], [ 35.026559355000018, 31.871714423000128 ], [ 35.026556570000082, 31.87170469400013 ], [ 35.026520815000026, 31.871583317000159 ], [ 35.026503256000126, 31.871445195999968 ], [ 35.026503958000148, 31.871424764000096 ], [ 35.026505873000076, 31.871376434000183 ], [ 35.026508489000094, 31.871306264000054 ], [ 35.026516829000059, 31.871265271000141 ], [ 35.026528001000088, 31.871210050000059 ], [ 35.026536339000074, 31.871169339000176 ], [ 35.026561074000085, 31.871103567000034 ], [ 35.02657171300018, 31.871069482000166 ], [ 35.026579004000155, 31.871055964000107 ], [ 35.026586143000145, 31.871036953000043 ], [ 35.02665706800002, 31.87091192500003 ], [ 35.02674519500016, 31.870771000000161 ], [ 35.026813645000118, 31.870645125000124 ], [ 35.026874173000181, 31.870516278000025 ], [ 35.026926779000064, 31.870385024000029 ], [ 35.026971134000121, 31.870251501999974 ], [ 35.026980949000119, 31.870214879000059 ], [ 35.026983279000149, 31.870206428000188 ], [ 35.026985940000088, 31.870196147000115 ], [ 35.027007402999971, 31.870116280000161 ], [ 35.027035252000076, 31.869979494000063 ], [ 35.027054681000152, 31.869841709000127 ], [ 35.02705794200017, 31.869778868000139 ], [ 35.027060181000081, 31.869733496000094 ], [ 35.027061725000067, 31.869704048000187 ], [ 35.027050879000058, 31.8696783850001 ], [ 35.027016034999974, 31.869596605000083 ], [ 35.027007820000108, 31.869577289000063 ], [ 35.026997762000178, 31.869569523000166 ], [ 35.026893728000061, 31.869489615000077 ], [ 35.026889604000075, 31.869488341000192 ], [ 35.026874256000099, 31.869483529000149 ], [ 35.026757068000165, 31.86945855700003 ], [ 35.026736769000138, 31.869454160000089 ], [ 35.024968794000131, 31.869456502000105 ], [ 35.023464703000116, 31.869464108000045 ], [ 35.023200640000027, 31.869465443000081 ], [ 35.023101402000179, 31.869465577000085 ], [ 35.023027591000016, 31.869465749000085 ], [ 35.02253255, 31.869467266000129 ], [ 35.021864471000072, 31.869463733000089 ], [ 35.021034726000096, 31.869465165 ], [ 35.02101738600004, 31.869465139000056 ], [ 35.020696210000153, 31.869471702000112 ], [ 35.020447360000162, 31.869476824 ], [ 35.019965824999986, 31.869493711000075 ], [ 35.019877645000179, 31.869496819000176 ], [ 35.019788304000144, 31.869501333000187 ], [ 35.019308404000071, 31.869525407000026 ], [ 35.019302626000126, 31.869525680000152 ], [ 35.019183231000113, 31.869531419000168 ], [ 35.018751227000052, 31.869552039000098 ], [ 35.018498242000192, 31.869559828000149 ], [ 35.018318742000076, 31.869565474000069 ], [ 35.018164347000152, 31.869567914000072 ], [ 35.017886105000059, 31.869572280000114 ], [ 35.017863483000156, 31.869572387 ], [ 35.016089215000079, 31.869582630000082 ], [ 35.014292179000051, 31.869583229000057 ], [ 35.014111866000178, 31.869582806000096 ], [ 35.013498272, 31.869581286000141 ], [ 35.012704365000161, 31.869579340000143 ], [ 35.012683890000119, 31.869579307000038 ], [ 35.01262890300012, 31.869579784 ], [ 35.01262114300016, 31.869579772000179 ], [ 35.012601756000095, 31.869579926000029 ], [ 35.012443303000055, 31.869581185000015 ], [ 35.012257692000048, 31.869586107000089 ], [ 35.01207224500007, 31.869593566000106 ], [ 35.011886952999987, 31.869603984000037 ], [ 35.011701823000124, 31.869616938000092 ], [ 35.011517183000137, 31.869632851000063 ], [ 35.011332698000047, 31.86965144300018 ], [ 35.011148705000039, 31.869672712000067 ], [ 35.010965200000044, 31.869696799 ], [ 35.010802805000026, 31.869720550000125 ], [ 35.010782185000096, 31.869723566000175 ], [ 35.010144259000072, 31.869823581000048 ], [ 35.008747333000088, 31.870042594000097 ], [ 35.0073860010001, 31.870263567 ], [ 35.006736723000188, 31.870368959000189 ], [ 35.006714920000093, 31.870372445000157 ], [ 35.006052035000039, 31.870479734000071 ], [ 35.005388334000088, 31.87058321700016 ], [ 35.005323092000026, 31.870591283000124 ], [ 35.005174275000059, 31.870609641000044 ], [ 35.005004001000032, 31.870622045000175 ], [ 35.004833253000072, 31.870626700000116 ], [ 35.004662521000171, 31.870623885000157 ], [ 35.004615797000042, 31.870620990000191 ], [ 35.004605562000165, 31.870620269000028 ], [ 35.004602287000182, 31.870620077000183 ], [ 35.004600345000028, 31.870619963000024 ], [ 35.00459317800005, 31.870619544000078 ], [ 35.004491969000071, 31.870613318999972 ], [ 35.004322428000194, 31.870595147000074 ], [ 35.004154222000125, 31.87056950900012 ], [ 35.004051562000143, 31.870549330000131 ], [ 35.004043309999986, 31.870547766000186 ], [ 35.004042485000014, 31.870547604000137 ], [ 35.003944577000084, 31.870528359000048 ], [ 35.003820653000162, 31.870504 ], [ 35.003804974, 31.870500876 ], [ 35.003571418000035, 31.870458078000013 ], [ 35.00347683800004, 31.870442141000069 ], [ 35.003337030000182, 31.870418660000155 ], [ 35.003138290000095, 31.870388461000061 ], [ 35.003101808999986, 31.870382904000053 ], [ 35.002884093000091, 31.870346331000121 ], [ 35.002667721000137, 31.870300038000096 ], [ 35.002663529000131, 31.870298940000168 ], [ 35.002454340000156, 31.870244028000059 ], [ 35.002316393000058, 31.870201949000091 ], [ 35.002314249000051, 31.870201240000085 ], [ 35.00226639400006, 31.870186647000025 ], [ 35.002112589000035, 31.87014778300005 ], [ 35.001955286000111, 31.870120467000049 ], [ 35.001931844000126, 31.870118175000073 ], [ 35.001923424000097, 31.870117317000165 ], [ 35.001905098000179, 31.870115593000037 ], [ 35.001795813000115, 31.870104846000118 ], [ 35.001672957999972, 31.870105347000049 ], [ 35.001563316000158, 31.870105869000099 ], [ 35.001490166000167, 31.870106171000145 ], [ 35.001274648000106, 31.870119200000033 ], [ 35.001059612000063, 31.870138571000155 ], [ 35.00084555400008, 31.870164286000033 ], [ 35.000632802000098, 31.87019634100011 ], [ 35.00050824200008, 31.870217680000053 ], [ 35.000490242000183, 31.870220764000123 ], [ 35.000484462000088, 31.870221740000034 ], [ 35.000457865999977, 31.870226205000108 ], [ 35.000293856000098, 31.870244392000131 ], [ 35.000180901000078, 31.870248431000164 ], [ 35.00016191200001, 31.870249103000049 ], [ 35.000151508000044, 31.870249508000029 ], [ 35.000128719000031, 31.870250318000046 ], [ 34.999963610000123, 31.87024398200009 ], [ 34.999924990000125, 31.870235605000175 ], [ 34.999919823000141, 31.87023449000003 ], [ 34.998882749000131, 31.870010655000044 ], [ 34.998696211000151, 31.869987939000112 ], [ 34.998493347000078, 31.869956738000099 ], [ 34.998267720000172, 31.869915072000026 ], [ 34.997988925000072, 31.869871341000078 ], [ 34.997752417000072, 31.869822610000028 ], [ 34.997461535000127, 31.869794360000185 ], [ 34.997237363000067, 31.86976594000015 ], [ 34.997071963000053, 31.86974297200004 ], [ 34.996865630000116, 31.869712751000066 ], [ 34.996677305000105, 31.8696784710001 ], [ 34.996413050000172, 31.869632650000142 ], [ 34.995911894000074, 31.869565006000016 ], [ 34.995611807000046, 31.869519403000083 ], [ 34.995349856000132, 31.869477107000137 ], [ 34.995049761000075, 31.86943474300017 ], [ 34.99476239, 31.869389161000129 ], [ 34.994494980000127, 31.869351503000019 ], [ 34.994215372000042, 31.869305933000192 ], [ 34.993973547000053, 31.869271276000063 ], [ 34.993804353000087, 31.869247735000158 ], [ 34.993600659000094, 31.869219483000109 ], [ 34.993304050000177, 31.869170782000083 ], [ 34.993089472000179, 31.869136313000183 ], [ 34.992813317000127, 31.869096381000077 ], [ 34.99275076400005, 31.869088297000133 ], [ 34.992748114000165, 31.869087955000111 ], [ 34.992595095000183, 31.869067963000191 ], [ 34.992402296000137, 31.869041279000157 ], [ 34.992194978000043, 31.869008369000085 ], [ 34.991956626000047, 31.868973858000174 ], [ 34.991723713000056, 31.868942312 ], [ 34.991481894, 31.868907791000083 ], [ 34.991254455000103, 31.868865546000052 ], [ 34.991060023000045, 31.86883223500007 ], [ 34.990845439000054, 31.868800861000125 ], [ 34.990567113000111, 31.868772333999971 ], [ 34.99036343500012, 31.868737877000058 ], [ 34.990157931000169, 31.868708069000093 ], [ 34.989954059000183, 31.868685873000061 ], [ 34.989697720000038, 31.868646673000171 ], [ 34.989379337000059, 31.868590314000016 ], [ 34.989164751000033, 31.868560348000017 ], [ 34.988735927000107, 31.868494210000051 ], [ 34.988503177000041, 31.868464351000171 ], [ 34.98820832500013, 31.868442132000041 ], [ 34.988204598000095, 31.868441084000096 ], [ 34.987887713000077, 31.868351946000189 ], [ 34.987885151000057, 31.868351306000136 ], [ 34.987554702000182, 31.868268785000168 ], [ 34.987167552000074, 31.868178197000134 ], [ 34.986851669000146, 31.868111974000044 ], [ 34.986590590000162, 31.868055005000087 ], [ 34.986582015000067, 31.868052860000148 ], [ 34.986433985000076, 31.868015836000097 ], [ 34.986204635000092, 31.867962395000063 ], [ 34.986192058000029, 31.86795946400008 ], [ 34.986188885000047, 31.867958619000092 ], [ 34.985907575000056, 31.867883709000125 ], [ 34.985906974000045, 31.867883576000168 ], [ 34.985608706000107, 31.867817654000078 ], [ 34.985353083000177, 31.867757028000028 ], [ 34.98534236800009, 31.867754479000041 ], [ 34.985278492000134, 31.867739283000049 ], [ 34.984899931000143, 31.867648703000043 ], [ 34.984741476000067, 31.867614389000039 ], [ 34.984739848000117, 31.867614036000077 ], [ 34.984504349000076, 31.867563026000141 ], [ 34.984094587000129, 31.867469994000089 ], [ 34.983769992000191, 31.867391629000053 ], [ 34.98348270200006, 31.867318260000104 ], [ 34.983298195000145, 31.867278614000043 ], [ 34.983069304000139, 31.86722747400006 ], [ 34.982990581000081, 31.867211409000049 ], [ 34.982987874000116, 31.867210702000079 ], [ 34.982694880000054, 31.867134219999969 ], [ 34.982387415000119, 31.867072931000166 ], [ 34.982117099000106, 31.867014104000191 ], [ 34.981829625000103, 31.866948060000027 ], [ 34.98155634799997, 31.866884295000034 ], [ 34.981314428000019, 31.866828055000155 ], [ 34.981061295000131, 31.86676446600012 ], [ 34.980821031000175, 31.866705551000166 ], [ 34.979830247000052, 31.866473212000187 ], [ 34.979827088000093, 31.866472483000052 ], [ 34.979823480000164, 31.866471651000154 ], [ 34.97968651399998, 31.866439553000134 ], [ 34.979415207000045, 31.866381142000193 ], [ 34.978868159000058, 31.866256843000144 ], [ 34.978181838000182, 31.866097477000096 ], [ 34.978178670000091, 31.866096633000041 ], [ 34.977733684000043, 31.865978145000156 ], [ 34.977437576000057, 31.865869097000029 ], [ 34.977212026000075, 31.865804566000122 ], [ 34.977190642000096, 31.865797542000053 ], [ 34.977041601999986, 31.865748590000123 ], [ 34.976809097000057, 31.865665756000169 ], [ 34.976776008000058, 31.865653968000061 ], [ 34.976490455000146, 31.865550856000084 ], [ 34.976244959999974, 31.865473321000138 ], [ 34.975934309000138, 31.865370161000158 ], [ 34.975453197000093, 31.865228073000083 ], [ 34.975182639000138, 31.865137665000077 ], [ 34.974581205000106, 31.864978300000132 ], [ 34.974580223000032, 31.864978076000114 ], [ 34.974335493000183, 31.864922180000121 ], [ 34.974332825000147, 31.864921456000047 ], [ 34.974049879000177, 31.864844708000078 ], [ 34.97404887, 31.864844491000156 ], [ 34.973669007000126, 31.864762686000063 ], [ 34.972696580000047, 31.864534133000063 ], [ 34.972187486000166, 31.864424671000052 ], [ 34.971886620000134, 31.864372669000034 ], [ 34.971706241000049, 31.864338084999986 ], [ 34.971380329999988, 31.86426475900015 ], [ 34.971104770000125, 31.864195894000034 ], [ 34.971104347000164, 31.864195770000038 ], [ 34.970869169000082, 31.864126964000036 ], [ 34.970865061000097, 31.864125915000045 ], [ 34.970683871, 31.864079550000042 ], [ 34.970683697000027, 31.864079508000032 ], [ 34.96997215600004, 31.863919950000138 ], [ 34.969425786000102, 31.863798992000056 ], [ 34.96889958200012, 31.863669757000139 ], [ 34.968898101000093, 31.86366935000018 ], [ 34.968676510000137, 31.863608456000122 ], [ 34.968350807000093, 31.863522297000031 ], [ 34.968349827000168, 31.863522079000177 ], [ 34.968060050000076, 31.863457624000091 ], [ 34.967223022000098, 31.863297771000077 ], [ 34.967220847000192, 31.863297097000043 ], [ 34.966870304000054, 31.86318844900012 ], [ 34.966864366000095, 31.863186605000124 ], [ 34.966804643000046, 31.863168171000041 ], [ 34.966424738000171, 31.863100363000115 ], [ 34.966213234000065, 31.863067663000038 ], [ 34.966209687, 31.863067115000035 ], [ 34.966057846000183, 31.863043712000092 ], [ 34.96570417800001, 31.862981590000118 ], [ 34.965389793000043, 31.862925038000071 ], [ 34.965016536000178, 31.862840469999981 ], [ 34.964839600000062, 31.862817720000066 ], [ 34.964682286000027, 31.862788446000138 ], [ 34.96464981600019, 31.862782403999972 ], [ 34.964634506000152, 31.862780396000176 ], [ 34.964633477000177, 31.862780261000069 ], [ 34.964628309000091, 31.862779150000051 ], [ 34.964413841000123, 31.862733048000166 ], [ 34.964164914000037, 31.86271030000006 ], [ 34.963843973000053, 31.862636964000046 ], [ 34.963595077000036, 31.862602939000169 ], [ 34.963228368000159, 31.862540645000138 ], [ 34.962998946000027, 31.862511167000036 ], [ 34.962994840000022, 31.862510618000044 ], [ 34.962994705000142, 31.862510595000174 ], [ 34.962991517000034, 31.862510165000117 ], [ 34.962920380000071, 31.862501008000152 ], [ 34.962645263000184, 31.862455659000034 ], [ 34.962409577000187, 31.862421660000166 ], [ 34.961990413000137, 31.862342628000192 ], [ 34.961368059000165, 31.862240792000136 ], [ 34.961073340000041, 31.862178774000142 ], [ 34.961069235000139, 31.862177737000138 ], [ 34.960739387000046, 31.862094136000053 ], [ 34.960510233999969, 31.862026602000185 ], [ 34.960506141999986, 31.862025570000071 ], [ 34.960287491000145, 31.8619703600001 ], [ 34.960104224000133, 31.861908419000088 ], [ 34.959934016000091, 31.861841006000077 ], [ 34.959757351000121, 31.861779219000027 ], [ 34.959528382000087, 31.86164461400017 ], [ 34.959506121000118, 31.861621949000153 ], [ 34.959423829000059, 31.861538160000066 ], [ 34.959327525999981, 31.861409019000121 ], [ 34.959301437000079, 31.861374035000097 ], [ 34.959203916999968, 31.861230814000066 ], [ 34.959172787000057, 31.861175686000081 ], [ 34.959125212000117, 31.861091434000059 ], [ 34.959063350000179, 31.860956618000102 ], [ 34.959022958000048, 31.860868590999985 ], [ 34.958942285000035, 31.860724418000075 ], [ 34.958767375000093, 31.860444498000163 ], [ 34.958639578000088, 31.860265565000191 ], [ 34.958447430000035, 31.860071991000154 ], [ 34.958278843000187, 31.859956391000026 ], [ 34.95809347200003, 31.859820603000173 ], [ 34.957894452000119, 31.859664496000107 ], [ 34.957611399000029, 31.859447771000021 ], [ 34.957489962000182, 31.859358189000091 ], [ 34.957257295000034, 31.859190600000147 ], [ 34.95704500100004, 31.858999944 ], [ 34.957033066000065, 31.858989345000111 ], [ 34.95692938000019, 31.858897267000145 ], [ 34.956805631000179, 31.85871081900018 ], [ 34.956791432000159, 31.858689426000069 ], [ 34.956773556000087, 31.858668500000135 ], [ 34.956690384000126, 31.858571139000162 ], [ 34.956641556000193, 31.858483681000052 ], [ 34.956638796000107, 31.858478738000088 ], [ 34.956609717000106, 31.858426824000048 ], [ 34.956512264000139, 31.85826232300019 ], [ 34.956383816000141, 31.858021808999979 ], [ 34.956286831000057, 31.85786858300014 ], [ 34.956218575000094, 31.857713723000074 ], [ 34.956167433000132, 31.85758017600017 ], [ 34.956089607000081, 31.857423747999974 ], [ 34.956022119000181, 31.857230984000012 ], [ 34.956020986000169, 31.85722309099998 ], [ 34.955962207000027, 31.857044435000148 ], [ 34.955903645000149, 31.856847322000078 ], [ 34.95587530500012, 31.856707198000038 ], [ 34.955850920000103, 31.856570463000025 ], [ 34.955841768000084, 31.856417413000145 ], [ 34.95582884900017, 31.856252943000186 ], [ 34.955830690000028, 31.856189515000096 ], [ 34.955833046000066, 31.856108375000133 ], [ 34.955846148000091, 31.856027039000139 ], [ 34.955856396000058, 31.855963423000048 ], [ 34.955900923000058, 31.855742138000096 ], [ 34.95593773600018, 31.855564662000177 ], [ 34.955968781000024, 31.855382385000098 ], [ 34.956005555000047, 31.855219422000062 ], [ 34.956057585000053, 31.855031126000085 ], [ 34.95611352200018, 31.85480338300016 ], [ 34.956144522000102, 31.854637309999987 ], [ 34.956190963000097, 31.854440406000037 ], [ 34.956231478000177, 31.854297180000117 ], [ 34.956251059000124, 31.854200977000062 ], [ 34.956266289000098, 31.854126323000116 ], [ 34.956306850000033, 31.853965905000166 ], [ 34.956347430000164, 31.853798299000118 ], [ 34.956391913, 31.85359322100004 ], [ 34.956428502000108, 31.853435331000128 ], [ 34.956476717000101, 31.853253086000052 ], [ 34.956508783000118, 31.853116518000149 ], [ 34.956525165000016, 31.853046747000121 ], [ 34.956540130000121, 31.85299894200017 ], [ 34.956569469000158, 31.852905218000046 ], [ 34.956715313000132, 31.852821104000043 ], [ 34.956837560000054, 31.852732575000061 ], [ 34.956948278000141, 31.85263359400011 ], [ 34.957046146000096, 31.852525287000162 ], [ 34.95712818100003, 31.852411877000179 ], [ 34.95712984000005, 31.852408780000189 ], [ 34.957136308000088, 31.852397378000148 ], [ 34.957199847000084, 31.852285620000146 ], [ 34.957253856000193, 31.852156654000112 ], [ 34.957327844000133, 31.85196713300013 ], [ 34.957385066000029, 31.851810272000023 ], [ 34.957435521000036, 31.851653113000111 ], [ 34.957435857000064, 31.851651282000034 ], [ 34.957480208000106, 31.851491717000044 ], [ 34.957517961000121, 31.851330588000167 ], [ 34.957549115, 31.85116831800002 ], [ 34.957573665000098, 31.85100533300016 ], [ 34.957591447000141, 31.850841627000079 ], [ 34.957635111000059, 31.850391498000079 ], [ 34.957638507000127, 31.850357262000102 ], [ 34.957642230000033, 31.850324860000057 ], [ 34.957701260000078, 31.849808954000025 ], [ 34.957702272000176, 31.849800784000024 ], [ 34.957830836000142, 31.848732357000188 ], [ 34.957950835000076, 31.847655038000141 ], [ 34.957951346000186, 31.847649260000026 ], [ 34.957983777000095, 31.847321280000074 ], [ 34.958019145000037, 31.846884802000034 ], [ 34.958025022000072, 31.846788429000128 ], [ 34.958045603000073, 31.846447742000066 ], [ 34.958056069000065, 31.846182705999979 ], [ 34.958062977999987, 31.846010384000124 ], [ 34.95806315100009, 31.846007427000131 ], [ 34.958072548000075, 31.84577127600005 ], [ 34.95808690500013, 31.845532174000027 ], [ 34.958087084000056, 31.845526961000189 ], [ 34.958106736000047, 31.845282939000072 ], [ 34.958131341000069, 31.845039068000062 ], [ 34.958146033000048, 31.8449184750001 ], [ 34.958161061000055, 31.844795770000189 ], [ 34.95819321200014, 31.844569106000051 ], [ 34.958195566000143, 31.84455290600016 ], [ 34.958197246999987, 31.844542622000176 ], [ 34.958235191000142, 31.844310613000118 ], [ 34.958320924000191, 31.843806738000069 ], [ 34.958406493000098, 31.843303006000099 ], [ 34.958561696000061, 31.842264645000114 ], [ 34.95863936700016, 31.84162928100011 ], [ 34.958670233000078, 31.84138922700015 ], [ 34.958692744000075, 31.841245259000118 ], [ 34.958693413000049, 31.841241737000189 ], [ 34.958719070000086, 31.8410956620001 ], [ 34.958748027000127, 31.840949450999972 ], [ 34.958779954000192, 31.840803811 ], [ 34.958814850000067, 31.840658600000154 ], [ 34.958852551000064, 31.840513958000088 ], [ 34.958893389000082, 31.840369884999973 ], [ 34.958937193000111, 31.840226381000036 ], [ 34.958983804000184, 31.840083587000095 ], [ 34.959033381000097, 31.839941506000173 ], [ 34.959085762000086, 31.839800272000048 ], [ 34.959139478000054, 31.839654817000167 ], [ 34.959181914000055, 31.839528078000058 ], [ 34.959223523, 31.839403453000159 ], [ 34.959224353000081, 31.839401202000033 ], [ 34.959225022000055, 31.839398807000123 ], [ 34.959261513000115, 31.839273185000025 ], [ 34.959298672000102, 31.839145169000119 ], [ 34.959300173000145, 31.839139534000083 ], [ 34.95933269700015, 31.839016442000172 ], [ 34.959461625000188, 31.838527871000167 ], [ 34.959462461000044, 31.838525053000126 ], [ 34.959547430999976, 31.838236491000032 ], [ 34.959638339000037, 31.837949490000028 ], [ 34.959735020000153, 31.837663770000177 ], [ 34.959837639, 31.837379469000041 ], [ 34.95990779400006, 31.837196420000055 ], [ 34.959946030000026, 31.837096873000064 ], [ 34.960000730000104, 31.836951839000164 ], [ 34.960027166000145, 31.836881577000042 ], [ 34.960075412000094, 31.836742872000173 ], [ 34.960099712000101, 31.83666880100003 ], [ 34.960121018000109, 31.836603458000184 ], [ 34.960145336000153, 31.836523186000136 ], [ 34.960163491000174, 31.83646347399997 ], [ 34.960185656000135, 31.836384890000033 ], [ 34.960203322000154, 31.836322781000149 ], [ 34.960240351000152, 31.836181096000075 ], [ 34.960282029000041, 31.836029838000172 ], [ 34.960345432000054, 31.835839732000068 ], [ 34.960420549000105, 31.83565274800003 ], [ 34.960443957000109, 31.835603192000065 ], [ 34.96044943600009, 31.835591508000164 ], [ 34.960455745, 31.835578131000034 ], [ 34.960507043000177, 31.835469308000143 ], [ 34.960604586000159, 31.83528997600007 ], [ 34.960713174999967, 31.835115319000067 ], [ 34.960789568000166, 31.835004571000184 ], [ 34.960791559000086, 31.835001756 ], [ 34.960864635000064, 31.834895794000147 ], [ 34.960867123000128, 31.834892135000075 ], [ 34.960905413000091, 31.834832463000112 ], [ 34.960954144000141, 31.834756888000186 ], [ 34.960980677000123, 31.834711849000087 ], [ 34.96103556200012, 31.834619096000154 ], [ 34.961087831999976, 31.834518306000177 ], [ 34.961092476000033, 31.834509436000133 ], [ 34.961106578000113, 31.834482128 ], [ 34.961170200000083, 31.834333165000032 ], [ 34.961221288000047, 31.834180657000047 ], [ 34.961228462000065, 31.834151925000128 ], [ 34.961230965000027, 31.834141927000189 ], [ 34.961234638000064, 31.834126997 ], [ 34.96126, 31.834025590000067 ], [ 34.961285843000098, 31.833868520000067 ], [ 34.961291356000118, 31.833782998000061 ], [ 34.961317908000183, 31.833364821000032 ], [ 34.961329711000189, 31.833150091 ], [ 34.961362695000105, 31.83255000600019 ], [ 34.961363041000141, 31.832544089000123 ], [ 34.961376460000054, 31.832343033000029 ], [ 34.961384416000044, 31.832268927000143 ], [ 34.961388651000107, 31.832228494000049 ], [ 34.961389841000027, 31.83221694100007 ], [ 34.961400848000153, 31.832113815000071 ], [ 34.961434476000079, 31.831885461000184 ], [ 34.961477508000087, 31.831658253000057 ], [ 34.961529781000081, 31.831432472000074 ], [ 34.961591127000133, 31.831208259000107 ], [ 34.961625098000013, 31.831097004000071 ], [ 34.961671391000039, 31.83094575400014 ], [ 34.961693704000027, 31.83087266400014 ], [ 34.961727204000113, 31.830753235000145 ], [ 34.961746704000177, 31.830683522000129 ], [ 34.961768552000024, 31.830599159000144 ], [ 34.961796238000147, 31.830492822000167 ], [ 34.961831745000154, 31.830363534000128 ], [ 34.961883825000029, 31.830208490000075 ], [ 34.961945140000068, 31.830056002000049 ], [ 34.961964230000035, 31.830015739000032 ], [ 34.961968713000147, 31.830006164000054 ], [ 34.961974024000142, 31.829994903000056 ], [ 34.96201585600005, 31.829906492000134 ], [ 34.962095473000147, 31.829760238000119 ], [ 34.962183995000032, 31.829617950000056 ], [ 34.962241818000109, 31.829535769000131 ], [ 34.962248779000049, 31.829525636000085 ], [ 34.962254577000181, 31.829517474999989 ], [ 34.962281253000072, 31.829479622000179 ], [ 34.962386750000178, 31.829345963000037 ], [ 34.96250032100005, 31.829217107000034 ], [ 34.962621637000154, 31.829093482000189 ], [ 34.962679226000034, 31.829036385000165 ], [ 34.962761642000089, 31.828954958000111 ], [ 34.962764456000173, 31.8289518630001 ], [ 34.962858800000163, 31.828852704000155 ], [ 34.962953643999981, 31.82875312200008 ], [ 34.962956290000022, 31.828750311000135 ], [ 34.962958940000078, 31.828747356000179 ], [ 34.963049331000036, 31.828645229000131 ], [ 34.963142372000164, 31.828540008000061 ], [ 34.96314485500011, 31.828537054000151 ], [ 34.963232609999977, 31.828433091000193 ], [ 34.963343221000173, 31.828299158 ], [ 34.963575020000064, 31.828027367000175 ], [ 34.963637928000139, 31.827956187000154 ], [ 34.963812749000112, 31.827758545000165 ], [ 34.963905962000126, 31.82764994300004 ], [ 34.963999871000169, 31.827527671000041 ], [ 34.964086198000075, 31.827401582000164 ], [ 34.964164613000094, 31.827271670000073 ], [ 34.964234949000058, 31.827138504000061 ], [ 34.964297205000037, 31.827002361000098 ], [ 34.964350885000044, 31.826863525000135 ], [ 34.964367186000061, 31.826816916000098 ], [ 34.964368682000043, 31.826812691000043 ], [ 34.964416247000145, 31.826676944000099 ], [ 34.964470913000071, 31.826540082000122 ], [ 34.964531019000049, 31.826404922000165 ], [ 34.964596733000178, 31.826271746000145 ], [ 34.964667722000058, 31.82614041100004 ], [ 34.96474415199998, 31.826011482000069 ], [ 34.964825694000183, 31.82588481900018 ], [ 34.964912506000076, 31.825760702000139 ], [ 34.96500410100009, 31.825639130000184 ], [ 34.965100803000098, 31.825520388000143 ], [ 34.965213894000158, 31.825382793000017 ], [ 34.965448851000133, 31.825097054000082 ], [ 34.965641945000129, 31.82485125400018 ], [ 34.96567655500013, 31.824807074000091 ], [ 34.965898492000122, 31.824513415000069 ], [ 34.966074215, 31.824282940000046 ], [ 34.966196918000151, 31.824129439000046 ], [ 34.966322588000025, 31.823977777000152 ], [ 34.966451549000169, 31.823828095000181 ], [ 34.966583478000132, 31.823680391000039 ], [ 34.966718374000095, 31.823534524000138 ], [ 34.966856232000168, 31.823390777000043 ], [ 34.966996891000122, 31.823249146000137 ], [ 34.967140513000118, 31.823109496000143 ], [ 34.967287100000078, 31.822972106000122 ], [ 34.967339049000032, 31.822924154000077 ], [ 34.968053092000048, 31.822266190000164 ], [ 34.968937618000041, 31.821541052000043 ], [ 34.969257026000037, 31.821580554000093 ], [ 34.969774179000069, 31.821229397000081 ], [ 34.969866931000126, 31.821166444000141 ], [ 34.972138888000075, 31.819418769000038 ], [ 34.972254992999979, 31.819321617000185 ], [ 34.9724534610001, 31.819155289000093 ], [ 34.972726829000123, 31.818934851000165 ], [ 34.972729476000097, 31.818932744000051 ], [ 34.973009932000025, 31.818714290000116 ], [ 34.973294835000047, 31.81850007200012 ], [ 34.973469104000174, 31.818373719000078 ], [ 34.973584179, 31.818290232000038 ], [ 34.973725526000067, 31.81819495700006 ], [ 34.973736273000156, 31.818187649000151 ], [ 34.973828289000153, 31.818132231000163 ], [ 34.973887180000133, 31.818096762000152 ], [ 34.973948135000114, 31.818063985000038 ], [ 34.974043349000169, 31.818012786000168 ], [ 34.974131959000033, 31.81797047900011 ], [ 34.974204451000162, 31.817935867000074 ], [ 34.974222175000023, 31.817928426000094 ], [ 34.974249224000062, 31.817917070000021 ], [ 34.974259631000109, 31.817912719000105 ], [ 34.974272187000111, 31.817907388000151 ], [ 34.974369990000127, 31.817866143000174 ], [ 34.974449781000033, 31.817836931000102 ], [ 34.974539638000124, 31.817804035 ], [ 34.97463139000007, 31.817775178000034 ], [ 34.974712891000138, 31.817749544000037 ], [ 34.974825851000105, 31.817719034000163 ], [ 34.974830309000083, 31.817717915000173 ], [ 34.974864166000145, 31.817708818000028 ], [ 34.974979105000159, 31.817677748000165 ], [ 34.975238051000076, 31.817607917000146 ], [ 34.975248454000166, 31.817605117000085 ], [ 34.975500972000077, 31.817531889000065 ], [ 34.975516166000091, 31.817527409000036 ], [ 34.975519966000036, 31.817526287000135 ], [ 34.975782074000051, 31.817445890000158 ], [ 34.976046339000163, 31.817360283000085 ], [ 34.97615056300009, 31.817324684000084 ], [ 34.976308798000105, 31.817270724000025 ], [ 34.976569289000111, 31.81717736000013 ], [ 34.976755453000067, 31.817107387000135 ], [ 34.976827970000102, 31.817080185000179 ], [ 34.976942444000144, 31.817037558000095 ], [ 34.977203767, 31.816940386000056 ], [ 34.977467387000161, 31.816847870000061 ], [ 34.977587627000162, 31.816807790000098 ], [ 34.977732976000027, 31.81675930199998 ], [ 34.977780706000033, 31.816744171000096 ], [ 34.978000205000171, 31.816674823000028 ], [ 34.978094177000116, 31.81664667299998 ], [ 34.978269074000139, 31.816594152 ], [ 34.97846147000007, 31.816539830000124 ], [ 34.978539750000152, 31.816517709000152 ], [ 34.978811732999986, 31.816445214000112 ], [ 34.979086841000026, 31.816376530000127 ], [ 34.979293238000139, 31.816328721000161 ], [ 34.979296880000106, 31.816327877000106 ], [ 34.979299737000076, 31.81632726700002 ], [ 34.979456548000144, 31.816293785000141 ], [ 34.979616868000107, 31.816262232000099 ], [ 34.979777845000172, 31.816232935000073 ], [ 34.979939474000162, 31.816206173000126 ], [ 34.980102253000041, 31.816181669000059 ], [ 34.980259585000056, 31.816160462000028 ], [ 34.980264199000089, 31.816159840000125 ], [ 34.9802686270001, 31.816159308000067 ], [ 34.980427131000056, 31.81614026800014 ], [ 34.980562723000105, 31.816126017000101 ], [ 34.980590551000091, 31.816123092000112 ], [ 34.980618577000087, 31.816120584000089 ], [ 34.980754128000058, 31.816108452000151 ], [ 34.980881268000076, 31.816098965000151 ], [ 34.980918195000015, 31.816096210000183 ], [ 34.98095499600015, 31.816094003000103 ], [ 34.981082423000146, 31.816086363000181 ], [ 34.981194284000026, 31.816081387000111 ], [ 34.981246809000027, 31.816079051000088 ], [ 34.981298955999989, 31.816077491000158 ], [ 34.981411188000038, 31.816074135000065 ], [ 34.981501515000161, 31.816072752000025 ], [ 34.981575727000063, 31.816071616000102 ], [ 34.981650420000108, 31.816071624000131 ], [ 34.981740427000034, 31.816071633000035 ], [ 34.982561435000093, 31.816072128000144 ], [ 34.982602197000119, 31.816072201000054 ], [ 34.982653853000102, 31.816071590000092 ], [ 34.983567143000187, 31.816060551000191 ], [ 34.983803634000139, 31.816057311000066 ], [ 34.984082365000177, 31.816057389000093 ], [ 34.984091606000163, 31.816057265000097 ], [ 34.98437957100009, 31.816061585000114 ], [ 34.984510924, 31.816065484000148 ], [ 34.984667357000092, 31.816070272 ], [ 34.984800851000102, 31.816076146000114 ], [ 34.984954968000181, 31.816083045000084 ], [ 34.985099841000192, 31.816091758000027 ], [ 34.985242241000037, 31.816100326000026 ], [ 34.98545376800007, 31.816116062000049 ], [ 34.985529171000167, 31.816121692000024 ], [ 34.986391101000095, 31.816192554000168 ], [ 34.986424662000104, 31.816195666000056 ], [ 34.98642674000007, 31.816195859000175 ], [ 34.986620029000164, 31.816246787000125 ], [ 34.986641300000088, 31.816254295000022 ], [ 34.986646877999988, 31.816256233000047 ], [ 34.986655975000133, 31.816259393000109 ], [ 34.986658490000082, 31.81626028800008 ], [ 34.986674278000123, 31.816265908000048 ], [ 34.986799755000106, 31.816309814000135 ], [ 34.986972355000034, 31.816385931000127 ], [ 34.98702164000008, 31.816410537000024 ], [ 34.987119384000039, 31.816459184000053 ], [ 34.987218783000174, 31.816505578000147 ], [ 34.987318183000014, 31.816551974000049 ], [ 34.987419406000129, 31.816595413000186 ], [ 34.987519309000163, 31.816638285000181 ], [ 34.987521451000134, 31.816639137000095 ], [ 34.98762350700008, 31.816679054000133 ], [ 34.987726388000169, 31.816719396000053 ], [ 34.987830761000168, 31.816756640000108 ], [ 34.987935136000033, 31.816793883000116 ], [ 34.988010660000043, 31.816819141000053 ], [ 34.988184622000063, 31.816877321000106 ], [ 34.988491354000189, 31.81697587400015 ], [ 34.988650304000032, 31.817026944000133 ], [ 34.988661849000039, 31.817030769000155 ], [ 34.98913727900009, 31.817175476000159 ], [ 34.989142225000137, 31.81717703400011 ], [ 34.989625594000074, 31.817316117000132 ], [ 34.990801302000193, 31.817647622000152 ], [ 34.991850345000046, 31.817948178000108 ], [ 34.991975355000079, 31.817983623000146 ], [ 34.991990691000126, 31.817988018000051 ], [ 34.992065734, 31.818007876000081 ], [ 34.992166836000024, 31.818034684000168 ], [ 34.992267935000143, 31.818061349000175 ], [ 34.992370201000085, 31.818084354 ], [ 34.992470155000149, 31.818106933000024 ], [ 34.992472465000162, 31.818107500000167 ], [ 34.992474774000129, 31.818107927000142 ], [ 34.992575563000173, 31.818127406000031 ], [ 34.992678825000041, 31.818147453 ], [ 34.992707693000114, 31.818152575000056 ], [ 34.993631371000163, 31.818316309000124 ], [ 34.993870844000128, 31.818358759000091 ], [ 34.994190827000068, 31.818415440000081 ], [ 34.995062868, 31.818569912000044 ], [ 34.995065012, 31.818570198000089 ], [ 34.995075449000069, 31.818572020000033 ], [ 34.995282603000192, 31.818608194000035 ], [ 34.996104431000106, 31.81874320300011 ], [ 34.996108603000096, 31.818743889000132 ], [ 34.996937272000025, 31.818867324000166 ], [ 34.997768450000081, 31.818978357 ], [ 34.998749284000041, 31.819102739000186 ], [ 34.999618427000087, 31.819212839000045 ], [ 34.999729955000078, 31.81922697400006 ], [ 34.99973589700005, 31.819227690000105 ], [ 34.999900887000024, 31.81924600300016 ], [ 34.999918047, 31.819247861000122 ], [ 35.000054660000046, 31.819263027000147 ], [ 35.000363379000078, 31.819287919000033 ], [ 35.000672947000112, 31.819303512000033 ], [ 35.000982864000093, 31.819309803000067 ], [ 35.001292967999973, 31.81930693400011 ], [ 35.001447946000042, 31.819302260000086 ], [ 35.00159203000004, 31.819297989000177 ], [ 35.001599624000164, 31.819297719000133 ], [ 35.001677353000105, 31.819297566000046 ], [ 35.001803109000036, 31.819297352000035 ], [ 35.002006417000132, 31.819303041000069 ], [ 35.002144863000069, 31.8193110200001 ], [ 35.002209548000167, 31.819314650000024 ], [ 35.002333132999979, 31.819325564000053 ], [ 35.002412004000064, 31.819332456000097 ], [ 35.00241480699998, 31.819332743000189 ], [ 35.002571558000113, 31.819347093000147 ], [ 35.002910301000156, 31.819378086000143 ], [ 35.003249718000063, 31.819402883000123 ], [ 35.003589479000027, 31.819422602000088 ], [ 35.003929745000107, 31.819437393000157 ], [ 35.004137179000054, 31.819443227000136 ], [ 35.004270189000067, 31.81944696700009 ], [ 35.004610807000176, 31.819451609000112 ], [ 35.004674839000131, 31.819452418000083 ], [ 35.004862311000181, 31.819455401000027 ], [ 35.004876503000105, 31.819455566000158 ], [ 35.005077993999976, 31.81946223500006 ], [ 35.00527947900008, 31.81947186300016 ], [ 35.0054806280001, 31.819484448000082 ], [ 35.005681601000106, 31.819500134000123 ], [ 35.005882076000091, 31.819518777000155 ], [ 35.006082216000152, 31.819540240000038 ], [ 35.006161414000132, 31.819548681000128 ], [ 35.006321130000174, 31.81956528600017 ], [ 35.006481347000033, 31.819578930000034 ], [ 35.006568635000122, 31.819585132000043 ], [ 35.006641899000158, 31.819590323 ], [ 35.006802459000141, 31.819598755000186 ], [ 35.006833647000065, 31.819600354000045 ], [ 35.006869125000151, 31.819601681000051 ], [ 35.007159394999974, 31.819613139000126 ], [ 35.007190419999972, 31.819614318000163 ], [ 35.007424921000108, 31.819619486000022 ], [ 35.007512054000131, 31.81962145600005 ], [ 35.007599191000168, 31.819622159000176 ], [ 35.007833701000038, 31.819623947000139 ], [ 35.008096109000064, 31.81962197200005 ], [ 35.008155520000059, 31.819621503000121 ], [ 35.008205365000038, 31.819620456000109 ], [ 35.008477024000058, 31.819614408000177 ], [ 35.008798868000042, 31.819602382000028 ], [ 35.00890516100003, 31.819596634000106 ], [ 35.009278183000163, 31.819576372000029 ], [ 35.009293862000106, 31.819575552000117 ], [ 35.009614737000106, 31.81955267100011 ], [ 35.00968208300003, 31.819547847000081 ], [ 35.010069653000073, 31.819514362000064 ], [ 35.010269719000121, 31.819494105000047 ], [ 35.010456415000135, 31.81947523700012 ], [ 35.010461861000067, 31.819474540000101 ], [ 35.010577248000061, 31.819461055000147 ], [ 35.011604348000162, 31.81934050600006 ], [ 35.01166476700007, 31.819333413999971 ], [ 35.012363060000041, 31.819240099000183 ], [ 35.012749513000131, 31.819188566000093 ], [ 35.013854273000049, 31.819020632000047 ], [ 35.01462773500009, 31.818888531000027 ], [ 35.014634666000063, 31.818887554000071 ], [ 35.014740817000074, 31.818871795000064 ], [ 35.014750722000088, 31.818870261000143 ], [ 35.014761364000094, 31.818868674999976 ], [ 35.014781594000169, 31.818865659000096 ], [ 35.014903831000026, 31.818854626000189 ], [ 35.014945833000127, 31.818850835000148 ], [ 35.015152135000164, 31.818846083000096 ], [ 35.015526254000122, 31.818849198000066 ], [ 35.015551506000065, 31.818849378000095 ], [ 35.015591937000124, 31.818849156000056 ], [ 35.015999243000067, 31.818847672000118 ], [ 35.016031754000039, 31.818847440000127 ], [ 35.016150748000086, 31.81884480500014 ], [ 35.016191348000063, 31.818843882000181 ], [ 35.016300446000059, 31.818838695000181 ], [ 35.016405913000142, 31.818833783000116 ], [ 35.016411029000039, 31.818833509000115 ], [ 35.016416145000107, 31.818833094000183 ], [ 35.016521453000109, 31.818824943000095 ], [ 35.016626927000175, 31.818816791000131 ], [ 35.016632043000016, 31.818816376000029 ], [ 35.016637491000154, 31.818815821000044 ], [ 35.01674214500008, 31.818804568000132 ], [ 35.017298431000086, 31.818744968000146 ], [ 35.017529197000044, 31.81871995500012 ], [ 35.018315754000184, 31.81863463600007 ], [ 35.02005196500005, 31.818441114000052 ], [ 35.021404546000099, 31.818290258 ], [ 35.021642574000111, 31.818265107000173 ], [ 35.021661226000049, 31.818263445000184 ], [ 35.021872836000171, 31.81824431400014 ], [ 35.022103420000064, 31.818226905000188 ], [ 35.022177200000101, 31.818222365000167 ], [ 35.022334492000141, 31.818212876000189 ], [ 35.022565559000157, 31.818202369000119 ], [ 35.022685379000166, 31.818198745000188 ], [ 35.022797113000138, 31.818195388000163 ], [ 35.023028493000083, 31.818191785000124 ], [ 35.023068103000185, 31.818191281000111 ], [ 35.023297006, 31.818187816000091 ], [ 35.023325393000164, 31.818187434000038 ], [ 35.023362692000148, 31.818186503000049 ], [ 35.023696900000061, 31.818177980000144 ], [ 35.023701522000124, 31.818177705000039 ], [ 35.023803024000131, 31.818173207000029 ], [ 35.023994808000054, 31.818164754000122 ], [ 35.024010982000107, 31.81816407000008 ], [ 35.024148142000115, 31.818155396000066 ], [ 35.024218784000084, 31.818150851000098 ], [ 35.024426096000184, 31.818134671 ], [ 35.024549232000084, 31.81812315600007 ], [ 35.024633085000175, 31.818115388000138 ], [ 35.024839749000023, 31.818093004000048 ], [ 35.024952493000114, 31.818079080000132 ], [ 35.025045759000022, 31.81806752100016 ], [ 35.025065898000037, 31.818064731000106 ], [ 35.025251446000084, 31.818039077000094 ], [ 35.025375092000047, 31.818019953000146 ], [ 35.025456312000188, 31.818007390000048 ], [ 35.025462257000015, 31.818006554000192 ], [ 35.025611157000128, 31.81798450600013 ], [ 35.025626512000031, 31.817982273000041 ], [ 35.025806943000134, 31.817955484000038 ], [ 35.02600354600014, 31.817930687 ], [ 35.026200637000045, 31.817908712000076 ], [ 35.026398052000104, 31.817889553000157 ], [ 35.026595791000034, 31.817873496000175 ], [ 35.026793854000175, 31.81786039900004 ], [ 35.02699224100013, 31.817850259000124 ], [ 35.027190623000024, 31.817842937000023 ], [ 35.02738932900013, 31.817838717000029 ], [ 35.027588027000093, 31.817837456 ], [ 35.027659652000068, 31.817837560000044 ], [ 35.027994004000163, 31.817838043000165 ], [ 35.028328355000042, 31.817838527000049 ], [ 35.028399977000106, 31.817838630000153 ], [ 35.028606921000176, 31.817841042000168 ], [ 35.028678074000084, 31.817843137000068 ], [ 35.028762868, 31.81784563399998 ], [ 35.028847634000101, 31.817849360000139 ], [ 35.028918643000054, 31.817852482000035 ], [ 35.028971733000162, 31.817855635 ], [ 35.029074249000132, 31.817861724000068 ], [ 35.029176654000139, 31.817869298000176 ], [ 35.029229685000189, 31.81787322100007 ], [ 35.029264487000034, 31.817876338000076 ], [ 35.029384786000151, 31.817887111000118 ], [ 35.029504717, 31.81789962300013 ], [ 35.029539554000166, 31.817903257000069 ], [ 35.029555814000105, 31.817905192000126 ], [ 35.029694152000161, 31.81792165700017 ], [ 35.029831120000097, 31.817940139000086 ], [ 35.029848252000136, 31.8179424490001 ], [ 35.030001850000019, 31.817965500000128 ], [ 35.030154948000074, 31.817990801000178 ], [ 35.030307549000042, 31.818018356999971 ], [ 35.03045964800009, 31.818048306000094 ], [ 35.03061091800015, 31.818080368000039 ], [ 35.030761029000075, 31.818114826000055 ], [ 35.030911631000095, 31.818151395000143 ], [ 35.031060910000065, 31.818190216000062 ], [ 35.031209195000031, 31.8182312940001 ], [ 35.03135681200007, 31.818274621000057 ], [ 35.031503439, 31.81832006500008 ], [ 35.031649068999968, 31.818367758000193 ], [ 35.03179370200013, 31.818417566000051 ], [ 35.031937345000017, 31.818469484000104 ], [ 35.032079827000132, 31.818523515000038 ], [ 35.032221317999984, 31.818579797999973 ], [ 35.032912424000187, 31.818860769000082 ], [ 35.033092333000013, 31.818933874000152 ], [ 35.033700776000046, 31.819208807000052 ], [ 35.034058420000122, 31.819372062000184 ], [ 35.034173191000093, 31.819421261000059 ], [ 35.034241786, 31.819450668000115 ], [ 35.034426975000144, 31.819526597000106 ], [ 35.034613490000027, 31.819599709000101 ], [ 35.034616291000191, 31.819600840000078 ], [ 35.034688030000154, 31.819628982000097 ], [ 35.034866449000106, 31.819706169000028 ], [ 35.034960595000086, 31.819752380000182 ], [ 35.034982193000076, 31.819762837000098 ], [ 35.03499225000013, 31.819767784000078 ], [ 35.035040067000068, 31.819791240000029 ], [ 35.035208058000194, 31.819884054000056 ], [ 35.035370263000061, 31.819984188000035 ], [ 35.035526016000063, 31.820091358000184 ], [ 35.035659190000047, 31.820183278000172 ], [ 35.035703094000155, 31.820213553000087 ], [ 35.03570566999997, 31.82021533000011 ], [ 35.035707180000145, 31.820216322000022 ], [ 35.035731053000063, 31.820231993000164 ], [ 35.035770446000186, 31.82025769500018 ], [ 35.035804569000106, 31.820279301000028 ], [ 35.035838526000134, 31.820300766000116 ], [ 35.035878914000136, 31.820325341000114 ], [ 35.035886309000091, 31.820329859000083 ], [ 35.035915671000055, 31.820347798000057 ], [ 35.035954084000139, 31.820370398000193 ], [ 35.035993153000049, 31.820393278000097 ], [ 35.036023606000185, 31.82041048100001 ], [ 35.036030411000127, 31.820414325000172 ], [ 35.036106905000054, 31.820457552000107 ], [ 35.036109050000164, 31.820458684000187 ], [ 35.036252969000088, 31.820540048000169 ], [ 35.036403815000142, 31.820625368000151 ], [ 35.03655201600003, 31.820713925000064 ], [ 35.036672188000011, 31.820788354000115 ], [ 35.036698396000077, 31.820804594000037 ], [ 35.036842957000033, 31.820897515000183 ], [ 35.036985537000135, 31.820992545000024 ], [ 35.037008117000028, 31.82100751300004 ], [ 35.037135531999979, 31.82109223700013 ], [ 35.037154322000106, 31.821104803000082 ], [ 35.037232289000087, 31.821154655000157 ], [ 35.037302676000138, 31.821199561000128 ], [ 35.037453013000061, 31.821292208000045 ], [ 35.037605174000134, 31.821382602000085 ], [ 35.037758987000132, 31.821470599000179 ], [ 35.037853129000155, 31.821522445000028 ], [ 35.03791478900007, 31.821556490000091 ], [ 35.038020795000136, 31.821615535999968 ], [ 35.038064980000172, 31.821640117000186 ], [ 35.038244669, 31.821747456000082 ], [ 35.038419893000139, 31.82186000300004 ], [ 35.038590489000057, 31.821977759000049 ], [ 35.038756123000041, 31.82210043800012 ], [ 35.038916466000103, 31.822228042000063 ], [ 35.03906857000004, 31.822350421000124 ], [ 35.039185250000116, 31.822440484000026 ], [ 35.039221013000144, 31.822467025000037 ], [ 35.039303748000179, 31.822528716000079 ], [ 35.039423902000181, 31.822615258000098 ], [ 35.039545873, 31.822699973000113 ], [ 35.039669663000154, 31.822782856000117 ], [ 35.039794944000107, 31.822863909000148 ], [ 35.040061162000143, 31.823036889000093 ], [ 35.040334140000141, 31.82321438800011 ], [ 35.040456776000156, 31.823297409000133 ], [ 35.04074325900018, 31.823491413000056 ], [ 35.041065003000142, 31.823717307000095 ], [ 35.041146592000075, 31.823774627000034 ], [ 35.041162084000064, 31.823785640000153 ], [ 35.041509863000158, 31.824034819000076 ], [ 35.041868195000177, 31.824291480000056 ], [ 35.041872975000047, 31.824294868000152 ], [ 35.042840342000034, 31.824989314000049 ], [ 35.042906900000048, 31.825054503000047 ], [ 35.04291810899997, 31.825062692000131 ], [ 35.042967363000173, 31.825113487000124 ], [ 35.042990261999989, 31.825137329000142 ], [ 35.042996853000091, 31.825144102000081 ], [ 35.043026503000078, 31.825174722000156 ], [ 35.043127960000049, 31.825291392 ], [ 35.043221979000066, 31.825412279000147 ], [ 35.043308564000029, 31.825537384000143 ], [ 35.043316629000117, 31.825549794999972 ], [ 35.043454381000117, 31.825764027000162 ], [ 35.043595757000105, 31.825983756000085 ], [ 35.04360020200005, 31.825990668000145 ], [ 35.043688073000112, 31.826134094000111 ], [ 35.043809517, 31.82633209700009 ], [ 35.043812316000185, 31.826336750000166 ], [ 35.043930941000099, 31.826542078000102 ], [ 35.044045274999974, 31.826748949000091 ], [ 35.044155478000164, 31.826957647000143 ], [ 35.044200376000106, 31.827046904000156 ], [ 35.044261223000092, 31.827167890000055 ], [ 35.044346397000027, 31.82734527100007 ], [ 35.044362840000076, 31.827379674000156 ], [ 35.044379114000151, 31.827415488000099 ], [ 35.044459997000047, 31.827593007000132 ], [ 35.044475285000033, 31.827627549000113 ], [ 35.044738778000067, 31.828225229000054 ], [ 35.044996358000105, 31.82880951400017 ], [ 35.045017397000152, 31.828857453000126 ], [ 35.045020358000102, 31.82886394000019 ], [ 35.045059651000088, 31.828950088000056 ], [ 35.04514300000011, 31.829132964000109 ], [ 35.04523097800012, 31.829314293000095 ], [ 35.045322587000157, 31.829494361000059 ], [ 35.045343642000034, 31.829533985000126 ], [ 35.045417830000133, 31.829673022000179 ], [ 35.045492854000145, 31.82980698900019 ], [ 35.045516874000157, 31.829850138000097 ], [ 35.045549618000052, 31.829906406000134 ], [ 35.045619385, 31.83002585100013 ], [ 35.045725203000075, 31.830200020000063 ], [ 35.045730964000086, 31.830209327000034 ], [ 35.045755315000065, 31.830251350000083 ], [ 35.045771935000062, 31.830280120000168 ], [ 35.04579381200017, 31.83032115400016 ], [ 35.045800887000098, 31.830334408 ], [ 35.045831318000069, 31.830391377000183 ], [ 35.045894770000189, 31.830536037000115 ], [ 35.045946167000068, 31.830684063000092 ], [ 35.045956342000125, 31.830716486000028 ], [ 35.046017067000093, 31.830908348999969 ], [ 35.046052205000137, 31.831011967000052 ], [ 35.046081758000184, 31.831099232000042 ], [ 35.046134644000119, 31.831245146000072 ], [ 35.046150578000038, 31.831288990000132 ], [ 35.046223192000184, 31.831477768000127 ], [ 35.046240448000162, 31.831520207000153 ], [ 35.046299609000187, 31.831665424 ], [ 35.046303882000075, 31.831676000000186 ], [ 35.046434528000077, 31.831996888000106 ], [ 35.046468052000193, 31.832079084000156 ], [ 35.046623802000113, 31.832484553000029 ], [ 35.046755527000073, 31.832848987000148 ], [ 35.046771132, 31.83289226800008 ], [ 35.047208953000109, 31.834142036000117 ], [ 35.047714491000193, 31.835282257000017 ], [ 35.04771547900009, 31.835284936000164 ], [ 35.047781365000048, 31.835455666000087 ], [ 35.047850045000189, 31.835633306000034 ], [ 35.047853168000188, 31.83564091900007 ], [ 35.047924011000134, 31.835809543000153 ], [ 35.04800161300011, 31.835984658000143 ], [ 35.048082846, 31.836158508000153 ], [ 35.04813448900012, 31.836263698000153 ], [ 35.048167548000094, 31.836331096000038 ], [ 35.048170839000079, 31.836337442000058 ], [ 35.04825588500006, 31.836502561000088 ], [ 35.048272336000082, 31.836534710000024 ], [ 35.048394558000041, 31.836772871000107 ], [ 35.048511495000071, 31.837012855000069 ], [ 35.04856000400008, 31.837117194000086 ], [ 35.048623643000099, 31.837254526000095 ], [ 35.04869992700003, 31.837427807000097 ], [ 35.04873067300008, 31.837497879000068 ], [ 35.048750561000134, 31.837545393000084 ], [ 35.048832913000183, 31.837742777000074 ], [ 35.048894372000177, 31.83789898800012 ], [ 35.048929866000094, 31.837989219000178 ], [ 35.04893184000008, 31.837994294000168 ], [ 35.048983606000093, 31.838124565000044 ], [ 35.049180649000164, 31.838620691000017 ], [ 35.049186729000155, 31.838636059000066 ], [ 35.049401582000087, 31.839143905000185 ], [ 35.049555126000143, 31.839503995000143 ], [ 35.049591129000191, 31.839588446999983 ], [ 35.049648658000081, 31.83972774300014 ], [ 35.049890287999972, 31.840312982000171 ], [ 35.050000581000177, 31.840581140000154 ], [ 35.050130628000147, 31.840881452000133 ], [ 35.050132766000161, 31.840886668000053 ], [ 35.050212850000037, 31.841062066000177 ], [ 35.050271390000091, 31.841190231000041 ], [ 35.050416128000165, 31.841491687000087 ], [ 35.050433730000179, 31.841527362000136 ], [ 35.050753835000137, 31.842174137000086 ], [ 35.051074770000128, 31.842822323000064 ], [ 35.051091715000041, 31.842856447000031 ], [ 35.051093688000094, 31.842860536000103 ], [ 35.05112641900007, 31.842928639000149 ], [ 35.051206687000104, 31.84309515700005 ], [ 35.051212443000054, 31.843107002000067 ], [ 35.051288584000076, 31.843275348000134 ], [ 35.051293846000135, 31.843286910000018 ], [ 35.051371611000093, 31.843468082000129 ], [ 35.051391667000132, 31.843517426000119 ], [ 35.051446571000042, 31.843650094000054 ], [ 35.05147994400005, 31.843730458000152 ], [ 35.051521858000172, 31.843833519000043 ], [ 35.051566094000123, 31.843932355000049 ], [ 35.051567408000039, 31.843935457000157 ], [ 35.051570206000065, 31.843941096000151 ], [ 35.051616098000125, 31.844036131000109 ], [ 35.051662320000048, 31.844131870000126 ], [ 35.051664786000117, 31.844136945000116 ], [ 35.051667421000047, 31.844141739000179 ], [ 35.0517176030001, 31.844236215000137 ], [ 35.051769931000024, 31.844334496000045 ], [ 35.051770917000056, 31.844336331000079 ], [ 35.051827371000115, 31.844433209000101 ], [ 35.051884154000106, 31.844530792000114 ], [ 35.051886952000189, 31.844535446000123 ], [ 35.051936003000037, 31.844618224000044 ], [ 35.052234093000038, 31.845121518000155 ], [ 35.052521116000094, 31.845629590000044 ], [ 35.052575585000056, 31.845730270000047 ], [ 35.052797736000059, 31.846141734000184 ], [ 35.0530871630001, 31.846696448000046 ], [ 35.053371143000163, 31.847253270000124 ], [ 35.053381343000126, 31.847273433000112 ], [ 35.053606752000178, 31.847715336000135 ], [ 35.053849767000145, 31.84819164400011 ], [ 35.053893370000083, 31.848276527000166 ], [ 35.053894520000028, 31.848278782000079 ], [ 35.053895345000171, 31.848280616000011 ], [ 35.053935806000084, 31.848367330000087 ], [ 35.053976927000178, 31.848455733000037 ], [ 35.054014414000164, 31.848545400000091 ], [ 35.054052065000178, 31.848635066000043 ], [ 35.054086082000083, 31.84872585800008 ], [ 35.054119939000088, 31.848816508000141 ], [ 35.054149992000191, 31.848908137000024 ], [ 35.054177091000042, 31.848990323000066 ], [ 35.054180212, 31.848999768000056 ], [ 35.054196635000039, 31.849048968000034 ], [ 35.054230143000154, 31.849148775000174 ], [ 35.054262008000023, 31.849244073000079 ], [ 35.054263485999968, 31.849248724 ], [ 35.054266116, 31.849255632000052 ], [ 35.054301452000118, 31.849347412000043 ], [ 35.054335969000022, 31.84943735600018 ], [ 35.054339422000055, 31.849446097999987 ], [ 35.054343037000081, 31.849454557000115 ], [ 35.054381353000053, 31.849543521000157 ], [ 35.054423449000183, 31.849640944000157 ], [ 35.054469508000182, 31.849737103 ], [ 35.054515405000132, 31.849833263000164 ], [ 35.05452709400015, 31.849856561000138 ], [ 35.054803172000049, 31.850406854000084 ], [ 35.055123188000096, 31.85104488200011 ], [ 35.05521963800004, 31.851023302000101 ], [ 35.055295278000074, 31.851006344000155 ], [ 35.055442769000138, 31.850967070000081 ], [ 35.055492815000036, 31.850953743000161 ], [ 35.055516268000076, 31.850946869000097 ], [ 35.055539558000078, 31.850940133000108 ], [ 35.055588945000125, 31.850924552000151 ], [ 35.055733807000081, 31.850878653000166 ], [ 35.056663986, 31.850545545000102 ], [ 35.056669106000072, 31.850543720000076 ], [ 35.057165188999988, 31.850353388000144 ], [ 35.057181541000091, 31.850347066000154 ], [ 35.05754728800008, 31.850204062000046 ], [ 35.057929386000069, 31.850054592999982 ], [ 35.058046676, 31.850007531000188 ], [ 35.058421676000137, 31.849857207000184 ], [ 35.058431752999979, 31.849853133000011 ], [ 35.058813207000128, 31.84969210700001 ], [ 35.059063664000121, 31.849581650000061 ], [ 35.059191204000058, 31.849525297000071 ], [ 35.059565742000132, 31.849352987000032 ], [ 35.05993665200009, 31.849175174000152 ], [ 35.060460571000192, 31.848913984000035 ], [ 35.060479571000144, 31.848904426000161 ], [ 35.060497250000083, 31.848895286000072 ], [ 35.061052738000058, 31.848608201000047 ], [ 35.061221431000092, 31.848522586000172 ], [ 35.061399540000139, 31.848432332000129 ], [ 35.06156442300005, 31.848353333000091 ], [ 35.061580117000062, 31.848345883000036 ], [ 35.061595315000091, 31.848338996000052 ], [ 35.061762673000089, 31.848262255 ], [ 35.061870716000044, 31.848214613000152 ], [ 35.061946708000107, 31.848181166000131 ], [ 35.062132392000024, 31.848103037000158 ], [ 35.0626932240001, 31.847873586000105 ], [ 35.06324513300018, 31.84764778400006 ], [ 35.063254218000111, 31.847644130000106 ], [ 35.064012285000047, 31.847335007000027 ], [ 35.064770343000077, 31.847025879000057 ], [ 35.064989054000137, 31.846937498000102 ], [ 35.065124671999968, 31.846882697000126 ], [ 35.065659717000131, 31.846666590000098 ], [ 35.066530571000044, 31.846323901000062 ], [ 35.066553366000051, 31.846314909 ], [ 35.067373823000025, 31.845996112000194 ], [ 35.068445927000084, 31.845526818999986 ], [ 35.068607675000123, 31.845440621000137 ], [ 35.068678880000107, 31.84540420400009 ], [ 35.068759339000053, 31.845363008000049 ], [ 35.068912650000073, 31.845287651000092 ], [ 35.069067608000069, 31.845214551000083 ], [ 35.069223882000074, 31.845143846000042 ], [ 35.069381637000049, 31.845075399000109 ], [ 35.069540710000183, 31.845009346999973 ], [ 35.069701265000049, 31.844945692000124 ], [ 35.06986297200018, 31.844884436000029 ], [ 35.07006874700005, 31.844805863000033 ], [ 35.070674314000144, 31.844574625000064 ], [ 35.071274906000099, 31.844332640000061 ], [ 35.071870228000193, 31.844081766000102 ], [ 35.071884930000124, 31.844075443000179 ], [ 35.072580197000036, 31.843773101000011 ], [ 35.073287198000173, 31.843459639 ], [ 35.073406300000102, 31.843404812000188 ], [ 35.074299974000098, 31.842993751000051 ], [ 35.074306253000032, 31.842990798000073 ], [ 35.074502666, 31.842896037000116 ], [ 35.075082167000119, 31.842616385000042 ], [ 35.077493493000134, 31.841429226000173 ], [ 35.078298500000187, 31.841008744000192 ], [ 35.078302794000024, 31.841006634 ], [ 35.078933492000147, 31.840691649000178 ], [ 35.079573751000112, 31.840384564000033 ], [ 35.079576228000064, 31.840383438000117 ], [ 35.079738441000075, 31.840304556000035 ], [ 35.079968379000093, 31.840192628000182 ], [ 35.080195021000179, 31.840076187000193 ], [ 35.080419359000075, 31.839956360000144 ], [ 35.08064105700015, 31.839833290000115 ], [ 35.080648324000094, 31.839829070000121 ], [ 35.080859953000129, 31.839706411000179 ], [ 35.080973117000099, 31.839641567000115 ], [ 35.081462947000091, 31.839360949000024 ], [ 35.081958537000105, 31.839088226000115 ], [ 35.082459892000088, 31.838822832000176 ], [ 35.082733943000108, 31.838677126000164 ], [ 35.082959270000174, 31.838552224000125 ], [ 35.083182127000043, 31.838423796000029 ], [ 35.083402013000125, 31.838292264000131 ], [ 35.083619430000113, 31.838157487999979 ], [ 35.083765144999973, 31.838067167000077 ], [ 35.083900444000108, 31.83798656100015 ], [ 35.084037395000109, 31.837907930000142 ], [ 35.084175825000045, 31.837831410000035 ], [ 35.084242065000183, 31.837796249000064 ], [ 35.084315905000096, 31.837757008999972 ], [ 35.084435331000179, 31.837695973000109 ], [ 35.084457465000071, 31.837684580000143 ], [ 35.084469856000112, 31.837678533000087 ], [ 35.084600508000108, 31.837614407000103 ], [ 35.084707542000046, 31.83756392700019 ], [ 35.084744872000158, 31.837546208000049 ], [ 35.08489088000016, 31.83748040800009 ], [ 35.084910039000022, 31.83747140700018 ], [ 35.084912024000118, 31.837470564000171 ], [ 35.085050104000175, 31.837407997000071 ], [ 35.08518884900019, 31.837342186000058 ], [ 35.085326112000075, 31.837274262000108 ], [ 35.085462057000086, 31.837204364000172 ], [ 35.08559651700017, 31.83713249200008 ], [ 35.085729496000056, 31.837058642000045 ], [ 35.085860992000107, 31.836982820000173 ], [ 35.085990837000111, 31.836905025000192 ], [ 35.086119203000067, 31.836825254000075 ], [ 35.086245753000071, 31.836743650000074 ], [ 35.086302419000162, 31.836708336000186 ], [ 35.08643524200005, 31.836625469000182 ], [ 35.086440197000172, 31.836622374000171 ], [ 35.086582097000189, 31.836541488000023 ], [ 35.086727128000177, 31.836464974000137 ], [ 35.08722316, 31.836209563000011 ], [ 35.087719023000091, 31.835954149000031 ], [ 35.087725962000036, 31.835950633000095 ], [ 35.087916408000183, 31.835853166000106 ], [ 35.088095620000104, 31.835765270000138 ], [ 35.088215202000015, 31.835709021000184 ], [ 35.088276644000132, 31.83568019400019 ], [ 35.088459314000147, 31.835597795000012 ], [ 35.088465588000133, 31.835594983000135 ], [ 35.088639506000163, 31.835514831000125 ], [ 35.088828287000069, 31.835427931000027 ], [ 35.089014600000098, 31.835336799000117 ], [ 35.089070759000037, 31.835308108000163 ], [ 35.089198767000141, 31.835242987000186 ], [ 35.089305143000047, 31.835186582 ], [ 35.089381124000056, 31.835146355000177 ], [ 35.089383436000048, 31.835145089000036 ], [ 35.089624929000081, 31.835015823000049 ], [ 35.09014671500006, 31.834744642000032 ], [ 35.090151670000012, 31.834741969000106 ], [ 35.090683679999984, 31.834476012000039 ], [ 35.091520080000123, 31.834066324000048 ], [ 35.092429806000041, 31.833620768000173 ], [ 35.093900724999969, 31.832783003000031 ], [ 35.093979199999978, 31.832726710000088 ], [ 35.094026450000172, 31.832692934000136 ], [ 35.094104259000119, 31.832638615000178 ], [ 35.094229815000062, 31.832551224000099 ], [ 35.094358994000174, 31.832467499000188 ], [ 35.094488011000067, 31.832383915000037 ], [ 35.094620488000146, 31.83230413900003 ], [ 35.09475296300019, 31.832224363000137 ], [ 35.095440433000192, 31.831825504000108 ], [ 35.096236744000123, 31.831363472000078 ], [ 35.098052458000041, 31.830472423000174 ], [ 35.098258105000127, 31.830343671000151 ], [ 35.098339868000039, 31.830294424999977 ], [ 35.098441780000087, 31.830233076000184 ], [ 35.098627763000138, 31.830125302000113 ], [ 35.098815887000058, 31.830020208000121 ], [ 35.099006153000175, 31.829918074000034 ], [ 35.099198393000108, 31.829818619000037 ], [ 35.099393601000088, 31.829723674000093 ], [ 35.099588973999971, 31.829628589000151 ], [ 35.100215054000103, 31.829324204000102 ], [ 35.100530167000159, 31.829161726000166 ], [ 35.100841818000106, 31.828994594000164 ], [ 35.1010393520001, 31.828883443000109 ], [ 35.10117099100006, 31.828805775000092 ], [ 35.101299991000076, 31.828726834000065 ], [ 35.101429322000058, 31.828644936000046 ], [ 35.101556014000039, 31.828561484000033 ], [ 35.101680895000129, 31.828476337000041 ], [ 35.101804125000058, 31.82838922000019 ], [ 35.101925543000164, 31.828300407000029 ], [ 35.102044981000063, 31.828209622000088 ], [ 35.102162771000053, 31.828117144000032 ], [ 35.10227858200011, 31.828022971000166 ], [ 35.102392415000054, 31.82792710700005 ], [ 35.102504269000065, 31.82782955100015 ], [ 35.102621074000069, 31.827731715000027 ], [ 35.1027684230001, 31.82762319700015 ], [ 35.102830033000032, 31.827583937999975 ], [ 35.102846386000067, 31.827573523000126 ], [ 35.102861912000094, 31.827563671000178 ], [ 35.102924347000169, 31.827523848000169 ], [ 35.103087850000122, 31.827433943000131 ], [ 35.103172542000038, 31.827394278000099 ], [ 35.103205102000061, 31.827379028999985 ], [ 35.103258440000047, 31.827354049000064 ], [ 35.103326663000075, 31.827326795000147 ], [ 35.103337801000123, 31.827322346000187 ], [ 35.103416133, 31.827291054999989 ], [ 35.103609151000171, 31.827226540000083 ], [ 35.103806774000077, 31.827173726000183 ], [ 35.104008346000057, 31.827132750000146 ], [ 35.104691862000152, 31.827034660000038 ], [ 35.104692077000095, 31.827034629000082 ], [ 35.104696545000081, 31.827033988000153 ], [ 35.104943347000074, 31.825269250000133 ], [ 35.105321392000178, 31.825187837000044 ], [ 35.105614249000155, 31.82512903900016 ], [ 35.10568826400015, 31.825117347000116 ], [ 35.105692328000146, 31.825116705000028 ], [ 35.10592838600013, 31.825079278000032 ], [ 35.106199924000066, 31.82504314900018 ], [ 35.106476739000129, 31.825011673000063 ], [ 35.106753558000037, 31.824975547000065 ], [ 35.107110257000159, 31.824939486000062 ], [ 35.107397635000098, 31.824908016999984 ], [ 35.107743776000063, 31.824867437000023 ], [ 35.108189285000094, 31.824817071000098 ], [ 35.108689728000172, 31.824790282000151 ], [ 35.109200724000175, 31.824772519000192 ], [ 35.109695877000036, 31.824750230000177 ], [ 35.110158829000113, 31.824746093000101 ], [ 35.110627398000076, 31.824737309000113 ], [ 35.111090348, 31.824733168000193 ], [ 35.111457719000157, 31.824747127000023 ], [ 35.111899542000174, 31.824747476000141 ], [ 35.112346648000084, 31.824743318000174 ], [ 35.112830060000078, 31.824743695999985 ], [ 35.113250540000081, 31.824789396000028 ], [ 35.113761452000062, 31.824848836000172 ], [ 35.114256455000088, 31.824971813000161 ], [ 35.114751306000073, 31.825081119000117 ], [ 35.115187743000035, 31.825181360000158 ], [ 35.115580960000159, 31.825262402000135 ], [ 35.115919873000053, 31.825346644000149 ], [ 35.116190981999978, 31.825404622000178 ], [ 35.116546920000133, 31.82546562400006 ], [ 35.116909632000102, 31.825520852000182 ], [ 35.117167234000135, 31.825552891000086 ], [ 35.117540021000138, 31.825599387000182 ], [ 35.117821394000089, 31.825628485000095 ], [ 35.118282011000076, 31.825652075000107 ], [ 35.11872598900004, 31.825646625 ], [ 35.119200700000135, 31.825603570000112 ], [ 35.119617665000078, 31.825543140000093 ], [ 35.119997358000148, 31.825453795000044 ], [ 35.120390748000034, 31.825361499000053 ], [ 35.120753631000127, 31.825246069000116 ], [ 35.121197094000138, 31.8250894090001 ], [ 35.121580125000094, 31.824956657000143 ], [ 35.121960033000107, 31.824812349000069 ], [ 35.122339784000189, 31.824653528000169 ], [ 35.12275356300006, 31.824468656000136 ], [ 35.123169478000079, 31.82428801400016 ], [ 35.123498392000101, 31.82413211000005 ], [ 35.12381722900011, 31.82398479699998 ], [ 35.124115769000127, 31.823834647000183 ], [ 35.124475232000123, 31.82365551100014 ], [ 35.124812598000119, 31.823457760000167 ], [ 35.125212869000109, 31.823232431000122 ], [ 35.12553850900008, 31.823041714000055 ], [ 35.125741973000061, 31.822897275000059 ], [ 35.126043048000156, 31.822672439000144 ], [ 35.126397083000086, 31.822466660000089 ], [ 35.126969614000075, 31.822097709 ], [ 35.127354742000136, 31.821814446000133 ], [ 35.127822420000143, 31.821496856000124 ], [ 35.12818626100011, 31.821204981000051 ], [ 35.128414899000063, 31.820955855000193 ], [ 35.128633135000143, 31.820706581000024 ], [ 35.128851216000157, 31.820448850999981 ], [ 35.129120949000026, 31.820191153000167 ], [ 35.129411138000137, 31.819942066000067 ], [ 35.129904610000096, 31.819549235000181 ], [ 35.12990873900003, 31.819545997000091 ], [ 35.129918978000035, 31.819539098000121 ], [ 35.129955786000096, 31.819510198000046 ], [ 35.13026992000016, 31.81926355700017 ], [ 35.130872700999987, 31.81879484000018 ], [ 35.131306196000082, 31.818468476000191 ], [ 35.131832136000071, 31.818107787000088 ], [ 35.132316161000062, 31.817738333000079 ], [ 35.132810365000125, 31.817429195000102 ], [ 35.133160239000119, 31.817223113000068 ], [ 35.133612638000159, 31.816965379000067 ], [ 35.133799263000014, 31.816798652000045 ], [ 35.133967053000049, 31.816723921000175 ], [ 35.133982514000024, 31.816717035000124 ], [ 35.134167085000115, 31.816634853000096 ], [ 35.13439296700011, 31.81649252800014 ], [ 35.134726801000056, 31.816316870000151 ], [ 35.135080444000096, 31.816132769000092 ], [ 35.135384881000107, 31.815982174000169 ], [ 35.135659912000051, 31.815865099000177 ], [ 35.135983971000144, 31.815731283000105 ], [ 35.136352773000112, 31.815572271000121 ], [ 35.136610295000082, 31.815475757000115 ], [ 35.136909084000024, 31.815361651999979 ], [ 35.1372696090001, 31.81523011000013 ], [ 35.137630306, 31.815089688000057 ], [ 35.13791868300018, 31.814993189000177 ], [ 35.138186611000151, 31.814879206000057 ], [ 35.138557536000178, 31.814738787000067 ], [ 35.138794433000157, 31.814633379000043 ], [ 35.13902108700006, 31.814536984000142 ], [ 35.139350725000156, 31.814431629000069 ], [ 35.139814239000145, 31.814273786000058 ], [ 35.140288147000092, 31.814115808000111 ], [ 35.140638411000111, 31.814010600000131 ], [ 35.141050405000101, 31.813887815000157 ], [ 35.141627331000052, 31.813668448000044 ], [ 35.141946739000048, 31.813554343000135 ], [ 35.142194017000065, 31.813457812000024 ], [ 35.142235946000085, 31.813441771000043 ], [ 35.142250307000097, 31.813436284000034 ], [ 35.142260132000104, 31.813432499000157 ], [ 35.142513265, 31.813334969999971 ], [ 35.142863534000128, 31.813212143000044 ], [ 35.143213806000176, 31.813089313000035 ], [ 35.143677471000046, 31.812931459000083 ], [ 35.143976066000164, 31.812834953000106 ], [ 35.144285224000157, 31.812738451000087 ], [ 35.144635484, 31.812624353000103 ], [ 35.145230349000087, 31.812452189000055 ], [ 35.145838082000012, 31.812276786000041 ], [ 35.146311945999969, 31.81215401500009 ], [ 35.14668282800011, 31.812039923000043 ], [ 35.146888830000137, 31.811960976000194 ], [ 35.147246827000174, 31.811864491000108 ], [ 35.147511069000188, 31.811800228000038 ], [ 35.147729928000047, 31.811742425000148 ], [ 35.147994165000171, 31.811684500000013 ], [ 35.148401831000172, 31.811588178000079 ], [ 35.148756682000112, 31.811504512000056 ], [ 35.148900345000186, 31.811479034000115 ], [ 35.148908023000104, 31.811477672000137 ], [ 35.149119110000072, 31.811440294000079 ], [ 35.149488954000105, 31.811389042000087 ], [ 35.149866390999989, 31.811331172000109 ], [ 35.150266603000091, 31.811273449000055 ], [ 35.150689254000156, 31.81121573900009 ], [ 35.151179906000038, 31.811145095000086 ], [ 35.15143620300006, 31.811108156000159 ], [ 35.151467826999976, 31.81110360800011 ], [ 35.151670552000155, 31.811074450000035 ], [ 35.151739986000052, 31.811063343000058 ], [ 35.151801426000134, 31.811053514000037 ], [ 35.151803409000024, 31.811053234000042 ], [ 35.152153779000059, 31.81099745500012 ], [ 35.152567189000024, 31.810938889000056 ], [ 35.153110654000102, 31.810848956000029 ], [ 35.153563660000145, 31.810804073000099 ], [ 35.154182677999984, 31.810752781000133 ], [ 35.15464312000006, 31.810688592000076 ], [ 35.155073360000131, 31.810624389000168 ], [ 35.155518792000066, 31.810547226000097 ], [ 35.156266060000064, 31.810438064000095 ], [ 35.156832303000101, 31.810328821000041 ], [ 35.157209732000183, 31.810271067000087 ], [ 35.15757198700004, 31.81020682500008 ], [ 35.158015437000131, 31.810121762000051 ], [ 35.158496196000044, 31.810009093000076 ], [ 35.159012951000079, 31.809865717000093 ], [ 35.159385439000175, 31.809783861000085 ], [ 35.159830213000191, 31.809691746000169 ], [ 35.160527162000051, 31.809538291000024 ], [ 35.160983818000147, 31.809435891000078 ], [ 35.161536680000097, 31.809333666000043 ], [ 35.161993327000118, 31.809241548000045 ], [ 35.162413987000093, 31.809180134000144 ], [ 35.162894732000154, 31.809077875000128 ], [ 35.16356771500017, 31.808985833000122 ], [ 35.164312799000186, 31.808914249000054 ], [ 35.165057876999981, 31.808842802000129 ], [ 35.16573068100007, 31.808771322000041 ], [ 35.165835469000058, 31.808762483000123 ], [ 35.165839899000048, 31.808762106000188 ], [ 35.166211390000171, 31.808730491000119 ], [ 35.166860417000123, 31.808679430000097 ], [ 35.167545235000091, 31.808669386000133 ], [ 35.16789637300019, 31.808676658000024 ], [ 35.167905130000122, 31.808676839000157 ], [ 35.168008592000149, 31.808678987000121 ], [ 35.168441286000075, 31.808627562000083 ], [ 35.168561096000076, 31.808610270000031 ], [ 35.168563813, 31.80860987900013 ], [ 35.16890005800019, 31.808561490000102 ], [ 35.169316582000192, 31.808507377000126 ], [ 35.169641182000078, 31.808471270000098 ], [ 35.17002947800006, 31.808429268000168 ], [ 35.170565820000036, 31.808333058000187 ], [ 35.170897683000192, 31.808285115000047 ], [ 35.171222284000123, 31.808249004000174 ], [ 35.171744575000105, 31.808200977000183 ], [ 35.172281051000084, 31.808165072000179 ], [ 35.172775124, 31.808110973000055 ], [ 35.173198571000171, 31.808068971000125 ], [ 35.173562270000161, 31.808043997000027 ], [ 35.173811465000085, 31.808032795000145 ], [ 35.173823822000088, 31.808032239000113 ], [ 35.174225636000131, 31.808014042000082 ], [ 35.174846760000037, 31.807990128000085 ], [ 35.175303697000061, 31.807951791 ], [ 35.175316797999983, 31.807950689999984 ], [ 35.175489179000124, 31.807936202000064 ], [ 35.17592343900003, 31.807909647000088 ], [ 35.175945618000185, 31.80790829100016 ], [ 35.176078456000141, 31.807900156000073 ], [ 35.176544294000109, 31.807888309000077 ], [ 35.176996102000032, 31.807888434000176 ], [ 35.177553667000097, 31.807924659999969 ], [ 35.177927748, 31.807942940000089 ], [ 35.178365349999979, 31.807979131000138 ], [ 35.178569959000129, 31.808003282000072 ], [ 35.17901994500005, 31.8080234090001 ], [ 35.179331317000049, 31.808048150000104 ], [ 35.179541373000063, 31.808066805000124 ], [ 35.179935374000024, 31.808103562000042 ], [ 35.179939704000049, 31.80810396600009 ], [ 35.180178628000078, 31.808153486000094 ], [ 35.180873801000132, 31.808246380000128 ], [ 35.181228726000143, 31.80830212800015 ], [ 35.181348189000175, 31.808328228000164 ], [ 35.181511212000032, 31.808363918000111 ], [ 35.18169683900004, 31.808403699999985 ], [ 35.18191662300012, 31.808450676000177 ], [ 35.182264282000176, 31.808531078000044 ], [ 35.182427641000118, 31.808554368000046 ], [ 35.182524995000165, 31.808568202000117 ], [ 35.18255898600006, 31.808572156000082 ], [ 35.182706066000151, 31.80858959800014 ], [ 35.18273637100009, 31.808593192000046 ], [ 35.182738012000129, 31.808593304000055 ], [ 35.183088393000048, 31.808617201000175 ], [ 35.183097084000167, 31.808617794000156 ], [ 35.183326451000028, 31.80862968200006 ], [ 35.183717529000091, 31.808660631000066 ], [ 35.183956465000108, 31.808679283000174 ], [ 35.184089494000034, 31.808691299000088 ], [ 35.184094083000161, 31.80869171400002 ], [ 35.184237545000144, 31.808734586000014 ], [ 35.184238954000136, 31.808735007000166 ], [ 35.184499673000118, 31.808747464000191 ], [ 35.184709736, 31.80875371000019 ], [ 35.184848347000013, 31.808761772000139 ], [ 35.184919222000133, 31.80876599100003 ], [ 35.184919632000174, 31.80876601500006 ], [ 35.185024577000036, 31.808777593000116 ], [ 35.18507802400012, 31.808783521000066 ], [ 35.185139999000171, 31.808790396 ], [ 35.185144211000193, 31.808790863000183 ], [ 35.185455580999985, 31.808834190000084 ], [ 35.18585391, 31.808896133000189 ], [ 35.186211974000173, 31.808962859000189 ], [ 35.18625223700019, 31.808970337000062 ], [ 35.186344474000123, 31.80899036500017 ], [ 35.186708312000178, 31.809069349000083 ], [ 35.186933380000141, 31.809120123000071 ], [ 35.187092282000151, 31.809155946000089 ], [ 35.187347872000146, 31.809218845000032 ], [ 35.187519479000059, 31.809261151000157 ], [ 35.187787439000033, 31.809360125000183 ], [ 35.187945763000187, 31.809409335000169 ], [ 35.187946667000062, 31.809409616000096 ], [ 35.188051780000137, 31.809418232000098 ], [ 35.188171249000163, 31.809428119000131 ], [ 35.188598474000059, 31.809440599000084 ], [ 35.188633290000098, 31.809443 ], [ 35.188960513000097, 31.80946546600012 ], [ 35.189163318000112, 31.809465502000137 ], [ 35.18957453600018, 31.809478398000124 ], [ 35.18979664200009, 31.809498870000027 ], [ 35.189842517000045, 31.80950310500009 ], [ 35.190019906000089, 31.809508070000106 ], [ 35.190284262000091, 31.809515582000188 ], [ 35.190574026000093, 31.809528034000152 ], [ 35.19073508300005, 31.809534823000092 ], [ 35.190863628999978, 31.809540341000172 ], [ 35.191170722000095, 31.809555328000101 ], [ 35.19124745300013, 31.80955900400005 ], [ 35.191526434000025, 31.809571296000172 ], [ 35.19152995800016, 31.809571451000068 ], [ 35.191666932000146, 31.809608362 ], [ 35.191667573000075, 31.809608535000109 ], [ 35.191813777000107, 31.809622226000101 ], [ 35.192065915000171, 31.809645658000079 ], [ 35.192229281000039, 31.809651460000055 ], [ 35.192594460000123, 31.809664342000019 ], [ 35.192971195000098, 31.809658197000147 ], [ 35.193055023000113, 31.809661875000131 ], [ 35.193398420000051, 31.809676721000073 ], [ 35.194480424, 31.80974169600006 ], [ 35.194636855999988, 31.809751158000097 ], [ 35.194740156000194, 31.809757374000128 ], [ 35.195151044999989, 31.809782089000123 ], [ 35.195374638000146, 31.809795223000151 ], [ 35.195469685999967, 31.80980073000012 ], [ 35.195558960000085, 31.809804546000123 ], [ 35.195904174000077, 31.809819246000075 ], [ 35.196044769000082, 31.809816023000053 ], [ 35.196164903000067, 31.809813222000116 ], [ 35.196425632000057, 31.809794652000164 ], [ 35.196764082000129, 31.809795539000163 ], [ 35.196997255000156, 31.809770766000156 ], [ 35.197053856000139, 31.809764712000174 ], [ 35.19708257000002, 31.809761335000189 ], [ 35.197213101000102, 31.809746131000168 ], [ 35.197409474999972, 31.809726989000183 ], [ 35.19746657100012, 31.80972150100007 ], [ 35.197838039000089, 31.809620083000027 ], [ 35.198190859000192, 31.809523737000063 ], [ 35.198589224000159, 31.809418658000141 ], [ 35.198730978000185, 31.809383021000144 ], [ 35.199030988000118, 31.809307523000086 ], [ 35.19929898200013, 31.809245689000136 ], [ 35.199381329000062, 31.809228507000114 ], [ 35.19965377800014, 31.809171462000108 ], [ 35.199873422000053, 31.809117091000132 ], [ 35.200052140000082, 31.809072720000131 ], [ 35.200513041000079, 31.80896637100011 ], [ 35.200588125000081, 31.808949047000112 ], [ 35.200651821000065, 31.808933692000153 ], [ 35.200921301000108, 31.808868755000049 ], [ 35.201226420000069, 31.808819884000172 ], [ 35.20126883, 31.80881312300005 ], [ 35.201327574000061, 31.808801010000025 ], [ 35.20168896600012, 31.808726636000074 ], [ 35.201743094000165, 31.8087157920001 ], [ 35.20181553600014, 31.808701283 ], [ 35.202058279000084, 31.808652405000089 ], [ 35.202139138000064, 31.808630287000028 ], [ 35.202261088000057, 31.808596900000168 ], [ 35.2024421160001, 31.808541253000101 ], [ 35.202673635000167, 31.808499420000089 ], [ 35.202818686000171, 31.808473219000177 ], [ 35.203093937000119, 31.808417577000171 ], [ 35.203331233000029, 31.808336287000031 ], [ 35.203584702000171, 31.808268242000167 ], [ 35.203859954000166, 31.808187939 ], [ 35.20401919700015, 31.808138488999987 ], [ 35.204026786000156, 31.808136939000065 ], [ 35.204135369000142, 31.808114401000125 ], [ 35.204316227, 31.808076786000129 ], [ 35.204496591000179, 31.808053404000134 ], [ 35.204555169000059, 31.80804579800008 ], [ 35.204626786000063, 31.808034673000122 ], [ 35.204714410000179, 31.808021148000137 ], [ 35.204759790000026, 31.808011006000186 ], [ 35.204881075, 31.807983957000033 ], [ 35.204970183000114, 31.807980580000162 ], [ 35.205040315000076, 31.807977906000133 ], [ 35.205122000000131, 31.807940287000122 ], [ 35.205308308000099, 31.807854199000133 ], [ 35.205415074000086, 31.807797839000045 ], [ 35.205612602000087, 31.807693571000129 ], [ 35.205822014000148, 31.807569294000075 ], [ 35.205873169000029, 31.807539001000123 ], [ 35.206083239000179, 31.807421490000081 ], [ 35.206350073000067, 31.807253110000033 ], [ 35.206445455000164, 31.807192803000078 ], [ 35.206658494000123, 31.807051333000118 ], [ 35.206771202000027, 31.806976514000041 ], [ 35.206981265000081, 31.806920860000048 ], [ 35.207162287000131, 31.806828146000043 ], [ 35.207596942000123, 31.806562255000131 ], [ 35.207732420000127, 31.806492367000033 ], [ 35.20790832400013, 31.80640162300017 ], [ 35.208111130000191, 31.806265647000146 ], [ 35.208407991000172, 31.806067813000084 ], [ 35.208446605000177, 31.806040758000051 ], [ 35.208646933000068, 31.805900835000159 ], [ 35.208731256000192, 31.805845317000148 ], [ 35.20880633600018, 31.805795858000067 ], [ 35.208894288000181, 31.805737381000085 ], [ 35.208936698000116, 31.805709199000091 ], [ 35.208973164000099, 31.805679749000149 ], [ 35.209067056000094, 31.805604221000124 ], [ 35.209183226000107, 31.805562514000144 ], [ 35.209291473000064, 31.8055237640001 ], [ 35.209492292000107, 31.805445984000073 ], [ 35.209518198000126, 31.805434007000031 ], [ 35.209666213000162, 31.805365667000103 ], [ 35.209856304000027, 31.805306627000164 ], [ 35.209905149000065, 31.805291408000073 ], [ 35.210071642000059, 31.805248150000068 ], [ 35.210193255000092, 31.80522504400011 ], [ 35.210267180000073, 31.805211093000082 ], [ 35.210271140000032, 31.805210811000052 ], [ 35.210455455000101, 31.805199540000103 ], [ 35.210672771000134, 31.805186298000081 ], [ 35.210914181000078, 31.80516910900019 ], [ 35.211020444000042, 31.805161641000097 ], [ 35.211324556000193, 31.805155442000171 ], [ 35.21133544800017, 31.805155723000098 ], [ 35.211628667000184, 31.805161644000179 ], [ 35.211727178000103, 31.805165731000045 ], [ 35.212077657000066, 31.805180104000101 ], [ 35.212258671000086, 31.805186305000177 ], [ 35.21243259, 31.805198705000123 ], [ 35.212594134000028, 31.805203213000141 ], [ 35.212656098000025, 31.805204882 ], [ 35.212657002000128, 31.805204906000029 ], [ 35.212968373000024, 31.805241964000061 ], [ 35.213105992000123, 31.805272964000153 ], [ 35.213110118000088, 31.805273527000111 ], [ 35.213386506000063, 31.805309761000103 ], [ 35.213388488000078, 31.805310021000082 ], [ 35.213392679000151, 31.805310346000056 ], [ 35.213551813000151, 31.805322687000057 ], [ 35.21356108800012, 31.80532340600007 ], [ 35.213627421000183, 31.805328477000046 ], [ 35.213777415000152, 31.80532847500001 ], [ 35.213779559000159, 31.805328476000113 ], [ 35.213909916000034, 31.805328473000031 ], [ 35.214047533000155, 31.805328472000099 ], [ 35.214141588000189, 31.80532847000012 ], [ 35.214235811000094, 31.805328468000141 ], [ 35.214308084000095, 31.805328467000038 ], [ 35.214325731000088, 31.805327946000091 ], [ 35.214488107000193, 31.805323151000096 ], [ 35.214518141000156, 31.805322264000154 ], [ 35.214744532000168, 31.805307886000037 ], [ 35.21480789300017, 31.805303798000011 ], [ 35.214890399000069, 31.805296186000135 ], [ 35.215010691000089, 31.805285194000078 ], [ 35.215014521000057, 31.80528466200002 ], [ 35.21529853200019, 31.805245195000055 ], [ 35.215322060000176, 31.805241926000065 ], [ 35.215444332000175, 31.805223884000156 ], [ 35.215531952000106, 31.805211059999976 ], [ 35.215742004000106, 31.805173993000039 ], [ 35.21574415200007, 31.805173571000182 ], [ 35.215883254000062, 31.80514947000006 ], [ 35.21599116800013, 31.80512480800013 ], [ 35.216129773000091, 31.805100425000148 ], [ 35.216238182000097, 31.805081398000084 ], [ 35.216440977000104, 31.805056731000093 ], [ 35.216599384000176, 31.805025865000061 ], [ 35.216636344, 31.805019564000133 ], [ 35.216747988000179, 31.805000529000097 ], [ 35.216760595000096, 31.804998380000143 ], [ 35.216817525000181, 31.804988656000091 ], [ 35.216984014, 31.804945388000021 ], [ 35.217013055, 31.804941019000125 ], [ 35.21706371300013, 31.804939185000137 ], [ 35.217101994000188, 31.804927768000027 ], [ 35.217150672000116, 31.804920581000033 ], [ 35.217178391000175, 31.80490507900015 ], [ 35.217230205000021, 31.804889717000151 ], [ 35.21731716000005, 31.804827853000177 ], [ 35.217447511000103, 31.804728925000177 ], [ 35.217650297000148, 31.804592933000094 ], [ 35.21788162900009, 31.804469482000115 ], [ 35.217900769000096, 31.804460041000141 ], [ 35.218055871000161, 31.804382814 ], [ 35.218084084000054, 31.804367745000093 ], [ 35.218248844000016, 31.804279743000109 ], [ 35.218287535000115, 31.804259078000086 ], [ 35.218490321000047, 31.80415408500005 ], [ 35.218663738000089, 31.80407995600018 ], [ 35.218837814000096, 31.803999486000123 ], [ 35.218880826000088, 31.803981132 ], [ 35.218986014000109, 31.803936246000035 ], [ 35.219040601000074, 31.803912952000076 ], [ 35.219170952000127, 31.803857283000184 ], [ 35.21930856400013, 31.80381401700015 ], [ 35.219467956000187, 31.803764545000149 ], [ 35.219656220000104, 31.803671813000108 ], [ 35.219829963000052, 31.803572879000058 ], [ 35.220025486000111, 31.803467745999967 ], [ 35.220322316000193, 31.803294684000036 ], [ 35.220351357000027, 31.803275377000148 ], [ 35.220517837000102, 31.803164749000075 ], [ 35.220698341000116, 31.80306201000019 ], [ 35.220800310000129, 31.803004088000193 ], [ 35.220959531000062, 31.80291135300007 ], [ 35.22113129000013, 31.802783956000098 ], [ 35.22128340800009, 31.802635563000138 ], [ 35.221298586000103, 31.802623443000016 ], [ 35.221399232000124, 31.802542832000029 ], [ 35.221515053000189, 31.802450100000158 ], [ 35.221645399000124, 31.802363570000125 ], [ 35.221768483000176, 31.802283098000032 ], [ 35.221971262000181, 31.802171901000179 ], [ 35.222130645000163, 31.802072966000026 ], [ 35.222362293000117, 31.801930766000169 ], [ 35.222521675000166, 31.801831829999969 ], [ 35.22264063200015, 31.801761081000109 ], [ 35.222688151000057, 31.801732894000168 ], [ 35.222723624000082, 31.801712177000127 ], [ 35.222825753999984, 31.801652560999969 ], [ 35.222956096000132, 31.801559829000155 ], [ 35.223086434000095, 31.801454695000132 ], [ 35.223238554000034, 31.801349560000062 ], [ 35.223301628000115, 31.801304125000115 ], [ 35.223403709000138, 31.801230590000159 ], [ 35.223470195000118, 31.801182697 ], [ 35.223505832000171, 31.801138164000179 ], [ 35.223564232000172, 31.801065165000068 ], [ 35.223624497000117, 31.800991135000174 ], [ 35.223678361000111, 31.800924968000118 ], [ 35.223745377000171, 31.800842644000056 ], [ 35.223810539000056, 31.80073751700013 ], [ 35.22383643600017, 31.800675795000188 ], [ 35.223846662000085, 31.800657192000131 ], [ 35.223850786000071, 31.80064197300004 ], [ 35.223875693000082, 31.800582929000143 ], [ 35.223897130000182, 31.800472026000079 ], [ 35.223940819000177, 31.800205836000089 ], [ 35.223963739000112, 31.800077883000085 ], [ 35.223969677000071, 31.800045188000126 ], [ 35.223963550000178, 31.799880460000168 ], [ 35.223970787000155, 31.799695016000101 ], [ 35.223963503999983, 31.799534233000031 ], [ 35.223956224000119, 31.799361191000116 ], [ 35.223948933000145, 31.799132487 ], [ 35.223941656000136, 31.798984104999988 ], [ 35.223948896000024, 31.798841920000029 ], [ 35.223949226000059, 31.798838397000054 ], [ 35.223957631000133, 31.798749340000029 ], [ 35.223970647000158, 31.798613215000046 ], [ 35.223977397000169, 31.798501891000058 ], [ 35.223984643000051, 31.798379719000081 ], [ 35.223985137000113, 31.798372108000081 ], [ 35.223999640000159, 31.798248384000146 ], [ 35.224028493000162, 31.798088302000053 ], [ 35.224033769000016, 31.798052228000074 ], [ 35.224050748000138, 31.797935830000029 ], [ 35.224073009000108, 31.797818588000098 ], [ 35.224094112000159, 31.797707263000063 ], [ 35.22412313600006, 31.797583537000094 ], [ 35.224151992000145, 31.797459811000181 ], [ 35.22425195500017, 31.79725843500006 ], [ 35.224253273999977, 31.797255900000096 ], [ 35.224325689000011, 31.797132169000065 ], [ 35.224412630000018, 31.797033238000154 ], [ 35.224550216000068, 31.796903444000066 ], [ 35.224702161000096, 31.796779846000163 ], [ 35.22475561300007, 31.79673418200008 ], [ 35.224825396000085, 31.796674711000037 ], [ 35.224831252000058, 31.796664312000189 ], [ 35.224951256, 31.796451208000121 ], [ 35.223811474000058, 31.796384241000169 ], [ 35.223811542000021, 31.796384075000162 ], [ 35.223968167000123, 31.796000939000066 ], [ 35.223970808000047, 31.795994740000026 ], [ 35.224115624000149, 31.795630039000116 ], [ 35.224218213000029, 31.795350312000153 ], [ 35.224267526000119, 31.795215876000043 ], [ 35.224462979, 31.79474604700016 ], [ 35.22447748400009, 31.794640923000031 ], [ 35.224564421000082, 31.794554394000045 ], [ 35.224730876000081, 31.794405994000044 ], [ 35.224771458000077, 31.794355965000079 ], [ 35.224861197000109, 31.794245197000123 ], [ 35.224962480000045, 31.794109206000144 ], [ 35.225085198000102, 31.793881475000035 ], [ 35.225143594000144, 31.793793960000187 ], [ 35.225252137000155, 31.793657966000126 ], [ 35.225343686000144, 31.793532824000067 ], [ 35.225360678000129, 31.793509571000186 ], [ 35.225433091000184, 31.793385841000088 ], [ 35.225578732000088, 31.793090888999984 ], [ 35.225658566000106, 31.792948277000107 ], [ 35.225716461000161, 31.792849348000175 ], [ 35.225767100000041, 31.792762822000157 ], [ 35.225824997000075, 31.792682354000021 ], [ 35.225890156000048, 31.792608224000105 ], [ 35.225936673000092, 31.792549881000184 ], [ 35.225998861000107, 31.79247194800007 ], [ 35.226099321000049, 31.792343423000148 ], [ 35.226114659000075, 31.792323833000125 ], [ 35.226194172000191, 31.792249564000144 ], [ 35.226265764000061, 31.792182480000065 ], [ 35.226339339000049, 31.792113847000167 ], [ 35.226425942000162, 31.792033234000144 ], [ 35.226512713000147, 31.791946702000132 ], [ 35.226606905000153, 31.791860168000028 ], [ 35.226611282000079, 31.791855109999972 ], [ 35.226729961, 31.791717972000185 ], [ 35.226741012000105, 31.791700217000027 ], [ 35.226752365000095, 31.791681961000165 ], [ 35.226876156000117, 31.791482913000038 ], [ 35.22689193399998, 31.791457543000035 ], [ 35.226892870000086, 31.791454226000042 ], [ 35.226961517000177, 31.791210933000059 ], [ 35.226986201000102, 31.79079283700014 ], [ 35.226997718000064, 31.790598937000084 ], [ 35.227004929000032, 31.790295969000056 ], [ 35.227023556000063, 31.79019619900015 ], [ 35.227033775000109, 31.790141524000148 ], [ 35.227048270000125, 31.789999338000086 ], [ 35.227048436000189, 31.789997226000082 ], [ 35.227070013000059, 31.789789092000092 ], [ 35.227075940000134, 31.789702428000055 ], [ 35.227084335000029, 31.789578985000048 ], [ 35.22710607700003, 31.789368738000121 ], [ 35.227113467000152, 31.789159902000108 ], [ 35.227120700000114, 31.789005317000033 ], [ 35.227120677000187, 31.788863134000053 ], [ 35.227142435000019, 31.788733630000024 ], [ 35.227149686000189, 31.788690088000124 ], [ 35.227154956999982, 31.788633016 ], [ 35.227178509000169, 31.788380916000108 ], [ 35.227178381000158, 31.787592947 ], [ 35.227178380000055, 31.787589680000053 ], [ 35.227098183000123, 31.787475550000181 ], [ 35.226949479000041, 31.787110598000027 ], [ 35.22694943700003, 31.78710763700019 ], [ 35.226946642000087, 31.786909792000074 ], [ 35.227004526000087, 31.786761262000027 ], [ 35.227069672000141, 31.786631472000124 ], [ 35.22714205699998, 31.786402759000168 ], [ 35.227143209000076, 31.786391204000154 ], [ 35.227156550000075, 31.786248172000057 ], [ 35.22717104700007, 31.78611838900008 ], [ 35.227192644000183, 31.786026088000142 ], [ 35.227205829000127, 31.785943227000132 ], [ 35.227214396000022, 31.785889679000149 ], [ 35.227245062000065, 31.785760034000191 ], [ 35.227286607000053, 31.785583604000124 ], [ 35.227308352000193, 31.785398156000042 ], [ 35.227327462000176, 31.785238215000049 ], [ 35.227337184000078, 31.785157047000098 ], [ 35.227349375000131, 31.785058688000049 ], [ 35.227373430000057, 31.78486647800014 ], [ 35.227392694000059, 31.784647493000023 ], [ 35.227402245000064, 31.784538846000032 ], [ 35.227413781000109, 31.784460495000189 ], [ 35.227423997000074, 31.784390460000168 ], [ 35.227431743000182, 31.784337617000176 ], [ 35.227452834000076, 31.784192613000073 ], [ 35.227425756000116, 31.784059027000183 ], [ 35.227423942000144, 31.784050432000129 ], [ 35.227418661000172, 31.784044657000095 ], [ 35.227242937000028, 31.78385261000011 ], [ 35.227105336000079, 31.783766104000051 ], [ 35.226967743000159, 31.783716660000039 ], [ 35.226874033000058, 31.783673551000106 ], [ 35.226678029000141, 31.783556050000072 ], [ 35.226620086000082, 31.783302549000155 ], [ 35.226608354000177, 31.783187847000079 ], [ 35.226598440000032, 31.783092307000175 ], [ 35.226583899, 31.782937865000179 ], [ 35.226582909000115, 31.782930963000126 ], [ 35.226562097000169, 31.782777085000191 ], [ 35.226576590000036, 31.782604039000091 ], [ 35.226576919000138, 31.782601364000129 ], [ 35.226598498000044, 31.782408729000053 ], [ 35.226598992000106, 31.782402530000184 ], [ 35.226611998000124, 31.782225258000096 ], [ 35.226612984000042, 31.782210883000062 ], [ 35.226612969000087, 31.78211759800007 ], [ 35.226612958000032, 31.782044039000084 ], [ 35.226665390000107, 31.781858871000054 ], [ 35.226670832000025, 31.781839989000105 ], [ 35.22667314, 31.781836325000143 ], [ 35.226850104999983, 31.781558278000148 ], [ 35.226851754000052, 31.781555602000083 ], [ 35.226897276000102, 31.781493874000148 ], [ 35.226974792000135, 31.781388603000039 ], [ 35.227076060000115, 31.781246406000093 ], [ 35.227249732000132, 31.781017964 ], [ 35.227423405000025, 31.780801639000174 ], [ 35.227546597000071, 31.780584895000175 ], [ 35.227438023000161, 31.780418067000028 ], [ 35.227322202000096, 31.780312958000138 ], [ 35.227047016000029, 31.780164607000188 ], [ 35.226753024000061, 31.780004562000045 ], [ 35.226626981000038, 31.779935951000141 ], [ 35.226532446000078, 31.779873958000053 ], [ 35.226409866999973, 31.779793791000088 ], [ 35.226046423000128, 31.779598241000087 ], [ 35.225962617000107, 31.779562458000044 ], [ 35.225785764000136, 31.779487089000099 ], [ 35.225662693000174, 31.779431440000053 ], [ 35.225601322000159, 31.779391427000178 ], [ 35.225583009000161, 31.779381987000136 ], [ 35.225578555000141, 31.779376633000027 ], [ 35.225510750000126, 31.779332534 ], [ 35.225494409000078, 31.779277155000159 ], [ 35.225488965000181, 31.779270675000134 ], [ 35.225488963000032, 31.779258413000036 ], [ 35.225488943000187, 31.779116090000059 ], [ 35.225491249000186, 31.779106084000091 ], [ 35.225525048000065, 31.77896164200007 ], [ 35.225543992000041, 31.778778594000187 ], [ 35.225568262000081, 31.778543941000066 ], [ 35.225568536000083, 31.778541290000078 ], [ 35.225566598000114, 31.778537229000051 ], [ 35.225488836000068, 31.778374314000132 ], [ 35.225474284000143, 31.778127009000173 ], [ 35.225474260000112, 31.777960166000128 ], [ 35.225466977000167, 31.777799382000183 ], [ 35.225482804000137, 31.777721314000132 ], [ 35.225503243000105, 31.77762013600011 ], [ 35.225510472999986, 31.777416089000155 ], [ 35.225503194000055, 31.777280106000035 ], [ 35.225503171000128, 31.777119463000133 ], [ 35.225503152000044, 31.776989538000123 ], [ 35.225532001000033, 31.776866237000149 ], [ 35.225542718000099, 31.776834248000057 ], [ 35.225575532000164, 31.776736167000024 ], [ 35.22561609800016, 31.776642172000152 ], [ 35.225647759000026, 31.776569175000077 ], [ 35.225714716000141, 31.776462213000116 ], [ 35.225763699000026, 31.776383716999987 ], [ 35.225813338000137, 31.776309310000158 ], [ 35.225865783000074, 31.776230814000087 ], [ 35.2259454390001, 31.776113283000029 ], [ 35.226032348000103, 31.775940229000071 ], [ 35.226119094000182, 31.775810436000086 ], [ 35.226227773, 31.775637240000151 ], [ 35.226321774000098, 31.775476586000025 ], [ 35.226452063000124, 31.775309587000152 ], [ 35.22645420900011, 31.775305641000159 ], [ 35.226509947000125, 31.775198400000079 ], [ 35.226618622000103, 31.775000540000065 ], [ 35.226654240000073, 31.774934026000039 ], [ 35.226698107000061, 31.774852148000036 ], [ 35.22676324400004, 31.774716157000057 ], [ 35.226835472000118, 31.774585241000068 ], [ 35.226879172, 31.774505900000179 ], [ 35.226971027000047, 31.774348910000128 ], [ 35.226973169000075, 31.774345246 ], [ 35.227088936000143, 31.774147386000152 ], [ 35.227126536000071, 31.774087211000051 ], [ 35.227204870000151, 31.773961929000166 ], [ 35.227273474000128, 31.773873848999983 ], [ 35.227306127000077, 31.773831993000101 ], [ 35.227356755000187, 31.773751666000123 ], [ 35.227421897000056, 31.773658937000164 ], [ 35.227436899000054, 31.773609894000117 ], [ 35.227465420000044, 31.773516747000144 ], [ 35.227501521000079, 31.77337456000015 ], [ 35.227505150000127, 31.773365257000023 ], [ 35.227552141, 31.773244768999973 ], [ 35.227579844000104, 31.773184736000076 ], [ 35.22764629500017, 31.773040712000068 ], [ 35.227718683000091, 31.772898521000116 ], [ 35.227834463000079, 31.77279958400004 ], [ 35.22791528700003, 31.772791541000174 ], [ 35.228080565000027, 31.772774893000189 ], [ 35.228185476000078, 31.772779811000078 ], [ 35.228341191000084, 31.772787119000157 ], [ 35.228430924000179, 31.772784149000074 ], [ 35.228522143000134, 31.772781038000062 ], [ 35.228693852000049, 31.772762556000146 ], [ 35.228753729000118, 31.772756205000064 ], [ 35.228840160000061, 31.772750277000114 ], [ 35.22911579200013, 31.772731498000098 ], [ 35.22936915300005, 31.772706663000065 ], [ 35.229447175000132, 31.772706652000124 ], [ 35.229593486000056, 31.772706632000165 ], [ 35.229654677000042, 31.772676186000126 ], [ 35.229727909000076, 31.772639678000132 ], [ 35.229767328000037, 31.772620085000028 ], [ 35.229777220000187, 31.772595142000171 ], [ 35.229864272999976, 31.772374880000029 ], [ 35.229894766000143, 31.772263977000193 ], [ 35.229922129000158, 31.772164697000164 ], [ 35.229987067000025, 31.771887367000147 ], [ 35.230059609000193, 31.771707198000058 ], [ 35.230059937000192, 31.771704238000154 ], [ 35.230088419000083, 31.771416625000086 ], [ 35.230095646000052, 31.771255912000186 ], [ 35.230067726000073, 31.771028689000161 ], [ 35.230066735000037, 31.77102101000014 ], [ 35.230044613000189, 31.770926811000038 ], [ 35.230015888000025, 31.770804643000076 ], [ 35.229950675000055, 31.770495553000103 ], [ 35.229865663000112, 31.770160257000043 ], [ 35.229856584000174, 31.770124676000023 ], [ 35.229840078000052, 31.770055771000102 ], [ 35.229776852000157, 31.769790860000114 ], [ 35.22963194100015, 31.769327199000031 ], [ 35.229581263000057, 31.769117031000064 ], [ 35.229435875000092, 31.768735593000144 ], [ 35.229327294000086, 31.768475972000033 ], [ 35.229280103000178, 31.768379662000086 ], [ 35.229233242000078, 31.768284339000104 ], [ 35.229160809000064, 31.768154496000079 ], [ 35.229152555999974, 31.768134346000181 ], [ 35.229066585000055, 31.767925801999979 ], [ 35.228986870000142, 31.767672307000055 ], [ 35.228912282000181, 31.767485885000099 ], [ 35.228892811000094, 31.767437412999982 ], [ 35.228844618000096, 31.767281285000024 ], [ 35.228820357000131, 31.767202516 ], [ 35.228762433000156, 31.767029480000076 ], [ 35.228725793000137, 31.766900901000042 ], [ 35.228697241000077, 31.766800714000169 ], [ 35.228690311000037, 31.766780774000097 ], [ 35.228610274000062, 31.766553487000067 ], [ 35.228501694000158, 31.766287667000086 ], [ 35.228421987000047, 31.766046569000025 ], [ 35.228391789, 31.765966746000061 ], [ 35.228342451, 31.765836403000037 ], [ 35.22831058800017, 31.765665548000015 ], [ 35.228291602000184, 31.765564374000178 ], [ 35.228291437000053, 31.765562472000056 ], [ 35.228269291000174, 31.765307276000044 ], [ 35.228262009000105, 31.765171223999971 ], [ 35.228211508000129, 31.764992408000126 ], [ 35.228153414000133, 31.764794149000124 ], [ 35.228102578000176, 31.764590181000131 ], [ 35.228080940000154, 31.764398538000023 ], [ 35.228067071000169, 31.764315470000042 ], [ 35.2280664110001, 31.764311382000074 ], [ 35.228051882000045, 31.764225427000156 ], [ 35.228023477000079, 31.76401300200007 ], [ 35.228022979000059, 31.764009056000134 ], [ 35.228022814000155, 31.764006729000187 ], [ 35.22800117200012, 31.763792681000041 ], [ 35.227993569000091, 31.76370714799998 ], [ 35.227979356000105, 31.763545449000048 ], [ 35.227993682000033, 31.763406927000119 ], [ 35.228001094000092, 31.763335271000074 ], [ 35.228124085000104, 31.763044687000161 ], [ 35.228157719000023, 31.762980919000029 ], [ 35.228189212000075, 31.762921026000129 ], [ 35.22830496000006, 31.762717037000073 ], [ 35.228420701000118, 31.762484018000066 ], [ 35.228485813000191, 31.762273835000144 ], [ 35.228536423000094, 31.762137845000098 ], [ 35.228567252000062, 31.762055265000185 ], [ 35.228587200000106, 31.762001785000052 ], [ 35.228630539000051, 31.761797803000036 ], [ 35.228631362000044, 31.761789489000023 ], [ 35.22864502800013, 31.76165561900018 ], [ 35.228637741000114, 31.761482504000128 ], [ 35.228637681000123, 31.761142474000053 ], [ 35.228631872000108, 31.760951465000176 ], [ 35.228630380000141, 31.760901441000101 ], [ 35.228601302000015, 31.760617077 ], [ 35.228586267000139, 31.760470526000063 ], [ 35.228579658, 31.760406833000047 ], [ 35.228550264000091, 31.760193563000144 ], [ 35.228542966000191, 31.75997105700003 ], [ 35.228528427000128, 31.759828877000189 ], [ 35.22852132800017, 31.759777654000118 ], [ 35.228499363000026, 31.759618705000037 ], [ 35.228441426000131, 31.759340474000169 ], [ 35.228414681000118, 31.759191600000122 ], [ 35.228398008000113, 31.75909937400013 ], [ 35.228390083000079, 31.759054774000163 ], [ 35.228361687000188, 31.758895402000121 ], [ 35.228335603000176, 31.75875561700019 ], [ 35.228332800000032, 31.758740892000162 ], [ 35.228289392000192, 31.758567784000036 ], [ 35.228264464000063, 31.758427152000138 ], [ 35.228231281000092, 31.758240162000106 ], [ 35.228163436000045, 31.757876114000169 ], [ 35.228101035000122, 31.757541590000187 ], [ 35.228101034000019, 31.757538208000085 ], [ 35.228093892000174, 31.757236087000081 ], [ 35.228093726000168, 31.757232492000014 ], [ 35.228086445000145, 31.757096509000064 ], [ 35.228070925000111, 31.756995475000053 ], [ 35.228064652000057, 31.756954329 ], [ 35.227956082000105, 31.756669975000136 ], [ 35.227878053000154, 31.756541470000059 ], [ 35.22785462700017, 31.756503074000079 ], [ 35.227820654000084, 31.756492508000065 ], [ 35.227750886000024, 31.75647081700015 ], [ 35.227695469000139, 31.756453633000149 ], [ 35.227630831000113, 31.756467446000158 ], [ 35.227434900000162, 31.756509324000035 ], [ 35.227246734000062, 31.756571138000027 ], [ 35.227184071000124, 31.75661462000005 ], [ 35.227015044000041, 31.756731881000064 ], [ 35.226884781000024, 31.756892611000069 ], [ 35.226776282, 31.757022475000156 ], [ 35.226674054999989, 31.757186302000093 ], [ 35.226660535000121, 31.757207935000054 ], [ 35.226650807000055, 31.757226044000049 ], [ 35.226580900000044, 31.757356327000082 ], [ 35.226575620000119, 31.757355425000185 ], [ 35.226484419000144, 31.75733985200003 ], [ 35.226399974000174, 31.757325418000107 ], [ 35.226219049000179, 31.757300705999967 ], [ 35.226116794000177, 31.757294025000078 ], [ 35.226030869000056, 31.757288396000035 ], [ 35.225817125000162, 31.757257983000102 ], [ 35.225813660000142, 31.757257490000143 ], [ 35.22548792900011, 31.757214263000037 ], [ 35.225299749000158, 31.75719575200003 ], [ 35.225169445000063, 31.75709684200018 ], [ 35.225111527000024, 31.756880473000137 ], [ 35.225092387000075, 31.756821431000049 ], [ 35.225044210000078, 31.756673405000072 ], [ 35.224979033000068, 31.75644463500015 ], [ 35.224928379000175, 31.756277725000189 ], [ 35.22486320400003, 31.75605522800015 ], [ 35.22484141700005, 31.755913045 ], [ 35.224798007000061, 31.755665742000076 ], [ 35.224772925000082, 31.755565343 ], [ 35.22474718300009, 31.75546177300015 ], [ 35.224740243000042, 31.755359116000079 ], [ 35.224732806000077, 31.755251529000191 ], [ 35.224705405000179, 31.755056009000157 ], [ 35.224696490000099, 31.754991894000113 ], [ 35.224674199000106, 31.754795532000173 ], [ 35.224653062000016, 31.754608679000114 ], [ 35.224642985000173, 31.754481081 ], [ 35.224631257999988, 31.754330442000082 ], [ 35.224625808000098, 31.754269358000158 ], [ 35.224609619999967, 31.754089338000028 ], [ 35.224595057000101, 31.753718452000044 ], [ 35.224578050000048, 31.753569362000178 ], [ 35.224573261000103, 31.753526807000128 ], [ 35.224559058000068, 31.753369971000097 ], [ 35.224506868, 31.752793276999967 ], [ 35.22444893, 31.752397593000126 ], [ 35.224424798000143, 31.751980908000178 ], [ 35.224419839000177, 31.751896923000061 ], [ 35.224415544000124, 31.751842600000089 ], [ 35.224390930000027, 31.751525965000098 ], [ 35.224359404000097, 31.751320511000188 ], [ 35.224347354000145, 31.751241601000061 ], [ 35.224341246000165, 31.751185727 ], [ 35.224325726000131, 31.751043756000115 ], [ 35.224488323000173, 31.751002100000051 ], [ 35.224542743000029, 31.750988145 ], [ 35.224738165000076, 31.750988126000095 ], [ 35.224962591000178, 31.750839719000169 ], [ 35.225005926000108, 31.750580148000097 ], [ 35.224948, 31.750283526000089 ], [ 35.224935792000167, 31.750245763000066 ], [ 35.224890257000027, 31.750106120000169 ], [ 35.224846858000092, 31.749895948000187 ], [ 35.224817809000058, 31.749716636000073 ], [ 35.224783648000027, 31.749553106000064 ], [ 35.224781670000027, 31.74954352400016 ], [ 35.224745532000043, 31.749389014000144 ], [ 35.224673116000076, 31.749228306000191 ], [ 35.224607954000192, 31.749061398000038 ], [ 35.224557305000189, 31.748906819000126 ], [ 35.224527106000096, 31.748742443000026 ], [ 35.224520999000049, 31.748709047000091 ], [ 35.224512092000111, 31.748676990000035 ], [ 35.224484868000161, 31.748579197000026 ], [ 35.224528216000181, 31.748412279000036 ], [ 35.224557220000122, 31.748263891000022 ], [ 35.224557549000053, 31.748261635 ], [ 35.224593298000059, 31.747991921000107 ], [ 35.224622122000142, 31.747738411000057 ], [ 35.224636615000179, 31.747590095000078 ], [ 35.224629341000139, 31.747454042000072 ], [ 35.224571433000108, 31.747268601000087 ], [ 35.224470162000159, 31.747120298000027 ], [ 35.224294031000056, 31.747034357000075 ], [ 35.224267478000115, 31.747021395000104 ], [ 35.224235488000147, 31.747016960000167 ], [ 35.2240432050001, 31.746990484000094 ], [ 35.223898399, 31.74684211400006 ], [ 35.223768109000105, 31.746730873000047 ], [ 35.22364507900005, 31.746638162000067 ], [ 35.223506547000113, 31.746547565000128 ], [ 35.223487623000153, 31.746536789000118 ], [ 35.22348755400003, 31.746536750000018 ], [ 35.223354494000034, 31.746460986000159 ], [ 35.22327218800018, 31.746363589 ], [ 35.223260486000072, 31.746349742 ], [ 35.223202573000037, 31.746103215000119 ], [ 35.22320240900018, 31.746101313000167 ], [ 35.223186066000153, 31.745942995 ], [ 35.223180783000146, 31.745892266000169 ], [ 35.223198424000088, 31.745858092000049 ], [ 35.223202376000074, 31.745830471000147 ], [ 35.223289263000083, 31.745682080000051 ], [ 35.223405005000075, 31.745502824000141 ], [ 35.223462710000149, 31.74541841000007 ], [ 35.22350640000019, 31.74535443100018 ], [ 35.223540531000083, 31.745310674000052 ], [ 35.223593126000083, 31.745243170000151 ], [ 35.223723385000142, 31.745119506000037 ], [ 35.223817532000169, 31.745032974000139 ], [ 35.223926028000108, 31.744958772000018 ], [ 35.224041769000166, 31.744816577999984 ], [ 35.224121399000182, 31.744680515000027 ], [ 35.22414893500013, 31.744656979000013 ], [ 35.224220497000033, 31.744595887000116 ], [ 35.224265697000021, 31.744557319000137 ], [ 35.22426616700011, 31.744556918000171 ], [ 35.224415075000138, 31.744570661000182 ], [ 35.224418703000083, 31.744570996000107 ], [ 35.224451573000124, 31.744574017000105 ], [ 35.22446157800016, 31.744574937000152 ], [ 35.224533970000152, 31.744581624000091 ], [ 35.224562828000046, 31.744594866000114 ], [ 35.224566881000101, 31.744596730000126 ], [ 35.224699560000147, 31.744657747000076 ], [ 35.224721708, 31.744667933000073 ], [ 35.224722133000171, 31.744668128000171 ], [ 35.225619525000127, 31.744649505000098 ], [ 35.226397675000044, 31.744649421000133 ], [ 35.226401156000065, 31.744649421000133 ], [ 35.226809865000064, 31.744667738000146 ], [ 35.22681357700003, 31.744667904000153 ], [ 35.226872119000063, 31.744665501000043 ], [ 35.227268276000075, 31.744649371000094 ], [ 35.227268506000087, 31.744649361000086 ], [ 35.227269528000136, 31.744649320000178 ], [ 35.227379846000076, 31.744652617000042 ], [ 35.227476656000078, 31.744655550000175 ], [ 35.227479447, 31.744655635000072 ], [ 35.22747943000013, 31.744655556000168 ], [ 35.227431230000036, 31.744433128000082 ], [ 35.227426804, 31.744412704000183 ], [ 35.227296504000094, 31.744245803000126 ], [ 35.22714525900011, 31.744042972000102 ], [ 35.227079283000137, 31.743942930000173 ], [ 35.226978181000106, 31.743838101000108 ], [ 35.226927057000182, 31.743790548 ], [ 35.226818698000159, 31.743689525000093 ], [ 35.226715453000054, 31.74356926400003 ], [ 35.226659545000075, 31.743504027000029 ], [ 35.226586645000054, 31.743421952000062 ], [ 35.226500224000119, 31.743324800000039 ], [ 35.226377188000072, 31.74319495900005 ], [ 35.226331998000035, 31.743136978000109 ], [ 35.226275921000081, 31.74306518800006 ], [ 35.226234522000141, 31.743008123000038 ], [ 35.22618174400003, 31.742935344000159 ], [ 35.226077339000028, 31.742784857 ], [ 35.226065960000028, 31.742768443000102 ], [ 35.225993550999988, 31.742638666000119 ], [ 35.225939124000035, 31.742572302000099 ], [ 35.225892285000157, 31.742515023000067 ], [ 35.225776508000081, 31.742391383000154 ], [ 35.225719110000114, 31.742298455000082 ], [ 35.225715646000026, 31.742292961000032 ], [ 35.225685713000132, 31.742244524000171 ], [ 35.225671279000153, 31.742221167000082 ], [ 35.225641171000177, 31.742155820000107 ], [ 35.225578083000073, 31.742018892000146 ], [ 35.225577258000101, 31.742017202 ], [ 35.225512106000053, 31.741887354000085 ], [ 35.225484553000172, 31.741793649000101 ], [ 35.225454035000155, 31.741689585000188 ], [ 35.225396121000131, 31.741460815999972 ], [ 35.225345467000011, 31.741244515000119 ], [ 35.225328142000137, 31.741150103000109 ], [ 35.225309329000083, 31.741046671999982 ], [ 35.225294145000078, 31.740949583000031 ], [ 35.225280282000085, 31.740861230000121 ], [ 35.225229625000054, 31.740626327000143 ], [ 35.225218074000054, 31.740576868000062 ], [ 35.22517171100003, 31.740379027000074 ], [ 35.225113800000145, 31.740137927000035 ], [ 35.225041375000103, 31.739859765000119 ], [ 35.224997985000073, 31.739711384000032 ], [ 35.224925570000039, 31.739507417000084 ], [ 35.224882190000187, 31.739402227000085 ], [ 35.224835510000048, 31.739288864000059 ], [ 35.224831386000062, 31.739278649000028 ], [ 35.224780728000098, 31.739019017000032 ], [ 35.224776767000037, 31.739004502000171 ], [ 35.224743939000177, 31.738884162000147 ], [ 35.22467877400004, 31.738655394000034 ], [ 35.224609829000087, 31.73847876200017 ], [ 35.224592015000042, 31.738432895000187 ], [ 35.22455456800003, 31.738315798000031 ], [ 35.224505079000153, 31.738160866000158 ], [ 35.224432666000098, 31.737950696000155 ], [ 35.224360250000132, 31.737715796000089 ], [ 35.224305318000063, 31.737543461000143 ], [ 35.224273481000182, 31.737443766000126 ], [ 35.224201064000113, 31.73719033600014 ], [ 35.22416922900004, 31.737113681000096 ], [ 35.224121397000033, 31.736998697 ], [ 35.224096323000083, 31.736922958000036 ], [ 35.224027375000048, 31.73671433700008 ], [ 35.223940451000146, 31.736504170000046 ], [ 35.223875301000078, 31.73634959200001 ], [ 35.22382466300013, 31.736213612000142 ], [ 35.223752256000125, 31.736028174000069 ], [ 35.223722406000149, 31.735968569000022 ], [ 35.223665338000046, 31.73585506600017 ], [ 35.223623781000072, 31.735786445000087 ], [ 35.223564080000187, 31.735688161000098 ], [ 35.223498441000174, 31.735575997000069 ], [ 35.223484422000126, 31.735552183000038 ], [ 35.223412018000033, 31.735397676000161 ], [ 35.223333357000172, 31.735287135000135 ], [ 35.223310763000086, 31.735255500000108 ], [ 35.223150633000159, 31.735024553000073 ], [ 35.223113365000074, 31.73499059400001 ], [ 35.22304196000016, 31.734925639000096 ], [ 35.222971715000085, 31.734865615000103 ], [ 35.222890087999986, 31.734795797000174 ], [ 35.222752564000189, 31.734690756000077 ], [ 35.222733930000061, 31.734678215000031 ], [ 35.222615039000061, 31.734598045000155 ], [ 35.222544628000037, 31.734557045000145 ], [ 35.222455918000151, 31.734505335000108 ], [ 35.222303883000109, 31.734406426000191 ], [ 35.222079464000103, 31.734295189000136 ], [ 35.221840703000112, 31.73419628500011 ], [ 35.221682576000092, 31.734128727000041 ], [ 35.221638054000152, 31.734109707000073 ], [ 35.221557424000025, 31.734082799000134 ], [ 35.221471683000175, 31.734054128000025 ], [ 35.221334166000076, 31.734017007000034 ], [ 35.221156750000091, 31.733974674000024 ], [ 35.221153287000107, 31.733973760000083 ], [ 35.221115923000184, 31.733968980000043 ], [ 35.220899783000107, 31.733941328000071 ], [ 35.220863749000102, 31.733936718000052 ], [ 35.220853483000155, 31.733935986000176 ], [ 35.22060366400018, 31.733918167000013 ], [ 35.220603235000056, 31.733918136000113 ], [ 35.220364485, 31.733918151000012 ], [ 35.22036427300003, 31.733918184000117 ], [ 35.220173717000023, 31.733947474000047 ], [ 35.220082208, 31.733961500000134 ], [ 35.219961518000162, 31.733988283000144 ], [ 35.219720463000044, 31.734041845000149 ], [ 35.219625987000029, 31.734062073000018 ], [ 35.219431101000055, 31.734103723000089 ], [ 35.219192189000182, 31.734146999000131 ], [ 35.219178669000144, 31.734151016 ], [ 35.219165610000061, 31.73415487300008 ], [ 35.219032430000027, 31.734194212000034 ], [ 35.219023353000068, 31.73419689300016 ], [ 35.219004062000181, 31.734202601000106 ], [ 35.218924755000103, 31.734216061000154 ], [ 35.218796146000045, 31.734237840000105 ], [ 35.218756905000077, 31.734247003000064 ], [ 35.218637036000189, 31.734274979000077 ], [ 35.218376529000011, 31.734373846000153 ], [ 35.218181148000099, 31.734466649000126 ], [ 35.218058150000047, 31.734553178000056 ], [ 35.217938118000063, 31.73461722900015 ], [ 35.217884370000093, 31.734645908000118 ], [ 35.217746860000091, 31.734732435000069 ], [ 35.217500866000137, 31.734930294000037 ], [ 35.217462451000074, 31.734970174000125 ], [ 35.217399633000184, 31.735035421000077 ], [ 35.217276634000086, 31.735140479000108 ], [ 35.217080101000079, 31.735297115000094 ], [ 35.217059493000136, 31.735313602000133 ], [ 35.217053393000128, 31.735317761000033 ], [ 35.216885875000173, 31.735431062000089 ], [ 35.216705001000093, 31.735548523000091 ], [ 35.216696429000081, 31.73555430000016 ], [ 35.216559740999969, 31.735647027000084 ], [ 35.216458836000072, 31.735715446000142 ], [ 35.216397336000114, 31.735748000000171 ], [ 35.216306978000148, 31.73579584600003 ], [ 35.216176728000164, 31.735944162000067 ], [ 35.216163701000085, 31.735956776000023 ], [ 35.215959580000174, 31.736154346000035 ], [ 35.215813990000186, 31.73628786800009 ], [ 35.215669225, 31.736411525000108 ], [ 35.215634107000142, 31.736444149000135 ], [ 35.215503025000146, 31.736566116000176 ], [ 35.215439547000187, 31.736625090000075 ], [ 35.215423222000027, 31.736640310000098 ], [ 35.215421739000135, 31.736641719000147 ], [ 35.215350840000042, 31.736708234000048 ], [ 35.21527136800006, 31.73678862700001 ], [ 35.215119344000072, 31.736930816000154 ], [ 35.214989089000085, 31.737116264000065 ], [ 35.214844491000179, 31.737338562000161 ], [ 35.214771942000141, 31.737468627000169 ], [ 35.214714565000065, 31.737559311000041 ], [ 35.214677960000188, 31.73761701400008 ], [ 35.214489828000069, 31.737851926000189 ], [ 35.214426017, 31.737939224000115 ], [ 35.214345060000142, 31.738049773000114 ], [ 35.214297903000045, 31.738137565999978 ], [ 35.214265422000153, 31.738198159000149 ], [ 35.214134835000095, 31.738508037000031 ], [ 35.214077291000137, 31.738612316 ], [ 35.214041182000074, 31.738717440000187 ], [ 35.214039534000108, 31.738723570000161 ], [ 35.213996336000093, 31.738877871000057 ], [ 35.213962040000069, 31.739000117000046 ], [ 35.213961544000028, 31.739001809000172 ], [ 35.213932196000087, 31.739059797000039 ], [ 35.213867396000069, 31.739187255000104 ], [ 35.213863438000089, 31.739198529000134 ], [ 35.213831453000182, 31.739290407000112 ], [ 35.213799136000091, 31.739382776000184 ], [ 35.213794684000106, 31.739395320000142 ], [ 35.213774569000122, 31.739494101000048 ], [ 35.21376583000017, 31.739537504 ], [ 35.213754946000165, 31.739574635000167 ], [ 35.213722300000143, 31.739685888000054 ], [ 35.213692127000058, 31.739766352000117 ], [ 35.213657337000029, 31.739859005000085 ], [ 35.213621885000066, 31.73995828 ], [ 35.213606552000158, 31.740001189000111 ], [ 35.213541422000105, 31.740186636000089 ], [ 35.213506629000165, 31.740305922000175 ], [ 35.213498057000152, 31.740335021000192 ], [ 35.213459307000164, 31.740434507000089 ], [ 35.213425671000039, 31.740520467000067 ], [ 35.213425671000039, 31.740544081000053 ], [ 35.213425674000121, 31.74072400700004 ], [ 35.213425674000121, 31.740742972000078 ], [ 35.213403414000027, 31.740816109000036 ], [ 35.213382309000167, 31.74088515800014 ], [ 35.213331688000153, 31.741015012000048 ], [ 35.213244793000172, 31.741249918000108 ], [ 35.213143549000108, 31.741509558000132 ], [ 35.213056649000066, 31.741707404000124 ], [ 35.212984263000067, 31.741899051000075 ], [ 35.212883017000081, 31.742121557000019 ], [ 35.212805188000118, 31.742280088000086 ], [ 35.212788863000071, 31.742313203000094 ], [ 35.21263683, 31.742591370000071 ], [ 35.212521072000072, 31.742826351000076 ], [ 35.212501616000054, 31.742867497000134 ], [ 35.21242510400009, 31.743028423000112 ], [ 35.212352712000154, 31.743207669000185 ], [ 35.21228032300013, 31.743380783000134 ], [ 35.21221518800013, 31.743535296000061 ], [ 35.212182538000093, 31.743606391000128 ], [ 35.212135542000112, 31.743708413000036 ], [ 35.21211641400015, 31.743757310000092 ], [ 35.212084917000084, 31.743838267000172 ], [ 35.211998016000109, 31.744060774000161 ], [ 35.211947391000081, 31.744178225000041 ], [ 35.211889511000095, 31.744264817999976 ], [ 35.21183311600015, 31.744358175000173 ], [ 35.211773750000191, 31.744456394000053 ], [ 35.211738130000128, 31.744512901000178 ], [ 35.211723124000116, 31.744536785000037 ], [ 35.211672334000184, 31.744617179000102 ], [ 35.211599943000124, 31.744777892000172 ], [ 35.21159878900005, 31.744780923000178 ], [ 35.211556573000109, 31.744883016000188 ], [ 35.211520459000099, 31.744981868000025 ], [ 35.211455320000141, 31.745117921000144 ], [ 35.211336261000156, 31.745327392000149 ], [ 35.211216374000117, 31.745538272000033 ], [ 35.211020960000099, 31.745853569000076 ], [ 35.21091245100007, 31.746039014000075 ], [ 35.210840058000031, 31.746162667000078 ], [ 35.210760572000027, 31.746267719000059 ], [ 35.210657175000108, 31.7464449900001 ], [ 35.210650412000177, 31.746456686000158 ], [ 35.210642706000044, 31.746460071000172 ], [ 35.210185872000125, 31.746660726000187 ], [ 35.210047675000112, 31.746971724000161 ], [ 35.209961757000144, 31.747124265000082 ], [ 35.209824385000104, 31.747282722000136 ], [ 35.20965947600007, 31.747444138000162 ], [ 35.20953232700009, 31.747655367000164 ], [ 35.209432556000138, 31.747781555000074 ], [ 35.20931233500005, 31.747890129000041 ], [ 35.209102237000081, 31.748073807000139 ], [ 35.208899562000056, 31.748182378000138 ], [ 35.208662425000057, 31.748226407000118 ], [ 35.208380593000015, 31.748340825000184 ], [ 35.208208757000193, 31.748373088000108 ], [ 35.207906312000148, 31.748420005000185 ], [ 35.207742063000126, 31.748432328000035 ], [ 35.20755654400017, 31.748423513000091 ], [ 35.207257565000191, 31.748426463000158 ], [ 35.207010202000049, 31.74842645300015 ], [ 35.206790217000048, 31.748414679000064 ], [ 35.206635532000178, 31.748455749000129 ], [ 35.20659082700007, 31.748666978000074 ], [ 35.206512819000011, 31.748766181 ], [ 35.206512084000053, 31.748767115000135 ], [ 35.206443059000151, 31.748854813000094 ], [ 35.206041015000096, 31.748793144000047 ], [ 35.205801736000069, 31.748736979000114 ], [ 35.205465000000117, 31.748622537000074 ], [ 35.205258871000183, 31.748543262000169 ], [ 35.204952977000119, 31.748405359 ], [ 35.204750313000034, 31.748314386000061 ], [ 35.204602560000183, 31.748235183000133 ], [ 35.204430735000074, 31.748126596000134 ], [ 35.204234836000126, 31.748012162000066 ], [ 35.204097474000093, 31.74792704000015 ], [ 35.203920379000124, 31.747775895000188 ], [ 35.203776098000162, 31.747623346000069 ], [ 35.203594059000125, 31.747423797000181 ], [ 35.20344285800013, 31.747236017000091 ], [ 35.203305343000011, 31.74707754800005 ], [ 35.203116371000192, 31.746945497000183 ], [ 35.202884853000057, 31.746873049000044 ], [ 35.202623646, 31.746831953000026 ], [ 35.202396906000104, 31.746796778000089 ], [ 35.202073858000176, 31.746779138000193 ], [ 35.201948861000062, 31.74675897700007 ], [ 35.201946871000075, 31.746758657000044 ], [ 35.201836727, 31.746740931000147 ], [ 35.201644288000182, 31.746705758000189 ], [ 35.201486146000036, 31.746705745000099 ], [ 35.201286938000123, 31.74671157400013 ], [ 35.201104717000192, 31.746720366000147 ], [ 35.201069921000169, 31.746728537000024 ], [ 35.20106962400007, 31.746728607000193 ], [ 35.200867578000043, 31.746776079000028 ], [ 35.200706294000042, 31.746820804000095 ], [ 35.200693962000059, 31.746824226 ], [ 35.200667706000047, 31.746831510999982 ], [ 35.20043980600019, 31.746841284000027 ], [ 35.200282808000168, 31.746900947000086 ], [ 35.20012053500011, 31.746959835000155 ], [ 35.19996007300017, 31.747014637000063 ], [ 35.19975970400003, 31.747100647000082 ], [ 35.199714948000064, 31.747123028000033 ], [ 35.199685325000189, 31.747137841000153 ], [ 35.199630078000155, 31.747160030000089 ], [ 35.199567245000026, 31.747196873000064 ], [ 35.199542835000102, 31.747211173000153 ], [ 35.199384349000127, 31.747311559000138 ], [ 35.199274341000091, 31.747409345000051 ], [ 35.199133497000162, 31.747514945000091 ], [ 35.199015080000038, 31.747618438000188 ], [ 35.198879835000128, 31.747770049000053 ], [ 35.198718366000037, 31.747951954000087 ], [ 35.198525394000058, 31.748163026000157 ], [ 35.198453144000098, 31.748291110000082 ], [ 35.198326792000159, 31.748514024000031 ], [ 35.198268396000117, 31.748641124000073 ], [ 35.198122749000049, 31.748863754000183 ], [ 35.197989796000115, 31.749095546000035 ], [ 35.197902041000077, 31.749259775000041 ], [ 35.19789001900017, 31.749282318000041 ], [ 35.197877130000052, 31.74930648600008 ], [ 35.197823187000097, 31.749432670000033 ], [ 35.197702941000102, 31.749605349000035 ], [ 35.197618159000058, 31.749720748000072 ], [ 35.197490991000166, 31.749858619000179 ], [ 35.197332657000061, 31.749982607000163 ], [ 35.197127491000117, 31.750101868000172 ], [ 35.196954485, 31.750184988000115 ], [ 35.196747511000126, 31.750255140000036 ], [ 35.196526357000096, 31.750284423000039 ], [ 35.196288060000029, 31.750303982000162 ], [ 35.19604646900018, 31.750271682000175 ], [ 35.195865411000113, 31.750193380999974 ], [ 35.195861124000032, 31.750190067000062 ], [ 35.195842221000191, 31.750179597000113 ], [ 35.195633237000095, 31.750063847000092 ], [ 35.195420861000116, 31.74990458700006 ], [ 35.195296039000084, 31.749812622000036 ], [ 35.195182613000156, 31.74964047900005 ], [ 35.195081544, 31.749522377000062 ], [ 35.194964652000124, 31.749362988000144 ], [ 35.194863911000027, 31.749261232000038 ], [ 35.194742067999982, 31.749130516000093 ], [ 35.194618413000171, 31.748993599000187 ], [ 35.19449475000016, 31.748885993000158 ], [ 35.194356909000192, 31.748772819000067 ], [ 35.194229781000161, 31.748685715000136 ], [ 35.194101498000123, 31.748599667000121 ], [ 35.193905609000183, 31.748491066000099 ], [ 35.193736767000075, 31.748370065000131 ], [ 35.193585567000127, 31.748263440000073 ], [ 35.193461902000138, 31.748181268000053 ], [ 35.193356053000173, 31.748081767000087 ], [ 35.193262077000043, 31.747965358000101 ], [ 35.193140416000176, 31.747779893000143 ], [ 35.193024685000125, 31.747609650000186 ], [ 35.192919335000113, 31.747476609999978 ], [ 35.192837736000172, 31.747340896000139 ], [ 35.192751854000164, 31.747186297000042 ], [ 35.192693502000168, 31.747060170000168 ], [ 35.192638461000115, 31.746878519000177 ], [ 35.192562971000086, 31.746703420000131 ], [ 35.192487141000015, 31.746581518000028 ], [ 35.192370415000141, 31.746451364000109 ], [ 35.192325734000121, 31.746401214 ], [ 35.192323264000095, 31.746398442000157 ], [ 35.192218081000135, 31.746280198000136 ], [ 35.192078106000054, 31.74614545999998 ], [ 35.191862283000034, 31.745976961000167 ], [ 35.191532986000027, 31.74590785900017 ], [ 35.191242422000187, 31.745930782000187 ], [ 35.190945919000058, 31.745956309000064 ], [ 35.190745220000053, 31.746004892000087 ], [ 35.190574531000038, 31.746058550999976 ], [ 35.190427754999973, 31.746109680000075 ], [ 35.190164215000038, 31.746211939999966 ], [ 35.189996491000045, 31.746278353000093 ], [ 35.189910482000073, 31.746322951000025 ], [ 35.189903308000055, 31.746326671000134 ], [ 35.189843607000171, 31.746357591000049 ], [ 35.189683294000133, 31.746458739000047 ], [ 35.189503525000077, 31.746558407000123 ], [ 35.189254985000105, 31.746670883000036 ], [ 35.189078189000043, 31.746742436000034 ], [ 35.188871544000108, 31.746821664000151 ], [ 35.188631881999981, 31.747033910000141 ], [ 35.188480643, 31.747119208000072 ], [ 35.188468445000069, 31.747126108000145 ], [ 35.188455246000103, 31.747133575000134 ], [ 35.188335331000076, 31.747235858000181 ], [ 35.188186062000057, 31.747349620000136 ], [ 35.187949559000117, 31.747464633000163 ], [ 35.187742747000073, 31.747538786000177 ], [ 35.187530155000047, 31.747635907000131 ], [ 35.187365404, 31.747671666000144 ], [ 35.18714969600012, 31.747709953000026 ], [ 35.186886168000171, 31.747735479000028 ], [ 35.186622653000086, 31.747714994000034 ], [ 35.18641900800003, 31.747663800000055 ], [ 35.186365746999968, 31.747640890000071 ], [ 35.186352490000047, 31.74763518400016 ], [ 35.186146283000141, 31.747546430999989 ], [ 35.185999705000086, 31.747464952000087 ], [ 35.185866980000185, 31.74737755700005 ], [ 35.185690075000025, 31.747237100000063 ], [ 35.185483332000103, 31.747067183000127 ], [ 35.185365952000154, 31.746953790000077 ], [ 35.185219394000114, 31.74680622000011 ], [ 35.185107476000042, 31.746719023000139 ], [ 35.185095741000055, 31.746709880000139 ], [ 35.185084367, 31.746701069000039 ], [ 35.185022728000149, 31.746578459000034 ], [ 35.184865279000178, 31.746455195000124 ], [ 35.184801500000162, 31.746328146 ], [ 35.184598543000163, 31.746186483000088 ], [ 35.184484466000015, 31.746065904000147 ], [ 35.184319784000081, 31.745874153000045 ], [ 35.184168946000057, 31.745715166000082 ], [ 35.184051251000142, 31.745563655000069 ], [ 35.183888373000173, 31.745407415000102 ], [ 35.183767037000109, 31.745302266000067 ], [ 35.183639775000017, 31.745163788000127 ], [ 35.183483996, 31.744990566000183 ], [ 35.183402888000046, 31.744908535000036 ], [ 35.183392953000066, 31.744898453000133 ], [ 35.183375525000031, 31.744880769000076 ], [ 35.183359307000103, 31.744826544000091 ], [ 35.183353944000089, 31.744808615000125 ], [ 35.183330716000114, 31.744731317000117 ], [ 35.183290651000107, 31.744709326000191 ], [ 35.183282264000013, 31.744704722000165 ], [ 35.183150182000134, 31.744632212 ], [ 35.183057871000017, 31.744520869000155 ], [ 35.182891354000049, 31.744411056000047 ], [ 35.182701279000185, 31.744236348000129 ], [ 35.182527525000012, 31.744077002000097 ], [ 35.182409156000119, 31.743980236000084 ], [ 35.182269682000083, 31.743885931000193 ], [ 35.182068056000105, 31.743744263000167 ], [ 35.181877968000038, 31.743611194000096 ], [ 35.181693314000029, 31.7435122280001 ], [ 35.1816353910001, 31.743483393000076 ], [ 35.181588950000105, 31.743460274000029 ], [ 35.18155960100006, 31.743445683000175 ], [ 35.181550038000069, 31.743441663 ], [ 35.181531901000085, 31.743434825000179 ], [ 35.181513304000021, 31.743427768 ], [ 35.181307833000176, 31.743349800000146 ], [ 35.181052432000115, 31.743266246000132 ], [ 35.18084978600001, 31.743219833000126 ], [ 35.180578557000047, 31.743135358000188 ], [ 35.180323312000155, 31.743084283000087 ], [ 35.180318076000106, 31.743083506000119 ], [ 35.180104171000096, 31.743051749000074 ], [ 35.179831947000082, 31.742988196000056 ], [ 35.17957042200004, 31.742973898000116 ], [ 35.179289602999972, 31.742966429000148 ], [ 35.179118444000153, 31.742953772000078 ], [ 35.178948278000064, 31.742929490000165 ], [ 35.178911673000187, 31.74292271600018 ], [ 35.178910135000024, 31.742922432000114 ], [ 35.178785204000121, 31.742899362000173 ], [ 35.178541336000194, 31.742851810000161 ], [ 35.178196557000149, 31.742786825 ], [ 35.177974618000178, 31.742750552000132 ], [ 35.177809073000049, 31.742720494000139 ], [ 35.177499588000103, 31.74264389200016 ], [ 35.177332069000045, 31.742594102000169 ], [ 35.177132401000051, 31.742529157000035 ], [ 35.176889717000051, 31.742416708 ], [ 35.176728805000039, 31.742338245000042 ], [ 35.176670601000183, 31.74232984300005 ], [ 35.176663532000077, 31.742328820000068 ], [ 35.176544296000145, 31.742311560000019 ], [ 35.176411595000104, 31.742207879999967 ], [ 35.176083824000045, 31.742092518000049 ], [ 35.175906264000105, 31.742000943000164 ], [ 35.175778180000179, 31.74190409900018 ], [ 35.175752942000031, 31.741883983000093 ], [ 35.175747846000149, 31.741879921000134 ], [ 35.175663775000032, 31.741813034000188 ], [ 35.17550551700009, 31.741704765000179 ], [ 35.175310485000125, 31.741605012000036 ], [ 35.175104075000093, 31.741505183000186 ], [ 35.174894347000134, 31.741454745000112 ], [ 35.174584837999987, 31.74145430100009 ], [ 35.174420440000063, 31.741448476000016 ], [ 35.174200475000077, 31.741432910000185 ], [ 35.173954299000172, 31.741402820000189 ], [ 35.173643816000151, 31.741366724000045 ], [ 35.173370423000165, 31.741353112000127 ], [ 35.173075922000066, 31.741348090000088 ], [ 35.17284788600017, 31.741318006000085 ], [ 35.172614223000096, 31.741329559000064 ], [ 35.172370997000087, 31.74134111 ], [ 35.172156621999989, 31.741365280000082 ], [ 35.171842481000056, 31.741398084000139 ], [ 35.171511694000117, 31.741419400000098 ], [ 35.171259883000175, 31.74145130800008 ], [ 35.170984163000071, 31.741483207000158 ], [ 35.170793869000136, 31.74149589600006 ], [ 35.170576204000156, 31.74150357700006 ], [ 35.170344854, 31.741504417000158 ], [ 35.170254820000025, 31.74150572700006 ], [ 35.170250415000112, 31.741505790000133 ], [ 35.170144008000079, 31.741507311000191 ], [ 35.169875393000154, 31.741510110000149 ], [ 35.169605460000128, 31.741510021000067 ], [ 35.169338990000085, 31.741506055000116 ], [ 35.169148866000171, 31.741502117000095 ], [ 35.168996173999972, 31.741500658000064 ], [ 35.168990990999987, 31.741500611000163 ], [ 35.168931041000178, 31.741500072000065 ], [ 35.168728545000135, 31.741506766000043 ], [ 35.168532317000086, 31.74151057500012 ], [ 35.168349136000074, 31.741526648000104 ], [ 35.168345153000018, 31.741526998000154 ], [ 35.168212572000186, 31.741538577000142 ], [ 35.167988795000042, 31.741566896000052 ], [ 35.167820757000186, 31.741582830000141 ], [ 35.167598965000138, 31.74159973400009 ], [ 35.167513048000046, 31.741607101000113 ], [ 35.167505991000041, 31.741607702000067 ], [ 35.167411636000168, 31.741615733000117 ], [ 35.167255965000152, 31.741634771000065 ], [ 35.167070438000167, 31.741671979000159 ], [ 35.166859520000116, 31.741703539000071 ], [ 35.166859198999987, 31.741703588000178 ], [ 35.166852596000069, 31.741704593000179 ], [ 35.166834950000066, 31.741705857999989 ], [ 35.166821145000085, 31.741706487000158 ], [ 35.166643337000096, 31.741714595000133 ], [ 35.16657551100019, 31.741725203000101 ], [ 35.166569622000111, 31.741726124000081 ], [ 35.166358045000095, 31.741759163000097 ], [ 35.166063199000064, 31.74177934800008 ], [ 35.165870092000148, 31.741805843 ], [ 35.165607230000091, 31.741843018000168 ], [ 35.165245906, 31.741913063000027 ], [ 35.165005627000141, 31.741964409000161 ], [ 35.16478760900003, 31.74201005600014 ], [ 35.164527195000176, 31.742095071000165 ], [ 35.164303066000173, 31.742160935000072 ], [ 35.16403671900008, 31.742234676000066 ], [ 35.163833538000063, 31.74228998000001 ], [ 35.163672912999971, 31.742320709000182 ], [ 35.163479812999981, 31.742333387000144 ], [ 35.16344254, 31.742344082000045 ], [ 35.163433520000183, 31.742346676000125 ], [ 35.163293285000179, 31.742387006000058 ], [ 35.163117622000129, 31.74247416500009 ], [ 35.162971805000041, 31.742564507000111 ], [ 35.162803363000137, 31.742717122000045 ], [ 35.162688694000167, 31.742842634999988 ], [ 35.162517904000083, 31.743070147000026 ], [ 35.162397938000083, 31.743228209000108 ], [ 35.162392057000034, 31.743235568000102 ], [ 35.162376155000175, 31.74325546700004 ], [ 35.162301903000071, 31.743348373000117 ], [ 35.162214771000151, 31.743468540000038 ], [ 35.162119732000178, 31.74357665499997 ], [ 35.162040858000069, 31.743670333000125 ], [ 35.162017493000178, 31.743698059999986 ], [ 35.161906543000043, 31.743829726000058 ], [ 35.161734129000138, 31.744007916000044 ], [ 35.161583317000122, 31.744180197 ], [ 35.161379558000021, 31.744373382000106 ], [ 35.161207296000157, 31.744566438999982 ], [ 35.16103788300012, 31.744673819000184 ], [ 35.160842281999976, 31.744727994000129 ], [ 35.16061304700014, 31.744768272000101 ], [ 35.160427680000168, 31.744795182000189 ], [ 35.160198452000031, 31.744822709000061 ], [ 35.159970380000175, 31.744849250000016 ], [ 35.159676517999969, 31.744860825000046 ], [ 35.159449785000163, 31.744850868000185 ], [ 35.159443939000028, 31.744850612000164 ], [ 35.159376569000131, 31.744847667000158 ], [ 35.159142417000112, 31.74483157700007 ], [ 35.158945543000186, 31.744799648000026 ], [ 35.158756604000075, 31.744734957999981 ], [ 35.158601705000137, 31.744654002000061 ], [ 35.158599828000092, 31.744653021000033 ], [ 35.158593236000058, 31.744649565000145 ], [ 35.15837037700004, 31.744499537000138 ], [ 35.158229114000164, 31.744396117000122 ], [ 35.158090171000083, 31.744281915000101 ], [ 35.157948439000108, 31.744139953000058 ], [ 35.157889112000078, 31.744075739999971 ], [ 35.157875782000019, 31.744061326000065 ], [ 35.15783044300008, 31.744012303000147 ], [ 35.157625267000185, 31.743801194000184 ], [ 35.157444306000059, 31.743631524000193 ], [ 35.157331741000064, 31.7435276920001 ], [ 35.157221153000137, 31.743425128000183 ], [ 35.157113218000177, 31.743298188000153 ], [ 35.157018645000107, 31.743166672000086 ], [ 35.156879066000158, 31.743013365000081 ], [ 35.156748236000169, 31.742851819000066 ], [ 35.156626638000091, 31.742689148000181 ], [ 35.156514440000024, 31.742525780000165 ], [ 35.156391549000091, 31.742318085000136 ], [ 35.156276897000168, 31.742123150000054 ], [ 35.156142952000039, 31.741929471000105 ], [ 35.156029604000025, 31.741762226000048 ], [ 35.155943101999981, 31.741651430000104 ], [ 35.155826784000169, 31.741487843000186 ], [ 35.155732410000155, 31.741303201000164 ], [ 35.155633750000163, 31.741119052000158 ], [ 35.155563586000028, 31.740985222000063 ], [ 35.155490674000021, 31.740759159000106 ], [ 35.155390696000097, 31.740575081000145 ], [ 35.155284110000025, 31.740408893000108 ], [ 35.155198765000137, 31.740296050000097 ], [ 35.155129931000147, 31.740143761000184 ], [ 35.155046298000059, 31.739928051999982 ], [ 35.154957064000143, 31.73970346200008 ], [ 35.154861246, 31.739463510000121 ], [ 35.15478547500004, 31.739334398000096 ], [ 35.154640987000164, 31.739135923000106 ], [ 35.154499286000089, 31.738966265999977 ], [ 35.154305666000027, 31.738756496000065 ], [ 35.154199049, 31.738646885000151 ], [ 35.154043809000143, 31.738508436000131 ], [ 35.153869621000126, 31.738349190000122 ], [ 35.153705316000128, 31.738203762000126 ], [ 35.153539691000162, 31.738062135000064 ], [ 35.153335489000142, 31.737910416000034 ], [ 35.153219961, 31.737817428000142 ], [ 35.152997302000131, 31.737648507000131 ], [ 35.152785514000016, 31.73750009600019 ], [ 35.15265661900014, 31.737424223000062 ], [ 35.152522775000079, 31.737354055000083 ], [ 35.152388766000058, 31.737282476000132 ], [ 35.15221799800014, 31.737196579000056 ], [ 35.152063881000117, 31.737113578 ], [ 35.151878933999967, 31.737026827000193 ], [ 35.151654563000193, 31.736963803000151 ], [ 35.151415036000174, 31.736877871000161 ], [ 35.151257606000115, 31.736819103000073 ], [ 35.151075608000156, 31.736761172000172 ], [ 35.150869707000084, 31.736695264000048 ], [ 35.150670407000121, 31.736623655000074 ], [ 35.150486262000072, 31.736572131000059 ], [ 35.150313827000105, 31.736519063000117 ], [ 35.15013629900011, 31.736434638000162 ], [ 35.149751353000056, 31.736336443000084 ], [ 35.149456767000061, 31.736237587000119 ], [ 35.149264228, 31.736167458000068 ], [ 35.148974428000031, 31.736062897000011 ], [ 35.148727154000142, 31.735981957000092 ], [ 35.148529516000167, 31.735894563000159 ], [ 35.148389091000183, 31.735808746000032 ], [ 35.148247696999988, 31.735696928000038 ], [ 35.148017640000091, 31.735517357 ], [ 35.147803557000032, 31.735367807000046 ], [ 35.14766513100011, 31.735258456000167 ], [ 35.147435428000051, 31.735046402000023 ], [ 35.147317944000065, 31.734934809000151 ], [ 35.147100409000132, 31.734772996000174 ], [ 35.146977793000076, 31.734690355000168 ], [ 35.146795520000012, 31.734562382000149 ], [ 35.146618211000032, 31.734416584000144 ], [ 35.146472221000181, 31.734277847000101 ], [ 35.146370563000119, 31.734173164000083 ], [ 35.14621782200004, 31.734022798000069 ], [ 35.146112871000128, 31.733911985000077 ], [ 35.145909243000176, 31.733675633000018 ], [ 35.145766073, 31.733521750000193 ], [ 35.145571163000056, 31.7333177430001 ], [ 35.145370131000107, 31.73314311300004 ], [ 35.145175023000149, 31.732993851000117 ], [ 35.145025063000162, 31.732880687000147 ], [ 35.144915980000121, 31.732782763000046 ], [ 35.144721712000035, 31.73261039099998 ], [ 35.144556613000134, 31.732458819000101 ], [ 35.14446799500007, 31.732338712000171 ], [ 35.144361282000034, 31.732160679000117 ], [ 35.144222264000121, 31.731965999000181 ], [ 35.144089668000163, 31.731786895000084 ], [ 35.143995628000027, 31.731643532000191 ], [ 35.143902914000137, 31.731489604000103 ], [ 35.14374215800018, 31.731265602 ], [ 35.143603614000085, 31.731104812000069 ], [ 35.143445287000191, 31.730939785000146 ], [ 35.143282028000101, 31.730762073 ], [ 35.143108865000102, 31.73059703600012 ], [ 35.142879341000082, 31.730395120000139 ], [ 35.14271029400004, 31.730240865000042 ], [ 35.142564301000164, 31.73012086500006 ], [ 35.142444028000057, 31.730008280000106 ], [ 35.142315165000127, 31.729912739999975 ], [ 35.142143287000124, 31.729800122000086 ], [ 35.141945737000128, 31.729621332000022 ], [ 35.141732023000031, 31.729450494000105 ], [ 35.141588822000188, 31.729350083000099 ], [ 35.14145714700004, 31.729271732000086 ], [ 35.141227896000146, 31.729154150000113 ], [ 35.140973074000044, 31.729061004000073 ], [ 35.140818288, 31.729021744000192 ], [ 35.140445907000185, 31.728933463000089 ], [ 35.140222366000103, 31.728896628000143 ], [ 35.140027511000028, 31.72886227500004 ], [ 35.139849962000028, 31.72883765500012 ], [ 35.139583720000189, 31.728802346000123 ], [ 35.138997796000183, 31.728757481000059 ], [ 35.138996060000068, 31.728757349000034 ], [ 35.138939104000144, 31.728753008000126 ], [ 35.13858086200014, 31.728718561000051 ], [ 35.13810241300007, 31.728703629000051 ], [ 35.137950519000128, 31.728759837000098 ], [ 35.137807158999976, 31.728867411000124 ], [ 35.137660859000164, 31.728940745000159 ], [ 35.137414473000035, 31.729018880000126 ], [ 35.137223004000077, 31.729083448000154 ], [ 35.13706812300012, 31.729161705000138 ], [ 35.136921971000106, 31.729254625000181 ], [ 35.136729756000136, 31.729423329000099 ], [ 35.136594917000082, 31.729594532000135 ], [ 35.136439280000047, 31.729788693000103 ], [ 35.136303797000153, 31.72994087100011 ], [ 35.13618801500013, 31.730188955000187 ], [ 35.136151609000137, 31.730352468000149 ], [ 35.136125075999985, 31.730541349000077 ], [ 35.136078518000033, 31.730820477000066 ], [ 35.136028307000061, 31.731129757000076 ], [ 35.135958612000081, 31.731673933000138 ], [ 35.135941793000029, 31.731879801000105 ], [ 35.135935048000078, 31.732060241000113 ], [ 35.135941849, 31.732213843000068 ], [ 35.135954865000031, 31.732428185 ], [ 35.135948098000085, 31.73263680600013 ], [ 35.135941328000058, 31.732851136000136 ], [ 35.135931241000037, 31.733089349000181 ], [ 35.135898110000028, 31.733278226000095 ], [ 35.135861656000031, 31.733498174000033 ], [ 35.135812248000036, 31.733830143000034 ], [ 35.135759338000128, 31.734010625000053 ], [ 35.135699696000131, 31.73415439300004 ], [ 35.13552130100004, 31.734346003000098 ], [ 35.135237087000178, 31.734492455000122 ], [ 35.135188160000098, 31.734500186000162 ], [ 35.135187781000184, 31.734500246000152 ], [ 35.135056186000043, 31.734520952000082 ], [ 35.134801953000022, 31.734501069000146 ], [ 35.134570821000125, 31.734461472000135 ], [ 35.134343000000172, 31.73440207900012 ], [ 35.133986458000152, 31.734283490000166 ], [ 35.133974199000136, 31.734278749 ], [ 35.133943768000165, 31.734266978000051 ], [ 35.133918879000134, 31.734257309000043 ], [ 35.133768056, 31.734203529000183 ], [ 35.13371383100008, 31.734177847000183 ], [ 35.133686511000121, 31.734167282000101 ], [ 35.133672953000087, 31.734162039000125 ], [ 35.133455055000127, 31.734071648000054 ], [ 35.133214082, 31.733969972000125 ], [ 35.132953345000033, 31.733845804000168 ], [ 35.132729034000192, 31.733735679 ], [ 35.132547400000078, 31.733656583000084 ], [ 35.132227479, 31.733524204000048 ], [ 35.131907394000109, 31.733391471000175 ], [ 35.131719178000139, 31.733301166000047 ], [ 35.131567350000182, 31.733267180000098 ], [ 35.131415532000062, 31.733224809000035 ], [ 35.131161441000074, 31.733047022000164 ], [ 35.130989781000096, 31.732877743000074 ], [ 35.130683017000138, 31.732601213000123 ], [ 35.13038613100008, 31.732341597000129 ], [ 35.130193052000152, 31.732159339000191 ], [ 35.129981967000049, 31.732018215000039 ], [ 35.129823443000078, 31.731916583000157 ], [ 35.129615629000114, 31.731806535000089 ], [ 35.129447196000115, 31.731724624000151 ], [ 35.129295404000175, 31.73165399700008 ], [ 35.129123829999969, 31.731583426000043 ], [ 35.128958843000078, 31.731521245000124 ], [ 35.128714572000035, 31.731433720000098 ], [ 35.128550399000062, 31.731383164000135 ], [ 35.128401887000052, 31.731335154000078 ], [ 35.128236904000119, 31.731270225000117 ], [ 35.128032218999977, 31.731165740000108 ], [ 35.127834183000118, 31.731004897000048 ], [ 35.127695627000037, 31.730886366000107 ], [ 35.127560409000012, 31.73072556000011 ], [ 35.127349477000166, 31.730423719999976 ], [ 35.12725381100006, 31.730285488000106 ], [ 35.127091136000047, 31.730040608000081 ], [ 35.126962561000141, 31.729831895000132 ], [ 35.126883372000066, 31.72970494700013 ], [ 35.126761347000183, 31.72954415300012 ], [ 35.126589917000047, 31.729321248000076 ], [ 35.126464586000054, 31.729168904000119 ], [ 35.126329386000066, 31.728996825000138 ], [ 35.12615367899997, 31.728763210000125 ], [ 35.126031666000131, 31.728593957000044 ], [ 35.12589979400002, 31.728388059000054 ], [ 35.12576130400015, 31.728204634000065 ], [ 35.125672224000027, 31.728080569000042 ], [ 35.125563398999986, 31.727914072000033 ], [ 35.125427567000145, 31.72771197700007 ], [ 35.125341956000057, 31.727582204999976 ], [ 35.125220442000114, 31.727410344000077 ], [ 35.125014945000089, 31.727129712000135 ], [ 35.124885182000128, 31.726963201000103 ], [ 35.124741131000178, 31.726738131000161 ], [ 35.124582588000123, 31.726500720000104 ], [ 35.124488916000189, 31.726352693000024 ], [ 35.124394265000092, 31.726192970000056 ], [ 35.124293344000193, 31.726041909000116 ], [ 35.124185187000194, 31.725872311000103 ], [ 35.124066304000053, 31.725708909000048 ], [ 35.123976260000063, 31.725563982000097 ], [ 35.123853612, 31.725375846000134 ], [ 35.123742002000029, 31.725197016999971 ], [ 35.123669913000185, 31.72506753600004 ], [ 35.123539202000131, 31.724864737000019 ], [ 35.123441924000076, 31.724698249000141 ], [ 35.123362752999981, 31.724562560000152 ], [ 35.123258217000057, 31.724402265000151 ], [ 35.123128531000134, 31.724161772000059 ], [ 35.12305647900007, 31.723998402 ], [ 35.122977325000079, 31.723844183000153 ], [ 35.122879382000065, 31.723687557000176 ], [ 35.122800044000087, 31.723554968000087 ], [ 35.122663247000048, 31.723342230000071 ], [ 35.122558734000165, 31.723157275000176 ], [ 35.122461481000016, 31.722972255000116 ], [ 35.122356977000095, 31.72277799800014 ], [ 35.122284906000061, 31.722636187000035 ], [ 35.122216441000035, 31.722512908000056 ], [ 35.122085915000071, 31.722295099000064 ], [ 35.121974157000011, 31.722106967000116 ], [ 35.121862558000146, 31.721925108000107 ], [ 35.121768911000117, 31.72176164800004 ], [ 35.121657150000033, 31.721576686000049 ], [ 35.121563479000145, 31.721437888000082 ], [ 35.121458971000038, 31.72125293300013 ], [ 35.121350213000085, 31.721034505000034 ], [ 35.121263876000171, 31.720815599000048 ], [ 35.121195624, 31.720476507000058 ], [ 35.121166949000042, 31.720297736000077 ], [ 35.121159856000077, 31.720131307000088 ], [ 35.121156414000154, 31.719944098000155 ], [ 35.121149601000184, 31.71949104700002 ], [ 35.121138993000045, 31.719213645000025 ], [ 35.121135618000039, 31.718954781000093 ], [ 35.121114186, 31.718785241999967 ], [ 35.121089181000173, 31.718563351 ], [ 35.121064287000081, 31.718397334000031 ], [ 35.121035432000099, 31.718230893000054 ], [ 35.12101403700018, 31.718027463000112 ], [ 35.12098904700008, 31.717787042000168 ], [ 35.120960419000028, 31.717562050000026 ], [ 35.120949729000188, 31.717367859000035 ], [ 35.120946192000133, 31.717107725000176 ], [ 35.12093973900005, 31.716964479000069 ], [ 35.120915259000185, 31.716708416000131 ], [ 35.120882017000099, 31.716482223000128 ], [ 35.120871004000151, 31.716281619000029 ], [ 35.120862028000147, 31.716114899000104 ], [ 35.120860966, 31.716095181000071 ], [ 35.120857889000035, 31.716038953000066 ], [ 35.120835829000157, 31.71583925800013 ], [ 35.1207016890001, 31.71562327800001 ], [ 35.120549839000148, 31.715478026000085 ], [ 35.120397303000118, 31.715363773000149 ], [ 35.120269978000181, 31.715258630000051 ], [ 35.120122374, 31.715155300000049 ], [ 35.119945781000069, 31.715027220000081 ], [ 35.119796069000131, 31.714889510000091 ], [ 35.11966873200015, 31.714799652000067 ], [ 35.119461834999981, 31.71464534100005 ], [ 35.119298766000099, 31.714513393000118 ], [ 35.119149029000027, 31.714404356000045 ], [ 35.118972429000166, 31.714289592000171 ], [ 35.118764510000119, 31.714169097000081 ], [ 35.118540936000102, 31.714048591000051 ], [ 35.118306797000173, 31.713940055000137 ], [ 35.118114510000169, 31.713852053000096 ], [ 35.117942314000118, 31.713783087000081 ], [ 35.117761205000136, 31.713725670000031 ], [ 35.117598043000157, 31.713689265000141 ], [ 35.117338592000067, 31.713671879000117 ], [ 35.117088839000132, 31.713684869000133 ], [ 35.116851780000161, 31.71369230200014 ], [ 35.116545325000118, 31.713699752000025 ], [ 35.11631041600009, 31.713701478000189 ], [ 35.116135992000068, 31.713718540000173 ], [ 35.115784667000014, 31.713754560000154 ], [ 35.115447340000117, 31.713802498000177 ], [ 35.115190144000167, 31.713836688000185 ], [ 35.114867836000144, 31.71392197900002 ], [ 35.114863327000194, 31.713923172000023 ], [ 35.114826225000115, 31.71393300800014 ], [ 35.114638576000175, 31.71398415800013 ], [ 35.114426363000121, 31.714036911000107 ], [ 35.114242526000055, 31.714068827000119 ], [ 35.114075505000187, 31.714097516000095 ], [ 35.113676204000114, 31.714137301000108 ], [ 35.113479178000148, 31.714169206000179 ], [ 35.113246368000091, 31.714210666000042 ], [ 35.113060567000048, 31.714229757000112 ], [ 35.112893547999988, 31.714255276000188 ], [ 35.112645896000117, 31.714303204000032 ], [ 35.112360958000181, 31.714380629000175 ], [ 35.112127657000144, 31.714418704000025 ], [ 35.11211463900014, 31.714420835999988 ], [ 35.112068137, 31.714428451 ], [ 35.111936915000172, 31.714462963000017 ], [ 35.111919897000178, 31.714467439000032 ], [ 35.111878014000183, 31.714478468000152 ], [ 35.111636442000076, 31.714541972000063 ], [ 35.111594398000193, 31.714549336000175 ], [ 35.111580804000084, 31.714551729999982 ], [ 35.111482445000036, 31.714569048000044 ], [ 35.11121599300003, 31.714624991000107 ], [ 35.111036425000123, 31.714667125000062 ], [ 35.11088998300005, 31.714719852000087 ], [ 35.110708047000116, 31.714778229 ], [ 35.110687150000047, 31.714784934000136 ], [ 35.110585897000135, 31.714817405000076 ], [ 35.110390659000132, 31.714870164000047 ], [ 35.110172983000041, 31.714938898000071 ], [ 35.11000591700008, 31.715007673000173 ], [ 35.10974531100004, 31.715139997000108 ], [ 35.109581894000087, 31.715186368000104 ], [ 35.109377454000082, 31.715211849000184 ], [ 35.109210268000083, 31.715237361000163 ], [ 35.109048850000022, 31.71526604800016 ], [ 35.108853797000165, 31.715297951000025 ], [ 35.108615894000081, 31.715320373999987 ], [ 35.10845070900001, 31.715326652000158 ], [ 35.108264100000156, 31.715325373000155 ], [ 35.108260901000108, 31.71532535100016 ], [ 35.108180522000168, 31.715324810000027 ], [ 35.108019144000139, 31.715316716000075 ], [ 35.107692608000093, 31.715289182000106 ], [ 35.107535860000098, 31.715269398000032 ], [ 35.107522992000099, 31.715267775000029 ], [ 35.107488060000037, 31.715263369000184 ], [ 35.107302302000107, 31.715239189000158 ], [ 35.107149184000093, 31.715214544000162 ], [ 35.106894070000124, 31.715151838000111 ], [ 35.106613776000188, 31.715049723999982 ], [ 35.10640190100014, 31.714943791000053 ], [ 35.106250007000028, 31.714860312000155 ], [ 35.106090541000128, 31.714764005000063 ], [ 35.105809362000059, 31.714573040000175 ], [ 35.105651764000186, 31.714433473000099 ], [ 35.105540621000102, 31.714320013000133 ], [ 35.105347494000057, 31.714111505000062 ], [ 35.105180696000104, 31.713943042000096 ], [ 35.105019497000171, 31.713782613000035 ], [ 35.104689049000172, 31.713435187000073 ], [ 35.104426466000064, 31.713136294000151 ], [ 35.104088064000109, 31.712829444000135 ], [ 35.103776052000057, 31.712511201000041 ], [ 35.103530390000174, 31.712266856000156 ], [ 35.103271555000163, 31.712011153000049 ], [ 35.102999963000059, 31.711778661000153 ], [ 35.102998680000042, 31.711777563000055 ], [ 35.102946315000054, 31.711732707000067 ], [ 35.102547953000112, 31.711397406000117 ], [ 35.102269165000166, 31.711153030000162 ], [ 35.101977233000184, 31.710868902000129 ], [ 35.101570077000019, 31.710450522000144 ], [ 35.101165121000122, 31.710126555000045 ], [ 35.10087298000019, 31.709887869000056 ], [ 35.100644102000103, 31.709679817000051 ], [ 35.100641466000013, 31.709677421000038 ], [ 35.100634716000172, 31.709671214000139 ], [ 35.100229158000047, 31.709302502000185 ], [ 35.099976947000016, 31.709035456000095 ], [ 35.099771153000063, 31.708825170000125 ], [ 35.099505799000156, 31.708524078999972 ], [ 35.099233706000064, 31.708205859000145 ], [ 35.099034730000142, 31.707950201000131 ], [ 35.098902087000113, 31.707774151000137 ], [ 35.098510710000141, 31.707143553000151 ], [ 35.098323490000098, 31.70684753300003 ], [ 35.098153325000112, 31.706624096999974 ], [ 35.098018699000193, 31.706452483000191 ], [ 35.097878631000128, 31.706285511000033 ], [ 35.097787945000107, 31.706175022000025 ], [ 35.097636880000152, 31.705968092000148 ], [ 35.09753418300005, 31.705838849000031 ], [ 35.097372250000092, 31.705627187000118 ], [ 35.097284382000112, 31.705502609000121 ], [ 35.097160800000154, 31.705335652000031 ], [ 35.097015163000094, 31.705142819000173 ], [ 35.096899798000095, 31.704994680000084 ], [ 35.096770765000144, 31.704837160000181 ], [ 35.096596760000068, 31.704658743000095 ], [ 35.096415538000144, 31.704451855 ], [ 35.096302954000066, 31.70432246200005 ], [ 35.096173745000101, 31.704176707000158 ], [ 35.096058378000066, 31.704033220000099 ], [ 35.095893617000058, 31.703847483000118 ], [ 35.095758328000102, 31.703685657000051 ], [ 35.09565397800003, 31.70356571200017 ], [ 35.095530346000089, 31.703441100000134 ], [ 35.095414952000112, 31.703321146000178 ], [ 35.095316033000017, 31.703208250000046 ], [ 35.095186993000027, 31.703060098000094 ], [ 35.095057955000186, 31.702909623000153 ], [ 35.09492498600008, 31.702743290000171 ], [ 35.094798744000116, 31.702599861000067 ], [ 35.094642072000113, 31.702407015000119 ], [ 35.094526850000193, 31.702282338000032 ], [ 35.094372950999968, 31.702113025000131 ], [ 35.094249344000161, 31.70197432000009 ], [ 35.094101007000063, 31.701837845000114 ], [ 35.093990149000092, 31.701652578000164 ], [ 35.093877615000054, 31.701490349000153 ], [ 35.093786958000067, 31.701363371000127 ], [ 35.093622196000126, 31.70118460600014 ], [ 35.093520651000176, 31.701064661000089 ], [ 35.093371691000073, 31.700903244000131 ], [ 35.093256298000028, 31.700788008000188 ], [ 35.093140891000189, 31.700682142000119 ], [ 35.092882695000128, 31.700489198000184 ], [ 35.092717691000189, 31.700373914000011 ], [ 35.092511684999977, 31.700228012000025 ], [ 35.092346837000036, 31.700117449000061 ], [ 35.092281791000175, 31.700073565000139 ], [ 35.092238997000152, 31.70004472700009 ], [ 35.092165362, 31.699995106000131 ], [ 35.091908140000044, 31.69981667400009 ], [ 35.091777770000135, 31.699729237000099 ], [ 35.09172551000006, 31.699694187000034 ], [ 35.091680058000179, 31.699663706000081 ], [ 35.091526239000189, 31.69956724300016 ], [ 35.091472709000186, 31.699539715000185 ], [ 35.091440496000075, 31.699523167000052 ], [ 35.091347527000153, 31.699475408000126 ], [ 35.091171624000026, 31.699378924000143 ], [ 35.091031460000181, 31.699303613000041 ], [ 35.090883066000174, 31.699218852000058 ], [ 35.09074793700006, 31.699130648 ], [ 35.090717562000123, 31.699110822000137 ], [ 35.090699776000065, 31.699099248999971 ], [ 35.090662226000177, 31.699076528000148 ], [ 35.090503808000051, 31.698969421000072 ], [ 35.09034540100015, 31.698854562000065 ], [ 35.090169061000154, 31.698716155000113 ], [ 35.089786808000042, 31.698492085000055 ], [ 35.089554579000094, 31.698363697000048 ], [ 35.089378159000091, 31.698288068000124 ], [ 35.089128131000166, 31.698159662000137 ], [ 35.088881243000174, 31.69802872300005 ], [ 35.088706000000172, 31.697933788000114 ], [ 35.088491385000054, 31.69782549700011 ], [ 35.088232617000131, 31.69770455000014 ], [ 35.088041557000167, 31.697606359000133 ], [ 35.087832721000098, 31.697493069000132 ], [ 35.087585863000129, 31.697339440000121 ], [ 35.08744771400012, 31.697241298 ], [ 35.08726841400005, 31.69710034600007 ], [ 35.087100819000113, 31.696961943000076 ], [ 35.086843133000116, 31.696773568000026 ], [ 35.086613764000049, 31.69660994700007 ], [ 35.086375671000155, 31.696438783000133 ], [ 35.086187634000169, 31.696302894000155 ], [ 35.086008353000125, 31.696151866000093 ], [ 35.085740332000057, 31.695931557999984 ], [ 35.08572967200007, 31.695922771000085 ], [ 35.085714487000189, 31.695910255000115 ], [ 35.08550815100017, 31.695656752000161 ], [ 35.085402351000084, 31.695528485000125 ], [ 35.085273238000184, 31.695332269000062 ], [ 35.08520281, 31.695128576000172 ], [ 35.085120734000157, 31.694887172999984 ], [ 35.085032117000026, 31.694726932000151 ], [ 35.084941308000055, 31.694482986000025 ], [ 35.084874061000107, 31.694244136000179 ], [ 35.084859914000049, 31.694184284000187 ], [ 35.084849973000019, 31.694142230000125 ], [ 35.084800811000036, 31.693934891000083 ], [ 35.084768526000119, 31.693801763000067 ], [ 35.084749978000048, 31.693725377000135 ], [ 35.084721653000088, 31.69360873 ], [ 35.084680903000105, 31.693276901000161 ], [ 35.084675502000096, 31.693007957000134 ], [ 35.084672986000044, 31.692799820000062 ], [ 35.084676227000045, 31.692598736000093 ], [ 35.084682400000133, 31.692422807000014 ], [ 35.084714915000063, 31.692266984000184 ], [ 35.084750368000073, 31.692133785000124 ], [ 35.084780046000049, 31.692003112 ], [ 35.0848336950001, 31.69181793100006 ], [ 35.084905662000097, 31.691672955000172 ], [ 35.084919798000044, 31.691644478 ], [ 35.085010691000036, 31.691461166000124 ], [ 35.085140525000099, 31.691245128000048 ], [ 35.085293850000085, 31.690961192000145 ], [ 35.085287778000122, 31.69094258500013 ], [ 35.08528623300009, 31.690937903000076 ], [ 35.085211786000059, 31.690712251999969 ], [ 35.084902514000021, 31.690541575000168 ], [ 35.08464377100006, 31.69041991600011 ], [ 35.084449424000013, 31.690329605000045 ], [ 35.084284723000167, 31.690253417000122 ], [ 35.084077199000035, 31.69016027300006 ], [ 35.083772647000103, 31.690035046000105 ], [ 35.083512394000138, 31.689933463000102 ], [ 35.083359935000033, 31.689875197000106 ], [ 35.08333845300001, 31.68986698700013 ], [ 35.083024832000092, 31.689747102000069 ], [ 35.082890253000073, 31.689699126000164 ], [ 35.082869127000095, 31.689691588000073 ], [ 35.082613190000131, 31.689600271000074 ], [ 35.082306816000028, 31.6894844790001 ], [ 35.082066328000053, 31.689394189999973 ], [ 35.08184989300014, 31.689310615000124 ], [ 35.081560005000142, 31.689192090000176 ], [ 35.081210811, 31.689059411000073 ], [ 35.080947434000166, 31.688957751000032 ], [ 35.080706960000157, 31.688858933 ], [ 35.080535663000148, 31.688791187000106 ], [ 35.080370956000081, 31.688723446000097 ], [ 35.080333102000168, 31.688706767000042 ], [ 35.08029338100016, 31.68868926500005 ], [ 35.080111882000153, 31.688609247000159 ], [ 35.079831865000131, 31.68850756900008 ], [ 35.079781294000156, 31.688490958000045 ], [ 35.079744779000066, 31.68847897500001 ], [ 35.079522180000026, 31.68840592700019 ], [ 35.079360744000155, 31.688357847000134 ], [ 35.079169666000155, 31.688292897999986 ], [ 35.078804190000142, 31.688140468000029 ], [ 35.078553843000122, 31.688035997000156 ], [ 35.078224441000032, 31.68789487500004 ], [ 35.077924671000119, 31.687779150000154 ], [ 35.077517598000099, 31.687604194000016 ], [ 35.077471423000077, 31.687584349000076 ], [ 35.077421683000068, 31.687563018 ], [ 35.077239186000156, 31.687492437000117 ], [ 35.077151725000078, 31.68745859500018 ], [ 35.077146435000031, 31.687456779000172 ], [ 35.077003481000077, 31.687407707000034 ], [ 35.076822311000171, 31.68733149000002 ], [ 35.076693840000132, 31.687271990000113 ], [ 35.076653669000109, 31.687253385000076 ], [ 35.076621390000184, 31.687238413000046 ], [ 35.07657988200009, 31.687223220000135 ], [ 35.076527458000044, 31.687204058000134 ], [ 35.076397382000096, 31.687156513000048 ], [ 35.076123964000033, 31.687054834000037 ], [ 35.075781532000121, 31.686927783000101 ], [ 35.075390017000188, 31.686781938000024 ], [ 35.074863126000025, 31.686578664000081 ], [ 35.074332722000179, 31.686411951000082 ], [ 35.07416801200003, 31.686352658000033 ], [ 35.073970391000103, 31.686259509000081 ], [ 35.073377642000025, 31.686019519000126 ], [ 35.072909895000123, 31.685833210000055 ], [ 35.072621671999968, 31.685719245000143 ], [ 35.072343356000033, 31.685590496000032 ], [ 35.072078393000083, 31.685461831000168 ], [ 35.071850318000145, 31.685350114000073 ], [ 35.071638379000092, 31.685247928000138 ], [ 35.071364516000074, 31.685119250000128 ], [ 35.0710420690001, 31.684971567000105 ], [ 35.070777110000165, 31.68484289800017 ], [ 35.070490070000176, 31.684710400000085 ], [ 35.070238245000041, 31.684615705000112 ], [ 35.069964357000117, 31.684505908000176 ], [ 35.06976552000009, 31.684460381000065 ], [ 35.069390157000043, 31.684327781000093 ], [ 35.06919682900002, 31.684234279000179 ], [ 35.069024601000024, 31.684139671000025 ], [ 35.068790496000076, 31.683988345999978 ], [ 35.068494842000121, 31.683784107000065 ], [ 35.068265150000116, 31.683655473000101 ], [ 35.06800468900019, 31.683500311000046 ], [ 35.067549730999986, 31.683265662000053 ], [ 35.067311310000093, 31.683137016000103 ], [ 35.067103711000073, 31.68300460100005 ], [ 35.066944818000138, 31.682921350000186 ], [ 35.066688643000191, 31.682766190000109 ], [ 35.066553831000192, 31.682668663000129 ], [ 35.06642577100007, 31.682574101000114 ], [ 35.066302177000182, 31.682468273999973 ], [ 35.066134485000134, 31.682320753000113 ], [ 35.066019641000082, 31.682207325000149 ], [ 35.065878469000097, 31.682067443000165 ], [ 35.06571081400017, 31.681897375000119 ], [ 35.06556520100014, 31.681753685000103 ], [ 35.065401991000101, 31.681587357000012 ], [ 35.065234320000172, 31.681428560000143 ], [ 35.065056254000183, 31.681278632000158 ], [ 35.064822253000102, 31.681070651000084 ], [ 35.064694210000084, 31.68096854900017 ], [ 35.064508848, 31.680847498 ], [ 35.064235100000133, 31.680662157000029 ], [ 35.06386867100008, 31.680416255000125 ], [ 35.063634948000185, 31.680244628000025 ], [ 35.063428376000161, 31.680095648000133 ], [ 35.063145623000139, 31.679876757000045 ], [ 35.062770700999977, 31.679588003000163 ], [ 35.062479873000086, 31.679370931000165 ], [ 35.062333054000135, 31.67926380300014 ], [ 35.062104783000166, 31.67908682500007 ], [ 35.061822146000111, 31.678900482000188 ], [ 35.061675302000026, 31.678812023999967 ], [ 35.061430711000128, 31.678639676000103 ], [ 35.061245890000066, 31.67849529900019 ], [ 35.061088344000154, 31.678402108000171 ], [ 35.060908916000074, 31.678285639000023 ], [ 35.060724085000118, 31.678150562000155 ], [ 35.060448828000176, 31.677989238000123 ], [ 35.060220531000027, 31.677830856000185 ], [ 35.059975751000025, 31.677677106000033 ], [ 35.059649627000056, 31.677486058000056 ], [ 35.059323343000074, 31.677295006000065 ], [ 35.058997193000039, 31.677122555000096 ], [ 35.05869820200013, 31.676968738000085 ], [ 35.058306691000155, 31.676763656000162 ], [ 35.057947784000191, 31.676572560000125 ], [ 35.057665079000174, 31.676437360000136 ], [ 35.057271251000088, 31.676239458000111 ], [ 35.056896035000136, 31.676048343000048 ], [ 35.056684009000151, 31.675922526000193 ], [ 35.056385103000139, 31.675722201000042 ], [ 35.05607537200018, 31.675493960999972 ], [ 35.055852517000119, 31.675340228000152 ], [ 35.055618831000118, 31.67516330400008 ], [ 35.055316326000082, 31.67495014800005 ], [ 35.055038974000013, 31.674773097000013 ], [ 35.054761793000125, 31.674591393000071 ], [ 35.054364926000062, 31.674349090000192 ], [ 35.054114875000039, 31.674204622000161 ], [ 35.053701682000053, 31.673971669000139 ], [ 35.053315827000176, 31.673747976000016 ], [ 35.053076671000099, 31.673594219 ], [ 35.052668973000152, 31.673328644000151 ], [ 35.05230479100004, 31.673058474000186 ], [ 35.051921335000088, 31.672785318000138 ], [ 35.051698479000152, 31.672640880000074 ], [ 35.051423303000092, 31.672505694000108 ], [ 35.051420248000113, 31.672504193000066 ], [ 35.051404277000131, 31.67249635100012 ], [ 35.051134944000125, 31.672359817000029 ], [ 35.051112112, 31.6723482270001 ], [ 35.051088189000097, 31.672336083000175 ], [ 35.050864784000169, 31.672225321999974 ], [ 35.050587606000136, 31.672051290000184 ], [ 35.050203178000118, 31.671870147000163 ], [ 35.049804424000172, 31.671683419000033 ], [ 35.049607569000159, 31.671561488000123 ], [ 35.049402482000119, 31.671435176000159 ], [ 35.049256678000177, 31.67133099300014 ], [ 35.048986257000081, 31.671160349000047 ], [ 35.048938206000116, 31.671130930000061 ], [ 35.04885404900017, 31.671079408000026 ], [ 35.048826763000193, 31.671062701000153 ], [ 35.048513166000077, 31.670896439000103 ], [ 35.048356642000101, 31.670797456000173 ], [ 35.048106598, 31.670659811000064 ], [ 35.047909067000091, 31.67055041600014 ], [ 35.047688645000164, 31.670434438000143 ], [ 35.047453260000168, 31.670301532000167 ], [ 35.047279295000067, 31.670188787000143 ], [ 35.047136430000023, 31.670101515000056 ], [ 35.046955695000122, 31.669998623000026 ], [ 35.046808204000058, 31.669919096000115 ], [ 35.046676041000069, 31.669837052000105 ], [ 35.046499104000077, 31.669729443000165 ], [ 35.046321359000046, 31.669614857999989 ], [ 35.046184575000098, 31.669536682000114 ], [ 35.04596876800008, 31.669420709000178 ], [ 35.04579923100016, 31.669323396000038 ], [ 35.045600228000126, 31.669211389000111 ], [ 35.045425436000073, 31.669103290000123 ], [ 35.045256879000078, 31.669010768000135 ], [ 35.045092770000053, 31.668919591000133 ], [ 35.044945463000033, 31.66883097300007 ], [ 35.044788278999988, 31.668736563999971 ], [ 35.044615141000065, 31.668627196000159 ], [ 35.04445402500005, 31.668521720000172 ], [ 35.044271187000049, 31.668400924000082 ], [ 35.043927707000194, 31.668184726000163 ], [ 35.043550271000072, 31.667979476000028 ], [ 35.043357369000091, 31.667867473000115 ], [ 35.043215992000057, 31.667780202000074 ], [ 35.043097029000023, 31.667690914000161 ], [ 35.042849307000154, 31.667554106000011 ], [ 35.042703456000083, 31.667482398000118 ], [ 35.042540818000134, 31.667399040000191 ], [ 35.042208293000044, 31.667235346000098 ], [ 35.042013897000118, 31.6671311610001 ], [ 35.041837631000135, 31.667023052000161 ], [ 35.041641607000088, 31.666908368000065 ], [ 35.041468469000108, 31.666802872000062 ], [ 35.041315568000186, 31.666714099000046 ], [ 35.04114784300009, 31.666621644000145 ], [ 35.041012379000051, 31.666547269000148 ], [ 35.040789362000169, 31.666417398000135 ], [ 35.040595988000121, 31.666297499000052 ], [ 35.040388611000139, 31.666175608000174 ], [ 35.040179915000067, 31.666054491000011 ], [ 35.039939962000062, 31.665908670000135 ], [ 35.039685830000167, 31.665766706000113 ], [ 35.039431881000041, 31.665616848000127 ], [ 35.039221988000122, 31.665520881000134 ], [ 35.039058863000037, 31.665438929000061 ], [ 35.038894430000028, 31.665349716000094 ], [ 35.038638149000064, 31.665215779000107 ], [ 35.038414297000031, 31.665095835000102 ], [ 35.038253499000064, 31.665003879000153 ], [ 35.038090388000114, 31.664913963000174 ], [ 35.037859616000048, 31.664794011000026 ], [ 35.037708203000022, 31.664706082000123 ], [ 35.037361701000123, 31.664536648000137 ], [ 35.037093578000054, 31.66439275700003 ], [ 35.036783623000076, 31.664240774000177 ], [ 35.036566852000192, 31.664124854000136 ], [ 35.036315190000153, 31.663990919000184 ], [ 35.036052993000055, 31.663851684000122 ], [ 35.035775640999987, 31.663709749000191 ], [ 35.035516692000158, 31.6635963760001 ], [ 35.035067051000169, 31.663344847000189 ], [ 35.034633512000084, 31.663117864000128 ], [ 35.034400792000042, 31.662989374000176 ], [ 35.033942963000072, 31.662714159000075 ], [ 35.033665669000072, 31.662547350000182 ], [ 35.033302301000163, 31.66233137800009 ], [ 35.033025003000148, 31.66216738300011 ], [ 35.03277946500009, 31.662022458000081 ], [ 35.032435125000177, 31.66185287400009 ], [ 35.032101174, 31.66167872200009 ], [ 35.031826995000131, 31.661522903000048 ], [ 35.031581508000158, 31.661353455000096 ], [ 35.031317089000083, 31.661178484000061 ], [ 35.031183184999975, 31.661071971000069 ], [ 35.030918650000046, 31.660872482000173 ], [ 35.030408635000015, 31.660588018000055 ], [ 35.030009712000151, 31.660363956000026 ], [ 35.02974870100013, 31.660217310000121 ], [ 35.029563390000192, 31.66011551400004 ], [ 35.029349775000185, 31.659997402000045 ], [ 35.028941284000041, 31.659781425000062 ], [ 35.028623157000084, 31.659610388000033 ], [ 35.028390433000027, 31.659492176000185 ], [ 35.028200510000033, 31.659390371000029 ], [ 35.028195607000043, 31.659387906000063 ], [ 35.028157225000086, 31.6593686060001 ], [ 35.02813023200008, 31.659355040000037 ], [ 35.028005804000088, 31.659292575999984 ], [ 35.027738189000047, 31.65915599200008 ], [ 35.027352895000149, 31.65896160300008 ], [ 35.027210543000081, 31.658883821000188 ], [ 35.027022760000079, 31.658783851000123 ], [ 35.026838302000101, 31.658670074000042 ], [ 35.026657106000073, 31.658572860000163 ], [ 35.026404746000139, 31.658389723000028 ], [ 35.026265497000054, 31.65832582500002 ], [ 35.025951197000154, 31.658305922000068 ], [ 35.025492953000082, 31.658262836000063 ], [ 35.025191686000142, 31.65823470600003 ], [ 35.024906569000052, 31.658203780000179 ], [ 35.024533936000068, 31.658189422000021 ], [ 35.024129011000014, 31.658177764000129 ], [ 35.023815700000114, 31.658157221000124 ], [ 35.023640795000119, 31.6581292730001 ], [ 35.02348532700006, 31.658101352000017 ], [ 35.023316864000094, 31.658065100000044 ], [ 35.023067412000046, 31.65799546900007 ], [ 35.02287311300006, 31.657945297000026 ], [ 35.022688531000028, 31.657895210000049 ], [ 35.022455401000116, 31.657820106000031 ], [ 35.022163985000191, 31.657728286000065 ], [ 35.021958183000038, 31.657663159000094 ], [ 35.021793055000046, 31.657607532000043 ], [ 35.021540521000077, 31.657515771000192 ], [ 35.021333281000182, 31.657429644000047 ], [ 35.021184322000181, 31.657362907000106 ], [ 35.021006395000143, 31.657282318000114 ], [ 35.020795872, 31.657190618000186 ], [ 35.020598342000028, 31.65710999900017 ], [ 35.020391269000015, 31.65702386900017 ], [ 35.020187143000044, 31.656945987000086 ], [ 35.019946826000137, 31.656843814000069 ], [ 35.019799174000184, 31.656782221000071 ], [ 35.019623677000141, 31.656723898000109 ], [ 35.019468254000117, 31.656675964000044 ], [ 35.019276764000097, 31.656624451000141 ], [ 35.01905333100018, 31.656562744000098 ], [ 35.018774072000099, 31.656490663000056 ], [ 35.018526766000036, 31.656422085000088 ], [ 35.018367193000074, 31.656391124000095 ], [ 35.018056004000186, 31.656305325 ], [ 35.017704969000192, 31.656209321000063 ], [ 35.017461612000034, 31.656144126000072 ], [ 35.017242107000072, 31.656096022000042 ], [ 35.017048214000113, 31.656012302000192 ], [ 35.016888636000033, 31.655984789000172 ], [ 35.016385972000194, 31.655840708000028 ], [ 35.015971121000064, 31.655696827000099 ], [ 35.015939017000051, 31.655686210000056 ], [ 35.015926119000085, 31.655681946000072 ], [ 35.015681744000176, 31.655601162000096 ], [ 35.015663427, 31.655595107000067 ], [ 35.015659805000041, 31.65559425400005 ], [ 35.015480508000053, 31.65554254400007 ], [ 35.015259392000075, 31.655479354000136 ], [ 35.01471699700005, 31.655273833000138 ], [ 35.014465794000103, 31.655181355000082 ], [ 35.014150517000076, 31.65508532500013 ], [ 35.013636060000067, 31.654913946000079 ], [ 35.013320933000159, 31.654824747000077 ], [ 35.01298354000005, 31.654748478999977 ], [ 35.012700172000052, 31.654676381000058 ], [ 35.012385091000169, 31.65456674800015 ], [ 35.011942378000072, 31.65443641100012 ], [ 35.011730962000172, 31.654384925000102 ], [ 35.011559377000083, 31.654350553000086 ], [ 35.01137994000004, 31.654288832000077 ], [ 35.011116711000057, 31.654199709000068 ], [ 35.010934457000076, 31.654146649000097 ], [ 35.010782835000157, 31.654098709000039 ], [ 35.010599432000163, 31.654043814000033 ], [ 35.010403973000052, 31.654002569000113 ], [ 35.010104839000178, 31.653910007000093 ], [ 35.009909261000132, 31.653848258000039 ], [ 35.00966592400016, 31.65377966900013 ], [ 35.009319032000064, 31.653680193000071 ], [ 35.008999810000148, 31.653584143000103 ], [ 35.00869803400019, 31.653496646000065 ], [ 35.00828478000011, 31.653384380000034 ], [ 35.007995833000109, 31.653306906000182 ], [ 35.007800081000084, 31.653250790000129 ], [ 35.007470860000126, 31.653133301000139 ], [ 35.007241078000106, 31.653045282000051 ], [ 35.007067152000104, 31.652951997000059 ], [ 35.006732610000142, 31.652782923000075 ], [ 35.006422190000194, 31.652583165000067 ], [ 35.006273166000142, 31.652479281000183 ], [ 35.006077768000125, 31.652338118000159 ], [ 35.005882182000107, 31.652207596000153 ], [ 35.005700745000127, 31.652085973000169 ], [ 35.005458637000118, 31.651912817000039 ], [ 35.005225929000062, 31.651734460000114 ], [ 35.004958975000193, 31.651548017000039 ], [ 35.004744813000059, 31.651401537000027 ], [ 35.004668678000087, 31.651339974000166 ], [ 35.004661276000149, 31.651333973000078 ], [ 35.004643361000035, 31.651319479000165 ], [ 35.004527588000087, 31.651225812000121 ], [ 35.00435372100003, 31.651108638000039 ], [ 35.003939547000016, 31.650752499000134 ], [ 35.003542450000111, 31.650422386000059 ], [ 35.003300400000171, 31.650225340000134 ], [ 35.003011807000178, 31.6499963710001 ], [ 35.002737607000086, 31.649738887000126 ], [ 35.002554495000027, 31.649560538000173 ], [ 35.002346707000072, 31.649366224000062 ], [ 35.002110973000072, 31.649147979000077 ], [ 35.001893804000133, 31.648951042000192 ], [ 35.001865088999978, 31.64892406600012 ], [ 35.001834298, 31.648895140000036 ], [ 35.001684875000024, 31.648754750000137 ], [ 35.001331262000122, 31.648432663000051 ], [ 35.001058230000126, 31.648174474000086 ], [ 35.000856721000048, 31.647974883000188 ], [ 35.000651889000153, 31.647788534000085 ], [ 35.000480100000061, 31.64763225300004 ], [ 35.00027234200013, 31.64742997400009 ], [ 35.000042717000042, 31.647209057000055 ], [ 34.999782215000153, 31.646948209000129 ], [ 34.999665223000079, 31.646818650000171 ], [ 34.999404151000135, 31.646664125000086 ], [ 34.999401473000091, 31.64666253900009 ], [ 34.999273862000109, 31.646586964000164 ], [ 34.999042192000104, 31.646471097000074 ], [ 34.998647863000087, 31.64624158800018 ], [ 34.998441077, 31.646121252000171 ], [ 34.998308905000101, 31.646031912000069 ], [ 34.998298645000148, 31.646024977000138 ], [ 34.998276441000087, 31.646010002000025 ], [ 34.997820893000039, 31.645757276999973 ], [ 34.997631575000185, 31.645633939999982 ], [ 34.997281165000174, 31.645435432000113 ], [ 34.997084870000151, 31.64533906500003 ], [ 34.996929672000135, 31.645207750999987 ], [ 34.996656475000179, 31.644958290000034 ], [ 34.996467450000068, 31.644780977000039 ], [ 34.996359010000162, 31.644660803000022 ], [ 34.996229333000144, 31.644534605000104 ], [ 34.996127944000193, 31.644429447000107 ], [ 34.9960159150001, 31.644294259999981 ], [ 34.995907482000064, 31.644171126000117 ], [ 34.995792001000041, 31.644032902000049 ], [ 34.995713883000121, 31.643907492000153 ], [ 34.995594822000157, 31.643751294000026 ], [ 34.995332365000024, 31.643489942000087 ], [ 34.995146828000031, 31.643303614000104 ], [ 34.994985840000027, 31.643114370000092 ], [ 34.994812888000126, 31.642898966000189 ], [ 34.994672938000065, 31.642730753000023 ], [ 34.994518815000049, 31.642565548000164 ], [ 34.994267744000126, 31.642299066000135 ], [ 34.99425361700014, 31.642282626000167 ], [ 34.994210937000162, 31.64223833200009 ], [ 34.993823153000051, 31.641835885000091 ], [ 34.993805677000182, 31.641817748000108 ], [ 34.993783163999979, 31.64179431600013 ], [ 34.993622314, 31.641548072000148 ], [ 34.993517334000046, 31.641430928000034 ], [ 34.993321317000095, 31.641220627000166 ], [ 34.993202407000183, 31.641073444000142 ], [ 34.993030836000116, 31.640905176000103 ], [ 34.992845327000111, 31.640709898000068 ], [ 34.992630247000079, 31.640482300000087 ], [ 34.992511333000039, 31.640338077000138 ], [ 34.992350361000035, 31.64014587000014 ], [ 34.99218108600013, 31.639983453000127 ], [ 34.992171882000093, 31.639974560000155 ], [ 34.992161784000132, 31.639962284000035 ], [ 34.992005330000154, 31.639772082000093 ], [ 34.992003859000135, 31.639770293000083 ], [ 34.991959012000052, 31.639720119000174 ], [ 34.991803434000133, 31.639546238999969 ], [ 34.991663473000017, 31.639387044000046 ], [ 34.991484889000162, 31.639191704000041 ], [ 34.99127836200006, 31.638972433000106 ], [ 34.991159392000156, 31.638852235000115 ], [ 34.990970506000167, 31.638626933000126 ], [ 34.990837401000078, 31.638494663000188 ], [ 34.990735851000181, 31.638392533000115 ], [ 34.990625760000057, 31.638279113000124 ], [ 34.990419301000145, 31.63803278600011 ], [ 34.990229874000192, 31.637828758000069 ], [ 34.99022510900005, 31.637823818000015 ], [ 34.990199047000033, 31.637796615000184 ], [ 34.990128825000056, 31.637723318000042 ], [ 34.989939869000068, 31.63752802900018 ], [ 34.989932197000144, 31.637518362000151 ], [ 34.98992032700005, 31.637503405000075 ], [ 34.989916881000113, 31.637499031000061 ], [ 34.98977434000011, 31.637318620000144 ], [ 34.989623872000095, 31.637147424000034 ], [ 34.989406853, 31.636910022000109 ], [ 34.989273782000112, 31.63676584100017 ], [ 34.989081114000157, 31.636541236000141 ], [ 34.988833888000102, 31.636195202000124 ], [ 34.988691728000106, 31.635994569000104 ], [ 34.988573213000166, 31.635825964000105 ], [ 34.988490481000042, 31.635708154000156 ], [ 34.988388831000179, 31.635580164000032 ], [ 34.988294095000128, 31.635455145000094 ], [ 34.98817213600006, 31.635280686000101 ], [ 34.987992628000143, 31.635065471000132 ], [ 34.987901178000072, 31.634943346000114 ], [ 34.98775897600018, 31.63476300300016 ], [ 34.987605313000188, 31.634553965000123 ], [ 34.987405501000183, 31.634289392000142 ], [ 34.987273476000155, 31.634123582000143 ], [ 34.987117673000171, 31.633914256000025 ], [ 34.987036430999979, 31.633795036000095 ], [ 34.986931513, 31.633658374000163 ], [ 34.986670743000104, 31.633335492000128 ], [ 34.98655575500004, 31.633140753000077 ], [ 34.986405951000052, 31.632972795 ], [ 34.986297583000123, 31.632833238000103 ], [ 34.986162119000142, 31.632661641000027 ], [ 34.986077613000077, 31.632530791000022 ], [ 34.985928534999971, 31.632335990000172 ], [ 34.985806734000107, 31.632167306000099 ], [ 34.985678022000116, 31.63199572100018 ], [ 34.985581821999972, 31.631865484000173 ], [ 34.985459801000104, 31.631720052000048 ], [ 34.985351353, 31.631615298000042 ], [ 34.985161681000136, 31.631385548000083 ], [ 34.985056798000073, 31.63123725600002 ], [ 34.984931499000083, 31.631085969000026 ], [ 34.984806299000013, 31.630894100000091 ], [ 34.984696947000032, 31.630755310000154 ], [ 34.984497252000153, 31.630516805000013 ], [ 34.984449626000128, 31.630461198000148 ], [ 34.984415290000129, 31.630421145000128 ], [ 34.984317748000024, 31.630307363000099 ], [ 34.984121292000111, 31.630025319000026 ], [ 34.984074260000114, 31.629958668000143 ], [ 34.983969306000176, 31.629809933000161 ], [ 34.983931846000075, 31.629765534000114 ], [ 34.983788496000102, 31.629595629 ], [ 34.983619261000058, 31.629363022000064 ], [ 34.983586426999977, 31.629315795000139 ], [ 34.983542455000077, 31.629252547000078 ], [ 34.983473688000174, 31.629153709000036 ], [ 34.98328410900001, 31.628889078999975 ], [ 34.983128292, 31.628694191000022 ], [ 34.98300309200016, 31.628505208000149 ], [ 34.982866670000021, 31.628325646000178 ], [ 34.982741336000174, 31.628191829000059 ], [ 34.982596391000129, 31.628062560000103 ], [ 34.98257741499998, 31.628045630000088 ], [ 34.982568455000148, 31.628037637000091 ], [ 34.98255496600018, 31.628018742 ], [ 34.982525946000123, 31.627978093000138 ], [ 34.982515606000106, 31.627963560000069 ], [ 34.982449953000128, 31.627871846000119 ], [ 34.98242366900007, 31.627841248000095 ], [ 34.982250091000083, 31.627639182000053 ], [ 34.982080901000131, 31.627391991000138 ], [ 34.98195141400015, 31.627206730000182 ], [ 34.981799063999972, 31.627008962000161 ], [ 34.98169082600009, 31.626822894000043 ], [ 34.981607283000187, 31.626638713000148 ], [ 34.981601555000111, 31.626626084000065 ], [ 34.981588933000126, 31.626601188000166 ], [ 34.981500269000037, 31.626424881000048 ], [ 34.981357161000119, 31.626221980000025 ], [ 34.981174947000113, 31.625914733000116 ], [ 34.981096215000036, 31.625785652000161 ], [ 34.980942484000025, 31.625549054000146 ], [ 34.980798595000067, 31.625328889000116 ], [ 34.980659133000074, 31.625116839000157 ], [ 34.980540983000083, 31.624944774000028 ], [ 34.980440856000087, 31.624809523000124 ], [ 34.980372393000152, 31.62472491800014 ], [ 34.980351377000034, 31.624698880000153 ], [ 34.980338610000103, 31.624681853000084 ], [ 34.980247636000058, 31.624560522000081 ], [ 34.980111836, 31.624368284000127 ], [ 34.980102561000024, 31.624355154000114 ], [ 34.980096324000158, 31.624346194000111 ], [ 34.979946191000067, 31.624121861999981 ], [ 34.979867439000145, 31.624002009000094 ], [ 34.979822791000174, 31.623943377000046 ], [ 34.979800159000092, 31.623913634000189 ], [ 34.979745802000082, 31.623842196000112 ], [ 34.979574600000149, 31.623553101000084 ], [ 34.979550314999983, 31.623512093000102 ], [ 34.979540798000187, 31.62349868900003 ], [ 34.979456135000191, 31.623372062000158 ], [ 34.97936948500012, 31.62325015000016 ], [ 34.97924081300016, 31.623071867000078 ], [ 34.979188124000132, 31.623001874000067 ], [ 34.979129852000142, 31.622924333000128 ], [ 34.979034191000096, 31.62278486200006 ], [ 34.978974454000081, 31.622700766000037 ], [ 34.978840115000025, 31.622484916000076 ], [ 34.978704315000186, 31.622260608000033 ], [ 34.978586158000098, 31.622094604000154 ], [ 34.978449631000046, 31.621898900000076 ], [ 34.978357554000183, 31.621773666000024 ], [ 34.978320920000158, 31.621723949000113 ], [ 34.978295844000058, 31.621689919000119 ], [ 34.978149091000091, 31.621499341000174 ], [ 34.978052426000147, 31.621367193000083 ], [ 34.977923737000083, 31.621198137000135 ], [ 34.977834286000018, 31.621078264000062 ], [ 34.977675536000049, 31.620879490000107 ], [ 34.97756122200019, 31.620692070000075 ], [ 34.977446676000113, 31.62053226900008 ], [ 34.977336169000125, 31.62036301 ], [ 34.977326098999981, 31.62034758599998 ], [ 34.977312316, 31.620326918000046 ], [ 34.977171225000177, 31.620114858000079 ], [ 34.977069589999985, 31.619994256000098 ], [ 34.976895397000078, 31.619782206000139 ], [ 34.976716212000099, 31.619590932000108 ], [ 34.976561319000155, 31.619366445000082 ], [ 34.976488239000162, 31.619286904000148 ], [ 34.976461483000037, 31.619257778000076 ], [ 34.976416141000016, 31.619208419000131 ], [ 34.976311183000064, 31.619058098000039 ], [ 34.976248609000038, 31.618968480000092 ], [ 34.976198397000132, 31.618896660000189 ], [ 34.976122127000053, 31.618776456000035 ], [ 34.975955883000154, 31.618548778000047 ], [ 34.975825685000189, 31.618328846000111 ], [ 34.975713406000068, 31.61818603 ], [ 34.975518477000037, 31.617971331000092 ], [ 34.975397043999976, 31.617867039000032 ], [ 34.975199234000172, 31.617685521999988 ], [ 34.975041855000029, 31.617534941000088 ], [ 34.974911444000156, 31.617399840000189 ], [ 34.974763153000026, 31.61723765000005 ], [ 34.974425840000094, 31.61693637500008 ], [ 34.974232529000176, 31.616735630000107 ], [ 34.974034556000049, 31.616554109999981 ], [ 34.973884162000047, 31.616442999000128 ], [ 34.973722360000181, 31.616284656000119 ], [ 34.97361855500003, 31.616179690000138 ], [ 34.973601435000035, 31.616162360000089 ], [ 34.973596381000164, 31.616157244000192 ], [ 34.973443639000095, 31.615998918000059 ], [ 34.973272667000174, 31.615821322000102 ], [ 34.973133350000126, 31.615693883000176 ], [ 34.973051532000113, 31.615593538000098 ], [ 34.973047331000032, 31.615588386000013 ], [ 34.973007440000174, 31.61553948500017 ], [ 34.972755866000114, 31.61526534800015 ], [ 34.972593962000076, 31.615083896000044 ], [ 34.972448600000121, 31.614938760000086 ], [ 34.972247390000177, 31.614738912000121 ], [ 34.972068161000152, 31.614571517000172 ], [ 34.972024143000056, 31.614527539000107 ], [ 34.971945009000081, 31.614448395000124 ], [ 34.97173736600007, 31.614240724000069 ], [ 34.971514176000085, 31.614008494000075 ], [ 34.971341279000058, 31.613814124000157 ], [ 34.971111841000095, 31.613579274000074 ], [ 34.971010549000084, 31.613458808000075 ], [ 34.970752769000057, 31.613231936000091 ], [ 34.970626953000135, 31.613107762000141 ], [ 34.970432200000062, 31.612897142000122 ], [ 34.970230992000154, 31.612700040000163 ], [ 34.970142443000157, 31.612610537000137 ], [ 34.970102559000054, 31.612570222000045 ], [ 34.970031770000162, 31.612498786 ], [ 34.969880868000132, 31.612334046000058 ], [ 34.969764563000183, 31.612226094 ], [ 34.969585354000174, 31.61205594900008 ], [ 34.969428180000136, 31.61189662400011 ], [ 34.969216636000056, 31.611686676000147 ], [ 34.969062579000024, 31.61153278200004 ], [ 34.968949454000153, 31.61140588100011 ], [ 34.968795399000101, 31.611251987000173 ], [ 34.968631944000151, 31.611103501000116 ], [ 34.968461432000083, 31.610945346000108 ], [ 34.968279098000096, 31.610775263000164 ], [ 34.968162839000172, 31.610651033000181 ], [ 34.968104030000177, 31.610597794000114 ], [ 34.968094502000099, 31.610589181000194 ], [ 34.968080237000095, 31.610576243000025 ], [ 34.967992979000144, 31.610497108000118 ], [ 34.967835839000088, 31.61032700100003 ], [ 34.967725819000066, 31.61021095600006 ], [ 34.967631753000092, 31.61010198800011 ], [ 34.967508831000032, 31.609943782000187 ], [ 34.967398713000193, 31.609802866000052 ], [ 34.967284828000061, 31.609653204000097 ], [ 34.967181763000156, 31.609521880999978 ], [ 34.967071589000113, 31.609402665000061 ], [ 34.96694243800016, 31.609252757000093 ], [ 34.966897082000173, 31.60920011200011 ], [ 34.966868846000125, 31.609167434000085 ], [ 34.966852746000029, 31.609154016000048 ], [ 34.966827316000035, 31.609132784000053 ], [ 34.966744307000056, 31.609063481000078 ], [ 34.966537880000089, 31.608852623000075 ], [ 34.966395686000055, 31.608699876000117 ], [ 34.966134252000074, 31.608431205000159 ], [ 34.965974159999973, 31.608260103000077 ], [ 34.965842465000037, 31.608122596000158 ], [ 34.965682330000163, 31.607966712 ], [ 34.96550813500005, 31.607774235000193 ], [ 34.965312517000029, 31.607587775000184 ], [ 34.965138136000121, 31.607404384000063 ], [ 34.964897891000192, 31.607157666000035 ], [ 34.964759128000026, 31.607017111000062 ], [ 34.964606268000125, 31.606852082000159 ], [ 34.96446028500003, 31.606702357000131 ], [ 34.964279004000048, 31.606512892000183 ], [ 34.96411168800006, 31.606335645000172 ], [ 34.963909014000023, 31.606143109000016 ], [ 34.963776053000117, 31.605987982999977 ], [ 34.963665837000065, 31.605887081000162 ], [ 34.963544795000132, 31.605770941000173 ], [ 34.963424598000074, 31.605614310000078 ], [ 34.963403678000134, 31.605587049000064 ], [ 34.963215349000052, 31.605388199000117 ], [ 34.963163659000088, 31.605338983000138 ], [ 34.96297227600013, 31.605156760000057 ], [ 34.962801444000036, 31.605003884000041 ], [ 34.962654615000019, 31.60486408800017 ], [ 34.962494494000055, 31.60470820200004 ], [ 34.962309475000097, 31.604503508000164 ], [ 34.96212459200018, 31.604310934000068 ], [ 34.962017852000031, 31.604203978999976 ], [ 34.961882049000053, 31.604068009000116 ], [ 34.961750355, 31.603933526000105 ], [ 34.961615200000097, 31.603802066000071 ], [ 34.961455129000115, 31.603627930000016 ], [ 34.961344953000037, 31.603514836999977 ], [ 34.961170558000106, 31.603340674000094 ], [ 34.961035453000193, 31.603190893000033 ], [ 34.960921694000092, 31.603062574000148 ], [ 34.960786630000143, 31.602897647000077 ], [ 34.960665610000035, 31.602775372 ], [ 34.960507338000127, 31.602607934 ], [ 34.960411307000072, 31.602500997000163 ], [ 34.960276170000157, 31.60236347600005 ], [ 34.960144460000095, 31.602238151000051 ], [ 34.959994990000155, 31.602103631000148 ], [ 34.959863459000189, 31.601972247999981 ], [ 34.959717647000048, 31.601825547000033 ], [ 34.959493529000156, 31.601593293000178 ], [ 34.959365475000027, 31.601455785000155 ], [ 34.959244632999969, 31.601330481000105 ], [ 34.959029358, 31.601116986000136 ], [ 34.958869422000134, 31.600958066000089 ], [ 34.958723438000106, 31.600814391000029 ], [ 34.958566962000134, 31.600655476000099 ], [ 34.958389155000077, 31.600469040000121 ], [ 34.958222017000082, 31.600294888000121 ], [ 34.958018754000079, 31.600085218000174 ], [ 34.95787298900018, 31.599923295 ], [ 34.957663096000147, 31.599730737000073 ], [ 34.957474600000182, 31.599541247000047 ], [ 34.957311088000154, 31.599367028000074 ], [ 34.957121799000049, 31.599166477000097 ], [ 34.957005251000169, 31.599038149000137 ], [ 34.956878691000156, 31.598898880999968 ], [ 34.956640582000091, 31.598670400000174 ], [ 34.95644190600018, 31.598472855000068 ], [ 34.956415247000166, 31.598447220000025 ], [ 34.956375237000088, 31.598408745000143 ], [ 34.956294936000063, 31.598331361000135 ], [ 34.956115171000022, 31.598142101000064 ], [ 34.955996120000066, 31.598026731000118 ], [ 34.955859296000085, 31.597909214000083 ], [ 34.955712543000118, 31.597750384999983 ], [ 34.955561934000173, 31.597615858000154 ], [ 34.955399811000177, 31.59747870200016 ], [ 34.955260607000014, 31.597328554000171 ], [ 34.955037721000053, 31.597134836000123 ], [ 34.954911095000057, 31.597021706000191 ], [ 34.954723519000026, 31.596860612000171 ], [ 34.954560443, 31.596711261000166 ], [ 34.95444397600005, 31.596615484000154 ], [ 34.954259068000056, 31.596443544000124 ], [ 34.95411718400004, 31.5963107930001 ], [ 34.953965333000156, 31.59615195300006 ], [ 34.953787006000084, 31.595980588000032 ], [ 34.953599453000095, 31.595812938 ], [ 34.953549193000185, 31.595770421000111 ], [ 34.95348755100008, 31.595718182000155 ], [ 34.953419597000106, 31.595660594000037 ], [ 34.953270143, 31.595527829000162 ], [ 34.953098025000145, 31.595375429000114 ], [ 34.952950271000191, 31.595223781000186 ], [ 34.952793308000082, 31.595069228000114 ], [ 34.952514606000136, 31.594821140000192 ], [ 34.952367761000119, 31.59469923000006 ], [ 34.952242905000105, 31.594543470000133 ], [ 34.952172272000041, 31.594367460000115 ], [ 34.952096734000179, 31.594178335000038 ], [ 34.952001038000105, 31.593897995000134 ], [ 34.951932204000059, 31.59369201200019 ], [ 34.951926748000176, 31.593675685 ], [ 34.951925443000107, 31.593671245000166 ], [ 34.951839663000158, 31.593376831000171 ], [ 34.951773277000143, 31.593213442000035 ], [ 34.951772136000159, 31.593209425000168 ], [ 34.951758651000034, 31.593178599000112 ], [ 34.951665637000133, 31.592965981000077 ], [ 34.951620236, 31.592833426000027 ], [ 34.951506613000106, 31.59254699000013 ], [ 34.951420916000018, 31.592342694000138 ], [ 34.951357727000072, 31.592214400000159 ], [ 34.951299880000136, 31.591999310000119 ], [ 34.951264694000088, 31.591864589000068 ], [ 34.95116065000019, 31.591686751000111 ], [ 34.951115349000077, 31.591519387000119 ], [ 34.951075069000126, 31.591382543000179 ], [ 34.9510224120001, 31.591195648000053 ], [ 34.950979704000133, 31.59098488900014 ], [ 34.950916303000099, 31.590813753000191 ], [ 34.950849173000051, 31.590623518000143 ], [ 34.950787397000113, 31.590402290000156 ], [ 34.950741068000127, 31.590191098000105 ], [ 34.950670124999988, 31.589950265000141 ], [ 34.95057446900006, 31.589717835000101 ], [ 34.950498057000175, 31.589549282000121 ], [ 34.950427065000156, 31.589327472000036 ], [ 34.950373127000148, 31.589188064000041 ], [ 34.950309374000085, 31.58902742700019 ], [ 34.950235812000017, 31.588841544000161 ], [ 34.950169465000158, 31.588607625000066 ], [ 34.950113057000124, 31.588468141000078 ], [ 34.950044496000032, 31.588261132000071 ], [ 34.949943966000035, 31.588005441000178 ], [ 34.949867718000121, 31.587839280000026 ], [ 34.949843460000068, 31.587683024000057 ], [ 34.949693819000061, 31.587330137000095 ], [ 34.949647092000191, 31.587144734000105 ], [ 34.949605527000188, 31.586996895000027 ], [ 34.949539301000073, 31.586838367000041 ], [ 34.949475772000028, 31.586597618000098 ], [ 34.949384984000176, 31.586392607000107 ], [ 34.949289048000026, 31.58614397000008 ], [ 34.949188719000176, 31.585818593000056 ], [ 34.949155131000055, 31.585718927000187 ], [ 34.949128150000035, 31.585638868000046 ], [ 34.949125540000182, 31.585630617000163 ], [ 34.949085720000085, 31.585506598999984 ], [ 34.949041637000107, 31.585377778000066 ], [ 34.948953455000094, 31.585124226000062 ], [ 34.948882374000164, 31.584936165000045 ], [ 34.948833561000129, 31.584790424000175 ], [ 34.948742668000136, 31.584505792000073 ], [ 34.94868155000006, 31.584288229000094 ], [ 34.9485831880001, 31.58408404700009 ], [ 34.948485127000026, 31.583832586000142 ], [ 34.948407711000016, 31.583672978000095 ], [ 34.948393127000088, 31.583642912000073 ], [ 34.948391837000145, 31.583640252 ], [ 34.948318074000156, 31.583470151000085 ], [ 34.948269119000145, 31.583317998000041 ], [ 34.948180846000184, 31.58309826600015 ], [ 34.948100178000061, 31.582807737000167 ], [ 34.948069188000034, 31.58269222600012 ], [ 34.948061083000141, 31.582662016000086 ], [ 34.948031447000176, 31.582585390000133 ], [ 34.947997347000182, 31.582497220000164 ], [ 34.947943422000094, 31.582355627000084 ], [ 34.947839574, 31.582056100000045 ], [ 34.947839282000189, 31.58205525600016 ], [ 34.947824226000193, 31.582011750000106 ], [ 34.947727741000108, 31.581785728000057 ], [ 34.947681712000076, 31.581646969000019 ], [ 34.947640512000078, 31.581488420000142 ], [ 34.947593784000105, 31.581247494000138 ], [ 34.947539120000044, 31.580902693000098 ], [ 34.947497999000063, 31.580716384000027 ], [ 34.947475214000065, 31.580565837000108 ], [ 34.947424778000141, 31.580415159999973 ], [ 34.947392875000105, 31.580228939000108 ], [ 34.947342451000168, 31.580014849000179 ], [ 34.947301018000019, 31.579822410000133 ], [ 34.947255312000152, 31.579628199000183 ], [ 34.947177002000103, 31.579437867000024 ], [ 34.947122022000144, 31.579263437000179 ], [ 34.947062425000126, 31.579033545000186 ], [ 34.947016765000058, 31.578823482000132 ], [ 34.94697010100009, 31.578618772000027 ], [ 34.946901580000031, 31.578285850000043 ], [ 34.946814681000035, 31.57793302000016 ], [ 34.946769002000053, 31.577671450000025 ], [ 34.94670491100004, 31.57740195000008 ], [ 34.946691892999979, 31.577116704000105 ], [ 34.946688216000155, 31.576729169000089 ], [ 34.946647148000125, 31.576467610000066 ], [ 34.946610876000136, 31.576198096000155 ], [ 34.946588437000173, 31.575984135999988 ], [ 34.946552102000055, 31.575678971000059 ], [ 34.946506549000105, 31.575315587000034 ], [ 34.946479874000147, 31.574970916000041 ], [ 34.946453247000136, 31.574550852000073 ], [ 34.946449481, 31.574253715000111 ], [ 34.946418001000097, 31.573920869000119 ], [ 34.946386282000049, 31.573497626000176 ], [ 34.946373027999982, 31.573295591000033 ], [ 34.946390844000064, 31.573048808000124 ], [ 34.946374705000039, 31.572762286000057 ], [ 34.946372306000114, 31.572563092000109 ], [ 34.946349027000053, 31.572414233000131 ], [ 34.946308542000168, 31.572179730000187 ], [ 34.946272728000054, 31.571981594000135 ], [ 34.946249408000085, 31.57178919200004 ], [ 34.94619759700015, 31.571486250000191 ], [ 34.946141003000093, 31.571187383000051 ], [ 34.946108357000014, 31.570917244000157 ], [ 34.946079960000077, 31.570715036000138 ], [ 34.946042427000066, 31.570485824000173 ], [ 34.946019779000153, 31.569998762000012 ], [ 34.94593987900015, 31.569503406000081 ], [ 34.945892668000056, 31.569262336 ], [ 34.945880056000078, 31.569008585000063 ], [ 34.945856272000071, 31.568805542000064 ], [ 34.945821826000042, 31.568590990000075 ], [ 34.945790535000015, 31.568249761000175 ], [ 34.945762372000104, 31.568024654000112 ], [ 34.945748588000185, 31.567836358000193 ], [ 34.945720613000105, 31.567603079000151 ], [ 34.945678439000176, 31.567269647000103 ], [ 34.945645326000033, 31.567105901000048 ], [ 34.945579330000044, 31.566757905000031 ], [ 34.945546642000181, 31.566504112000075 ], [ 34.94552803900018, 31.56633215200003 ], [ 34.945490471000085, 31.566057914999988 ], [ 34.945459143000164, 31.565788625000096 ], [ 34.945433289000164, 31.565619607000144 ], [ 34.945386935000045, 31.565309702000036 ], [ 34.945363688000157, 31.565092778000178 ], [ 34.945335843000066, 31.56481440400006 ], [ 34.94531737900013, 31.56453612100006 ], [ 34.945270968000102, 31.56407359800005 ], [ 34.94508965600005, 31.563648983000178 ], [ 34.944922988000087, 31.563399068000024 ], [ 34.944562579000035, 31.562987816000089 ], [ 34.944425657000068, 31.562811311000132 ], [ 34.944319717000042, 31.56267968200018 ], [ 34.944162532000064, 31.562510811000152 ], [ 34.94404087700002, 31.562348783000061 ], [ 34.943860312000083, 31.562125963000085 ], [ 34.943805536000184, 31.56200113500006 ], [ 34.943782406000082, 31.561859532000028 ], [ 34.943763072000081, 31.561714558000062 ], [ 34.943748104000065, 31.561424654000064 ], [ 34.943721089000064, 31.561145649000025 ], [ 34.94370178500003, 31.560990526000069 ], [ 34.943682448000118, 31.560845550000124 ], [ 34.943631978000042, 31.560596090000104 ], [ 34.943612675000111, 31.560440966000044 ], [ 34.943589643000166, 31.560265685000047 ], [ 34.943566398000144, 31.560107243000061 ], [ 34.943539132000183, 31.559915958000147 ], [ 34.943535627000131, 31.559760939000171 ], [ 34.943520330000069, 31.559585675000051 ], [ 34.943497038000089, 31.55944407200019 ], [ 34.94348558400003, 31.559305806999987 ], [ 34.943451061000076, 31.559005787000046 ], [ 34.943439665000028, 31.55884737100007 ], [ 34.943432259000133, 31.558675434000179 ], [ 34.943428754000081, 31.5585204140001 ], [ 34.943405506000147, 31.558305816000143 ], [ 34.943386548000149, 31.558086648000142 ], [ 34.943355629000166, 31.55785068400013 ], [ 34.943350304000035, 31.557812905000105 ], [ 34.943346614000063, 31.557787145000134 ], [ 34.94332481400005, 31.557634941000117 ], [ 34.943309431999978, 31.557489974000134 ], [ 34.943305937000162, 31.557331573000056 ], [ 34.943263549000051, 31.556961290000061 ], [ 34.943232757000146, 31.556738784000174 ], [ 34.943209561000174, 31.556563431000143 ], [ 34.943190517, 31.556374701000152 ], [ 34.943175348000125, 31.556155538000041 ], [ 34.943156148000128, 31.555907270000091 ], [ 34.943125111000143, 31.555769032 ], [ 34.943132250000076, 31.555512176000093 ], [ 34.943132638000122, 31.55549820300007 ], [ 34.943133911000132, 31.55545557500011 ], [ 34.943150231000061, 31.555216331000054 ], [ 34.943146986000045, 31.554970278000042 ], [ 34.943116050000185, 31.554798290000178 ], [ 34.943049617999975, 31.554549923000138 ], [ 34.942983086000027, 31.554394701000092 ], [ 34.942917755, 31.554164863999972 ], [ 34.942845773000101, 31.55395883000017 ], [ 34.942764655000133, 31.553725650000047 ], [ 34.942697105000036, 31.553523569000106 ], [ 34.942620639000097, 31.553333168000108 ], [ 34.942548424999984, 31.55315045500015 ], [ 34.942485408000039, 31.552975581000112 ], [ 34.942350601000157, 31.552528653000081 ], [ 34.942268319000107, 31.552299979000168 ], [ 34.942169125000078, 31.552058939000119 ], [ 34.942060934000096, 31.551798574000145 ], [ 34.941952835000109, 31.551507064000191 ], [ 34.941831134999973, 31.55119615000001 ], [ 34.941768118000027, 31.551021206000144 ], [ 34.941718629000093, 31.550892935000093 ], [ 34.941653704000146, 31.55063822700015 ], [ 34.941649521000045, 31.550490746000094 ], [ 34.941708486000039, 31.55024376900019 ], [ 34.941725363000103, 31.549984090000123 ], [ 34.941758038000046, 31.549665683000114 ], [ 34.941786176000107, 31.549324011000124 ], [ 34.941832714000043, 31.548935738000068 ], [ 34.941865480000104, 31.548586325000031 ], [ 34.941922110000121, 31.547891853000124 ], [ 34.941982372000155, 31.547480284000073 ], [ 34.942028384000082, 31.54721629800008 ], [ 34.94205636900017, 31.546983346000161 ], [ 34.942080274000091, 31.546681829000192 ], [ 34.942117658000143, 31.546328483000082 ], [ 34.942145547000052, 31.546072278000111 ], [ 34.942150792000064, 31.545850906000055 ], [ 34.942160502000149, 31.54562179100003 ], [ 34.942161391000127, 31.545312404000128 ], [ 34.942125940000153, 31.545052122000072 ], [ 34.94209977700018, 31.544823142000098 ], [ 34.942089214000134, 31.544605962999981 ], [ 34.94206379700006, 31.544346476000101 ], [ 34.942038151000077, 31.544167525000148 ], [ 34.942007556000135, 31.543934874000172 ], [ 34.941982219000067, 31.543648542000085 ], [ 34.941967126000122, 31.543460664000179 ], [ 34.941972986999986, 31.543196806000026 ], [ 34.941942421000135, 31.54295520300019 ], [ 34.941932164000093, 31.542687859000125 ], [ 34.941912518000038, 31.54225399600017 ], [ 34.941913588000148, 31.541882746 ], [ 34.941919396000117, 31.541636783000172 ], [ 34.941930493000029, 31.541440011000077 ], [ 34.941915481000024, 31.541225289000067 ], [ 34.941890089000083, 31.540900205000185 ], [ 34.941874949000066, 31.540730223000139 ], [ 34.941870585000061, 31.540417090000062 ], [ 34.941865863000032, 31.540229235000083 ], [ 34.941835526000091, 31.539907170000163 ], [ 34.941805115000136, 31.539497452000035 ], [ 34.941785122000169, 31.539184287000126 ], [ 34.941775698000129, 31.538799626000184 ], [ 34.941745262000097, 31.538513283000043 ], [ 34.941740577000132, 31.538312040000164 ], [ 34.941738015999988, 31.538229949000026 ], [ 34.941735046000133, 31.538138224000193 ], [ 34.941725777000158, 31.537851905000025 ], [ 34.9417111140001, 31.537516416000074 ], [ 34.941706662000058, 31.537234637000097 ], [ 34.941697415000135, 31.536845470000117 ], [ 34.941698058999975, 31.536621831000048 ], [ 34.941714194000156, 31.536447476999967 ], [ 34.941735773000119, 31.536210425000093 ], [ 34.941731230000187, 31.53595993100015 ], [ 34.941748321000091, 31.535452444000157 ], [ 34.941725819000169, 31.535096646000056 ], [ 34.941715532000103, 31.534955422000053 ], [ 34.941697885000167, 31.534513249000156 ], [ 34.941694095, 31.534172569000077 ], [ 34.941709005000178, 31.533908939000071 ], [ 34.941733327000065, 31.533690001000082 ], [ 34.941729223000095, 31.533515603000069 ], [ 34.941753542000072, 31.533354725000038 ], [ 34.941768347000107, 31.533184454000093 ], [ 34.941773773000023, 31.532957302000113 ], [ 34.941779174000033, 31.53268153300013 ], [ 34.941798879000146, 31.532466602000056 ], [ 34.941813658000058, 31.532247574000053 ], [ 34.941819121000037, 31.532008306000137 ], [ 34.941838683000071, 31.531785269000068 ], [ 34.941863425000179, 31.531477835000032 ], [ 34.941896973000098, 31.5313116210001 ], [ 34.941908748000117, 31.531170124000027 ], [ 34.941916061000086, 31.531082242000082 ], [ 34.941916241000115, 31.531076395000184 ], [ 34.941950353000095, 31.530885873000045 ], [ 34.941960502000143, 31.530675008000117 ], [ 34.941985524000074, 31.530212633000133 ], [ 34.942000279000126, 31.530001777000109 ], [ 34.942024434000075, 31.52978361400011 ], [ 34.942072515000064, 31.529540348000012 ], [ 34.942091972000185, 31.529353810000032 ], [ 34.942111651000118, 31.529146983000089 ], [ 34.942141350000156, 31.528717097000026 ], [ 34.942194143000165, 31.528437413000177 ], [ 34.942227558000184, 31.528259078000076 ], [ 34.942233014000124, 31.528020866000077 ], [ 34.942101910000076, 31.52778652100011 ], [ 34.94200428500011, 31.527637856000183 ], [ 34.941958006999982, 31.527539958999967 ], [ 34.941943454000125, 31.527509278000025 ], [ 34.941943350000145, 31.527509015000078 ], [ 34.941846277000025, 31.527262605000146 ], [ 34.941740462000041, 31.52704522199997 ], [ 34.941565657000069, 31.526732787000185 ], [ 34.94141515900003, 31.526435691000074 ], [ 34.941274378, 31.526134457000069 ], [ 34.941114240000104, 31.525758005000171 ], [ 34.940997795000158, 31.525519533000136 ], [ 34.940920109000103, 31.525360551000119 ], [ 34.940818064000098, 31.525205675000109 ], [ 34.940720709000118, 31.525080120000098 ], [ 34.940540141000099, 31.524771686000179 ], [ 34.940404111000021, 31.524537330000157 ], [ 34.940267944000084, 31.524348984000028 ], [ 34.940151247000074, 31.524198302000173 ], [ 34.940195949000042, 31.523930931000166 ], [ 34.94026029500003, 31.52363844700011 ], [ 34.940310379000096, 31.523443241000109 ], [ 34.940369536000105, 31.523238538000157 ], [ 34.94042859800004, 31.523067304 ], [ 34.940458375999981, 31.522896008000032 ], [ 34.940556965000098, 31.522595283000157 ], [ 34.940606330000151, 31.522419873 ], [ 34.940645780000068, 31.522261139000193 ], [ 34.940695194000057, 31.522069029000136 ], [ 34.940749569000047, 31.521868475000019 ], [ 34.94083397300011, 31.52152269600009 ], [ 34.940952539000136, 31.52102556900013 ], [ 34.94099210000013, 31.520883607000087 ], [ 34.941031497999973, 31.520741572000134 ], [ 34.941085811000164, 31.520561942000029 ], [ 34.941154730000051, 31.520336407000116 ], [ 34.941228835000061, 31.520081638000079 ], [ 34.941293319000067, 31.519911542000045 ], [ 34.941362366000192, 31.519698548000179 ], [ 34.941421472000116, 31.519510614000069 ], [ 34.941490317000046, 31.519310161000078 ], [ 34.941524945000083, 31.519168116000174 ], [ 34.941559619000088, 31.519009371999971 ], [ 34.941628429000104, 31.518821460000083 ], [ 34.941668001000153, 31.518675268000038 ], [ 34.941702614000121, 31.518537382000034 ], [ 34.941737734000185, 31.518338266000058 ], [ 34.941796849000184, 31.518146104000152 ], [ 34.941846368000085, 31.517916369000091 ], [ 34.941913649000071, 31.517744869000069 ], [ 34.942117742000164, 31.517133424 ], [ 34.942226201000153, 31.516885494000121 ], [ 34.942294178, 31.516700890000152 ], [ 34.942389213000183, 31.516487527000152 ], [ 34.942436854000107, 31.516337546999978 ], [ 34.942484768000156, 31.51620736700005 ], [ 34.942536625000116, 31.516078676000177 ], [ 34.942601003999982, 31.515886246000036 ], [ 34.94264867000004, 31.51572696400018 ], [ 34.942699311000069, 31.515563039000028 ], [ 34.94276652800005, 31.515356240000074 ], [ 34.942852825000159, 31.514976782000133 ], [ 34.942886844000043, 31.514815219000184 ], [ 34.942948271000034, 31.514561408000191 ], [ 34.942982488000155, 31.514388290000113 ], [ 34.943043781000142, 31.51418063300008 ], [ 34.943111804000182, 31.513978767000026 ], [ 34.943207089000168, 31.513733694000109 ], [ 34.943261454000094, 31.513589506000073 ], [ 34.943336350000095, 31.513341434000154 ], [ 34.94342493400012, 31.513024196 ], [ 34.943513550000034, 31.512695334000171 ], [ 34.943622462000121, 31.512343474000033 ], [ 34.943677140000034, 31.512089649000075 ], [ 34.943779192000136, 31.511778149000065 ], [ 34.943847208000079, 31.511576282000135 ], [ 34.943895355000052, 31.511363876000132 ], [ 34.943970081000032, 31.511173579000115 ], [ 34.944058430000155, 31.510937087000116 ], [ 34.94411158500003, 31.510831005 ], [ 34.944118317000061, 31.510817571000132 ], [ 34.944129069000041, 31.510796033000133 ], [ 34.944162918000075, 31.510635102000037 ], [ 34.944166633000123, 31.510601641000051 ], [ 34.944170268000164, 31.510568879000175 ], [ 34.944184361000168, 31.510441874000037 ], [ 34.944203874000095, 31.510376032000124 ], [ 34.944208443000036, 31.510360615000025 ], [ 34.944251959000098, 31.510213092000129 ], [ 34.944298728000149, 31.509905492000087 ], [ 34.94432895500006, 31.509572770000091 ], [ 34.944319103000169, 31.509336357000166 ], [ 34.944306898000093, 31.508886090000146 ], [ 34.94430087600017, 31.508691327000065 ], [ 34.944320032000121, 31.508433480000178 ], [ 34.944316889000163, 31.508266767000123 ], [ 34.944280529000139, 31.508096811000087 ], [ 34.944258899000147, 31.507952110000133 ], [ 34.94425208500013, 31.507804270000122 ], [ 34.944237844999975, 31.507606107000186 ], [ 34.944190266000078, 31.50733346800007 ], [ 34.94416487400008, 31.507182419000117 ], [ 34.944143380000071, 31.506990509000047 ], [ 34.94411845500008, 31.506732574000125 ], [ 34.944093273000135, 31.506565813000066 ], [ 34.944061084, 31.506260651000048 ], [ 34.944039014000168, 31.506097631000046 ], [ 34.943959504000134, 31.505660261000116 ], [ 34.943912206000164, 31.505462026000146 ], [ 34.943883403000143, 31.505295259000093 ], [ 34.943829185000084, 31.504986880000104 ], [ 34.943788783000116, 31.50473532400008 ], [ 34.943716199000164, 31.504464674000019 ], [ 34.943661438000163, 31.504288409000139 ], [ 34.943599974000051, 31.503983187000074 ], [ 34.943560168000147, 31.503753545999984 ], [ 34.943520123000098, 31.503608736000103 ], [ 34.943473034000021, 31.503394790000186 ], [ 34.943363784000042, 31.502948690000039 ], [ 34.943268934, 31.502699976000031 ], [ 34.943185314000061, 31.502378994000139 ], [ 34.943127058000186, 31.502218503999984 ], [ 34.943064855000102, 31.501999313000056 ], [ 34.943010191000042, 31.50184827400011 ], [ 34.94297033600003, 31.501694021000048 ], [ 34.942919397000139, 31.501505222000162 ], [ 34.942810183000176, 31.501162133999969 ], [ 34.94271501500009, 31.500854513000036 ], [ 34.942623807000189, 31.50065618800005 ], [ 34.942569153000136, 31.500501908000103 ], [ 34.942412281000088, 31.500089594000087 ], [ 34.942364095000016, 31.499858876000189 ], [ 34.94231266200012, 31.499670992000063 ], [ 34.942266928000095, 31.499502919000122 ], [ 34.942186970000193, 31.499226122000039 ], [ 34.942118141000094, 31.499082661000159 ], [ 34.942037757000037, 31.498954042999969 ], [ 34.94195198500006, 31.498696965000022 ], [ 34.941895039000144, 31.498425149000127 ], [ 34.941797607000069, 31.49816311100011 ], [ 34.941728750000152, 31.498029586000143 ], [ 34.941677399000071, 31.497871364000048 ], [ 34.941538316, 31.497452324000164 ], [ 34.941406690000122, 31.497071632000143 ], [ 34.941338034000125, 31.496868913000128 ], [ 34.941275034000057, 31.496700803000067 ], [ 34.941194995000103, 31.496453599000063 ], [ 34.941086462000101, 31.49610755000009 ], [ 34.940994746000172, 31.495860322000055 ], [ 34.940873862000103, 31.495520308000039 ], [ 34.940793560000031, 31.495307630000184 ], [ 34.940719123000179, 31.495114834000049 ], [ 34.940655998000182, 31.494991181000046 ], [ 34.940570150000042, 31.494763765000016 ], [ 34.940484384, 31.49450668500009 ], [ 34.940415718000054, 31.494308897000053 ], [ 34.940294757000061, 31.493939360000127 ], [ 34.940203047000125, 31.493692130000113 ], [ 34.940065632000028, 31.49332629100013 ], [ 34.939956768000059, 31.493039496999984 ], [ 34.939888079000184, 31.49285157300011 ], [ 34.939813903000072, 31.492569856000159 ], [ 34.93973402600011, 31.492268327000147 ], [ 34.939642414000161, 31.49204576000011 ], [ 34.939585290000082, 31.491838133999977 ], [ 34.939366830000097, 31.489649029000134 ], [ 34.939082364, 31.489184511000076 ], [ 34.93885762300016, 31.488823203000038 ], [ 34.938633223000068, 31.488345920000086 ], [ 34.938468799000134, 31.487997635000113 ], [ 34.938334045000033, 31.487739673000078 ], [ 34.938139291000084, 31.48741704300005 ], [ 34.937884693000115, 31.48697837300017 ], [ 34.937585260000162, 31.486462314000164 ], [ 34.937375471999985, 31.486165508000113 ], [ 34.93713563100016, 31.485855672000071 ], [ 34.93694084800012, 31.485546002000035 ], [ 34.936686371000121, 31.485068651000063 ], [ 34.936476778000099, 31.484707443 ], [ 34.93621413, 31.484438350000062 ], [ 34.936203308000188, 31.484427251000113 ], [ 34.936161667000192, 31.484384548000037 ], [ 34.935843676000104, 31.483922557000085 ], [ 34.935469106000028, 31.483354756000097 ], [ 34.935154798000099, 31.482761291000088 ], [ 34.934990438, 31.482400178000148 ], [ 34.934661160000132, 31.481755105000161 ], [ 34.934436848000075, 31.481316497000137 ], [ 34.934197284000106, 31.48086495900003 ], [ 34.933793879000063, 31.480212042000119 ], [ 34.933129202000032, 31.479114159000119 ], [ 34.93293540999997, 31.478756222000129 ], [ 34.932644788000118, 31.478171611000164 ], [ 34.93229887300015, 31.477491546000067 ], [ 34.932008281000094, 31.476954565000142 ], [ 34.931786993000117, 31.476501232000032 ], [ 34.93155219700003, 31.475892925000096 ], [ 34.93124760000012, 31.475367821000134 ], [ 34.930980741000155, 31.474871474 ], [ 34.930662391000112, 31.474274892000039 ], [ 34.930302443000187, 31.473678143000143 ], [ 34.929942481000069, 31.473033836000013 ], [ 34.929701997000052, 31.472518944000058 ], [ 34.929525059000184, 31.472142647999988 ], [ 34.929483817000119, 31.472071571000072 ], [ 34.929448343000047, 31.472010435000186 ], [ 34.929289186000119, 31.471735781000177 ], [ 34.929088819000128, 31.471278260000076 ], [ 34.928912143000105, 31.470871523000085 ], [ 34.928711565000185, 31.470485028000155 ], [ 34.928546390000122, 31.4701900660001 ], [ 34.928334451000069, 31.469702009000116 ], [ 34.928193047000093, 31.469376592000117 ], [ 34.928004602000044, 31.468949535000036 ], [ 34.927780480000138, 31.468522399000051 ], [ 34.927648414000032, 31.468209329000103 ], [ 34.927530796000099, 31.467904328000145 ], [ 34.92742497200004, 31.467558695000093 ], [ 34.927307355000153, 31.467253690000177 ], [ 34.927189551000026, 31.467009635000124 ], [ 34.927000643000042, 31.466684109000028 ], [ 34.926764631000026, 31.466277309000077 ], [ 34.926481395000053, 31.46582967500018 ], [ 34.926280684000062, 31.465493977000108 ], [ 34.926080232000174, 31.465127839000047 ], [ 34.925891339000088, 31.464853114000107 ], [ 34.925642881000101, 31.464649419000068 ], [ 34.925358841000048, 31.46441513700006 ], [ 34.925140533000103, 31.464244839000173 ], [ 34.924970819000123, 31.464098603000139 ], [ 34.924774704000129, 31.463929904000111 ], [ 34.924552888000107, 31.463671310000052 ], [ 34.92431805800004, 31.463367870000184 ], [ 34.924148454000033, 31.463131941000086 ], [ 34.924053108000123, 31.463022372000182 ], [ 34.924010193000015, 31.46297310000017 ], [ 34.923913525000046, 31.462862112000039 ], [ 34.923547843000165, 31.462502292000124 ], [ 34.923234467000157, 31.462187473000085 ], [ 34.922973135, 31.461951262000184 ], [ 34.922803436000095, 31.461748938000142 ], [ 34.922464134000109, 31.46136669800012 ], [ 34.922151080000106, 31.460950906 ], [ 34.92186402599998, 31.460579985000152 ], [ 34.921519465000188, 31.460146929000189 ], [ 34.921271432000026, 31.45986593300006 ], [ 34.920997367000155, 31.459551125000132 ], [ 34.920749511000054, 31.459214041000109 ], [ 34.920501379000143, 31.458966653000061 ], [ 34.920096502000149, 31.458584257000041 ], [ 34.919652549000091, 31.458134480000069 ], [ 34.919012953000106, 31.457426228000088 ], [ 34.918451383000161, 31.456897614000184 ], [ 34.917994223000164, 31.456470279000087 ], [ 34.917690100000129, 31.45620626900012 ], [ 34.917376603000037, 31.455891432999977 ], [ 34.917128544000036, 31.455677721000086 ], [ 34.916945719000125, 31.455475358000115 ], [ 34.916749941000091, 31.455261693000125 ], [ 34.916462504000037, 31.455025480000188 ], [ 34.915952981000032, 31.454631624000115 ], [ 34.91523461100013, 31.454001665000135 ], [ 34.914491776000034, 31.453313582000135 ], [ 34.9138151410001, 31.452695902000187 ], [ 34.91330740899997, 31.452211217000126 ], [ 34.913036785000145, 31.451966440000035 ], [ 34.912698494000153, 31.451651816000151 ], [ 34.912360169000124, 31.451348750000079 ], [ 34.912035398000171, 31.451022530000103 ], [ 34.911724365000111, 31.450719525000181 ], [ 34.911480985000026, 31.450439930000016 ], [ 34.911251085, 31.450160436000033 ], [ 34.911061914000072, 31.449892594000062 ], [ 34.910873154000114, 31.449496936000173 ], [ 34.910657774000072, 31.448996509000096 ], [ 34.910428476999982, 31.448531001000106 ], [ 34.910158692000152, 31.448030516000188 ], [ 34.909834737999972, 31.447506652000186 ], [ 34.90961462000007, 31.447205334000103 ], [ 34.909033404000127, 31.446483219000129 ], [ 34.908763183000076, 31.446122243000104 ], [ 34.908235977000118, 31.445528068000044 ], [ 34.907802943000036, 31.445143451000149 ], [ 34.90734301700013, 31.444689012000083 ], [ 34.906802034000066, 31.444141301000172 ], [ 34.906315223000036, 31.443617041000152 ], [ 34.905841822000184, 31.443116061000069 ], [ 34.905544538000129, 31.442743316000019 ], [ 34.904976406000173, 31.442160726000168 ], [ 34.904377633000081, 31.441601451000167 ], [ 34.90373707800012, 31.441002895 ], [ 34.903226912000036, 31.440544588000193 ], [ 34.90288598900014, 31.440202805000069 ], [ 34.902560399000038, 31.439847530000065 ], [ 34.902148109, 31.439417428000183 ], [ 34.901779041000054, 31.439090089000047 ], [ 34.901257726000154, 31.438678393000089 ], [ 34.900692952000156, 31.438238544000171 ], [ 34.900323617000026, 31.437995119 ], [ 34.899465309000107, 31.437405385000091 ], [ 34.898961501000144, 31.437072848000184 ], [ 34.898570501000108, 31.436773349000191 ], [ 34.898331808000194, 31.436539540000126 ], [ 34.898177157000077, 31.435697999000183 ], [ 34.898109480000073, 31.435391609000078 ], [ 34.898014469000145, 31.435049782000135 ], [ 34.897864593000179, 31.434601778000172 ], [ 34.897697247000167, 31.434167330000093 ], [ 34.89742433400005, 31.433554142 ], [ 34.897137653000073, 31.432929156000171 ], [ 34.896974026000123, 31.432516485000065 ], [ 34.896824202000118, 31.432103851000193 ], [ 34.896660773, 31.431632277000062 ], [ 34.896516192000036, 31.43126773500012 ], [ 34.896502364000185, 31.431232868000166 ], [ 34.89649714899997, 31.431219609000038 ], [ 34.896319962000177, 31.43078330100019 ], [ 34.896135200000174, 31.430402075000075 ], [ 34.896093814000096, 31.430316751000134 ], [ 34.896074156000054, 31.430276223000135 ], [ 34.89573256400007, 31.429662863000033 ], [ 34.895486485000049, 31.429238221000048 ], [ 34.895306960000028, 31.428864547000046 ], [ 34.895143386000143, 31.428440109000064 ], [ 34.895034513000098, 31.428121779000037 ], [ 34.894925954000087, 31.427709242000105 ], [ 34.894817352000189, 31.427261408000163 ], [ 34.894631409000169, 31.426843537000138 ], [ 34.89444008900017, 31.426120485000183 ], [ 34.894190235000053, 31.425455418000126 ], [ 34.893968742000141, 31.425006386000121 ], [ 34.893805339000039, 31.424632254000073 ], [ 34.893718917000172, 31.424382890000061 ], [ 34.89363272300011, 31.424067013000126 ], [ 34.893575501000043, 31.423784533000173 ], [ 34.893499144000032, 31.423427175000086 ], [ 34.893421922000186, 31.423179384000093 ], [ 34.893316000000141, 31.422963227000082 ], [ 34.893162101000087, 31.422647181000059 ], [ 34.892978986000116, 31.422269062000112 ], [ 34.892943587000161, 31.422195967 ], [ 34.89294032000015, 31.422189970000147 ], [ 34.892690556000048, 31.421649407000075 ], [ 34.892372718000047, 31.421025668000084 ], [ 34.891985505000093, 31.420363073000033 ], [ 34.891657746000078, 31.41985564099997 ], [ 34.891348994000111, 31.419414697000093 ], [ 34.891156439000042, 31.419065364000062 ], [ 34.890925028000026, 31.418691060000185 ], [ 34.890683779000028, 31.418358230000024 ], [ 34.890072008000118, 31.417295059000026 ], [ 34.889615558, 31.416657579000059 ], [ 34.889333083000167, 31.416226422000193 ], [ 34.889181252000128, 31.415889164000191 ], [ 34.888910734000149, 31.41556626400012 ], [ 34.888895318000095, 31.415547859000071 ], [ 34.888615673000174, 31.415213989000165 ], [ 34.888246147000132, 31.414726454000061 ], [ 34.887916691000044, 31.414246626000136 ], [ 34.887722128, 31.413628544000176 ], [ 34.887353190000056, 31.412972533000186 ], [ 34.886876023000127, 31.412016858000072 ], [ 34.886659331000089, 31.411529703000156 ], [ 34.886333630000081, 31.410967373000176 ], [ 34.885703833000093, 31.409917731000178 ], [ 34.885313851000149, 31.409037104000049 ], [ 34.885119415000077, 31.408437687000117 ], [ 34.884922674000052, 31.407508509000138 ], [ 34.884790511, 31.406791369000132 ], [ 34.884786237000014, 31.406768178000107 ], [ 34.884515307000186, 31.405299005000131 ], [ 34.884387675000085, 31.404344213000172 ], [ 34.884258188000103, 31.403875950000042 ], [ 34.884019611000042, 31.403407477000087 ], [ 34.883672852000188, 31.402676682000106 ], [ 34.883501056000171, 31.402328870000133 ], [ 34.88338229600015, 31.401990703000138 ], [ 34.883271643000114, 31.401589355000112 ], [ 34.883127580000178, 31.401111469000057 ], [ 34.883000563000053, 31.40069239200011 ], [ 34.882847778000155, 31.400265924000166 ], [ 34.882601178000186, 31.399699626000029 ], [ 34.882448524000154, 31.399236445000156 ], [ 34.882193586000028, 31.398283719000176 ], [ 34.881837638000036, 31.397136750000072 ], [ 34.881540557000051, 31.396305883000139 ], [ 34.881335534000073, 31.395881881000037 ], [ 34.881182841000111, 31.395433353000044 ], [ 34.881147762000182, 31.39527028599997 ], [ 34.881143189000056, 31.395249006000029 ], [ 34.881056430000058, 31.394845310000164 ], [ 34.880946828000049, 31.394338130000108 ], [ 34.88075208500004, 31.393654434000041 ], [ 34.880643589000101, 31.393206724000152 ], [ 34.880551435000143, 31.392596714000092 ], [ 34.880544776000193, 31.392060489000073 ], [ 34.880606648000139, 31.391516969 ], [ 34.880694026000128, 31.391054404000045 ], [ 34.880748222000136, 31.390684482000154 ], [ 34.880813303000139, 31.390349466000146 ], [ 34.880926283000065, 31.389987235000092 ], [ 34.881022847000054, 31.389761796000187 ], [ 34.88138365400016, 31.389277040000081 ], [ 34.881576280000104, 31.388921847000063 ], [ 34.881720883000071, 31.388676026000098 ], [ 34.881929388000174, 31.388382389000185 ], [ 34.882309210000187, 31.387953623000101 ], [ 34.882605672000182, 31.387639775000025 ], [ 34.882973942000092, 31.387271363000139 ], [ 34.883342351000124, 31.386909783000021 ], [ 34.883678675000056, 31.386561790000087 ], [ 34.884039076000136, 31.38618652100007 ], [ 34.884239426000192, 31.385920266000142 ], [ 34.884367798000142, 31.385708577000116 ], [ 34.884528060000093, 31.385537976000137 ], [ 34.884808265000061, 31.385265090000132 ], [ 34.885133820000078, 31.384927152000046 ], [ 34.885141615000123, 31.384919060000072 ], [ 34.885149532000185, 31.384910060000038 ], [ 34.885340506000148, 31.384693174000063 ], [ 34.885589170000117, 31.384324449000189 ], [ 34.885662823000075, 31.384163844000113 ], [ 34.885667273000081, 31.384154144000036 ], [ 34.885774049000077, 31.383921388000147 ], [ 34.885918869000136, 31.383607075000157 ], [ 34.88612742100014, 31.38329299500009 ], [ 34.886288007000132, 31.382978793000063 ], [ 34.886480860000177, 31.382596185000182 ], [ 34.886648064000156, 31.382267836000096 ], [ 34.886761705000083, 31.381990507000182 ], [ 34.886875261000057, 31.381737416000078 ], [ 34.886948731000075, 31.381390368000154 ], [ 34.887020613000175, 31.380931917000169 ], [ 34.887092663000089, 31.38047353800016 ], [ 34.887178670000026, 31.38001519200003 ], [ 34.887278552999987, 31.379629247000025 ], [ 34.887378353000088, 31.379267468000023 ], [ 34.887492651000116, 31.378797076000183 ], [ 34.887663372000134, 31.378254390000052 ], [ 34.88787676000004, 31.377627401000098 ], [ 34.888032975999977, 31.377241597000136 ], [ 34.888148113, 31.376956589000031 ], [ 34.888247741999976, 31.376643074000128 ], [ 34.888404285000092, 31.376160741000092 ], [ 34.888588915000071, 31.37567847400004 ], [ 34.88874496000011, 31.375340933000132 ], [ 34.888872633000119, 31.375039540000103 ], [ 34.888929962000134, 31.374750088000155 ], [ 34.888973330000169, 31.374412262000078 ], [ 34.889016409000078, 31.374158922999982 ], [ 34.889087657000118, 31.373881554000036 ], [ 34.889215446000151, 31.373592209000037 ], [ 34.889470529, 31.373110119000103 ], [ 34.889662079000061, 31.372798359000058 ], [ 34.889667077000126, 31.372790225000074 ], [ 34.889828112000032, 31.372528020000175 ], [ 34.890138233000187, 31.372039443000119 ], [ 34.89027814700006, 31.371709118000069 ], [ 34.890387030000056, 31.37147137300002 ], [ 34.890650812000047, 31.371035526000128 ], [ 34.890960654000139, 31.370626286000174 ], [ 34.89097750600007, 31.370597721000024 ], [ 34.890982041000029, 31.370590003000132 ], [ 34.891317648000154, 31.370018814000048 ], [ 34.891658677000066, 31.369517064000092 ], [ 34.891891301000101, 31.36916054500017 ], [ 34.892123926000068, 31.368804028000056 ], [ 34.892510899000058, 31.368408221999971 ], [ 34.893052270000169, 31.367959884000186 ], [ 34.893519804000107, 31.367489378000187 ], [ 34.894015236000087, 31.366974828000025 ], [ 34.894494870000131, 31.366566000000148 ], [ 34.89497454300016, 31.366143924000028 ], [ 34.895345968000072, 31.365774565000152 ], [ 34.895732742000064, 31.3654315980001 ], [ 34.896119245000193, 31.365168037000046 ], [ 34.896491439000044, 31.364812771000118 ], [ 34.896847647000016, 31.364472610000121 ], [ 34.89723230400017, 31.364120401000037 ], [ 34.897588263000046, 31.363853379000147 ], [ 34.897915566000052, 31.363659355000095 ], [ 34.898171718000071, 31.363525966000168 ], [ 34.898570250000034, 31.363295614000094 ], [ 34.898931524000091, 31.363058054000135 ], [ 34.89928743400003, 31.36280321800001 ], [ 34.899615015000052, 31.362572619000048 ], [ 34.900027905000115, 31.362269160000096 ], [ 34.900469323000038, 31.36192926800004 ], [ 34.900675855000088, 31.361779282000043 ], [ 34.900680040000168, 31.361776243000065 ], [ 34.900853716000142, 31.361650117000124 ], [ 34.901103549000084, 31.361470329000156 ], [ 34.901108217000115, 31.361466970000151 ], [ 34.901309215000083, 31.361322375000157 ], [ 34.901679359000127, 31.36107975699997 ], [ 34.901943842000094, 31.360956172000158 ], [ 34.901947252000184, 31.360954579000122 ], [ 34.902120328000137, 31.360873735000155 ], [ 34.902561413000114, 31.360631286000114 ], [ 34.902959718000091, 31.360413039000093 ], [ 34.903472229000158, 31.360073310000132 ], [ 34.903989144000036, 31.359740634000104 ], [ 34.904501444000118, 31.359413020000034 ], [ 34.904814674000136, 31.359194562000084 ], [ 34.905141985000114, 31.358988330000045 ], [ 34.905369860000064, 31.358806238000057 ], [ 34.905654635000076, 31.358599832000039 ], [ 34.906024475000095, 31.358393697000167 ], [ 34.906380152000168, 31.358199719000083 ], [ 34.906792922000193, 31.357920617000104 ], [ 34.907154393000155, 31.35766090900006 ], [ 34.907551251000143, 31.357425592000084 ], [ 34.90800002800006, 31.357131283000115 ], [ 34.908097454000142, 31.357064084000172 ], [ 34.908103058000052, 31.357060219000118 ], [ 34.90836261000004, 31.356881087000033 ], [ 34.908776800000055, 31.356616214000042 ], [ 34.909156646000042, 31.35630693700017 ], [ 34.90948497200003, 31.355982814000072 ], [ 34.909796008000171, 31.35567344500015 ], [ 34.910141499000076, 31.355319837000025 ], [ 34.910418138000125, 31.354980789000024 ], [ 34.910694869, 31.354612220000149 ], [ 34.910732878000033, 31.354557385000135 ], [ 34.910738754000192, 31.354548908000083 ], [ 34.910919893000141, 31.354287852000141 ], [ 34.911075996000193, 31.353948519000028 ], [ 34.911163266000131, 31.353564779000124 ], [ 34.911113443000033, 31.353018230000089 ], [ 34.911029300000052, 31.352368235000029 ], [ 34.910954994000122, 31.352033720000179 ], [ 34.910946776000173, 31.351996771000017 ], [ 34.910825642000077, 31.351452106000181 ], [ 34.910707162000051, 31.35101588100008 ], [ 34.910673712000118, 31.350690905000192 ], [ 34.910709281000152, 31.350351290000049 ], [ 34.910864999000069, 31.350130124000032 ], [ 34.91088839300005, 31.350108688000034 ], [ 34.91089299500004, 31.350104471000122 ], [ 34.911314106000191, 31.349717637000083 ], [ 34.911635690000139, 31.34941902800017 ], [ 34.911637235000171, 31.349417594000045 ], [ 34.911901236000062, 31.349172582000051 ], [ 34.912332952000099, 31.348804441000027 ], [ 34.91295457800004, 31.348303709000163 ], [ 34.913429153000095, 31.347880564000093 ], [ 34.913808971000094, 31.347615666000024 ], [ 34.914309476000028, 31.34724760600011 ], [ 34.91470657800005, 31.346967879000147 ], [ 34.915051698000184, 31.346717623000018 ], [ 34.915414172000112, 31.346482202000175 ], [ 34.915828253000029, 31.346232103000034 ], [ 34.916259524999987, 31.345996769000067 ], [ 34.916708083000174, 31.345746747000192 ], [ 34.916933314000062, 31.345623693000107 ], [ 34.916934243000071, 31.345623185000079 ], [ 34.917380810000168, 31.345379073000117 ], [ 34.918078335000018, 31.345060776000025 ], [ 34.918783062000159, 31.344695212000147 ], [ 34.919487702000026, 31.344303361000129 ], [ 34.920069929000135, 31.343937439000058 ], [ 34.920315230000085, 31.343728162000048 ], [ 34.920682934000183, 31.343492950000154 ], [ 34.921356935000063, 31.343127302000084 ], [ 34.921938830000158, 31.342918784000062 ], [ 34.922459072000038, 31.34278875900003 ], [ 34.923009856000135, 31.342711364000138 ], [ 34.924172102, 31.342687694000119 ], [ 34.925532044000079, 31.342770432 ], [ 34.926367913000092, 31.342840994000028 ], [ 34.927066235000098, 31.342950635000136 ], [ 34.928267405000042, 31.343138302000114 ], [ 34.928291381000065, 31.343142048000061 ], [ 34.928852012000164, 31.343229602000179 ], [ 34.930339686000138, 31.343596248000154 ], [ 34.930669624000075, 31.343684698000175 ], [ 34.930847296000081, 31.343732334000038 ], [ 34.93115214200003, 31.34381406600005 ], [ 34.931941835000089, 31.344012239 ], [ 34.93259385000016, 31.344239562999974 ], [ 34.93360082200013, 31.344536424000125 ], [ 34.934374107999986, 31.344846440000026 ], [ 34.934591438000041, 31.344925476000185 ], [ 34.934797527000114, 31.344975034000186 ], [ 34.935198104000165, 31.34505446300011 ], [ 34.935518613000113, 31.345114131000059 ], [ 34.93635408800003, 31.345273060000181 ], [ 34.936812003, 31.345342742000071 ], [ 34.937327136000079, 31.345442071000036 ], [ 34.937750622000124, 31.345551066000041 ], [ 34.938093900000126, 31.345630364000044 ], [ 34.938437226000133, 31.345748908000076 ], [ 34.938940587000104, 31.345946428000104 ], [ 34.939436471000079, 31.346118352000133 ], [ 34.940069323000046, 31.346339678000106 ], [ 34.940573890000167, 31.346519508000085 ], [ 34.940766136000093, 31.346588685000029 ], [ 34.940966343000184, 31.346630400000038 ], [ 34.941471432000185, 31.346686425000144 ], [ 34.941984443000081, 31.346728798000186 ], [ 34.942008017000035, 31.346733286000187 ], [ 34.942023163000044, 31.346736170000042 ], [ 34.942313000000183, 31.346791354000175 ], [ 34.942857736000121, 31.346936876000143 ], [ 34.943226221000145, 31.347047708000105 ], [ 34.943784499000117, 31.34716767700013 ], [ 34.94414521900012, 31.347237201000041 ], [ 34.944658157000106, 31.347307041000136 ], [ 34.945307287, 31.347411477000094 ], [ 34.945764070000052, 31.34748119700015 ], [ 34.946381220000148, 31.347571893 ], [ 34.946934148000082, 31.347669287000087 ], [ 34.947382976000085, 31.34776646500012 ], [ 34.947863773000165, 31.347822486000041 ], [ 34.948465172000112, 31.347851203000062 ], [ 34.948733543000174, 31.347888394 ], [ 34.948947521000093, 31.347940553000171 ], [ 34.949308853000161, 31.347969971000111 ], [ 34.949572194000041, 31.347989058000167 ], [ 34.949595990000034, 31.347990783000057 ], [ 34.949797428000181, 31.348005427000032 ], [ 34.950245710000161, 31.348063697000043 ], [ 34.950687453, 31.348110540000107 ], [ 34.951077645000169, 31.348155372000065 ], [ 34.951117889000102, 31.348160007 ], [ 34.951195999000163, 31.348169002000134 ], [ 34.951637534000042, 31.34823303200011 ], [ 34.952143746000161, 31.348304098000142 ], [ 34.9526455620001, 31.348362469000051 ], [ 34.953361522000193, 31.348472988000083 ], [ 34.953883457000131, 31.348560146000182 ], [ 34.954391820000183, 31.348687434000055 ], [ 34.954806470000051, 31.348797343000172 ], [ 34.955359227000031, 31.348902874000089 ], [ 34.95594150900007, 31.348961465000059 ], [ 34.956570361000047, 31.349043045000087 ], [ 34.957172629000127, 31.349118862000012 ], [ 34.957761558000129, 31.349148778000028 ], [ 34.958256831000142, 31.34920140700001 ], [ 34.958731871, 31.349265480000099 ], [ 34.959300707000182, 31.349318250000181 ], [ 34.959962560000122, 31.349404459000141 ], [ 34.960579932000087, 31.349483603000124 ], [ 34.960997777999978, 31.349507743000174 ], [ 34.961424610000165, 31.349547542000153 ], [ 34.962060189000056, 31.349634463000143 ], [ 34.962813610000126, 31.349807293000083 ], [ 34.963176589000057, 31.349901501000033 ], [ 34.963494351000065, 31.349956584000097 ], [ 34.964093690000027, 31.350027854000132 ], [ 34.964774823000141, 31.350091527000131 ], [ 34.965455936000126, 31.350162947000172 ], [ 34.966280838000159, 31.350257538000108 ], [ 34.966680420000159, 31.350297271000102 ], [ 34.967007317000139, 31.350313467000035 ], [ 34.967379718000132, 31.350321929000188 ], [ 34.968233680000083, 31.350292409000076 ], [ 34.969042076000164, 31.350293943000167 ], [ 34.969768657000145, 31.350310889000184 ], [ 34.97022287600015, 31.35030399700014 ], [ 34.970704313000113, 31.350312652000071 ], [ 34.971113028000104, 31.350313420000134 ], [ 34.971657913000172, 31.350361230000146 ], [ 34.971930217000136, 31.350408455000093 ], [ 34.972329800000068, 31.35044817000005 ], [ 34.972638655000139, 31.350456495000117 ], [ 34.972916540000085, 31.350504859000068 ], [ 34.973152637, 31.350583159000109 ], [ 34.973570248000044, 31.350638473000117 ], [ 34.97422413400011, 31.350701975 ], [ 34.975041212000065, 31.350843706000092 ], [ 34.976085385000033, 31.35105596000011 ], [ 34.976611954000134, 31.351142608000146 ], [ 34.977383603000135, 31.351330958000119 ], [ 34.978005144000122, 31.351528330000065 ], [ 34.978486242000145, 31.351677247000055 ], [ 34.978894769000135, 31.351755850000075 ], [ 34.979170385000032, 31.351793979000149 ], [ 34.979859785000031, 31.351911209000036 ], [ 34.980157137000106, 31.351992918000178 ], [ 34.980495105000045, 31.352051519000099 ], [ 34.981062829000109, 31.352168451000011 ], [ 34.98194145500014, 31.352332376000163 ], [ 34.982739050000134, 31.352461410000046 ], [ 34.983159015000183, 31.352520065000192 ], [ 34.983186707000129, 31.352523933000157 ], [ 34.983495979000168, 31.352567116000046 ], [ 34.984388216000184, 31.35274267 ], [ 34.984861196000054, 31.352859420000073 ], [ 34.98546943600013, 31.352999657000055 ], [ 34.986145218000047, 31.353186376000167 ], [ 34.986645163000105, 31.353361227000107 ], [ 34.987047316000087, 31.353502220000166 ], [ 34.98735817000005, 31.353572383000028 ], [ 34.987939377000089, 31.353689381000095 ], [ 34.988439461999974, 31.353806162000069 ], [ 34.989196462000109, 31.353958269000145 ], [ 34.989683113000126, 31.354063467000174 ], [ 34.990237175000175, 31.354203588000132 ], [ 34.990346628000054, 31.354236755000102 ], [ 34.99037445600004, 31.354245179000088 ], [ 34.991007457000137, 31.354436809000106 ], [ 34.991704677000087, 31.354595137999979 ], [ 34.992272294000031, 31.354700464000189 ], [ 34.992637156000058, 31.354782192000187 ], [ 34.993136928000183, 31.354968572000189 ], [ 34.993609606, 31.355154833000029 ], [ 34.994258189000163, 31.355329837000113 ], [ 34.994317527000078, 31.355341537000186 ], [ 34.994344694000119, 31.355346894000036 ], [ 34.995209400000078, 31.355517395 ], [ 34.996006686000101, 31.355657833000066 ], [ 34.996655463000081, 31.355751652000095 ], [ 34.997398723000117, 31.355891990000032 ], [ 34.997932469000034, 31.35602147600008 ], [ 34.998932362000062, 31.356254958000193 ], [ 34.999270169000056, 31.356325066000124 ], [ 34.999702726000066, 31.356395400999986 ], [ 35.000256759000138, 31.356489044 ], [ 35.000473069000122, 31.356547320000061 ], [ 35.000633919000109, 31.3565857050001 ], [ 35.000654275000159, 31.35659055800005 ], [ 35.000864853, 31.356640764000133 ], [ 35.001621594000028, 31.356781100000035 ], [ 35.002243289000035, 31.356874847000086 ], [ 35.00309489100016, 31.356968964000146 ], [ 35.003658019, 31.35703639500008 ], [ 35.003980299000034, 31.357081400000027 ], [ 35.004030192000187, 31.357088367000131 ], [ 35.004366413000184, 31.357135275000132 ], [ 35.004993415, 31.357206188000191 ], [ 35.005661086000089, 31.35730499400006 ], [ 35.006084490000148, 31.357361550000121 ], [ 35.006597558000124, 31.35741825100007 ], [ 35.007395550000069, 31.357475400999988 ], [ 35.007973846000141, 31.357518248000076 ], [ 35.008462534999978, 31.35753297500014 ], [ 35.00870667300012, 31.357561265000186 ], [ 35.00918713599998, 31.357659828000067 ], [ 35.009667497000066, 31.357730415000162 ], [ 35.010103879999974, 31.357786978000149 ], [ 35.010470346000147, 31.357822504000069 ], [ 35.010680003000175, 31.357847989000106 ], [ 35.01070432400013, 31.357850940000105 ], [ 35.011227706000057, 31.357914446 ], [ 35.011748813000111, 31.357978113000058 ], [ 35.012498097000105, 31.358007255000132 ], [ 35.013074252000081, 31.358055993000107 ], [ 35.013674901000172, 31.358091660000127 ], [ 35.01438554200007, 31.358147436000081 ], [ 35.01501045200007, 31.358204063000073 ], [ 35.015716586000053, 31.358295618000113 ], [ 35.016187264000109, 31.358365955000181 ], [ 35.016844418000119, 31.358478285000047 ], [ 35.017615393000028, 31.358583883000051 ], [ 35.017988707000029, 31.358647088000055 ], [ 35.018353824000144, 31.358703305000176 ], [ 35.018877132000057, 31.358738901000095 ], [ 35.019380448000163, 31.358753611000054 ], [ 35.020159687000046, 31.358754778000105 ], [ 35.020792930000141, 31.358755725000094 ], [ 35.021499078000147, 31.358763751000026 ], [ 35.021969875000082, 31.358778330000064 ], [ 35.022546150000096, 31.358772276000138 ], [ 35.022932210000022, 31.358786377000115 ], [ 35.02348411100013, 31.358815021000169 ], [ 35.02397115500014, 31.358836592000102 ], [ 35.024466276000169, 31.358844292000015 ], [ 35.024920885000029, 31.358824100000163 ], [ 35.025229489000139, 31.358810600000083 ], [ 35.025689404000104, 31.358766173000049 ], [ 35.026156432, 31.358695684000168 ], [ 35.026602435000029, 31.35862516200018 ], [ 35.026903381000068, 31.358581134000133 ], [ 35.027328822000186, 31.35852841000019 ], [ 35.027878544000032, 31.358493615000043 ], [ 35.028563293000104, 31.358441256000106 ], [ 35.029033019000053, 31.358404669000151 ], [ 35.029057187000149, 31.358402786999989 ], [ 35.029123379000112, 31.358397596000032 ], [ 35.029548870000042, 31.358318157000099 ], [ 35.029870538000182, 31.358256325000127 ], [ 35.03019220300007, 31.358194494000088 ], [ 35.03077316200006, 31.358141977000116 ], [ 35.03119853100003, 31.358124821000104 ], [ 35.031810440000129, 31.35811680200004 ], [ 35.032287487000076, 31.358126351000067 ], [ 35.03301366, 31.358136245000139 ], [ 35.033604777000164, 31.358181528999978 ], [ 35.034143424000035, 31.35818340600008 ], [ 35.035156381000093, 31.358167049000031 ], [ 35.035828231000096, 31.358159167999986 ], [ 35.036390641000082, 31.3581867850001 ], [ 35.036803940000084, 31.358213912999986 ], [ 35.037579251000011, 31.358206093000092 ], [ 35.038406111000029, 31.358207215000164 ], [ 35.039264072000094, 31.35817293000008 ], [ 35.039900795999984, 31.35815553700013 ], [ 35.041079155000091, 31.358121670000116 ], [ 35.041771726999968, 31.358096028000091 ], [ 35.042313511000032, 31.358088713000143 ], [ 35.042341595000096, 31.358088339000119 ], [ 35.042371320000143, 31.358087944000147 ], [ 35.043012131000125, 31.358079910000185 ], [ 35.043342875000121, 31.358080346000065 ], [ 35.04411823099997, 31.358045922000031 ], [ 35.044779795000181, 31.358002464000037 ], [ 35.045348379000188, 31.357976641000107 ], [ 35.046171672000185, 31.35794994500003 ], [ 35.04668854200014, 31.357915171000172 ], [ 35.047205440000084, 31.357862707999971 ], [ 35.047530685000083, 31.357828952000034 ], [ 35.047553491000031, 31.357826585000112 ], [ 35.047711994000053, 31.357810159000167 ], [ 35.048032465, 31.357766248000189 ], [ 35.048477078000133, 31.357731374000139 ], [ 35.048921507000045, 31.357705305000025 ], [ 35.049965463000092, 31.357706628000074 ], [ 35.050668317000145, 31.357716394000136 ], [ 35.051350613000125, 31.357743884000115 ], [ 35.052043075000029, 31.357780193000167 ], [ 35.052384118000077, 31.357807182000045 ], [ 35.052754766000021, 31.357807220000041 ], [ 35.053188820000059, 31.35779887800004 ], [ 35.053736725000192, 31.35776411400019 ], [ 35.054419021000172, 31.357694069000161 ], [ 35.054935913000122, 31.357641506000164 ], [ 35.055380533000118, 31.357597728000087 ], [ 35.056135190000134, 31.357563206000066 ], [ 35.05703434600008, 31.357537659000172 ], [ 35.057912946000158, 31.357529910000153 ], [ 35.058305764000124, 31.357530381000117 ], [ 35.058863807000023, 31.357619621000026 ], [ 35.059308282000131, 31.357664473 ], [ 35.060155831000031, 31.357665480000037 ], [ 35.062037168000131, 31.357657827000025 ], [ 35.062967500000013, 31.357650034000187 ], [ 35.063670382000112, 31.35764197200001 ], [ 35.064476477000085, 31.357687221000106 ], [ 35.06508634, 31.357723364000037 ], [ 35.065758144000029, 31.35774188900001 ], [ 35.066915880000067, 31.35776088900019 ], [ 35.068367638999973, 31.357738426000026 ], [ 35.069036173000086, 31.357747628000084 ], [ 35.069497780000177, 31.357762305000108 ], [ 35.069967452000128, 31.357762826000055 ], [ 35.070544540000071, 31.357756417000189 ], [ 35.071088505000034, 31.357714599000076 ], [ 35.071657433000041, 31.357672803000185 ], [ 35.072193166000091, 31.357645135000041 ], [ 35.072531134000144, 31.357645503000072 ], [ 35.073033849000069, 31.357624840000028 ], [ 35.073462517, 31.357589930000188 ], [ 35.074136218999968, 31.357547464000049 ], [ 35.07510059800012, 31.357499031000032 ], [ 35.076048587000116, 31.357429367000123 ], [ 35.076699813000175, 31.357366429000081 ], [ 35.077507739000055, 31.357282512000154 ], [ 35.07809297100016, 31.357205336000163 ], [ 35.078595903, 31.35714230300016 ], [ 35.079337770000052, 31.357086490000086 ], [ 35.079626163000171, 31.357070582000176 ], [ 35.079647638000097, 31.357069400000057 ], [ 35.080611730000101, 31.357016355000042 ], [ 35.081543092000061, 31.356967771000086 ], [ 35.082144846000119, 31.356933079999976 ], [ 35.082985722000046, 31.356884464000075 ], [ 35.083439018000092, 31.356849548000184 ], [ 35.083711159000131, 31.35682861100014 ], [ 35.083974946000012, 31.356793573000061 ], [ 35.084255155000051, 31.356758481000043 ], [ 35.084642637000115, 31.356695308000042 ], [ 35.084937507000177, 31.356623448000107 ], [ 35.085201300000051, 31.35658136100011 ], [ 35.085530967000068, 31.356525107999971 ], [ 35.085843352999973, 31.356495750000022 ], [ 35.086354449000169, 31.356462570000133 ], [ 35.086931209000113, 31.356446294000023 ], [ 35.087573318000068, 31.356441282000162 ], [ 35.088018859000044, 31.356430441000043 ], [ 35.088641474000156, 31.356386084 ], [ 35.089165715000092, 31.356347270000185 ], [ 35.089598276000061, 31.3563421180001 ], [ 35.090417426000158, 31.356325986000058 ], [ 35.090640262000136, 31.356331835000049 ], [ 35.091029815000127, 31.356314940000175 ], [ 35.09141657400005, 31.356298463000144 ], [ 35.091790045000153, 31.356270700999971 ], [ 35.092510853000078, 31.356232056000067 ], [ 35.09296315600011, 31.356198797000104 ], [ 35.093526655000119, 31.356148726000129 ], [ 35.093932981000194, 31.35610978200009 ], [ 35.094502387000034, 31.356064084000025 ], [ 35.09513139500001, 31.356025340000031 ], [ 35.095950582000057, 31.355975491000095 ], [ 35.096789495999985, 31.355908816000181 ], [ 35.096843708000051, 31.355905194000059 ], [ 35.096875880000027, 31.355903045000105 ], [ 35.097372684000106, 31.355870021000044 ], [ 35.097785570000156, 31.35583670900013 ], [ 35.098132932000112, 31.355803267000056 ], [ 35.09867685200004, 31.355781272000058 ], [ 35.099260000000129, 31.355776148000189 ], [ 35.100457652000102, 31.355770924000126 ], [ 35.101198114000113, 31.355771566000158 ], [ 35.101951700000086, 31.355783418000101 ], [ 35.102207218999979, 31.35578927500012 ], [ 35.102626579000059, 31.355834587000118 ], [ 35.102990757000157, 31.355885490000162 ], [ 35.103338017000112, 31.35594201400005 ], [ 35.103717968000012, 31.355987290000087 ], [ 35.104117626000061, 31.35603251200007 ], [ 35.104792502000123, 31.356089306000172 ], [ 35.104878534000136, 31.356104737000123 ], [ 35.104899707000186, 31.356108528000163 ], [ 35.105296881000186, 31.356179635999979 ], [ 35.105696667000075, 31.356258604000118 ], [ 35.106155282000088, 31.356303939000099 ], [ 35.106613878000189, 31.356366111000057 ], [ 35.106980891000092, 31.356383324000149 ], [ 35.107360901000106, 31.356377998000085 ], [ 35.107889669000144, 31.356395761000044 ], [ 35.108289356000114, 31.356418563000148 ], [ 35.108616925000092, 31.356463782000048 ], [ 35.109049416000119, 31.356520288000127 ], [ 35.109704620000116, 31.35655456500001 ], [ 35.110215835000076, 31.35655497200014 ], [ 35.110986355000023, 31.356555932000049 ], [ 35.111700566000081, 31.35653965400013 ], [ 35.112355979000029, 31.356528960000105 ], [ 35.112775403000114, 31.356523650000042 ], [ 35.113483058000099, 31.356496079000181 ], [ 35.114026994000028, 31.356457181000167 ], [ 35.114525103000119, 31.356429445000174 ], [ 35.114859403000025, 31.356399498000087 ], [ 35.114894796000044, 31.356396327000084 ], [ 35.115023061999977, 31.356384868000134 ], [ 35.115416226000036, 31.356362688000047 ], [ 35.115879341000038, 31.35635105700004 ], [ 35.116226681, 31.356334476000029 ], [ 35.116790165000111, 31.356289942000046 ], [ 35.117196484000033, 31.356250924000051 ], [ 35.117484874000127, 31.35622866000017 ], [ 35.117851945000041, 31.356189543000028 ], [ 35.118107510000129, 31.35615041200009 ], [ 35.118539954000028, 31.35609456800006 ], [ 35.118971716000033, 31.356066065000107 ], [ 35.119305935000057, 31.356032556000116 ], [ 35.120007067000188, 31.355948788000092 ], [ 35.120387295000171, 31.35588726400016 ], [ 35.120963927000105, 31.355825880000054 ], [ 35.121138829000188, 31.355816350000168 ], [ 35.121146332000023, 31.355815939000024 ], [ 35.121370226000067, 31.355803690000187 ], [ 35.121861759000126, 31.355775922000191 ], [ 35.122412268000119, 31.355725717000041 ], [ 35.123054410000179, 31.355675640000072 ], [ 35.123984994000068, 31.355547056000091 ], [ 35.124607624000078, 31.35546314000004 ], [ 35.12488025100015, 31.355434576000164 ], [ 35.125555240000153, 31.355378875000099 ], [ 35.126046764000137, 31.35535672900005 ], [ 35.126564395000059, 31.355340233000106 ], [ 35.126964131000079, 31.355306747000157 ], [ 35.127213113000096, 31.355278868000084 ], [ 35.127481811000109, 31.355234092000103 ], [ 35.127888121000126, 31.355195041000172 ], [ 35.12843596700003, 31.355178276000117 ], [ 35.128993014000173, 31.355156161000139 ], [ 35.129733480000141, 31.355145366000045 ], [ 35.130303644000094, 31.355145731000164 ], [ 35.130984969000053, 31.355163074000075 ], [ 35.131666462000055, 31.355174705000081 ], [ 35.132085861000178, 31.355191809000075 ], [ 35.132871459000171, 31.355215124000154 ], [ 35.133393484000123, 31.35524306700006 ], [ 35.134559461000038, 31.355206010000074 ], [ 35.135016173000167, 31.355179227000122 ], [ 35.135382113000105, 31.355215310000176 ], [ 35.135413056000061, 31.355218361000141 ], [ 35.135567244000015, 31.35523360100018 ], [ 35.136023815000044, 31.355382407000036 ], [ 35.137047075000169, 31.35577456700014 ], [ 35.137519372000099, 31.355977421000034 ], [ 35.137960164000162, 31.356153199000062 ], [ 35.138558316000058, 31.356491126000037 ], [ 35.139014801000087, 31.356761469000105 ], [ 35.139754614000083, 31.357193963000157 ], [ 35.140032171000087, 31.357377320000182 ], [ 35.140062750000027, 31.357397516000049 ], [ 35.140777696000043, 31.357869705000155 ], [ 35.141596114000038, 31.358396789000039 ], [ 35.142162990000088, 31.358653652000044 ], [ 35.142808374000026, 31.358897028000115 ], [ 35.143406699000025, 31.359045884000182 ], [ 35.144351423000046, 31.359356981000076 ], [ 35.145350173000054, 31.359685083000045 ], [ 35.146279155, 31.35998263100015 ], [ 35.146908969000094, 31.360212519000186 ], [ 35.147585899000148, 31.360469413000089 ], [ 35.147979623000026, 31.360604617000092 ], [ 35.148986329000024, 31.360861947999979 ], [ 35.149695663000102, 31.361060014000032 ], [ 35.150422918000118, 31.361227642000074 ], [ 35.151114558000188, 31.361364880000053 ], [ 35.152143336, 31.361547862000066 ], [ 35.152994584000112, 31.361730753000188 ], [ 35.154023320000135, 31.361989749000145 ], [ 35.155158338000092, 31.362218413000051 ], [ 35.155710679000038, 31.36235020100014 ], [ 35.155824034000091, 31.362377248000143 ], [ 35.15611615600011, 31.362446992000059 ], [ 35.158474602000183, 31.362856467000086 ], [ 35.159753490000128, 31.363118129000043 ], [ 35.16112401100014, 31.363405955000076 ], [ 35.162006962000078, 31.363641293000171 ], [ 35.162058526000067, 31.363652093000042 ], [ 35.162074304000157, 31.363655396000183 ], [ 35.162606183000037, 31.363766737000105 ], [ 35.163181455000029, 31.363833403000115 ], [ 35.164177184000039, 31.363862245000178 ], [ 35.164719477000062, 31.363871888000176 ], [ 35.165648828000144, 31.363957628000151 ], [ 35.16648966200006, 31.364043330000129 ], [ 35.166943269000058, 31.36405293200005 ], [ 35.167750973000068, 31.364043773000105 ], [ 35.168481334000035, 31.364006044000064 ], [ 35.168912802000193, 31.363949257000115 ], [ 35.169178381000052, 31.363920877000055 ], [ 35.169765506000033, 31.36393410900007 ], [ 35.170808212000168, 31.363955023000017 ], [ 35.170832908000079, 31.363956146000021 ], [ 35.170890985000028, 31.363958786000069 ], [ 35.171719032000055, 31.363996392000161 ], [ 35.172641837000072, 31.364048118000028 ], [ 35.173804407000034, 31.364140916000053 ], [ 35.174451637000118, 31.364171970000143 ], [ 35.174679261999984, 31.36418225400007 ], [ 35.174919029000023, 31.364213183000061 ], [ 35.175638160000119, 31.364336698999978 ], [ 35.17656092500016, 31.364511633000063 ], [ 35.176963928000021, 31.364583616000061 ], [ 35.177670902000102, 31.36473861200011 ], [ 35.17768354500015, 31.364740519000179 ], [ 35.177752530000078, 31.364754744000038 ], [ 35.17797060800018, 31.364799714000185 ], [ 35.178148938000049, 31.364832602000092 ], [ 35.178228111000124, 31.364847203000124 ], [ 35.178299546000062, 31.364860399000179 ], [ 35.178773332000162, 31.364956211000106 ], [ 35.179014905000031, 31.36499389800008 ], [ 35.179300309000155, 31.365097552000179 ], [ 35.179375188000051, 31.36513259000003 ], [ 35.179397820000133, 31.365143177000107 ], [ 35.179541861000075, 31.365210563000176 ], [ 35.180068816000073, 31.365436598000144 ], [ 35.180749496000089, 31.365672107000023 ], [ 35.181111762000057, 31.365785218000042 ], [ 35.181627739000191, 31.365954802000033 ], [ 35.182045009000092, 31.366124293000098 ], [ 35.182374270000025, 31.366227949000177 ], [ 35.182780557000171, 31.366340992000175 ], [ 35.183053039000185, 31.36639112000006 ], [ 35.183074691000172, 31.366395103000116 ], [ 35.183395429000086, 31.366454082000132 ], [ 35.184229884000104, 31.366576658000156 ], [ 35.184839833000012, 31.366674026000055 ], [ 35.185421858000154, 31.366796541000156 ], [ 35.185981708000099, 31.366937861999986 ], [ 35.186464862000093, 31.367060282000182 ], [ 35.186893006, 31.367163947000165 ], [ 35.187474872, 31.367277011000112 ], [ 35.188023903000044, 31.36736188000009 ], [ 35.18850707900009, 31.367418411000074 ], [ 35.188924237000094, 31.367465553000045 ], [ 35.18929754200019, 31.367512690000126 ], [ 35.189857576000179, 31.367588113000068 ], [ 35.190230880000115, 31.367644688000041 ], [ 35.190868265, 31.3677786720001 ], [ 35.191621931000043, 31.367919859000153 ], [ 35.192063552999969, 31.368009063999978 ], [ 35.192479395000134, 31.368083394000109 ], [ 35.193042388000038, 31.368187412 ], [ 35.19384796200012, 31.368328665000092 ], [ 35.194428204000133, 31.368432676000054 ], [ 35.194921892000139, 31.368536745000029 ], [ 35.195251180000014, 31.368633322000164 ], [ 35.195554187000141, 31.368737364000026 ], [ 35.195909415000074, 31.36888594300018 ], [ 35.196479460000035, 31.369118679000053 ], [ 35.196594422000146, 31.369167030000085 ], [ 35.196613084000091, 31.369174881999982 ], [ 35.196938485000089, 31.369311800000162 ], [ 35.197232948000021, 31.369460367000102 ], [ 35.197527582000077, 31.369571804000145 ], [ 35.198047222000071, 31.369727865000186 ], [ 35.198540918999981, 31.369861582000169 ], [ 35.199103921000017, 31.370047309000142 ], [ 35.199571667000043, 31.370203289000074 ], [ 35.200022164000075, 31.370374131 ], [ 35.200522434000106, 31.370515736000129 ], [ 35.201253796, 31.370701396000186 ], [ 35.201791355000182, 31.370829399000058 ], [ 35.202410874000179, 31.370970229000136 ], [ 35.202784029000043, 31.37105347500011 ], [ 35.203478118000191, 31.371207129000027 ], [ 35.203933560000053, 31.37130954100013 ], [ 35.20420965600016, 31.371360713000115 ], [ 35.204568034000147, 31.371424784000169 ], [ 35.204874020000091, 31.371488781000039 ], [ 35.205194953000046, 31.371539955 ], [ 35.205530834000058, 31.371584786000085 ], [ 35.205881662000138, 31.371610382000085 ], [ 35.206184038000117, 31.371630194000147 ], [ 35.206420112999979, 31.371657206000066 ], [ 35.206468676000043, 31.371662763000074 ], [ 35.206519921000108, 31.371668613 ], [ 35.206751343000064, 31.371707024999978 ], [ 35.206818354000177, 31.371725769000136 ], [ 35.206855179000115, 31.371736080000176 ], [ 35.207117114000027, 31.371809421000137 ], [ 35.207355926000048, 31.371873409999978 ], [ 35.207550064000145, 31.371924642000124 ], [ 35.207878556000139, 31.371963055000037 ], [ 35.208297486000163, 31.371973414000081 ], [ 35.20833220500009, 31.371974272000159 ], [ 35.208654786000068, 31.371982244000094 ], [ 35.209393733000184, 31.37199508600014 ], [ 35.210121184000059, 31.372017363999987 ], [ 35.210765360999972, 31.37202801300009 ], [ 35.211087286000065, 31.372033793000014 ], [ 35.211785663000057, 31.372074805000068 ], [ 35.212503097000081, 31.372099397000113 ], [ 35.21338313200016, 31.372115810000139 ], [ 35.214100565000081, 31.372107627000105 ], [ 35.215315503000056, 31.372115775000054 ], [ 35.216520751000132, 31.372123913000053 ], [ 35.217473550000193, 31.372132964000173 ], [ 35.218391856000153, 31.372141095000188 ], [ 35.219214572000169, 31.372149298000068 ], [ 35.21966543200017, 31.372153428000047 ], [ 35.220139121000045, 31.372164182000063 ], [ 35.220520343000146, 31.37217832000016 ], [ 35.220923734, 31.372187805000181 ], [ 35.221288365000078, 31.372206733000155 ], [ 35.221752533000142, 31.372239816000103 ], [ 35.22217793700014, 31.372272971000086 ], [ 35.22264752500007, 31.372310841000058 ], [ 35.222896198000171, 31.37233921800015 ], [ 35.223299437000037, 31.372410209000066 ], [ 35.22338402600019, 31.372429085000078 ], [ 35.22339925600005, 31.372432483000182 ], [ 35.223702839, 31.372500222000156 ], [ 35.224026910000077, 31.372586439000088 ], [ 35.224380551000138, 31.372690619000025 ], [ 35.224761790000173, 31.372818469000094 ], [ 35.225264569000103, 31.372936796000033 ], [ 35.225879536999969, 31.373065676000067 ], [ 35.226293952000105, 31.373160402000053 ], [ 35.226658599000132, 31.373255062000112 ], [ 35.227100613000118, 31.373382899000092 ], [ 35.227459847000034, 31.373506024000051 ], [ 35.227758140000105, 31.373595969000121 ], [ 35.228089773000079, 31.373671745000024 ], [ 35.228493031000028, 31.373818538000023 ], [ 35.22909603100004, 31.374025547000144 ], [ 35.229813358000115, 31.3742547330001 ], [ 35.230190181000125, 31.374421394000137 ], [ 35.230603483000039, 31.374650618000089 ], [ 35.230870915000139, 31.37480686400005 ], [ 35.231247927000084, 31.375067305000186 ], [ 35.231819297000129, 31.375546642000188 ], [ 35.232354203000114, 31.375994626000079 ], [ 35.232731068000135, 31.376307207000139 ], [ 35.233156737000115, 31.376692705000039 ], [ 35.233825393000188, 31.377286588000061 ], [ 35.234148385000083, 31.377553371000033 ], [ 35.234476628000152, 31.377792954000029 ], [ 35.234853658000077, 31.378053457000192 ], [ 35.235194056000182, 31.378282609000166 ], [ 35.235680331000026, 31.378563945000167 ], [ 35.236133918000121, 31.37883824 ], [ 35.236412472000097, 31.379037759000084 ], [ 35.236462499000083, 31.379073592000111 ], [ 35.236466442000108, 31.379076409999982 ], [ 35.236625147000041, 31.379190032000167 ], [ 35.237175024000123, 31.37957324000007 ], [ 35.23747141900003, 31.37982769100006 ], [ 35.23757460000013, 31.37992392200016 ], [ 35.237607180000168, 31.379954329999975 ], [ 35.237801337000178, 31.380135543000165 ], [ 35.238248571000042, 31.380550192000101 ], [ 35.238695816000188, 31.380983722000053 ], [ 35.239197286000149, 31.381477063000148 ], [ 35.23959326500011, 31.381828863000123 ], [ 35.239974627000038, 31.382186940000167 ], [ 35.240348602000154, 31.382551358000114 ], [ 35.2407225930001, 31.382953471000064 ], [ 35.241113353000117, 31.383391023000058 ], [ 35.241443493000077, 31.383799344000181 ], [ 35.241656123999974, 31.384025550000047 ], [ 35.241905388000191, 31.384245402000147 ], [ 35.242257341000084, 31.38452181200006 ], [ 35.242574308000144, 31.384812111000031 ], [ 35.242989867000119, 31.385185106000051 ], [ 35.243299937000188, 31.385456309000062 ], [ 35.243576977000032, 31.385699336000187 ], [ 35.244032132000143, 31.386072248000119 ], [ 35.24437505800006, 31.386332167000035 ], [ 35.244599361000098, 31.386541241000089 ], [ 35.244812652000064, 31.386736577000079 ], [ 35.244944615000065, 31.386877820000166 ], [ 35.245129360000135, 31.38717173800012 ], [ 35.245294351000041, 31.387346864000051 ], [ 35.245591105000074, 31.387555987000042 ], [ 35.24577580000016, 31.387702853000121 ], [ 35.246054848000142, 31.38800548200004 ], [ 35.246338489999971, 31.388287961 ], [ 35.246701334000193, 31.388632703000155 ], [ 35.247017831000164, 31.38890389300019 ], [ 35.247420267000052, 31.389231644000063 ], [ 35.247697329000061, 31.389474589000145 ], [ 35.247941354000091, 31.389661103000151 ], [ 35.248310744000094, 31.389904022000053 ], [ 35.24866042300016, 31.390146948000108 ], [ 35.249012736000111, 31.390404101000172 ], [ 35.249283214000116, 31.390590606000046 ], [ 35.249553684000091, 31.390760058000183 ], [ 35.249857024000164, 31.390957826000033 ], [ 35.250239562, 31.391195098000139 ], [ 35.250569364000114, 31.391415476000077 ], [ 35.251004806000083, 31.391652728000167 ], [ 35.251495114000136, 31.391870589000177 ], [ 35.251970131000121, 31.392056955000101 ], [ 35.252372363000177, 31.39222072299998 ], [ 35.252912615000128, 31.392435954000121 ], [ 35.25329766200008, 31.392579566000109 ], [ 35.25331353100006, 31.392585485000154 ], [ 35.253340313000137, 31.392595483000093 ], [ 35.253700323000089, 31.392744182000058 ], [ 35.253975562000051, 31.39288924300007 ], [ 35.254348242000162, 31.393085074 ], [ 35.254754788000014, 31.393324441000175 ], [ 35.255290180000088, 31.393655502000115 ], [ 35.255592049000143, 31.393821407000075 ], [ 35.255890794000038, 31.393989781000187 ], [ 35.256289645000095, 31.394263035000051 ], [ 35.256642818000103, 31.39452658099998 ], [ 35.257189911000182, 31.39491202500011 ], [ 35.257879316000071, 31.395365838000089 ], [ 35.258275369000103, 31.395607310000173 ], [ 35.258697060000088, 31.395865891000142 ], [ 35.258942089000186, 31.396017154000162 ], [ 35.259204229000034, 31.396217239000066 ], [ 35.259403601000031, 31.396392898000158 ], [ 35.259654436000062, 31.396646679000071 ], [ 35.25983096200008, 31.396807760000172 ], [ 35.260127294000085, 31.397032209000031 ], [ 35.260499227000082, 31.397317157000145 ], [ 35.260943820000193, 31.397673384000029 ], [ 35.261349981000137, 31.398047592000125 ], [ 35.261366090000138, 31.398062171000163 ], [ 35.261389485000166, 31.398083403000157 ], [ 35.262016836000157, 31.398652741000149 ], [ 35.262387163000142, 31.398979681000014 ], [ 35.262717713000143, 31.399267598000165 ], [ 35.263202290000152, 31.399706876000096 ], [ 35.263477937000118, 31.399934214000041 ], [ 35.263797150000187, 31.400202616000058 ], [ 35.264239957000143, 31.40055678900012 ], [ 35.264483871000039, 31.400729603000059 ], [ 35.26510614700004, 31.401168746000053 ], [ 35.265501285000028, 31.401463956000157 ], [ 35.26594706800006, 31.401823901000171 ], [ 35.266049748000057, 31.401901173000169 ], [ 35.266086124000026, 31.401928548000058 ], [ 35.266434755000034, 31.40219108000008 ], [ 35.266876266000054, 31.402540735000173 ], [ 35.26730513200016, 31.402893495000058 ], [ 35.267683557000112, 31.403239156000154 ], [ 35.268137774000138, 31.403663912000127 ], [ 35.268499453000118, 31.404023953000149 ], [ 35.268520337000098, 31.404044740000188 ], [ 35.268810502, 31.404333566999981 ], [ 35.26903144500011, 31.404532242000187 ], [ 35.269258471000057, 31.404733869999973 ], [ 35.269788283000025, 31.405158657000072 ], [ 35.27037693800014, 31.405612235000092 ], [ 35.270940438000025, 31.40602974400008 ], [ 35.271360951000133, 31.406375376000085 ], [ 35.271791801000063, 31.406695426000113 ], [ 35.27229649200018, 31.407113026000047 ], [ 35.272742168999969, 31.407480202000045 ], [ 35.273162676000084, 31.407796940000139 ], [ 35.273490638, 31.408048893000114 ], [ 35.273919559000092, 31.408408887000064 ], [ 35.274381024000149, 31.408783239000115 ], [ 35.274636503000067, 31.408992103000173 ], [ 35.274904135000156, 31.409193986000048 ], [ 35.275178344000039, 31.409395865000192 ], [ 35.27545864200016, 31.40961408700008 ], [ 35.275796441000125, 31.409815933000118 ], [ 35.27620441300013, 31.410034090000124 ], [ 35.276688668000133, 31.410306815000069 ], [ 35.277000974000032, 31.410464985000146 ], [ 35.277313285000048, 31.410634074000029 ], [ 35.277724061000072, 31.410854549000078 ], [ 35.278157367000063, 31.411100027000145 ], [ 35.278603506000081, 31.41136726700006 ], [ 35.279024172000106, 31.411623669000107 ], [ 35.279342903999975, 31.411798248000082 ], [ 35.279842944000166, 31.412061017000042 ], [ 35.280244676000166, 31.412258377000057 ], [ 35.280714635999971, 31.412499389000118 ], [ 35.280951652000056, 31.412597484000116 ], [ 35.281471574000079, 31.412846073000026 ], [ 35.281945627000141, 31.413061992 ], [ 35.282381396000062, 31.41327786100004 ], [ 35.282786604000194, 31.413493811000137 ], [ 35.283207097000059, 31.413709686000118 ], [ 35.283658312000171, 31.413919058000033 ], [ 35.284078787000055, 31.414108787000032 ], [ 35.284449476000077, 31.414297133000161 ], [ 35.284749642000065, 31.414448597000103 ], [ 35.285049814000047, 31.414606682000112 ], [ 35.28536528300009, 31.414784488000066 ], [ 35.2857193910001, 31.41498862300017 ], [ 35.286158164000085, 31.41523893100009 ], [ 35.286566035000192, 31.41547601100018 ], [ 35.286935456000094, 31.415713110000183 ], [ 35.287258863000091, 31.415943682000034 ], [ 35.287659060000124, 31.416233537000153 ], [ 35.287928537000084, 31.416417915000125 ], [ 35.288251785, 31.41664848400012 ], [ 35.288871125000128, 31.41705348000005 ], [ 35.289156052000124, 31.417237848000184 ], [ 35.289417827000022, 31.417442099000141 ], [ 35.289756576000116, 31.41773198500016 ], [ 35.289956725000025, 31.417929578000042 ], [ 35.290210837000132, 31.418199784000024 ], [ 35.290503453000156, 31.418535776000112 ], [ 35.290845084000125, 31.418921838000074 ], [ 35.291122407000046, 31.419238109000048 ], [ 35.291438073000052, 31.419613683000023 ], [ 35.29166916700018, 31.419864031000145 ], [ 35.29204644400005, 31.420219839000083 ], [ 35.292195115000141, 31.420354962000033 ], [ 35.292392020000193, 31.420590884000148 ], [ 35.292589129000078, 31.420871832000159 ], [ 35.292838699000129, 31.421197629000176 ], [ 35.293048793000082, 31.421478566000076 ], [ 35.293324602999974, 31.421736914000121 ], [ 35.293770886000061, 31.422062656000094 ], [ 35.294676795000157, 31.42273653400008 ], [ 35.295138421000161, 31.423118346000024 ], [ 35.295524048000175, 31.423411640000154 ], [ 35.296023882000156, 31.423692595000034 ], [ 35.296495102000051, 31.423949115000141 ], [ 35.296980601000143, 31.424181176000047 ], [ 35.297323432000042, 31.424388811000085 ], [ 35.298023335000096, 31.42491426700002 ], [ 35.298394680000172, 31.425207490000048 ], [ 35.298708913000155, 31.42540302000009 ], [ 35.298980186000165, 31.42552508600005 ], [ 35.299359484999968, 31.425703307000106 ], [ 35.299550880000083, 31.425813518000098 ], [ 35.299741475000133, 31.425946985000053 ], [ 35.299995725000031, 31.426139733000184 ], [ 35.300278780000099, 31.426376993000076 ], [ 35.300504127000181, 31.426589561000071 ], [ 35.300723733000098, 31.426811997000186 ], [ 35.300897151000015, 31.427024599000049 ], [ 35.301116773000103, 31.427261903000101 ], [ 35.301347894000116, 31.427494264000075 ], [ 35.301521253000146, 31.427642535000189 ], [ 35.301860239000121, 31.427927877000172 ], [ 35.302201039000067, 31.428219561000162 ], [ 35.302386074000026, 31.42837275300019 ], [ 35.302709511000046, 31.428550580999968 ], [ 35.303131260000043, 31.428758071000118 ], [ 35.303471917000081, 31.428896356999985 ], [ 35.303841680000062, 31.429049416000169 ], [ 35.304176652000024, 31.429252034000058 ], [ 35.304467916000135, 31.429462011000112 ], [ 35.304785605000063, 31.42963497500017 ], [ 35.305120776000024, 31.429867185000035 ], [ 35.305483413000047, 31.430121004000171 ], [ 35.305896405000112, 31.430434961000117 ], [ 35.3061715340001, 31.430611476000081 ], [ 35.306481164000104, 31.43076837600006 ], [ 35.306813809000175, 31.430935053000098 ], [ 35.307146302999968, 31.431111596000051 ], [ 35.307444488000044, 31.431327407000083 ], [ 35.307731199000045, 31.431572682000024 ], [ 35.307880396000087, 31.431700246999981 ], [ 35.308075464000069, 31.431847364000191 ], [ 35.308350564000079, 31.431984627000077 ], [ 35.308687527000131, 31.432185401000027 ], [ 35.309146247000115, 31.432518971000093 ], [ 35.309914859000116, 31.433087924000176 ], [ 35.310213096000155, 31.433342977000052 ], [ 35.310396649000154, 31.433470512000042 ], [ 35.310648922000155, 31.433617583 ], [ 35.311027305000096, 31.433813665000059 ], [ 35.311570476000043, 31.434101714000178 ], [ 35.311983409000163, 31.434327292000035 ], [ 35.312407678, 31.434542995000186 ], [ 35.312774739000133, 31.434748876000072 ], [ 35.313279311000088, 31.435052941000095 ], [ 35.313554614000054, 31.435209782000015 ], [ 35.313864300000091, 31.435396119000075 ], [ 35.314127923000171, 31.435543242999984 ], [ 35.314384835000112, 31.43571447000005 ], [ 35.314637121000032, 31.435861533000036 ], [ 35.315061402000026, 31.436077227000112 ], [ 35.315543098000092, 31.43634198400008 ], [ 35.315910174000123, 31.436547858000097 ], [ 35.316265735000115, 31.436744015000045 ], [ 35.316598277000082, 31.436930324000116 ], [ 35.316873571000144, 31.437067570000124 ], [ 35.317363456000066, 31.437296592000052 ], [ 35.317662260000134, 31.437439662000145 ], [ 35.317949054000053, 31.437572456000112 ], [ 35.318188190000114, 31.437710364000168 ], [ 35.3184511770001, 31.437863680000078 ], [ 35.318863501000124, 31.438098748000129 ], [ 35.319263989000035, 31.438333755000144 ], [ 35.319706253000049, 31.438589228000069 ], [ 35.320136496000032, 31.438824276000162 ], [ 35.320519058000059, 31.439043933000107 ], [ 35.320865778000154, 31.439253472000132 ], [ 35.32108980300012, 31.439393781000092 ], [ 35.321555975000138, 31.439705528000047 ], [ 35.321908662000112, 31.439950855000177 ], [ 35.322309165000092, 31.440185849999978 ], [ 35.322820363000119, 31.440484870000034 ], [ 35.323202928000057, 31.440694372000166 ], [ 35.323627249000083, 31.440908910000132 ], [ 35.323878231000094, 31.441041722000136 ], [ 35.324081521000039, 31.441154141000084 ], [ 35.324236993999989, 31.44127674900011 ], [ 35.324374425000087, 31.44143016400011 ], [ 35.32454790800017, 31.441629556000066 ], [ 35.324805054000137, 31.441828877000148 ], [ 35.324962029000062, 31.441969451000034 ], [ 35.325063586, 31.442087030000096 ], [ 35.325296951000041, 31.442327309000177 ], [ 35.325416405000169, 31.442429584000024 ], [ 35.32571531100001, 31.442633938000029 ], [ 35.325888712000051, 31.442761741000083 ], [ 35.32611, 31.442935515000045 ], [ 35.326349071000038, 31.443134845000031 ], [ 35.326668284999982, 31.443408021000039 ], [ 35.326889577000031, 31.443581791000042 ], [ 35.327083557000094, 31.443735785000172 ], [ 35.327286378000053, 31.443856586000152 ], [ 35.327642842000103, 31.444077231 ], [ 35.328091378000067, 31.444313574000091 ], [ 35.328558529000077, 31.444581467000148 ], [ 35.32888422100001, 31.444770572000095 ], [ 35.329416373000186, 31.445093922000183 ], [ 35.329772861000038, 31.445325063000041 ], [ 35.330061762000014, 31.445529979000128 ], [ 35.330369085000143, 31.445745377000037 ], [ 35.330608791000088, 31.445913488000144 ], [ 35.330885378000119, 31.446128912000063 ], [ 35.331183003000149, 31.446341641000117 ], [ 35.331502667000166, 31.446562309000115 ], [ 35.331748485000048, 31.446751479000113 ], [ 35.331951345000164, 31.44689333700012 ], [ 35.332271032000051, 31.447129787000165 ], [ 35.33263976600017, 31.447413472000108 ], [ 35.332959469000059, 31.447660487000178 ], [ 35.333146396000188, 31.447810040000036 ], [ 35.333392216000107, 31.447993924000173 ], [ 35.333742675000053, 31.448251338000148 ], [ 35.334130007000113, 31.448545639000088 ], [ 35.334505026000159, 31.448850377000042 ], [ 35.334850564000135, 31.449109764000127 ], [ 35.335188684000059, 31.449351404000026 ], [ 35.335557401000074, 31.449608867000109 ], [ 35.335926279000034, 31.449861043 ], [ 35.336295129000177, 31.450092150000046 ], [ 35.336651632000098, 31.450307485000167 ], [ 35.33703392700005, 31.450508843000136 ], [ 35.337464113000124, 31.450750457000083 ], [ 35.337859854000101, 31.450926573000061 ], [ 35.338174704000039, 31.451089874000161 ], [ 35.338512031000107, 31.451339749000169 ], [ 35.338793276000047, 31.45157044400014 ], [ 35.33909410300015, 31.451816054000062 ], [ 35.339379766000093, 31.452029619000029 ], [ 35.339693885000031, 31.452255345000083 ], [ 35.340115114000184, 31.452548186000058 ], [ 35.340507642000148, 31.452767700999971 ], [ 35.340985908999983, 31.453054421000104 ], [ 35.341407094000147, 31.453310544000033 ], [ 35.341792584000018, 31.453548452 ], [ 35.34214966400009, 31.453804712000078 ], [ 35.342313729000068, 31.453926723000166 ], [ 35.34279414100007, 31.454211671999985 ], [ 35.343266467000035, 31.454471049000063 ], [ 35.344053588000065, 31.454951418000121 ], [ 35.344627156000115, 31.455306936000056 ], [ 35.345031928000026, 31.455566305000104 ], [ 35.3454592490001, 31.455844957000068 ], [ 35.345976510000185, 31.456133166000029 ], [ 35.346336340000107, 31.456344527000169 ], [ 35.346651336000093, 31.45658475100015 ], [ 35.346887542000047, 31.456796237000049 ], [ 35.347303864000082, 31.457190378000064 ], [ 35.347590157000013, 31.457360804000132 ], [ 35.347822250000149, 31.457450888000153 ], [ 35.348022739000101, 31.457513879000146 ], [ 35.34819152700004, 31.457595013000059 ], [ 35.348444741000037, 31.457739189000108 ], [ 35.348676939000086, 31.457901494000112 ], [ 35.349183710000148, 31.458307371000046 ], [ 35.349648, 31.45866812800017 ], [ 35.349985919000176, 31.458947705000071 ], [ 35.350302673000101, 31.459254433000069 ], [ 35.350513928999987, 31.459479961000056 ], [ 35.350735502000134, 31.459678422000081 ], [ 35.351052318000029, 31.459912853 ], [ 35.351400495000178, 31.460120195000115 ], [ 35.351970257000062, 31.460417622000136 ], [ 35.352311828000154, 31.460601857000029 ], [ 35.352755142999968, 31.460881314000119 ], [ 35.353230039000039, 31.461169821000112 ], [ 35.35375778000008, 31.46150336300019 ], [ 35.354412115000116, 31.461945134000018 ], [ 35.354971482000167, 31.462314781000146 ], [ 35.355425376000028, 31.462621344000013 ], [ 35.355805414000031, 31.462900858000069 ], [ 35.355929517000106, 31.462993022000035 ], [ 35.356199777000086, 31.463193745000069 ], [ 35.356505989000027, 31.463464322000164 ], [ 35.356812144, 31.463698752000028 ], [ 35.35711829000013, 31.463924234 ], [ 35.357329460000187, 31.464077526000096 ], [ 35.35770942500011, 31.464302854000096 ], [ 35.358194751000099, 31.464510021000081 ], [ 35.358701149000069, 31.464735198000142 ], [ 35.359127555000043, 31.464900854000177 ], [ 35.359482342000149, 31.465016589000072 ], [ 35.359486151000056, 31.465017832000058 ], [ 35.359523497000112, 31.46503427600004 ], [ 35.359834443000068, 31.465170962000116 ], [ 35.360108770000124, 31.465333199000156 ], [ 35.360576440000102, 31.465597943000034 ], [ 35.360992287000101, 31.4658412550001 ], [ 35.361323570000081, 31.46604520600016 ], [ 35.361600853000027, 31.466203066999981 ], [ 35.361904828000036, 31.466396761000055 ], [ 35.362205183000128, 31.466587499000184 ], [ 35.362597939000125, 31.466778198000043 ], [ 35.363036918000091, 31.466981949000115 ], [ 35.363198642000157, 31.467047639000043 ], [ 35.363391227000193, 31.467185867000126 ], [ 35.363456764000034, 31.467248711000025 ], [ 35.363472379000143, 31.467263683000169 ], [ 35.363830561000157, 31.467607126000075 ], [ 35.364087992, 31.467887677000135 ], [ 35.364403991000131, 31.468190494000055 ], [ 35.364735254000095, 31.468473494000193 ], [ 35.365035892000094, 31.468730104000088 ], [ 35.365374852000116, 31.468993364000028 ], [ 35.365629155000079, 31.469164349000039 ], [ 35.366168299000094, 31.469480072000181 ], [ 35.366460944999972, 31.469670879000034 ], [ 35.366853863000188, 31.469947174000083 ], [ 35.36722668900012, 31.470201369000051 ], [ 35.367534806000094, 31.470398708000118 ], [ 35.36787369100017, 31.470609185000058 ], [ 35.368220317000066, 31.470826275000093 ], [ 35.368651697000075, 31.471089342000084 ], [ 35.368867470000055, 31.471220912000149 ], [ 35.369083069000055, 31.471345857000074 ], [ 35.369460502000095, 31.471496955000134 ], [ 35.369852133999984, 31.471682206000082 ], [ 35.370152146000123, 31.471845165000161 ], [ 35.370534033000183, 31.472101383000052 ], [ 35.370815918000176, 31.472334400000079 ], [ 35.371070566000071, 31.472505159999969 ], [ 35.37143434799998, 31.472745827000097 ], [ 35.371734320000144, 31.472978820000094 ], [ 35.372079920000147, 31.473258399000031 ], [ 35.372439327000109, 31.473535424000147 ], [ 35.372757708000051, 31.473760570000138 ], [ 35.37300318400014, 31.473946980999983 ], [ 35.373357792000149, 31.474203153000076 ], [ 35.373630633000062, 31.474428426000145 ], [ 35.374021882000022, 31.474762338000062 ], [ 35.374331209000161, 31.475073101000078 ], [ 35.374613177000185, 31.475344933000031 ], [ 35.374923563000152, 31.475597845000152 ], [ 35.375275732000034, 31.475863103000108 ], [ 35.375720883000042, 31.476172563000091 ], [ 35.37616614000018, 31.476446579000026 ], [ 35.376538990000142, 31.476685174000181 ], [ 35.376994400000115, 31.47693261 ], [ 35.377470742000128, 31.477206581000075 ], [ 35.37763632900004, 31.477303743000107 ], [ 35.377853792, 31.477445228000192 ], [ 35.378205766000178, 31.477683916000046 ], [ 35.378516407000063, 31.477887213000031 ], [ 35.378992790000098, 31.478178865000189 ], [ 35.379427643000099, 31.478417442000136 ], [ 35.37993833400003, 31.478765554000177 ], [ 35.380309005000015, 31.479063256000131 ], [ 35.380579195000166, 31.47926096600014 ], [ 35.380759322000074, 31.479392701999984 ], [ 35.381145129000117, 31.479601321000132 ], [ 35.381569542000136, 31.479787763000104 ], [ 35.381865228000095, 31.479897430000051 ], [ 35.382186953000144, 31.480128043000036 ], [ 35.382547354000053, 31.480468665000103 ], [ 35.382753239000124, 31.480655463000119 ], [ 35.382997706000026, 31.480809164000163 ], [ 35.383383564000155, 31.481039759000112 ], [ 35.383887222000055, 31.481269504000068 ], [ 35.383904443000176, 31.481277359000046 ], [ 35.383936535000146, 31.481292043000053 ], [ 35.384258126000191, 31.481445709000127 ], [ 35.384463975000074, 31.481610451000108 ], [ 35.384778424000103, 31.481903143000181 ], [ 35.385151711000162, 31.482265722000022 ], [ 35.385525120000068, 31.482694322000157 ], [ 35.385744146000036, 31.482958112000119 ], [ 35.386027472000023, 31.483309818000123 ], [ 35.386285205000149, 31.483694606000142 ], [ 35.386465654000062, 31.483991422000031 ], [ 35.386607297000126, 31.484200286000089 ], [ 35.386673866000081, 31.484271290000095 ], [ 35.386696712000173, 31.484295670000165 ], [ 35.386864832000072, 31.484475083000177 ], [ 35.387263787000109, 31.484837622000043 ], [ 35.387299118000101, 31.484862417000045 ], [ 35.387331629000016, 31.484885232000067 ], [ 35.387482620000185, 31.484991350000143 ], [ 35.387858506000043, 31.485325874000125 ], [ 35.388154510000163, 31.485589555000161 ], [ 35.38819781900014, 31.485622751000051 ], [ 35.388282216999983, 31.485687571000085 ], [ 35.388540688000148, 31.485886084000128 ], [ 35.388888184000109, 31.486160681000172 ], [ 35.389248508000094, 31.486435262000043 ], [ 35.389595802000088, 31.486687875000086 ], [ 35.389882575000058, 31.486935289000144 ], [ 35.390114833000098, 31.487141133000137 ], [ 35.390418509000028, 31.487369847000025 ], [ 35.390838195000072, 31.487636519000091 ], [ 35.391249001000176, 31.487903273000143 ], [ 35.391757939000172, 31.488230906000126 ], [ 35.392177589000084, 31.488474674000031 ], [ 35.392677563000063, 31.488756515000034 ], [ 35.393177721000029, 31.489046035000172 ], [ 35.393700975000172, 31.489371106000135 ], [ 35.393995712000162, 31.489561634000097 ], [ 35.394388508000134, 31.489774854000188 ], [ 35.394736858000158, 31.489965304000123 ], [ 35.39517000800015, 31.490213063000112 ], [ 35.395175285000107, 31.490216080999971 ], [ 35.395062303000032, 31.490553396000109 ], [ 35.395036144000073, 31.490631363000091 ], [ 35.394569447000094, 31.491999317000079 ], [ 35.394416692000163, 31.493876249000152 ], [ 35.394347242000094, 31.494699398000137 ], [ 35.394233253000152, 31.496048171999973 ], [ 35.394358510000131, 31.496609142000068 ], [ 35.394580328000188, 31.497602672000028 ], [ 35.394945737000114, 31.498514473000057 ], [ 35.395020605000127, 31.498701226000151 ], [ 35.395134053999982, 31.499022362000062 ], [ 35.395631524000123, 31.500429449000023 ], [ 35.396000579000031, 31.501512813000147 ], [ 35.396070826000084, 31.501773700000172 ], [ 35.396318520000136, 31.502694330000111 ], [ 35.39639085400006, 31.502844587000027 ], [ 35.397043198000063, 31.504199447000019 ], [ 35.397605914000053, 31.506218166000167 ], [ 35.39785870500009, 31.50712483600006 ], [ 35.398006212000155, 31.507522230000063 ], [ 35.398558210000147, 31.509009902000059 ], [ 35.399067136000156, 31.510418224000034 ], [ 35.399169636000124, 31.511090125000123 ], [ 35.398979041000075, 31.511362028000178 ], [ 35.398614641000108, 31.511914687000171 ], [ 35.398497599000052, 31.512035485000183 ], [ 35.398235936000162, 31.512305447000131 ], [ 35.397874051000144, 31.512637207000068 ], [ 35.397856974000035, 31.512652874000025 ], [ 35.397837098000025, 31.51266671400009 ], [ 35.397326394, 31.51302215000004 ], [ 35.396062943, 31.513956164000035 ], [ 35.395456987000159, 31.514650713000037 ], [ 35.395391314000165, 31.514798775000031 ], [ 35.395212797000056, 31.515201711000145 ], [ 35.395263896000074, 31.515423730000123 ], [ 35.395345355000188, 31.5157781690001 ], [ 35.395649526, 31.51603787200014 ], [ 35.396105488000103, 31.516275725000014 ], [ 35.39648044400019, 31.516558858999986 ], [ 35.39684055000015, 31.516903312000181 ], [ 35.396841744000085, 31.517510326000149 ], [ 35.396802607000097, 31.517851197000027 ], [ 35.396791934000021, 31.517943937000041 ], [ 35.396764856000118, 31.518061225000167 ], [ 35.396691616000112, 31.518377625000028 ], [ 35.396651655000085, 31.518886828000177 ], [ 35.396642186000065, 31.519006412000124 ], [ 35.396617919000107, 31.51954842900011 ], [ 35.396492181000042, 31.51993881900006 ], [ 35.396472337000148, 31.519970483 ], [ 35.396315562000041, 31.520220843000118 ], [ 35.39623504400015, 31.520349548000013 ], [ 35.396151408000151, 31.520483122000087 ], [ 35.39608950100012, 31.521044989000131 ], [ 35.396206953000046, 31.522887496000067 ], [ 35.396199043000081, 31.522963532000119 ], [ 35.39615722100018, 31.523364441000183 ], [ 35.396139848000075, 31.52364933500013 ], [ 35.396124384000075, 31.52390202800018 ], [ 35.396177125000065, 31.525041646000147 ], [ 35.39622003900007, 31.525784024000075 ], [ 35.396290877000069, 31.527006265000068 ], [ 35.396277772000133, 31.527454197000168 ], [ 35.396267278000153, 31.527808346000086 ], [ 35.396370033000039, 31.528610317000073 ], [ 35.396548329000041, 31.529173739000157 ], [ 35.396574393000094, 31.52921020000008 ], [ 35.396903524000038, 31.529671803000156 ], [ 35.397065753000049, 31.529844829000069 ], [ 35.397208035000119, 31.529996536000112 ], [ 35.397404702000131, 31.530111383000133 ], [ 35.397689326000034, 31.530277680000097 ], [ 35.39806930200001, 31.530407196000169 ], [ 35.398731858000133, 31.53099563100011 ], [ 35.399146508000172, 31.531186042000115 ], [ 35.399551750000114, 31.531358851000107 ], [ 35.399707898000088, 31.531448388000172 ], [ 35.400046879000172, 31.531642853000164 ], [ 35.400234771000044, 31.531808933000036 ], [ 35.400337454000123, 31.531899676000023 ], [ 35.400276747000134, 31.531983895000167 ], [ 35.400009315000034, 31.532355400000085 ], [ 35.399863396000171, 31.532691710000165 ], [ 35.399830150000071, 31.532768419000035 ], [ 35.399910429000045, 31.533504466000124 ], [ 35.399889470000176, 31.533799585000111 ], [ 35.399885788000063, 31.533851377000133 ], [ 35.399709284000039, 31.534198514000138 ], [ 35.399481790000038, 31.53430721400008 ], [ 35.399229828000159, 31.534437158000173 ], [ 35.399102445000153, 31.534502873 ], [ 35.398951017000059, 31.534719899000038 ], [ 35.398929496000164, 31.534819280000193 ], [ 35.398875859000043, 31.535066815000164 ], [ 35.398876421000125, 31.535348653000028 ], [ 35.398877198000093, 31.535738858000059 ], [ 35.398826393000036, 31.535922624000193 ], [ 35.39875141300007, 31.536194286000068 ], [ 35.398524345000112, 31.536519789000124 ], [ 35.39847389200014, 31.536549809000121 ], [ 35.398254827000187, 31.536679985000035 ], [ 35.398110880000104, 31.536939910000115 ], [ 35.398086944000056, 31.536983209000084 ], [ 35.399284364000039, 31.537774842000147 ], [ 35.399489238000115, 31.538035876000038 ], [ 35.399261660000093, 31.538187981000135 ], [ 35.398718357000178, 31.538600613000142 ], [ 35.398339034000173, 31.538817973 ], [ 35.398061110000071, 31.539056813000059 ], [ 35.39804237300001, 31.539149708000025 ], [ 35.397960906000151, 31.539555604000043 ], [ 35.397987191000084, 31.54003251000006 ], [ 35.398140394000052, 31.540704265000102 ], [ 35.398584452000193, 31.541512145000183 ], [ 35.399054387000092, 31.542090359000042 ], [ 35.399348966000048, 31.542442651000044 ], [ 35.399546728000075, 31.542679176000036 ], [ 35.400162744000056, 31.543152326000097 ], [ 35.400221579000061, 31.543197476000103 ], [ 35.400527992000093, 31.543376344000137 ], [ 35.400862412000038, 31.543571590000113 ], [ 35.400900870000044, 31.543629522000117 ], [ 35.401082092000081, 31.543903061000094 ], [ 35.401007725000056, 31.544233629000132 ], [ 35.400889274000122, 31.544653462000099 ], [ 35.400864764000062, 31.544740093000087 ], [ 35.400866645000121, 31.544774404000179 ], [ 35.400908941000068, 31.545512832000156 ], [ 35.400885541999969, 31.54598819000006 ], [ 35.40087257800019, 31.546249897000109 ], [ 35.401087180000161, 31.546427561000087 ], [ 35.401329048000093, 31.546661132000168 ], [ 35.401407931000165, 31.546773328000029 ], [ 35.401658939000129, 31.547050849000129 ], [ 35.401482591000104, 31.547484720000057 ], [ 35.401357350000126, 31.547640059000059 ], [ 35.401255257000116, 31.547766826000156 ], [ 35.400926585000093, 31.547984117999988 ], [ 35.400623255000028, 31.548201370000015 ], [ 35.400370605000091, 31.548418477000155 ], [ 35.400319220000029, 31.548560037000129 ], [ 35.400244758999975, 31.54876553600019 ], [ 35.400296444000105, 31.549264035000135 ], [ 35.400405856000077, 31.549583478000159 ], [ 35.400474551000173, 31.549784049000152 ], [ 35.400660717000108, 31.55013649700004 ], [ 35.400703336, 31.550217321000105 ], [ 35.401033235000057, 31.550607041000035 ], [ 35.402701872000193, 31.551179024000191 ], [ 35.403237064000052, 31.551362477 ], [ 35.403378747000147, 31.551440194000122 ], [ 35.403946786000176, 31.551751622000154 ], [ 35.404869920000124, 31.552126418000057 ], [ 35.405010902000072, 31.552183629000126 ], [ 35.405139474000066, 31.552287576000083 ], [ 35.405974377000121, 31.552962586000149 ], [ 35.406503585000053, 31.553586408000115 ], [ 35.406672347000153, 31.553785272000027 ], [ 35.406955353000114, 31.554158910000012 ], [ 35.406982084000106, 31.554194099000028 ], [ 35.40702595, 31.554316634000088 ], [ 35.407231532000139, 31.554890004000129 ], [ 35.407358714, 31.555193352000174 ], [ 35.407501435000029, 31.555370338000102 ], [ 35.40763805000006, 31.555539727000166 ], [ 35.408043773000145, 31.555885979000038 ], [ 35.408550649000119, 31.556123637000155 ], [ 35.409108090000188, 31.556382918 ], [ 35.409500599000069, 31.556466298000146 ], [ 35.409614698000155, 31.556490573000133 ], [ 35.410475943000108, 31.556749377000074 ], [ 35.410906977000081, 31.557073880000189 ], [ 35.411315967000121, 31.557475637000096 ], [ 35.411744252000119, 31.557896320000168 ], [ 35.412370697000028, 31.558476562000067 ], [ 35.412632064000036, 31.558718746000181 ], [ 35.412911636000103, 31.559238582000035 ], [ 35.41286192300015, 31.55969390000007 ], [ 35.412901704000149, 31.560517582000159 ], [ 35.413005394000038, 31.560674685000095 ], [ 35.413130385000159, 31.560864097000149 ], [ 35.413279619999969, 31.561001258000033 ], [ 35.413789831000031, 31.561470069 ], [ 35.414550573000099, 31.562032472000112 ], [ 35.415488858000174, 31.562724661000061 ], [ 35.416296683000155, 31.563359975000083 ], [ 35.417112103000079, 31.564001121 ], [ 35.417417489000172, 31.564716008000119 ], [ 35.417876360000037, 31.566146025000023 ], [ 35.417903862000173, 31.566377934000116 ], [ 35.417940752, 31.566687897000065 ], [ 35.418119248000039, 31.567251215000169 ], [ 35.4182016580001, 31.567452880000076 ], [ 35.418322954000189, 31.567749460000073 ], [ 35.418349333000151, 31.567920070000184 ], [ 35.418399927000053, 31.568247979000034 ], [ 35.418375589, 31.568481875000032 ], [ 35.418350448000183, 31.56872499900004 ], [ 35.418135737000057, 31.56898548300012 ], [ 35.418095861000154, 31.569039308000072 ], [ 35.417782255000134, 31.569462924000106 ], [ 35.417404856000076, 31.569917149000105 ], [ 35.417403541000056, 31.569918771000061 ], [ 35.417323544000112, 31.570066656000165 ], [ 35.416899128000182, 31.570851762000075 ], [ 35.416621868000107, 31.571415813000101 ], [ 35.416622767000092, 31.571827719000112 ], [ 35.416599074000032, 31.572586534000095 ], [ 35.416424215, 31.573692397 ], [ 35.416203578000136, 31.574262626000063 ], [ 35.416172479000181, 31.574343141000043 ], [ 35.416087207000032, 31.574489690000178 ], [ 35.415516529000058, 31.575471398000047 ], [ 35.415188875000126, 31.576187366000113 ], [ 35.414430497000069, 31.576773875000072 ], [ 35.413861688, 31.577186611000116 ], [ 35.413356317000193, 31.577707681000049 ], [ 35.412927128000149, 31.578293664000171 ], [ 35.412462879000032, 31.578881814000113 ], [ 35.411967594000146, 31.579509187000099 ], [ 35.41083260500011, 31.581678785000179 ], [ 35.410795202000145, 31.581739368000115 ], [ 35.410176401000172, 31.582741980000151 ], [ 35.409747582000136, 31.583523125 ], [ 35.409141689000194, 31.58441283500008 ], [ 35.40916422600003, 31.584795960000065 ], [ 35.409181131000082, 31.585084817999984 ], [ 35.409333805000074, 31.585431385000163 ], [ 35.409352597000066, 31.585521472999972 ], [ 35.409410470000125, 31.585799839000117 ], [ 35.4093105070001, 31.586407001000055 ], [ 35.409161210000093, 31.587664511000185 ], [ 35.409101088000114, 31.588040150000097 ], [ 35.409036256000093, 31.588445111000112 ], [ 35.409021123000173, 31.589234985000132 ], [ 35.409013409000067, 31.589637462000098 ], [ 35.409022556000025, 31.589994254000146 ], [ 35.409041044000105, 31.590721366000082 ], [ 35.409065328000167, 31.591387382000107 ], [ 35.409135044000095, 31.593300881000062 ], [ 35.409091284, 31.59370848400016 ], [ 35.409060606000139, 31.593994738000049 ], [ 35.40906243000012, 31.594861808000189 ], [ 35.408937510999976, 31.595664110000143 ], [ 35.408967094000047, 31.596421502999988 ], [ 35.408990928000037, 31.597029741000085 ], [ 35.409145814000112, 31.598416918000169 ], [ 35.409192259000122, 31.598816561000092 ], [ 35.409249104000082, 31.59930553200013 ], [ 35.409414890000164, 31.599847249000106 ], [ 35.409568323000144, 31.600540685000112 ], [ 35.409695942000155, 31.601017426000055 ], [ 35.409804249000103, 31.601314386000126 ], [ 35.40992514300018, 31.601645778000147 ], [ 35.410090210000078, 31.602310871000043 ], [ 35.410129567000013, 31.60246920100019 ], [ 35.410153224000112, 31.602599656000052 ], [ 35.410232018000102, 31.60303264800018 ], [ 35.41051180300002, 31.603595887000154 ], [ 35.41099409300017, 31.604072006000024 ], [ 35.411127584000099, 31.604207431000134 ], [ 35.411527238000133, 31.60461314600019 ], [ 35.411840980000136, 31.604880683000033 ], [ 35.412085443000024, 31.605089213000042 ], [ 35.412524389000112, 31.605308781000133 ], [ 35.413251957999989, 31.605672685 ], [ 35.413834880000081, 31.605845167000098 ], [ 35.414162259000079, 31.605865436000045 ], [ 35.414518786000031, 31.605887488000121 ], [ 35.416038792000052, 31.605993437000109 ], [ 35.416089346000149, 31.60607079 ], [ 35.416166002000068, 31.60618833500007 ], [ 35.416166617000044, 31.60647016900009 ], [ 35.41600252700016, 31.606730568000046 ], [ 35.415834910000058, 31.607034727000098 ], [ 35.415775374000077, 31.607142765000162 ], [ 35.415456114000108, 31.607451179000066 ], [ 35.414991910000083, 31.607967821000045 ], [ 35.414940295000179, 31.608009050000135 ], [ 35.414638009000043, 31.608250219000126 ], [ 35.414132430000052, 31.608749590000116 ], [ 35.414044784000055, 31.608881347000136 ], [ 35.413930386000175, 31.609053376000077 ], [ 35.413602419000142, 31.609682601000145 ], [ 35.413451090000137, 31.610138924000182 ], [ 35.413451979000115, 31.610551882000038 ], [ 35.413497281000161, 31.611020858000131 ], [ 35.413504185000193, 31.611091800000111 ], [ 35.413538295000194, 31.611178834000043 ], [ 35.413631512000165, 31.61141676900013 ], [ 35.413734964000184, 31.611587819000079 ], [ 35.414115215000095, 31.612216560000093 ], [ 35.414268180000079, 31.612439675000189 ], [ 35.414368615000114, 31.612586212000167 ], [ 35.414852662000101, 31.613842788 ], [ 35.414983350000114, 31.614042472000051 ], [ 35.415221265000127, 31.61440580500016 ], [ 35.415374055000029, 31.61477413200015 ], [ 35.415442725000162, 31.614850260000082 ], [ 35.41562793200012, 31.615055566000024 ], [ 35.415907266000147, 31.61538028800004 ], [ 35.416581717000099, 31.615811406000034 ], [ 35.416617667000025, 31.615834388000167 ], [ 35.416631517000155, 31.61584197600007 ], [ 35.417251759000123, 31.616180172000156 ], [ 35.41816529700003, 31.61689407300014 ], [ 35.418298403000051, 31.617290049000076 ], [ 35.418369185000188, 31.617500749000101 ], [ 35.41839603, 31.618172743000059 ], [ 35.418549508000126, 31.618844535000051 ], [ 35.418657698000175, 31.619289732000027 ], [ 35.418728495999972, 31.619581248000031 ], [ 35.418902417000083, 31.620111171000076 ], [ 35.419389566000177, 31.62064241700017 ], [ 35.419821219000085, 31.621096951000084 ], [ 35.420303598000089, 31.621551402000136 ], [ 35.420615625000096, 31.621750924000139 ], [ 35.420810887000073, 31.621875743000032 ], [ 35.421201079000014, 31.622121500000048 ], [ 35.421394529000054, 31.622243358000162 ], [ 35.421588939000173, 31.622353802000077 ], [ 35.421927138000171, 31.622545951000063 ], [ 35.422337604000177, 31.622650543000191 ], [ 35.422434163000105, 31.622675185000105 ], [ 35.422991653000054, 31.622761 ], [ 35.423625033000064, 31.622759953000184 ], [ 35.424182277000114, 31.622737328000028 ], [ 35.424291597000149, 31.62272375800012 ], [ 35.424884865000024, 31.622650238000119 ], [ 35.424891541000193, 31.622649411000111 ], [ 35.424955721000174, 31.62262816700013 ], [ 35.425878742000066, 31.622322596000174 ], [ 35.426281565000124, 31.62225294100017 ], [ 35.426758357000097, 31.622170566000193 ], [ 35.426765052000064, 31.622169409000037 ], [ 35.426959978000184, 31.622501084000191 ], [ 35.427032227000041, 31.622624197000164 ], [ 35.427336984000135, 31.622948851000046 ], [ 35.427433786000165, 31.623077064000086 ], [ 35.427565609000112, 31.62325193200013 ], [ 35.427734414000156, 31.623395806000133 ], [ 35.427921041000047, 31.623554800000136 ], [ 35.428174628000136, 31.623684438000055 ], [ 35.428479292000134, 31.623965757000121 ], [ 35.428518313000097, 31.624174181000171 ], [ 35.428556332000142, 31.624377531000107 ], [ 35.428575160999969, 31.624543924000079 ], [ 35.428607944000134, 31.624832679000122 ], [ 35.429046352000171, 31.625189374000058 ], [ 35.429242697000177, 31.625416905000122 ], [ 35.429458591000071, 31.62548114700013 ], [ 35.429749800000081, 31.625567739000189 ], [ 35.430079836000061, 31.625849011000184 ], [ 35.430292888999986, 31.625966456000015 ], [ 35.430511058000036, 31.626086778000058 ], [ 35.431043276000025, 31.62612919999998 ], [ 35.431347445000029, 31.626193711000099 ], [ 35.431385458000079, 31.62631983700004 ], [ 35.431293869000058, 31.626381928000114 ], [ 35.430867171999978, 31.626671472000112 ], [ 35.4303865870001, 31.627019092000069 ], [ 35.430312337000032, 31.62710116300002 ], [ 35.430209668000145, 31.627214498000114 ], [ 35.430185251000182, 31.627266254000119 ], [ 35.42998088600001, 31.62769893900014 ], [ 35.429933081000058, 31.628103809000038 ], [ 35.429908727, 31.628537383000037 ], [ 35.429757976000076, 31.629079612000055 ], [ 35.429809864999982, 31.629578090000052 ], [ 35.428849960999969, 31.630837062000126 ], [ 35.428546981000125, 31.631292811000094 ], [ 35.428243595000083, 31.631575163000036 ], [ 35.428117643000121, 31.631878842 ], [ 35.42813920500015, 31.632015001000184 ], [ 35.428168958000015, 31.632203920999984 ], [ 35.428677703000119, 31.633048497000061 ], [ 35.428757914000073, 31.633190405000107 ], [ 35.429008467000131, 31.63363323700014 ], [ 35.429098629000123, 31.633733135000057 ], [ 35.42926243800008, 31.633914643000139 ], [ 35.429237728000032, 31.634196519 ], [ 35.429175454000188, 31.634685681000178 ], [ 35.429163159000154, 31.634781948000068 ], [ 35.429062517000148, 31.635063883000043 ], [ 35.42900521100006, 31.635281559000077 ], [ 35.428936800000145, 31.635541033000095 ], [ 35.428844295000033, 31.635780258000068 ], [ 35.42876063000017, 31.635996568 ], [ 35.428572717000122, 31.636929056000099 ], [ 35.428573571000015, 31.637297555000089 ], [ 35.428599840000174, 31.637687713000048 ], [ 35.428701892000106, 31.63801270600004 ], [ 35.428730842000164, 31.638066980000076 ], [ 35.428829108000116, 31.638250993000099 ], [ 35.429006487000152, 31.63845608000014 ], [ 35.429184855000187, 31.638662222000107 ], [ 35.42924997200015, 31.638828394000029 ], [ 35.429286757000057, 31.638922181000055 ], [ 35.429819603999988, 31.639203111000029 ], [ 35.430098601000111, 31.639332700000182 ], [ 35.430428184000107, 31.639397171000098 ], [ 35.431273658000066, 31.639465548000146 ], [ 35.431295571000192, 31.639467341000056 ], [ 35.431386272000168, 31.639513899000178 ], [ 35.431619626000099, 31.63963356000005 ], [ 35.431798247000017, 31.640153592000047 ], [ 35.431849003000139, 31.640304639000021 ], [ 35.432002274000126, 31.640760172000171 ], [ 35.432180185, 31.640976669000054 ], [ 35.432307364000167, 31.641193249000025 ], [ 35.432535958000074, 31.64138795700012 ], [ 35.432697125000175, 31.641488504000051 ], [ 35.432827775000135, 31.641570081000111 ], [ 35.432836677000182, 31.641573095000183 ], [ 35.433119395000119, 31.641668711000079 ], [ 35.433523164, 31.641687248000153 ], [ 35.433575550000114, 31.641689623000048 ], [ 35.434243847000062, 31.641772236000065 ], [ 35.434522138000091, 31.641806629000143 ], [ 35.434760886000106, 31.641836088 ], [ 35.43542647400011, 31.642163333000155 ], [ 35.435447839, 31.642211631000066 ], [ 35.435502989000156, 31.642336600000192 ], [ 35.435656271000028, 31.64285659900014 ], [ 35.435961331000044, 31.643267967000099 ], [ 35.436068271000181, 31.64335211700012 ], [ 35.436291232000087, 31.643527520000134 ], [ 35.43659577700015, 31.643722086000082 ], [ 35.436665813000104, 31.64393982100006 ], [ 35.436672451000106, 31.643960382999978 ], [ 35.43667354500019, 31.644415615000185 ], [ 35.436629157000084, 31.644520043000114 ], [ 35.436534971000071, 31.644741027000123 ], [ 35.436523054000077, 31.644785578000153 ], [ 35.436459546000151, 31.645022994000101 ], [ 35.436403898000151, 31.645378345999973 ], [ 35.436384753000084, 31.64550006200011 ], [ 35.436387251000099, 31.646540591000132 ], [ 35.436412150000137, 31.64661981200004 ], [ 35.436489338000115, 31.646865579000064 ], [ 35.43679135800005, 31.647306330000163 ], [ 35.436845413000185, 31.647385221000036 ], [ 35.436861110000166, 31.647404569000059 ], [ 35.437074077000091, 31.647666651000065 ], [ 35.437400059000083, 31.647797131 ], [ 35.437505425000097, 31.647839291000139 ], [ 35.437759511000138, 31.648142307000171 ], [ 35.437783036000042, 31.648197505000098 ], [ 35.437861397000063, 31.648380630000077 ], [ 35.437905512000043, 31.64864019100014 ], [ 35.437912865000044, 31.648684004000131 ], [ 35.437920194000014, 31.648716896000167 ], [ 35.437989647, 31.649030736000043 ], [ 35.43819306000006, 31.649290509000139 ], [ 35.438446995, 31.649528492000172 ], [ 35.438850557000194, 31.649651009000138 ], [ 35.43915718500017, 31.649744032000058 ], [ 35.439178555000126, 31.64979246900009 ], [ 35.439233551000086, 31.649917295000137 ], [ 35.439186108000172, 31.65005364700005 ], [ 35.439158133000035, 31.650134229000116 ], [ 35.439131768000095, 31.650333606000174 ], [ 35.439083397000104, 31.650697963000027 ], [ 35.439135507000117, 31.651261538000028 ], [ 35.43913771300015, 31.651288592000185 ], [ 35.439161664999972, 31.651586660000135 ], [ 35.439172709000047, 31.651656606000074 ], [ 35.439213030000076, 31.651911734 ], [ 35.439403928000047, 31.652236561000166 ], [ 35.439607193000086, 31.652431299000114 ], [ 35.440343198000164, 31.652885218000108 ], [ 35.440691501000117, 31.653038901000116 ], [ 35.441028262000145, 31.653187459000151 ], [ 35.441038859000059, 31.653276498000139 ], [ 35.441053998000143, 31.653404212000055 ], [ 35.440953483000101, 31.653729560000158 ], [ 35.440903804000186, 31.654163180000126 ], [ 35.44098076400013, 31.654509910000058 ], [ 35.441001941000025, 31.654546087000142 ], [ 35.441184410000119, 31.654856412000129 ], [ 35.441338574000099, 31.654976338000097 ], [ 35.441488446000051, 31.655092891000095 ], [ 35.441768385000046, 31.655310598000028 ], [ 35.441810483000154, 31.655346384000154 ], [ 35.442123985000137, 31.655613422000044 ], [ 35.44242852800005, 31.655786270000135 ], [ 35.44275195400013, 31.655867066000098 ], [ 35.442859599000087, 31.655893928000182 ], [ 35.443366510000033, 31.655958045000091 ], [ 35.443552355000179, 31.656029858000068 ], [ 35.443645690000039, 31.656065903000126 ], [ 35.443658591000087, 31.656152614000064 ], [ 35.443671325000082, 31.656239257000038 ], [ 35.443545174000064, 31.656456285000104 ], [ 35.443393921000052, 31.65678172700018 ], [ 35.443358001000092, 31.65697900400005 ], [ 35.443318995000084, 31.657193764000056 ], [ 35.443345170000043, 31.657518882000147 ], [ 35.443455554000082, 31.657853361000036 ], [ 35.443485767000027, 31.657945325000185 ], [ 35.443523780000078, 31.65806052500011 ], [ 35.443828226, 31.658190040000079 ], [ 35.443914551000148, 31.658322132000023 ], [ 35.443955566000056, 31.658384908000073 ], [ 35.44390530700008, 31.658580099000119 ], [ 35.443639777000158, 31.658797312000047 ], [ 35.443295110000122, 31.65919201100013 ], [ 35.443260611000028, 31.659231601000045 ], [ 35.443226543000037, 31.659312197000133 ], [ 35.443159880000167, 31.659470216000159 ], [ 35.443134323000095, 31.659727226000086 ], [ 35.443110373000025, 31.659968870000171 ], [ 35.443238891000192, 31.660705706000044 ], [ 35.44354420500008, 31.661182085000121 ], [ 35.444026905000044, 31.661636442000145 ], [ 35.444763058000092, 31.662112037000156 ], [ 35.445169171000032, 31.662306394000154 ], [ 35.445296949000124, 31.662739694000095 ], [ 35.445297870000104, 31.663108188000081 ], [ 35.445316327000114, 31.663175935000083 ], [ 35.44537452600008, 31.663389882999979 ], [ 35.445679209000161, 31.663606126000047 ], [ 35.445857249000142, 31.663844233000134 ], [ 35.445899814000029, 31.664130569000179 ], [ 35.445908864000046, 31.664191005000191 ], [ 35.445893389000105, 31.664459903000079 ], [ 35.445881390000068, 31.66466911700013 ], [ 35.445898891000184, 31.664749126000117 ], [ 35.445961725000075, 31.665036339000153 ], [ 35.446017052000116, 31.665286085000048 ], [ 35.446038550000139, 31.665383065000071 ], [ 35.446366190000049, 31.665750049000053 ], [ 35.44652150200011, 31.665924076000181 ], [ 35.446719696000173, 31.666048777000071 ], [ 35.447105356000122, 31.66629157 ], [ 35.447329153000055, 31.66637803500015 ], [ 35.447663619000025, 31.666507273000036 ], [ 35.448016622000182, 31.666800290000026 ], [ 35.448158780000028, 31.666918255999974 ], [ 35.44824660400019, 31.666984748000175 ], [ 35.448387416000116, 31.667091232000075 ], [ 35.448406776000127, 31.667189486000041 ], [ 35.448438657, 31.667351270000097 ], [ 35.448502745000155, 31.667675189000192 ], [ 35.448567172000082, 31.668001362999973 ], [ 35.448519554000029, 31.669237154000029 ], [ 35.448573269000121, 31.670407650000072 ], [ 35.448714421000091, 31.670840637000083 ], [ 35.448905227000068, 31.671425864000128 ], [ 35.448957462000067, 31.672011064 ], [ 35.449060005000092, 31.672487808000028 ], [ 35.449213193000162, 31.672921052000163 ], [ 35.449240220000149, 31.673571335000076 ], [ 35.44914680800008, 31.673772242999974 ], [ 35.449038648000169, 31.674005309999984 ], [ 35.448846870000125, 31.674273056000118 ], [ 35.448546632000159, 31.674916686000074 ], [ 35.448438659000033, 31.67516060100013 ], [ 35.448344943000052, 31.675372291000031 ], [ 35.448175524000192, 31.675752304000127 ], [ 35.448064271000135, 31.676001933000123 ], [ 35.448030386000084, 31.676155806000111 ], [ 35.447953169000186, 31.676507255000161 ], [ 35.447828534000053, 31.677330933000121 ], [ 35.44732816800007, 31.677883614999985 ], [ 35.446994423000092, 31.678252305000115 ], [ 35.44604066100004, 31.679173820000074 ], [ 35.445424391000188, 31.680765970000039 ], [ 35.445328121000045, 31.681014793000088 ], [ 35.445302645000083, 31.681437450000146 ], [ 35.445255182000153, 31.682227162000117 ], [ 35.445167547000096, 31.683032451000031 ], [ 35.445430270000031, 31.683445629000119 ], [ 35.445884086000149, 31.684159036000096 ], [ 35.446537299000056, 31.685131711 ], [ 35.446653585000092, 31.685304755000118 ], [ 35.44809814100006, 31.689390079000077 ], [ 35.448941332000118, 31.691943542000104 ], [ 35.449392857000078, 31.692443167000135 ], [ 35.450139901000114, 31.693269943000132 ], [ 35.450411246000044, 31.694006357000148 ], [ 35.450741847000131, 31.694904008000094 ], [ 35.450746818000141, 31.69684575600013 ], [ 35.450869451000074, 31.698071921000064 ], [ 35.45185848400007, 31.698377336000021 ], [ 35.452185417000067, 31.698478319000117 ], [ 35.452307018000056, 31.699295687000074 ], [ 35.452311758000121, 31.701135268000144 ], [ 35.452386544000092, 31.701822235000066 ], [ 35.452434152000137, 31.702259196000057 ], [ 35.453513668000085, 31.703687951000063 ], [ 35.455430060000026, 31.705115171000045 ], [ 35.456815956000128, 31.706433254000103 ], [ 35.457467526000187, 31.707053019000114 ], [ 35.459265352999978, 31.708786971000052 ], [ 35.460942485000032, 31.710112264000031 ], [ 35.46429152200011, 31.710718881000048 ], [ 35.465435938000098, 31.710995414000081 ], [ 35.465983572000141, 31.711127701000123 ], [ 35.466474689000165, 31.711147719000166 ], [ 35.467914903000178, 31.711206345000051 ], [ 35.468401471999982, 31.711371579000058 ], [ 35.469848001000059, 31.711862857000028 ], [ 35.471494088999975, 31.71351034800017 ], [ 35.47289789000007, 31.715563516000032 ], [ 35.473465875000102, 31.715885402000026 ], [ 35.473833744000046, 31.716093906000083 ], [ 35.474603730000183, 31.716902587999982 ], [ 35.475161426000113, 31.717488282000147 ], [ 35.475706920000164, 31.718011575 ], [ 35.478206519000082, 31.720409348000089 ], [ 35.479871797000044, 31.722090434000108 ], [ 35.48070578200003, 31.722932271 ], [ 35.480778068000177, 31.72301575299997 ], [ 35.481674944000133, 31.72405036400005 ], [ 35.481799505000026, 31.724194045000161 ], [ 35.482704805000139, 31.72550975900009 ], [ 35.482897633000107, 31.725883620000047 ], [ 35.483253114000149, 31.72657306800005 ], [ 35.483536165000032, 31.727411758000187 ], [ 35.483567266000193, 31.727503850000176 ], [ 35.48380515600013, 31.728966962000072 ], [ 35.484198277000075, 31.730230205000055 ], [ 35.484667438000088, 31.731106329000056 ], [ 35.484981267000194, 31.731692219000081 ], [ 35.486311495000109, 31.733818313000143 ], [ 35.486314807000042, 31.733822887000144 ], [ 35.487640996000096, 31.7356783460001 ], [ 35.488011695000125, 31.736136507000083 ], [ 35.488500892, 31.736740958999974 ], [ 35.488679017000095, 31.73697864900015 ], [ 35.489048181000101, 31.737471613000082 ], [ 35.489985538000099, 31.738401023000051 ], [ 35.490575930000091, 31.739036317 ], [ 35.491157729000179, 31.739662469000166 ], [ 35.491269087000148, 31.739791937000177 ], [ 35.491616243000124, 31.740195603000188 ], [ 35.491627495000159, 31.740208683000048 ], [ 35.491788183000153, 31.74040039800019 ], [ 35.491955293000103, 31.740589774000057 ], [ 35.491975977000038, 31.740613897000173 ], [ 35.492163623000124, 31.740832043000125 ], [ 35.492234114000155, 31.740913971000111 ], [ 35.49260874700019, 31.741349561000106 ], [ 35.492642670000066, 31.741389014000106 ], [ 35.493815773000051, 31.742983203999984 ], [ 35.495145152000134, 31.744709992000082 ], [ 35.496084474000043, 31.746238098000049 ], [ 35.496945988000107, 31.74776636900009 ], [ 35.497808145000135, 31.749494242000139 ], [ 35.497881465000148, 31.749634004000143 ], [ 35.498435018000066, 31.750690399000064 ], [ 35.499295589000099, 31.751886027000069 ], [ 35.499999305000074, 31.752749303000087 ], [ 35.501167014000146, 31.753741378000029 ], [ 35.501170818000105, 31.753744609000194 ], [ 35.501717892000045, 31.754342115000043 ], [ 35.50187664200007, 31.75527320000009 ], [ 35.501957177000065, 31.75613788000004 ], [ 35.502348793000124, 31.75680231900003 ], [ 35.502817427000025, 31.75720045900016 ], [ 35.503208845000074, 31.757798314000127 ], [ 35.503211761000102, 31.758729753000182 ], [ 35.50321782400016, 31.75877025200009 ], [ 35.503370947000121, 31.759793859000126 ], [ 35.503373656000122, 31.760658716000023 ], [ 35.503376782000032, 31.761656666000135 ], [ 35.503612782000175, 31.762387966000119 ], [ 35.503674711000031, 31.762571365000099 ], [ 35.503769936000026, 31.762853328000062 ], [ 35.504005524000149, 31.763451536000161 ], [ 35.504212177000113, 31.763711120000153 ], [ 35.504402437000067, 31.763950308000062 ], [ 35.505106715000068, 31.764946647000158 ], [ 35.505506321999974, 31.765353956000183 ], [ 35.505888226000138, 31.765743198000052 ], [ 35.506357761000174, 31.766407441000069 ], [ 35.506877234000115, 31.766848573000118 ], [ 35.506904688000077, 31.766871900000183 ], [ 35.507682515, 31.767002848000175 ], [ 35.507684116000064, 31.767003117000115 ], [ 35.508463287000154, 31.767001307000157 ], [ 35.510124175000044, 31.766520928000091 ], [ 35.51101996, 31.765751763000139 ], [ 35.511737107000101, 31.765289780000046 ], [ 35.511808899000187, 31.765252763000092 ], [ 35.512633421000032, 31.764827665000098 ], [ 35.512633858000129, 31.764827440000147 ], [ 35.513845608000054, 31.764918637000164 ], [ 35.514607319000106, 31.764975899999968 ], [ 35.514610604000097, 31.764976147000084 ], [ 35.516407078000043, 31.764971869000078 ], [ 35.51820355000001, 31.764967564000187 ], [ 35.51981888600011, 31.764503445000059 ], [ 35.520893329999979, 31.763426866000088 ], [ 35.521720652000056, 31.763283522000108 ], [ 35.52178617900006, 31.763272145000144 ], [ 35.521791039000107, 31.763271301000088 ], [ 35.522254133000047, 31.763507052000136 ], [ 35.522690797000109, 31.763729338000076 ], [ 35.523048296000127, 31.763804772000071 ], [ 35.523409921000109, 31.76388103700009 ], [ 35.523914574000059, 31.763965904000088 ], [ 35.524308660000145, 31.764032224000061 ], [ 35.524755115000062, 31.764221506000126 ], [ 35.525028306000024, 31.764337298999976 ], [ 35.525207187000149, 31.764413166000168 ], [ 35.525747960000047, 31.764642370000104 ], [ 35.526826109000183, 31.764946297000108 ], [ 35.526827007000065, 31.764946550000047 ], [ 35.527725244000067, 31.76494432800007 ], [ 35.529341051000074, 31.764633474000107 ], [ 35.529412643000114, 31.764587357000096 ], [ 35.530058097000051, 31.764171459000124 ], [ 35.530775660000188, 31.763862824000114 ], [ 35.531493218000037, 31.763554186000135 ], [ 35.532030115000168, 31.763277210000126 ], [ 35.532389853000097, 31.763091639000152 ], [ 35.53346662000007, 31.762782087000119 ], [ 35.534658614000136, 31.762552764000077 ], [ 35.53508237300008, 31.762471229000141 ], [ 35.536698812000168, 31.762313664000146 ], [ 35.537140990000182, 31.762218054000073 ], [ 35.538134772000149, 31.762003157000152 ], [ 35.538690839000083, 31.761933883000097 ], [ 35.539391819000173, 31.761846548000051 ], [ 35.540343926000162, 31.761742428000161 ], [ 35.54082401800008, 31.761689880000063 ], [ 35.540828468000086, 31.761689393000097 ], [ 35.54152632600011, 31.76188606900007 ], [ 35.541902923000066, 31.761992194000015 ], [ 35.541907367000078, 31.761993446000133 ], [ 35.542420506000042, 31.761772712000152 ], [ 35.542983709000168, 31.761530427000082 ], [ 35.543560079000088, 31.761282400000084 ], [ 35.544059871000059, 31.761067332000096 ], [ 35.544834018000074, 31.760781651000173 ], [ 35.545315798000104, 31.760603827000182 ], [ 35.546752968000192, 31.760600060000115 ], [ 35.548728955000172, 31.760594853000157 ], [ 35.550161211000045, 31.760591060000081 ], [ 35.550166126000136, 31.760591047 ], [ 35.550471874000038, 31.760627508000084 ], [ 35.551424252000174, 31.760741088000088 ], [ 35.551666955000087, 31.760766369000123 ], [ 35.551675700000033, 31.760767262000115 ], [ 35.55168939400005, 31.760768706000079 ], [ 35.551689674000102, 31.760769232000087 ], [ 35.552694793000057, 31.762658006000038 ], [ 35.552858404000176, 31.762973288000012 ], [ 35.553140721000148, 31.763589597000134 ], [ 35.55322472600011, 31.76378390400015 ], [ 35.553338423000184, 31.764069443000039 ], [ 35.553481994000094, 31.76436061000004 ], [ 35.553548973000034, 31.76454439600019 ], [ 35.553625757000134, 31.764702717000034 ], [ 35.553692673000171, 31.764869521000151 ], [ 35.553772983000101, 31.765090046000182 ], [ 35.553820507000125, 31.765230833000032 ], [ 35.553874168, 31.765425997000193 ], [ 35.553921169000091, 31.765558893000161 ], [ 35.553978151000024, 31.76575975500009 ], [ 35.554038577000028, 31.765954830000169 ], [ 35.554105725000056, 31.766183916000102 ], [ 35.554186224000091, 31.766455455000084 ], [ 35.554280052000024, 31.766718429000036 ], [ 35.554337078000117, 31.766930564000063 ], [ 35.554357524000011, 31.767063532000066 ], [ 35.554348008000147, 31.767301138000164 ], [ 35.554335386000162, 31.76745688200009 ], [ 35.554319215000135, 31.767589949000183 ], [ 35.554280008000035, 31.767737240000031 ], [ 35.554197707000071, 31.767873300000076 ], [ 35.554082451000113, 31.768063281000082 ], [ 35.554013370000177, 31.768204945000093 ], [ 35.553944285000057, 31.768346679000103 ], [ 35.553852223000035, 31.768564849000029 ], [ 35.553824373000054, 31.768638220000128 ], [ 35.553807462000179, 31.768682773000023 ], [ 35.553780016000019, 31.768754713000078 ], [ 35.553710264000131, 31.76898452 ], [ 35.553699185000028, 31.769021259000112 ], [ 35.553695767000079, 31.769034091000151 ], [ 35.55367218900011, 31.769171050000182 ], [ 35.553660124000089, 31.76943388899997 ], [ 35.553660915000023, 31.769648991 ], [ 35.553674983000121, 31.769886675000123 ], [ 35.55372557700008, 31.77009882700014 ], [ 35.55378909600006, 31.770282692000137 ], [ 35.553817334000087, 31.770336303000022 ], [ 35.553855872000099, 31.770409827000094 ], [ 35.553894202000095, 31.770471869000062 ], [ 35.553962567000156, 31.770582233000141 ], [ 35.55397879700007, 31.77060022500001 ], [ 35.554082475000087, 31.770714933000136 ], [ 35.554225447000192, 31.770839117000094 ], [ 35.554388437, 31.770980156000121 ], [ 35.55451800700007, 31.771093033000113 ], [ 35.554567266000163, 31.771166528000094 ], [ 35.554588341000056, 31.771197925000081 ], [ 35.554735944000072, 31.771417816999985 ], [ 35.554903344000081, 31.771635432000153 ], [ 35.554974719000029, 31.771848163000072 ], [ 35.554987567000012, 31.771886455000072 ], [ 35.554985102000103, 31.771916516000147 ], [ 35.554978269000173, 31.771999829000038 ], [ 35.554976361000172, 31.772023100000069 ], [ 35.554971626000054, 31.772080889000165 ], [ 35.55492571700006, 31.772156261000191 ], [ 35.554915426000036, 31.772183202000178 ], [ 35.554897517000029, 31.772202414000162 ], [ 35.554850135000038, 31.772280326000043 ], [ 35.554750742000067, 31.772389663000126 ], [ 35.554629074000104, 31.772541611000065 ], [ 35.554474252000091, 31.772693793000087 ], [ 35.554297266000049, 31.772874356000159 ], [ 35.554136836000055, 31.773026412000149 ], [ 35.554015044000096, 31.773145248000048 ], [ 35.55387121900003, 31.77328316500018 ], [ 35.553727378000133, 31.773416293000139 ], [ 35.553500443000075, 31.773606429000097 ], [ 35.553362172000107, 31.773730101000183 ], [ 35.553185027000097, 31.773868106000123 ], [ 35.553007828000091, 31.773991740000099 ], [ 35.552867684000034, 31.774099492000119 ], [ 35.552845806, 31.774116318000097 ], [ 35.552814123000132, 31.774141719000113 ], [ 35.552689613000155, 31.774241542000141 ], [ 35.552616371000113, 31.7743002630001 ], [ 35.55255847900014, 31.774346776000129 ], [ 35.552384114000176, 31.774479986000131 ], [ 35.552146033000099, 31.774690442000178 ], [ 35.551924847000123, 31.774875207000093 ], [ 35.551754799000093, 31.775015588000031 ], [ 35.551444479000168, 31.775365882000074 ], [ 35.551236245000155, 31.775620081000056 ], [ 35.551061981000146, 31.775826422000193 ], [ 35.550947062000091, 31.775977363000152 ], [ 35.550840871000105, 31.776124620000132 ], [ 35.550692118000143, 31.776316095000084 ], [ 35.550581516000079, 31.776474353000026 ], [ 35.550496496000164, 31.776592240000127 ], [ 35.550369035000188, 31.776787183000181 ], [ 35.550180405, 31.777080926000053 ], [ 35.550057064000043, 31.777275856000188 ], [ 35.549946493, 31.777488930000061 ], [ 35.549848793000081, 31.777658003000113 ], [ 35.549767961000157, 31.777794058999973 ], [ 35.549648785000102, 31.777999827000144 ], [ 35.549572352000041, 31.778121074000126 ], [ 35.549474511000028, 31.778297335000047 ], [ 35.549389346, 31.77846623400012 ], [ 35.54930432499998, 31.778675153000052 ], [ 35.549236201000042, 31.778858381000134 ], [ 35.549180974000024, 31.779004796000095 ], [ 35.549095807000128, 31.779173411999977 ], [ 35.549030856, 31.779322249000131 ], [ 35.549022677000153, 31.779341012000032 ], [ 35.54902153300003, 31.779343834000088 ], [ 35.548973413000169, 31.779457782000065 ], [ 35.54895022300019, 31.779512695999983 ], [ 35.548894663000056, 31.779658547000054 ], [ 35.548830340000109, 31.779844019000166 ], [ 35.548757508000165, 31.780003304000104 ], [ 35.548705531, 31.780136182999968 ], [ 35.548640032000037, 31.780269944000111 ], [ 35.54854002899998, 31.780534137000075 ], [ 35.548486904000129, 31.780668710999976 ], [ 35.548443312000074, 31.780839473000071 ], [ 35.548420636000174, 31.780943794000109 ], [ 35.548406965000027, 31.781006691000073 ], [ 35.548341305000065, 31.781278548000103 ], [ 35.548324176000165, 31.781377796000129 ], [ 35.548316743000157, 31.781420796000134 ], [ 35.548299138000061, 31.781524975000139 ], [ 35.548293324000099, 31.781559374000039 ], [ 35.548242846, 31.781878961000132 ], [ 35.54824116500015, 31.781915461000096 ], [ 35.548240391999968, 31.781930542000055 ], [ 35.54823244500011, 31.782104590000074 ], [ 35.548231066000085, 31.782134043999974 ], [ 35.548230620000083, 31.782147575000124 ], [ 35.548227278000127, 31.782318511000085 ], [ 35.548236468000027, 31.782623848000185 ], [ 35.548258649000161, 31.783009471000071 ], [ 35.548259285000029, 31.783322438000084 ], [ 35.548268611000083, 31.783620164000013 ], [ 35.548300219000055, 31.784011681000038 ], [ 35.548321805000057, 31.784187484000086 ], [ 35.548346008000181, 31.784311284000182 ], [ 35.54835281000004, 31.784345939000161 ], [ 35.548373404000131, 31.784450858000184 ], [ 35.548420552000152, 31.78457811800007 ], [ 35.548480483000048, 31.78472733000018 ], [ 35.54853623300005, 31.784861895000176 ], [ 35.548617455000169, 31.785014430000103 ], [ 35.548694491000163, 31.785148941000159 ], [ 35.54877151200003, 31.785279648000028 ], [ 35.548874357000102, 31.785480036000081 ], [ 35.548964202000036, 31.785644103999971 ], [ 35.549058394000156, 31.785778567000193 ], [ 35.549060865000115, 31.785782378000079 ], [ 35.54915179700015, 31.785922616000107 ], [ 35.549198246000174, 31.785994217999985 ], [ 35.549337450000166, 31.786211560000027 ], [ 35.54943601400015, 31.786368561000131 ], [ 35.549534580000113, 31.786525700000084 ], [ 35.549624680000136, 31.786668349000081 ], [ 35.549666866000052, 31.78674616100011 ], [ 35.54969037900014, 31.786789685000031 ], [ 35.549701910000124, 31.786811028999978 ], [ 35.549791858000106, 31.786957483000037 ], [ 35.549886221000179, 31.787092792000124 ], [ 35.549981223000032, 31.787220958000091 ], [ 35.550037587000077, 31.787296997000055 ], [ 35.550156227000116, 31.787484801000119 ], [ 35.550341384000092, 31.78777064600007 ], [ 35.550376498000162, 31.787836680000055 ], [ 35.550486399000079, 31.788043351000169 ], [ 35.550559501000123, 31.788183366000112 ], [ 35.550869474000081, 31.788811863000149 ], [ 35.550989514999969, 31.789020096000058 ], [ 35.551174587000048, 31.78937259200012 ], [ 35.551374772000145, 31.789770360000148 ], [ 35.551376503000029, 31.789773800000091 ], [ 35.551439180000159, 31.789905104000127 ], [ 35.55159429400004, 31.790230203000078 ], [ 35.551636631000065, 31.790347893000046 ], [ 35.551654374000179, 31.790397014000121 ], [ 35.551668462000123, 31.790436019000083 ], [ 35.551681294000105, 31.790483609000091 ], [ 35.551701912000055, 31.79056007500003 ], [ 35.551706594000052, 31.790577394000138 ], [ 35.551723405000132, 31.790662602000111 ], [ 35.55174478400005, 31.790779365000049 ], [ 35.551780643000086, 31.790975135999986 ], [ 35.551801479, 31.79112416900017 ], [ 35.551804933000142, 31.791150945000084 ], [ 35.551832893000153, 31.791367723000064 ], [ 35.551903558000049, 31.791833398000165 ], [ 35.551938719000191, 31.792018886000051 ], [ 35.551948549000087, 31.792270250000058 ], [ 35.551952074000155, 31.792358148000062 ], [ 35.551954539000064, 31.792419602000166 ], [ 35.551933324000174, 31.792663862000097 ], [ 35.551926897000101, 31.792682770000056 ], [ 35.551869991, 31.792850177000162 ], [ 35.551810749000083, 31.79298180800015 ], [ 35.551696172000106, 31.79318658 ], [ 35.551568621000115, 31.793362358000024 ], [ 35.551409292000187, 31.793556115000115 ], [ 35.551294380000058, 31.793669716000011 ], [ 35.551196435000065, 31.79377594500005 ], [ 35.551047380000057, 31.793937123000035 ], [ 35.55093233100007, 31.794058052000025 ], [ 35.550834399000109, 31.794167942000058 ], [ 35.55069393600013, 31.794332762000181 ], [ 35.550600168000187, 31.794453495000141 ], [ 35.550451137000039, 31.794621858000141 ], [ 35.55033601700012, 31.794724468000084 ], [ 35.549991024000064, 31.795086968000078 ], [ 35.549884525000039, 31.795200544000011 ], [ 35.549735234000025, 31.79534340500004 ], [ 35.5496160940001, 31.795475053000075 ], [ 35.54937756400011, 31.795760471000108 ], [ 35.549155553000105, 31.796051058000046 ], [ 35.549057506000111, 31.796175744000095 ], [ 35.549055217000159, 31.796178638000129 ], [ 35.549010038000063, 31.796235759000183 ], [ 35.548986869000032, 31.796260901000096 ], [ 35.548971935000054, 31.796283771000049 ], [ 35.548931687000049, 31.796334560000048 ], [ 35.548921020000193, 31.796348020000096 ], [ 35.548797381000156, 31.796512934000077 ], [ 35.548703715000045, 31.796663115000172 ], [ 35.548597232000191, 31.796827983000128 ], [ 35.548503360000097, 31.796967171000119 ], [ 35.548354309999979, 31.79722360500017 ], [ 35.548342741, 31.797256169000036 ], [ 35.54832785100001, 31.797298079000143 ], [ 35.548299336000071, 31.797351982000066 ], [ 35.548299429000167, 31.797377770000082 ], [ 35.548292599000149, 31.797396958000036 ], [ 35.548286526000084, 31.797414019000144 ], [ 35.548248686000136, 31.797626334000029 ], [ 35.548240688000192, 31.797787277999987 ], [ 35.548310360000073, 31.798072303000083 ], [ 35.548357874000089, 31.798207596000168 ], [ 35.548470013000042, 31.79851040300008 ], [ 35.548512735000031, 31.798763713000085 ], [ 35.548519923000129, 31.798806331000037 ], [ 35.54853914500012, 31.798920421000048 ], [ 35.548483422, 31.799115169000174 ], [ 35.548294716000044, 31.79931097400015 ], [ 35.548220373, 31.799376412000072 ], [ 35.548191664000058, 31.799401670000179 ], [ 35.548151294000093, 31.799437187000024 ], [ 35.548097815000176, 31.799489073000018 ], [ 35.548058232000187, 31.79952747800013 ], [ 35.547984735000057, 31.799598691000028 ], [ 35.547863663000157, 31.799699200000134 ], [ 35.547737567000013, 31.799825790999989 ], [ 35.547600482000178, 31.799971153000115 ], [ 35.547580728000128, 31.799992051000117 ], [ 35.547535719000052, 31.800039667000135 ], [ 35.547455013000103, 31.800170507000132 ], [ 35.547328901000128, 31.80038418200013 ], [ 35.547243268999978, 31.800567313000101 ], [ 35.547229288000153, 31.800598997000066 ], [ 35.547212827000124, 31.800636300000178 ], [ 35.547177804000171, 31.800715586000024 ], [ 35.547112277000167, 31.800846384000181 ], [ 35.546925435000162, 31.801103761000036 ], [ 35.546908037000151, 31.801129595000077 ], [ 35.546856043000105, 31.801206755000067 ], [ 35.546819576000189, 31.801260873999979 ], [ 35.546602512000163, 31.801557646000049 ], [ 35.546496442000091, 31.801701657000137 ], [ 35.54644835300013, 31.801759158000038 ], [ 35.546386364000057, 31.801833278000117 ], [ 35.546324754000125, 31.801906855000084 ], [ 35.546283632999973, 31.801942755000027 ], [ 35.546135599000024, 31.802072501000112 ], [ 35.546094922000123, 31.802107728000067 ], [ 35.546009436000134, 31.802181760000167 ], [ 35.54579717900009, 31.802348030000076 ], [ 35.545694918000038, 31.802435061999972 ], [ 35.545641726999975, 31.802480332000187 ], [ 35.545604536000042, 31.802508049999972 ], [ 35.545433425000169, 31.802645466000172 ], [ 35.545281881000051, 31.80276352400017 ], [ 35.54500390600009, 31.803008454000178 ], [ 35.544850887000109, 31.803130039000052 ], [ 35.544839053000032, 31.803143177000038 ], [ 35.544792341000061, 31.803186463000088 ], [ 35.544639895000046, 31.803327730000149 ], [ 35.544452927000066, 31.803506895000112 ], [ 35.544316490000028, 31.803651125000158 ], [ 35.544164892000083, 31.803847671000085 ], [ 35.544054908000078, 31.803999720000149 ], [ 35.544038464000153, 31.804022454000062 ], [ 35.543933616000174, 31.804141374000153 ], [ 35.543913228000065, 31.804162141000177 ], [ 35.543821037000157, 31.804267221000146 ], [ 35.543724913, 31.804380908000041 ], [ 35.543561932000159, 31.804532108000103 ], [ 35.543440517000136, 31.804632755 ], [ 35.543303906000119, 31.80472921300003 ], [ 35.543061248000072, 31.804886965000094 ], [ 35.542904309000164, 31.804974737000066 ], [ 35.542857364000099, 31.804997547000028 ], [ 35.542820379000148, 31.805015484000137 ], [ 35.542732339000167, 31.805058182000153 ], [ 35.542570435000073, 31.805141602000106 ], [ 35.542378277000182, 31.805255676000115 ], [ 35.542201103000082, 31.805360974000166 ], [ 35.542049343000144, 31.80551411800019 ], [ 35.542003617999967, 31.805592929000056 ], [ 35.541994402000114, 31.805608814000038 ], [ 35.541988976000027, 31.805614042000116 ], [ 35.541987187000132, 31.805621374 ], [ 35.541974965000179, 31.805642409000086 ], [ 35.541947991000086, 31.805688832999977 ], [ 35.541940360000069, 31.805810057000087 ], [ 35.54193534000018, 31.805889807000085 ], [ 35.541932835000068, 31.805928566000034 ], [ 35.541939205000062, 31.805956872000081 ], [ 35.541978266, 31.80612882700018 ], [ 35.542074346000163, 31.80628090600004 ], [ 35.542190605000087, 31.806445895000138 ], [ 35.542292648000114, 31.806558079000183 ], [ 35.542339021000089, 31.806609094 ], [ 35.542352452000046, 31.80662387000018 ], [ 35.542372665000073, 31.806641662000061 ], [ 35.542455246000031, 31.806714352000029 ], [ 35.542534700000033, 31.806784322000112 ], [ 35.542614351000168, 31.806863167000188 ], [ 35.542762391000167, 31.807009755000024 ], [ 35.54292435900004, 31.807174625000187 ], [ 35.542959377000102, 31.807230617000187 ], [ 35.542970593000121, 31.807248555000115 ], [ 35.543023766000033, 31.807333599 ], [ 35.543061787000056, 31.807537684000124 ], [ 35.543076975000076, 31.807677853000087 ], [ 35.543074178000097, 31.807911495000042 ], [ 35.543034702000057, 31.80813283100008 ], [ 35.543017050000174, 31.80827308500011 ], [ 35.542988599000012, 31.808484953000061 ], [ 35.542987833000154, 31.808598452000126 ], [ 35.542987519000121, 31.808644892000075 ], [ 35.542986623000047, 31.808763967000061 ], [ 35.542986638000116, 31.808768475000079 ], [ 35.542989169000066, 31.808834556000136 ], [ 35.542993918000036, 31.808958548000078 ], [ 35.543023657999981, 31.809107981000125 ], [ 35.543033326000113, 31.80914719000009 ], [ 35.543060327000092, 31.809256690000041 ], [ 35.543066689000113, 31.809282459000144 ], [ 35.543077102000154, 31.809333726000034 ], [ 35.543097816999989, 31.809450488000095 ], [ 35.543104860000142, 31.809516183000142 ], [ 35.543120517000091, 31.809662222000043 ], [ 35.543119916000137, 31.809817029000158 ], [ 35.543119829000034, 31.809839352000154 ], [ 35.543111342000145, 31.809941954000124 ], [ 35.543105908000086, 31.810007639000105 ], [ 35.543084548000081, 31.810172703000092 ], [ 35.54308283600011, 31.810176581000064 ], [ 35.543054594000068, 31.810240560000125 ], [ 35.543015800000092, 31.81032873200013 ], [ 35.542986209, 31.810360656000114 ], [ 35.542966778000107, 31.81038162700014 ], [ 35.542917496000086, 31.810434815000121 ], [ 35.542781795000167, 31.810511721000069 ], [ 35.542768623000143, 31.810519186000079 ], [ 35.542757259000098, 31.81052569600007 ], [ 35.542574995000109, 31.810594654000113 ], [ 35.542457503000151, 31.810641038000028 ], [ 35.542387476000101, 31.810668713000098 ], [ 35.542352700000095, 31.810682456000109 ], [ 35.542196004000118, 31.810748246 ], [ 35.54205260800012, 31.810818323000035 ], [ 35.542024456000092, 31.810832081000115 ], [ 35.542010187000074, 31.810839054000098 ], [ 35.542007022000064, 31.810841725000046 ], [ 35.541991594000081, 31.810854744000153 ], [ 35.541835296000102, 31.810986056000161 ], [ 35.541767643000071, 31.811126865000176 ], [ 35.541763685000092, 31.811135055000136 ], [ 35.541755847000161, 31.811151273000064 ], [ 35.541814773000056, 31.81129442800011 ], [ 35.54193919700009, 31.81138767300007 ], [ 35.542076745000088, 31.811458054000127 ], [ 35.542248572000176, 31.811516792000191 ], [ 35.542632275000017, 31.811665305000133 ], [ 35.542885005000187, 31.81175744900014 ], [ 35.542903590000037, 31.811764225000161 ], [ 35.542920938, 31.811770522000074 ], [ 35.543003114999976, 31.811815964000061 ], [ 35.543011050000189, 31.81182031100019 ], [ 35.543047171000069, 31.81184026800014 ], [ 35.543162343, 31.811903902000097 ], [ 35.543316065000113, 31.812021871000127 ], [ 35.543477251000127, 31.812195901000166 ], [ 35.543579974000011, 31.812310901000103 ], [ 35.54368017000013, 31.812440989000038 ], [ 35.543701830000145, 31.812469111000041 ], [ 35.543705319000026, 31.812475442000107 ], [ 35.543792717000144, 31.812596965000125 ], [ 35.543859018000035, 31.812771241000178 ], [ 35.543877794000139, 31.812945644000138 ], [ 35.543879336000089, 31.813007782000113 ], [ 35.543880278000188, 31.813047655000105 ], [ 35.54388206100009, 31.81312318300013 ], [ 35.543866621, 31.813282532000073 ], [ 35.543864553000049, 31.813303880000092 ], [ 35.543861317000108, 31.813315847000126 ], [ 35.543840555000031, 31.813392625000063 ], [ 35.5438375170001, 31.813403858000186 ], [ 35.543814065000106, 31.813491003000024 ], [ 35.543694103000121, 31.813631525000119 ], [ 35.543523024000137, 31.813737936000109 ], [ 35.543363860000113, 31.813807679000092 ], [ 35.543137596000179, 31.813848709000126 ], [ 35.542896871999972, 31.813861879000171 ], [ 35.542608327000039, 31.813837685000124 ], [ 35.54236356600012, 31.813782237000169 ], [ 35.542184649000149, 31.813726618000089 ], [ 35.541884946000096, 31.813627771000142 ], [ 35.541698624000162, 31.81357836900014 ], [ 35.541362818999971, 31.813582339000106 ], [ 35.541192050000177, 31.813684237000189 ], [ 35.541184312000041, 31.813688766000155 ], [ 35.541175797000164, 31.813707389000172 ], [ 35.541111935000174, 31.813847763000069 ], [ 35.541101529000059, 31.813984898000115 ], [ 35.541145623000148, 31.814133729000105 ], [ 35.541153762000192, 31.814148505000048 ], [ 35.541169235000154, 31.814176377000081 ], [ 35.541230160000111, 31.81428612000019 ], [ 35.541377001000114, 31.814510074000054 ], [ 35.541534636000108, 31.814705958000104 ], [ 35.541655609000031, 31.814848954000013 ], [ 35.541689030000043, 31.814894280000033 ], [ 35.541820604000122, 31.815072720000046 ], [ 35.542011480000099, 31.815380684000161 ], [ 35.542012931000158, 31.815385654000011 ], [ 35.542066942000076, 31.81557063200006 ], [ 35.542031071000054, 31.815738974000112 ], [ 35.541892616000041, 31.815832760000092 ], [ 35.541637281000135, 31.815867663 ], [ 35.541464405000056, 31.815841620000072 ], [ 35.541455155000165, 31.815838966000058 ], [ 35.541411048000157, 31.815826961000027 ], [ 35.541377577000162, 31.815817789000164 ], [ 35.541224181000075, 31.81577575700004 ], [ 35.541216953000173, 31.815773776000185 ], [ 35.541030956000156, 31.815722823000101 ], [ 35.540797081000051, 31.815667344000076 ], [ 35.540607256999976, 31.815655434000121 ], [ 35.540417556000193, 31.815677624000045 ], [ 35.540227934000143, 31.815721796000105 ], [ 35.540020188000028, 31.815821958000072 ], [ 35.539860048000094, 31.815943977000131 ], [ 35.53972901800006, 31.816084382000099 ], [ 35.539539357000081, 31.816352606000123 ], [ 35.539449400000024, 31.816487973 ], [ 35.53939112900008, 31.816623116000073 ], [ 35.539351116000091, 31.816789075000088 ], [ 35.539369649000093, 31.816943467000044 ], [ 35.539401282000142, 31.816967995000141 ], [ 35.539409860000148, 31.816974647000166 ], [ 35.539415714000086, 31.816996331000155 ], [ 35.539466454000035, 31.817018608000126 ], [ 35.53947314200002, 31.81702380400003 ], [ 35.539532978000182, 31.817070293000086 ], [ 35.539655342, 31.817089634000126 ], [ 35.539670690000037, 31.817092060000164 ], [ 35.539772569000036, 31.817108287000167 ], [ 35.539794661000087, 31.817110971000034 ], [ 35.539799811000137, 31.817111597000121 ], [ 35.539988356000038, 31.817134925000062 ], [ 35.540178248000132, 31.817165297000088 ], [ 35.540409050000051, 31.817237976000172 ], [ 35.540639962000114, 31.817341656000053 ], [ 35.540911718000075, 31.817468199000132 ], [ 35.541061055000057, 31.81751022900005 ], [ 35.541250932000082, 31.817536791000123 ], [ 35.541427252000062, 31.81750928200006 ], [ 35.541607819000035, 31.817470345000118 ], [ 35.541856215000109, 31.817384731000118 ], [ 35.542086635000032, 31.817349468000145 ], [ 35.542497775000129, 31.817317544000161 ], [ 35.542696990000138, 31.81737099500009 ], [ 35.542823867999971, 31.817455495000161 ], [ 35.542919419000157, 31.817640546000064 ], [ 35.542946994000033, 31.81778322100007 ], [ 35.542939222000143, 31.817949775000159 ], [ 35.542938715000162, 31.817960650000089 ], [ 35.542883491000055, 31.818089961000055 ], [ 35.54285786500003, 31.818149966000135 ], [ 35.542705116000093, 31.818401189000042 ], [ 35.542523677000133, 31.818613453000182 ], [ 35.542375055000093, 31.818772083000169 ], [ 35.542275938000159, 31.818884225000033 ], [ 35.542118335000168, 31.819069794000029 ], [ 35.541933661000144, 31.819255434000127 ], [ 35.541803149000032, 31.819402462000028 ], [ 35.541690596000024, 31.819541554000182 ], [ 35.541497161000109, 31.81981598800013 ], [ 35.541444233000163, 31.81989942600012 ], [ 35.541410671000051, 31.819952335000153 ], [ 35.541389338000158, 31.819986069000095 ], [ 35.541291204000174, 31.82014287700008 ], [ 35.541262979000066, 31.820188041999984 ], [ 35.541251494000107, 31.820206472000109 ], [ 35.54122753200005, 31.820244920999983 ], [ 35.541151504000027, 31.82049213900001 ], [ 35.541080162000128, 31.82075850700005 ], [ 35.54103104800015, 31.82091688200012 ], [ 35.54098205400004, 31.821062710999968 ], [ 35.54091035700003, 31.821228750000159 ], [ 35.540879259000121, 31.82139482700012 ], [ 35.540830498000105, 31.821653387000026 ], [ 35.540853888000072, 31.821873292000191 ], [ 35.540922376000026, 31.822058274000028 ], [ 35.541058445000033, 31.822219974000063 ], [ 35.541221757000017, 31.82238540600008 ], [ 35.541421108000122, 31.822473665000189 ], [ 35.541579321000142, 31.822504116000175 ], [ 35.541742158000034, 31.822488194000073 ], [ 35.541945085, 31.822375783000098 ], [ 35.542085765000138, 31.822255642000187 ], [ 35.542168857000092, 31.822184689000096 ], [ 35.542308466000179, 31.822041581000178 ], [ 35.542458302000114, 31.82189760100016 ], [ 35.542461924000065, 31.82189477300011 ], [ 35.54246817700016, 31.821890107000058 ], [ 35.542633229000103, 31.821755530000189 ], [ 35.542674590000104, 31.821737666000161 ], [ 35.54268249200004, 31.821731869000132 ], [ 35.542691400000024, 31.821730438000088 ], [ 35.542971633000036, 31.821684897000125 ], [ 35.543116576000045, 31.821742296000025 ], [ 35.543248040000094, 31.821861590000083 ], [ 35.543465751000099, 31.82205393300012 ], [ 35.543606515000192, 31.822234920000085 ], [ 35.543720034000046, 31.822365815000182 ], [ 35.543874138000035, 31.822492658999977 ], [ 35.544032783000091, 31.822596521000094 ], [ 35.544191274000184, 31.822657827000171 ], [ 35.544385632000058, 31.822641818000193 ], [ 35.544513494000171, 31.82258385199998 ], [ 35.544518651000146, 31.82258168400017 ], [ 35.544536691000076, 31.82257410200009 ], [ 35.544549254000117, 31.822568821000061 ], [ 35.544576725000184, 31.822531837000042 ], [ 35.544656014000054, 31.822425092000174 ], [ 35.544763985000031, 31.822251206000033 ], [ 35.544813161000036, 31.822112137000147 ], [ 35.544922255000131, 31.821963976000063 ], [ 35.544955064000135, 31.821919418000107 ], [ 35.544976712000107, 31.821881458000121 ], [ 35.54500154200008, 31.821856168000181 ], [ 35.545024306000187, 31.821825238000088 ], [ 35.545060667000087, 31.821775833 ], [ 35.545102692000057, 31.821745396000097 ], [ 35.545128815, 31.821726477000027 ], [ 35.545219514000166, 31.821660857000097 ], [ 35.545231861, 31.821651947000078 ], [ 35.545241423999983, 31.821649244000128 ], [ 35.545412561000035, 31.821601308000083 ], [ 35.545692928000051, 31.821639184000162 ], [ 35.545860677000178, 31.821750630000167 ], [ 35.546001291999971, 31.821889200000101 ], [ 35.54605787100013, 31.822011847000169 ], [ 35.546068491000142, 31.822034869000163 ], [ 35.546074145999967, 31.822047115000089 ], [ 35.546088735000012, 31.822157128000015 ], [ 35.54609263499998, 31.822186005000049 ], [ 35.546093142000132, 31.822189385000115 ], [ 35.546103684000116, 31.822297626000136 ], [ 35.546108907000132, 31.822351254000125 ], [ 35.546105410000109, 31.822617447000027 ], [ 35.546110352000142, 31.822752430000094 ], [ 35.546142598000131, 31.823110397000107 ], [ 35.54614336000003, 31.823118856 ], [ 35.546147160000146, 31.823135062000119 ], [ 35.546203031000061, 31.823373331000028 ], [ 35.546330158000046, 31.823523491 ], [ 35.546502282000063, 31.823611814000117 ], [ 35.546687719000033, 31.823638241000083 ], [ 35.546895653000036, 31.823633889000121 ], [ 35.547139675000153, 31.823613942000122 ], [ 35.54732371200015, 31.823573015000022 ], [ 35.547331165000173, 31.823571357000105 ], [ 35.547412813000165, 31.82355319300018 ], [ 35.547465366000154, 31.823541502000182 ], [ 35.54759597400016, 31.823512409000159 ], [ 35.547797798000147, 31.823461010000074 ], [ 35.547809295000093, 31.823458078000044 ], [ 35.547871502000191, 31.823442214000124 ], [ 35.548070317000054, 31.823426329000142 ], [ 35.548074013000189, 31.82342638900019 ], [ 35.548085336000099, 31.823426571000027 ], [ 35.548269080000068, 31.823429532000148 ], [ 35.548273162000044, 31.823429598000189 ], [ 35.548428266000087, 31.823465544000101 ], [ 35.548454695000032, 31.823471675000178 ], [ 35.548491228000159, 31.823487924000176 ], [ 35.548620773000096, 31.823530560000165 ], [ 35.548635208000121, 31.823551659000032 ], [ 35.548644963000129, 31.823556001000043 ], [ 35.548749371999975, 31.823675360000095 ], [ 35.548768033000044, 31.823860471000046 ], [ 35.548746024000081, 31.82402638200017 ], [ 35.548719461000076, 31.82416539400009 ], [ 35.548709489000146, 31.824191490000146 ], [ 35.548655214, 31.824334940000085 ], [ 35.548612718000072, 31.824449334000178 ], [ 35.548592284000165, 31.824502220000113 ], [ 35.548567264000042, 31.824566974000106 ], [ 35.548407741000062, 31.82499647700007 ], [ 35.548294907000127, 31.82528494100012 ], [ 35.54827101900014, 31.825434231000031 ], [ 35.548251387000107, 31.825618315000156 ], [ 35.54823985500019, 31.825805761000026 ], [ 35.548212042000102, 31.82601058 ], [ 35.548184284000115, 31.826184258000183 ], [ 35.548173307000013, 31.826227646000063 ], [ 35.548164271000189, 31.826263363000066 ], [ 35.548136124000052, 31.826375323000093 ], [ 35.547992635000185, 31.826585661000081 ], [ 35.547874955000054, 31.82667629700012 ], [ 35.547716687000104, 31.826770421999981 ], [ 35.547558319000132, 31.826836787000104 ], [ 35.547347020000132, 31.826917242000093 ], [ 35.547236367000153, 31.826988411000173 ], [ 35.547206121000102, 31.827007913000045 ], [ 35.54713608600008, 31.827053072000126 ], [ 35.547035009000183, 31.827216516000135 ], [ 35.546990857000083, 31.827376427000161 ], [ 35.546991684000034, 31.827605409000057 ], [ 35.547069704000137, 31.827820519000113 ], [ 35.547151735000057, 31.828003913000032 ], [ 35.547221354000044, 31.828132101000165 ], [ 35.547315385000104, 31.828301934000081 ], [ 35.547409683000069, 31.82849952700019 ], [ 35.547451138000042, 31.828690355000163 ], [ 35.547459942000046, 31.828888315000029 ], [ 35.547424002000128, 31.829082728000174 ], [ 35.54735528600014, 31.829204375000018 ], [ 35.547335174000068, 31.829224423000085 ], [ 35.547264999, 31.829294376000121 ], [ 35.54723704200012, 31.8293222100001 ], [ 35.547232271000155, 31.829326731000037 ], [ 35.54709168100004, 31.829427291000172 ], [ 35.546990002000086, 31.829470960000151 ], [ 35.546985223000149, 31.829473084000142 ], [ 35.546962484000119, 31.829482870000106 ], [ 35.546896731000118, 31.829511084000103 ], [ 35.546730294000099, 31.829584513000043 ], [ 35.54642961899998, 31.829689439000049 ], [ 35.546279268999967, 31.82973844900016 ], [ 35.545986872000071, 31.8298502560001 ], [ 35.545820255000024, 31.829920162 ], [ 35.545674167000186, 31.830007208000097 ], [ 35.545528772000182, 31.830102985000167 ], [ 35.545511877000081, 31.830114070999969 ], [ 35.545483489000048, 31.830132697000124 ], [ 35.545357827000146, 31.83029278500004 ], [ 35.545357795000143, 31.830292819000022 ], [ 35.545347293000134, 31.830308629000115 ], [ 35.545265351000126, 31.830379442000037 ], [ 35.545236810000176, 31.830474915000025 ], [ 35.545223806000138, 31.830494404000092 ], [ 35.545218914000088, 31.830501736000031 ], [ 35.545208153000033, 31.83054679300011 ], [ 35.545181028000172, 31.830660361000071 ], [ 35.545181373000105, 31.830664587000058 ], [ 35.545182246000081, 31.830677549000086 ], [ 35.545187260000148, 31.830745282000066 ], [ 35.545191090000117, 31.830797020000091 ], [ 35.54520228400014, 31.830832207000071 ], [ 35.545216801000038, 31.830877836000013 ], [ 35.545231824000098, 31.830924721000088 ], [ 35.545236497000019, 31.830939083000032 ], [ 35.545236617000057, 31.830939317000059 ], [ 35.545300990000158, 31.83106460800002 ], [ 35.545474512000112, 31.831217184000025 ], [ 35.54570854900004, 31.831260395000186 ], [ 35.546057597000129, 31.831248487000039 ], [ 35.546268967, 31.831230741000184 ], [ 35.54629174400003, 31.831231245000083 ], [ 35.54655091799998, 31.831241697000053 ], [ 35.546714301000122, 31.831282272000124 ], [ 35.546895674000098, 31.831363795000186 ], [ 35.546907231999967, 31.831368990000158 ], [ 35.546915677000072, 31.831382332000032 ], [ 35.546944897000174, 31.831428497000047 ], [ 35.546957364000036, 31.831448193000085 ], [ 35.546990563000065, 31.831500243000107 ], [ 35.546997522000026, 31.831645083000183 ], [ 35.546962931000053, 31.831801024000015 ], [ 35.546857909000096, 31.832017179000047 ], [ 35.546813295000106, 31.832094375000054 ], [ 35.546803946000125, 31.832110886000123 ], [ 35.546763763000115, 31.832182013000192 ], [ 35.54665240900016, 31.832363451000106 ], [ 35.54655257800016, 31.832526114000188 ], [ 35.546466997000095, 31.832777725000142 ], [ 35.546463454000047, 31.832803644000023 ], [ 35.546457670000109, 31.832845952000184 ], [ 35.546438849000026, 31.832982827000023 ], [ 35.546465437000109, 31.833215122000183 ], [ 35.546542799000122, 31.833384440000145 ], [ 35.546624129000122, 31.833463842000128 ], [ 35.54664135600018, 31.833480704000124 ], [ 35.546647577000101, 31.833486671000173 ], [ 35.546648976000142, 31.833488013000078 ], [ 35.546655050000084, 31.833491599000013 ], [ 35.546708852000108, 31.833523363000154 ], [ 35.546828776000098, 31.833594069000185 ], [ 35.546982799000091, 31.833692021000104 ], [ 35.547098528, 31.833790214000146 ], [ 35.547239999000055, 31.833931882000115 ], [ 35.547310924000158, 31.834054711000078 ], [ 35.547377797000138, 31.834380889000045 ], [ 35.547457605000147, 31.834586975000093 ], [ 35.547572300000127, 31.834717862000161 ], [ 35.547587853000095, 31.834727543000156 ], [ 35.547604308000132, 31.83473775900012 ], [ 35.547704482000029, 31.834799949000114 ], [ 35.547836690000167, 31.834889642000178 ], [ 35.547990698000092, 31.834982941000135 ], [ 35.548215378000066, 31.835128616000191 ], [ 35.548417983000036, 31.835240530000078 ], [ 35.548528103000081, 31.835337749000189 ], [ 35.548638413000162, 31.835442437000154 ], [ 35.548770565000041, 31.835562145000097 ], [ 35.548817489000044, 31.835615410000173 ], [ 35.548837692, 31.835638343000028 ], [ 35.548978079000165, 31.835797766000155 ], [ 35.549001690000068, 31.835935940000013 ], [ 35.549012358000084, 31.835998428000039 ], [ 35.549023829000078, 31.83606561400012 ], [ 35.54902665000003, 31.836082139000155 ], [ 35.549036429000012, 31.836138903000062 ], [ 35.548949145999984, 31.836330352000175 ], [ 35.548839776000193, 31.836439425000037 ], [ 35.548712635000072, 31.836518392000073 ], [ 35.548577289000036, 31.836565816000132 ], [ 35.54856673900008, 31.836569507000149 ], [ 35.548562783000079, 31.836570925999979 ], [ 35.548475575000168, 31.836601595000161 ], [ 35.548247144000186, 31.83660586000002 ], [ 35.548181727000042, 31.836591379000026 ], [ 35.548146402000043, 31.836591332000069 ], [ 35.54814389600017, 31.836590544000046 ], [ 35.548064603000114, 31.836565619000169 ], [ 35.548050271000136, 31.836562459999982 ], [ 35.547877601000096, 31.836524403000169 ], [ 35.547710549000101, 31.83647608900003 ], [ 35.547552065000161, 31.836424087000182 ], [ 35.547371764000047, 31.836364533000051 ], [ 35.5471341760001, 31.836301326000068 ], [ 35.546967239000082, 31.836285420000024 ], [ 35.546959151000124, 31.836284645000035 ], [ 35.546905650000042, 31.836279521000108 ], [ 35.546747563, 31.836291211000059 ], [ 35.546688912000036, 31.836319057000026 ], [ 35.546678026000052, 31.836324225999988 ], [ 35.546580804000143, 31.836370280000096 ], [ 35.546446661000175, 31.836522537000178 ], [ 35.546430837000116, 31.83654053500004 ], [ 35.54638929000015, 31.836587788000145 ], [ 35.546400948000041, 31.836672806000081 ], [ 35.546410479000031, 31.836742313000059 ], [ 35.546417806000193, 31.836759907999976 ], [ 35.546493905000148, 31.836944164000158 ], [ 35.546512832000019, 31.836974831000134 ], [ 35.546539629000051, 31.83701800800003 ], [ 35.546639347000109, 31.837178681000125 ], [ 35.546725970000068, 31.837306121000154 ], [ 35.546819613000139, 31.837457496000184 ], [ 35.546895806000123, 31.837576226000067 ], [ 35.546975532000147, 31.837712702000147 ], [ 35.547055245000081, 31.837846217999981 ], [ 35.5471562030001, 31.838103399000033 ], [ 35.547194529000024, 31.838248862000114 ], [ 35.547226046000105, 31.838382646000127 ], [ 35.547249978000082, 31.838548602 ], [ 35.547254322000128, 31.838578722000193 ], [ 35.547250299000041, 31.838621746000058 ], [ 35.547240972000054, 31.838721502000112 ], [ 35.547228392000079, 31.838800197000126 ], [ 35.547216274000164, 31.838876005000031 ], [ 35.547207234000098, 31.838932817000114 ], [ 35.547139067000103, 31.839161980000142 ], [ 35.547118914000123, 31.839204306999989 ], [ 35.547098200000164, 31.839247792000151 ], [ 35.547063871000091, 31.839319860000046 ], [ 35.547019487000114, 31.839462721000075 ], [ 35.547002607000138, 31.839532265000173 ], [ 35.546986631999971, 31.839598083000112 ], [ 35.546985494000069, 31.839602595000088 ], [ 35.546985342000085, 31.839606260000153 ], [ 35.546982347999972, 31.839671189000114 ], [ 35.546979065000187, 31.839742397000123 ], [ 35.547010667000109, 31.83989985300019 ], [ 35.547080578000134, 31.840151904000152 ], [ 35.547102091000056, 31.840395626000088 ], [ 35.547071671000026, 31.840565226000081 ], [ 35.546976752000035, 31.840708555000106 ], [ 35.546953137000173, 31.840744214000154 ], [ 35.546951332000106, 31.840746755999987 ], [ 35.546949521000045, 31.840748732000179 ], [ 35.54692194900008, 31.840771916000108 ], [ 35.546738541000138, 31.840926132000106 ], [ 35.546604341000091, 31.841018783000038 ], [ 35.54655915800015, 31.841048434000072 ], [ 35.546526942000128, 31.841069575000176 ], [ 35.546435875000157, 31.841129420000073 ], [ 35.546366032000151, 31.841170328000032 ], [ 35.546290089000024, 31.841214805000106 ], [ 35.546277575000033, 31.841222134000077 ], [ 35.546150266000041, 31.84130293000004 ], [ 35.546012598000061, 31.841395589000115 ], [ 35.545827219000046, 31.841531774000146 ], [ 35.545769053000072, 31.841590385000075 ], [ 35.545746460000032, 31.841613151 ], [ 35.545679355000118, 31.841680966000013 ], [ 35.545567203000076, 31.841799627000171 ], [ 35.545546619000106, 31.841821449000179 ], [ 35.545507508000185, 31.841862911000078 ], [ 35.545446042000037, 31.842029772000103 ], [ 35.545401985000069, 31.84226478700009 ], [ 35.545430296000177, 31.842517369000063 ], [ 35.545451859000082, 31.842560753999976 ], [ 35.545458064000172, 31.842573239000046 ], [ 35.545483313000034, 31.84262412400011 ], [ 35.545537879000108, 31.842734095000026 ], [ 35.545741787000111, 31.842837413000041 ], [ 35.545846720000156, 31.84284729400008 ], [ 35.545852426000124, 31.842847831000029 ], [ 35.545915252000157, 31.842853706000085 ], [ 35.545924255000102, 31.842854548000162 ], [ 35.546017720000123, 31.842863320000163 ], [ 35.546286590000136, 31.842853455000125 ], [ 35.546506924000084, 31.842842307000126 ], [ 35.546538287000089, 31.84284152000015 ], [ 35.54655255900002, 31.842840017000071 ], [ 35.546693398000059, 31.842825189000109 ], [ 35.546855500000163, 31.842824622000137 ], [ 35.547048646000121, 31.842826933000083 ], [ 35.547510704, 31.842831351000086 ], [ 35.547705271000041, 31.84285040900005 ], [ 35.547716625000078, 31.842851521000171 ], [ 35.547745357000167, 31.842854265000028 ], [ 35.54795579000006, 31.842889219000085 ], [ 35.548218911000049, 31.842932771000108 ], [ 35.548309325000105, 31.842957011000181 ], [ 35.54833341900013, 31.842963470000086 ], [ 35.548414219000051, 31.842985097 ], [ 35.548639951000098, 31.843096948000152 ], [ 35.548722935000058, 31.843219604000126 ], [ 35.548765573000026, 31.843414656000107 ], [ 35.548734211000067, 31.843597220000106 ], [ 35.548690445000034, 31.843727540000089 ], [ 35.548538683000061, 31.843939731000148 ], [ 35.54846030200008, 31.843993628000078 ], [ 35.548415678000083, 31.844024181000179 ], [ 35.548342401000184, 31.844074541000111 ], [ 35.548326082000131, 31.844080501000064 ], [ 35.548306266000111, 31.844087716000047 ], [ 35.548253914000043, 31.844106776 ], [ 35.548239528000067, 31.844112014000075 ], [ 35.548168145000147, 31.844137989000046 ], [ 35.547979026, 31.844199363000143 ], [ 35.547701206000113, 31.844246173000101 ], [ 35.547497324000119, 31.844288704000121 ], [ 35.547276246000138, 31.844369043000142 ], [ 35.546984134000127, 31.844480992000058 ], [ 35.546807287000149, 31.844559101000073 ], [ 35.546637650000093, 31.84462197 ], [ 35.546245978000172, 31.844821406000165 ], [ 35.545984871000144, 31.844925521000164 ], [ 35.545587976999968, 31.845050566000111 ], [ 35.545200791000127, 31.845167268000182 ], [ 35.544852503000072, 31.845312898000145 ], [ 35.544494670000063, 31.845466723000186 ], [ 35.54426742600009, 31.84557892000015 ], [ 35.544231868000168, 31.845606066000073 ], [ 35.544195373000036, 31.845633907000149 ], [ 35.544093413000155, 31.84571169100019 ], [ 35.543983517000129, 31.84582895900013 ], [ 35.543949518000034, 31.845865238000044 ], [ 35.543943434000084, 31.845871876000047 ], [ 35.543941133000146, 31.845874277000178 ], [ 35.543925585000125, 31.845890804000192 ], [ 35.54391482, 31.84590224700014 ], [ 35.543852413000081, 31.846038813000064 ], [ 35.543851459, 31.84604157800004 ], [ 35.543835583000146, 31.846087612000133 ], [ 35.543832478000127, 31.846096356000146 ], [ 35.543793686000129, 31.846188896000172 ], [ 35.543783953000116, 31.846236832000045 ], [ 35.543776762000164, 31.846257426000136 ], [ 35.543761558000142, 31.846344970000132 ], [ 35.54375526900003, 31.846381552000139 ], [ 35.543753148000121, 31.846393891000162 ], [ 35.543755377000082, 31.84641367800009 ], [ 35.543762527000126, 31.846477144 ], [ 35.543764063000083, 31.846491654000147 ], [ 35.543765089000146, 31.84650081 ], [ 35.543769131000147, 31.846536500000127 ], [ 35.543773098000031, 31.846571528000027 ], [ 35.543789297000046, 31.846604750000097 ], [ 35.543805694000071, 31.846638378000023 ], [ 35.543834919000062, 31.846698534000041 ], [ 35.543841452000152, 31.846711980000123 ], [ 35.54384545400012, 31.846716439000033 ], [ 35.543863659000124, 31.846736723000106 ], [ 35.543928131000143, 31.846807998000031 ], [ 35.543935902000158, 31.84681662100013 ], [ 35.543967911000038, 31.846852141000056 ], [ 35.544037042000184, 31.846882043000051 ], [ 35.544053721000068, 31.846889258000033 ], [ 35.544117092000079, 31.846930240000063 ], [ 35.544165655000086, 31.846937721000018 ], [ 35.544166380000036, 31.846938037000086 ], [ 35.544176566000033, 31.846942485000056 ], [ 35.544467465000025, 31.846995553 ], [ 35.544588957000087, 31.846992842000077 ], [ 35.54459147100016, 31.846992782000086 ], [ 35.544675781000024, 31.846990782000091 ], [ 35.544713919000174, 31.846987537000075 ], [ 35.544728755000108, 31.84698627500012 ], [ 35.54492762000018, 31.846969549000164 ], [ 35.5451212910001, 31.846931843000107 ], [ 35.54533420000007, 31.846873369000036 ], [ 35.545503561000089, 31.846823325000173 ], [ 35.54558603400011, 31.846804648000102 ], [ 35.545601867000073, 31.846801044000188 ], [ 35.545687476000126, 31.846781556000167 ], [ 35.545926475000101, 31.846759427000052 ], [ 35.545955314000082, 31.846756757000151 ], [ 35.545955429, 31.846756746000096 ], [ 35.546055484000021, 31.84674747400004 ], [ 35.546288158000095, 31.846767576000104 ], [ 35.54646776200002, 31.846857994000118 ], [ 35.546608842000182, 31.84702291300016 ], [ 35.546667457000126, 31.847163389000059 ], [ 35.546677883000086, 31.847353454000086 ], [ 35.546625189, 31.847527195000112 ], [ 35.546543542999984, 31.847729903000015 ], [ 35.546442540999976, 31.847920399000145 ], [ 35.546283293000158, 31.848119223000083 ], [ 35.546239363000041, 31.848160626000038 ], [ 35.545988792, 31.84839689000006 ], [ 35.545785870000088, 31.848525653000138 ], [ 35.545663063000177, 31.848575716000141 ], [ 35.545602071000076, 31.848600535000116 ], [ 35.545535889000121, 31.8486053580001 ], [ 35.545520969000108, 31.848606455000095 ], [ 35.545428611000148, 31.848613248000049 ], [ 35.545426979000183, 31.848613369000134 ], [ 35.545369528000151, 31.848617631000138 ], [ 35.545107827000038, 31.84860591600011 ], [ 35.544797800000083, 31.848606727000117 ], [ 35.544550714000081, 31.848619773000109 ], [ 35.544451877000142, 31.848633138000082 ], [ 35.544346724000036, 31.848647334000191 ], [ 35.544269876000101, 31.848657709000065 ], [ 35.544234597000127, 31.848670260000119 ], [ 35.544214809000039, 31.848677299000087 ], [ 35.544019927000079, 31.848746855000172 ], [ 35.543850475000113, 31.84877209800004 ], [ 35.543632327000182, 31.848751952000157 ], [ 35.543365497000138, 31.848645131000069 ], [ 35.543200419000129, 31.848554671000045 ], [ 35.543025870000179, 31.848493126000051 ], [ 35.542759204000163, 31.848431816000129 ], [ 35.542599121000137, 31.848399118000088 ], [ 35.542426553000098, 31.848384065000175 ], [ 35.542417975000092, 31.84838335600017 ], [ 35.542414995000172, 31.848383110000157 ], [ 35.542385498000158, 31.848386637000033 ], [ 35.542294534000064, 31.848397513 ], [ 35.542290903000037, 31.84839794700008 ], [ 35.542201960000057, 31.848408463000055 ], [ 35.542055651000112, 31.84848874000005 ], [ 35.542041158000075, 31.848496699000066 ], [ 35.542027807000125, 31.848504031000118 ], [ 35.542020838000155, 31.848520108000116 ], [ 35.542013071000156, 31.848538028000178 ], [ 35.542012089000082, 31.848540286 ], [ 35.541969020000124, 31.848638895000079 ], [ 35.54196351100012, 31.848651613000072 ], [ 35.541955759000189, 31.848669508000057 ], [ 35.541963721000172, 31.848725255000147 ], [ 35.541970827, 31.84877501200009 ], [ 35.541975739000065, 31.848809946000131 ], [ 35.542039106000061, 31.848942098000066 ], [ 35.542189877000055, 31.849094596000043 ], [ 35.542437569000072, 31.849251073000119 ], [ 35.54247382799997, 31.849281273000145 ], [ 35.542482097000061, 31.849288168000101 ], [ 35.54271441700007, 31.849481871000023 ], [ 35.542800209000063, 31.849546273000044 ], [ 35.542943010999977, 31.849653471000011 ], [ 35.543022981000036, 31.849718649000067 ], [ 35.543074143000183, 31.849760506000109 ], [ 35.543195759000128, 31.849884193000094 ], [ 35.543317406000142, 31.850016193000044 ], [ 35.543414587000086, 31.850139943000158 ], [ 35.543502392000164, 31.850272030000156 ], [ 35.543589999000062, 31.850395805000176 ], [ 35.543668464000064, 31.850639380000132 ], [ 35.543712549000077, 31.85077989500013 ], [ 35.543761613000072, 31.850973944000145 ], [ 35.543801536000046, 31.851288076000174 ], [ 35.543753091000042, 31.85140628500011 ], [ 35.543746235000185, 31.851423044000171 ], [ 35.543715122000037, 31.851499104000084 ], [ 35.543633190000151, 31.851623321000147 ], [ 35.543563739000035, 31.851707911000176 ], [ 35.54354820500015, 31.851726831000178 ], [ 35.543541468000058, 31.851735162000068 ], [ 35.543515779000131, 31.851752984000086 ], [ 35.543457340000032, 31.851793502000078 ], [ 35.54341581500006, 31.851822294000158 ], [ 35.543275530000074, 31.851880431999973 ], [ 35.543120645000101, 31.851918035000153 ], [ 35.542859128000089, 31.851960145000078 ], [ 35.542655825000054, 31.851985474000173 ], [ 35.542321577999985, 31.852002829000071 ], [ 35.542142041000147, 31.851932978000093 ], [ 35.542025244000172, 31.851772078000067 ], [ 35.542020161000039, 31.851642734000052 ], [ 35.542019806000098, 31.851635689000091 ], [ 35.542027369000095, 31.85161884900009 ], [ 35.542101538000111, 31.851453701000139 ], [ 35.542250624000189, 31.851303328000029 ], [ 35.542281664000086, 31.851272020000124 ], [ 35.542294659000163, 31.851258880000103 ], [ 35.542497547999972, 31.851072350000095 ], [ 35.542533463000041, 31.851004478000164 ], [ 35.542546028000118, 31.85098119100013 ], [ 35.542608874000166, 31.850864715000057 ], [ 35.542623991000085, 31.850836698000137 ], [ 35.54263630700018, 31.850632765000057 ], [ 35.542636461000029, 31.850629666000088 ], [ 35.542563026000096, 31.850452164000103 ], [ 35.542446480000024, 31.850361580000083 ], [ 35.542179809000061, 31.850300270000162 ], [ 35.541974556000071, 31.850286712000127 ], [ 35.541764440000065, 31.850297825000041 ], [ 35.541570727000135, 31.850326368000026 ], [ 35.541261887000189, 31.850383391000037 ], [ 35.541047829000036, 31.850447356000075 ], [ 35.540829829000131, 31.850563891000036 ], [ 35.540656980000108, 31.850655790000076 ], [ 35.54037339600012, 31.850853376000089 ], [ 35.540241816000048, 31.850945168000067 ], [ 35.540209019000088, 31.850972664000039 ], [ 35.540186180000092, 31.850991812000188 ], [ 35.540158069000142, 31.851015293999978 ], [ 35.540077379000024, 31.851082700000063 ], [ 35.539970610000182, 31.851188518000129 ], [ 35.539884577000066, 31.851322326000172 ], [ 35.539835509999989, 31.851452513000027 ], [ 35.539807901000131, 31.851597078000168 ], [ 35.539803254000162, 31.851621410000064 ], [ 35.539804282000091, 31.851632117000122 ], [ 35.539824495000062, 31.851839348000169 ], [ 35.539870455000141, 31.851997473000154 ], [ 35.539961623000067, 31.852148437000039 ], [ 35.540028976000031, 31.852286216000152 ], [ 35.540142929000126, 31.852484468000057 ], [ 35.540223272000105, 31.852608546 ], [ 35.54030483300005, 31.852749952000181 ], [ 35.540390192000075, 31.852891488000182 ], [ 35.540452590000086, 31.853029563000121 ], [ 35.540603865999969, 31.853230255000028 ], [ 35.540727776000097, 31.853348443000016 ], [ 35.540878738000174, 31.853460079000058 ], [ 35.541056783000045, 31.853574882000032 ], [ 35.541188383000133, 31.853673463000121 ], [ 35.541320183000039, 31.853781766000111 ], [ 35.541440427, 31.853936317000034 ], [ 35.54144506200015, 31.853986328000133 ], [ 35.541446791000169, 31.854005324000127 ], [ 35.541456400000186, 31.854110866000156 ], [ 35.54138358, 31.854246048000164 ], [ 35.541233375000104, 31.854348600000094 ], [ 35.541036656000074, 31.854415055000175 ], [ 35.540870698000049, 31.854451698000105 ], [ 35.540670014000113, 31.854471944000181 ], [ 35.540500133000194, 31.854472384000019 ], [ 35.540318615000103, 31.854449883000029 ], [ 35.540086623000093, 31.854394398000181 ], [ 35.539723677999973, 31.854375605000143 ], [ 35.53944949300012, 31.854386177000094 ], [ 35.539190908000137, 31.854419814000153 ], [ 35.539036707999969, 31.854466288000083 ], [ 35.538890193000043, 31.854539096000053 ], [ 35.538651271000163, 31.854671601000121 ], [ 35.538360527000066, 31.854855816000168 ], [ 35.538187147000144, 31.854988014000071 ], [ 35.537886314000048, 31.855074459000036 ], [ 35.537561915000083, 31.855078530000128 ], [ 35.537291992000064, 31.855174761000171 ], [ 35.537068526000041, 31.855290598000067 ], [ 35.536887417000059, 31.855432677000181 ], [ 35.536706533000029, 31.855591384000093 ], [ 35.536602897000137, 31.85574636900003 ], [ 35.536560787000042, 31.85588485400001 ], [ 35.536538630000052, 31.856158421000032 ], [ 35.536581579000142, 31.856306550999989 ], [ 35.536585574000071, 31.856313553000064 ], [ 35.536593542000162, 31.856327516000079 ], [ 35.536686570000029, 31.856490737000172 ], [ 35.536820170000112, 31.856595234000167 ], [ 35.537059885000133, 31.856686920000129 ], [ 35.537322598000117, 31.856745432000025 ], [ 35.537655064999967, 31.856827016000182 ], [ 35.537825020000128, 31.856846306000193 ], [ 35.537998772000094, 31.856865589000108 ], [ 35.538218965000112, 31.856898000000172 ], [ 35.538623757000039, 31.856982635000179 ], [ 35.53885175400012, 31.857028130000117 ], [ 35.539269199000159, 31.857142321000083 ], [ 35.539447170000187, 31.857280240000193 ], [ 35.53945323500011, 31.857361388000186 ], [ 35.539458178000075, 31.857427595000047 ], [ 35.539459473000079, 31.857444934000171 ], [ 35.539321054000084, 31.857613258000015 ], [ 35.539085853000074, 31.857725889000051 ], [ 35.53893546900008, 31.857778975000144 ], [ 35.538700207000147, 31.857875118000038 ], [ 35.538526764999972, 31.857944751000048 ], [ 35.538380224000036, 31.858011073000171 ], [ 35.538222205000181, 31.858100396 ], [ 35.538087315000041, 31.858193039000128 ], [ 35.537925728000062, 31.858348174000071 ], [ 35.537841154000034, 31.858476902000064 ], [ 35.537756768000122, 31.858612253 ], [ 35.537687238000046, 31.858888057000115 ], [ 35.537704380000093, 31.858945733000041 ], [ 35.537708288000033, 31.858958880000159 ], [ 35.537742039000079, 31.859072511000079 ], [ 35.537958484000114, 31.859164114000123 ], [ 35.538124483000104, 31.859137336 ], [ 35.538340419, 31.859038005000059 ], [ 35.538482940000165, 31.85895520400004 ], [ 35.538606266999977, 31.858859349 ], [ 35.538721665000139, 31.858763513999975 ], [ 35.538898942000117, 31.858657657000037 ], [ 35.539076371000192, 31.858594635000145 ], [ 35.539342892000093, 31.858607196000037 ], [ 35.53947838400012, 31.858731978000037 ], [ 35.539527650000139, 31.858843172000036 ], [ 35.53953889800016, 31.858868438000172 ], [ 35.539548452000076, 31.858889899000076 ], [ 35.53956464800018, 31.859080935000065 ], [ 35.539584804000071, 31.859318038000026 ], [ 35.53959304, 31.859453153000118 ], [ 35.539601475000097, 31.85964420800002 ], [ 35.539605903000108, 31.859822028000167 ], [ 35.539649801000166, 31.860237043000154 ], [ 35.539704514000164, 31.8603950050001 ], [ 35.539716318999979, 31.860408092000171 ], [ 35.539725565000083, 31.860418342000116 ], [ 35.53983230900019, 31.860536291000017 ], [ 35.540000249000059, 31.860636894000095 ], [ 35.540232216000163, 31.860728452000046 ], [ 35.540463942000144, 31.860750963000044 ], [ 35.540676326000096, 31.860720823 ], [ 35.540818625999975, 31.860575457000095 ], [ 35.540903062000041, 31.860407271000042 ], [ 35.54096805800009, 31.860252240000079 ], [ 35.541040814999974, 31.860051111000018 ], [ 35.541090539000038, 31.85991923000006 ], [ 35.541162942000085, 31.859665259999986 ], [ 35.541210659000171, 31.859526055000117 ], [ 35.541314407000073, 31.859403899000142 ], [ 35.541476242000044, 31.859321045000058 ], [ 35.541650059000119, 31.859310732000154 ], [ 35.541866405000064, 31.859326658000043 ], [ 35.542106308000143, 31.859467651999978 ], [ 35.542230157000176, 31.859566110000173 ], [ 35.542331148000073, 31.859737197000186 ], [ 35.542366480000169, 31.859875481000074 ], [ 35.542376819000026, 31.859950843000092 ], [ 35.542377497000075, 31.859955772000035 ], [ 35.542384351000123, 31.860005699 ], [ 35.542418009000073, 31.860250879000034 ], [ 35.542445709000049, 31.860425396000039 ], [ 35.542438464999975, 31.860570415000041 ], [ 35.542350144000068, 31.860712260000128 ], [ 35.542215277000025, 31.860811532000184 ], [ 35.542030356000055, 31.860904168 ], [ 35.541806721000114, 31.861020011999983 ], [ 35.541629348000129, 31.8610995250001 ], [ 35.541401981000035, 31.861235249000117 ], [ 35.541263444000037, 31.861370600000043 ], [ 35.541171334000069, 31.861515838000173 ], [ 35.54112759200018, 31.861751837000099 ], [ 35.54112810800018, 31.861897259000045 ], [ 35.541153582000163, 31.862049518000106 ], [ 35.541204186000073, 31.862258501000099 ], [ 35.541296539000029, 31.862506408000058 ], [ 35.541367986000125, 31.862726046000148 ], [ 35.541455804000122, 31.862906610000152 ], [ 35.541543602000104, 31.863033908000034 ], [ 35.54162758700005, 31.863110769000059 ], [ 35.541706103000138, 31.863182430000052 ], [ 35.541727713000171, 31.863185753000039 ], [ 35.54190979700013, 31.863213749000067 ], [ 35.542071845, 31.863188528000023 ], [ 35.542208635000179, 31.863117293000073 ], [ 35.54241159500009, 31.862943023000071 ], [ 35.542626457000097, 31.862588068999969 ], [ 35.542708975000153, 31.862438911000083 ], [ 35.542783148000183, 31.862265115000071 ], [ 35.54290290400013, 31.862048503000096 ], [ 35.543031006000092, 31.861856811000052 ], [ 35.543138619, 31.861707728000056 ], [ 35.543345993000116, 31.861615032000032 ], [ 35.543528956000046, 31.861667678000117 ], [ 35.543658220000111, 31.861802054000066 ], [ 35.543791805000069, 31.861943462000056 ], [ 35.543815563000067, 31.861984546000031 ], [ 35.543828111000039, 31.862006289000192 ], [ 35.543887832999985, 31.862109771 ], [ 35.543921743000169, 31.862265673000138 ], [ 35.543922441, 31.862460551000083 ], [ 35.543906412000013, 31.862641382000049 ], [ 35.543869809000114, 31.86284002400015 ], [ 35.543808160000083, 31.863052822000157 ], [ 35.54367663000005, 31.863439544000187 ], [ 35.543635556000027, 31.863588595000181 ], [ 35.543586707000145, 31.863872238999988 ], [ 35.543570551000073, 31.864017561000139 ], [ 35.543566981000083, 31.864173559000051 ], [ 35.543610375000128, 31.864395666000064 ], [ 35.543632651000053, 31.864436324000053 ], [ 35.543641290000153, 31.864452091000032 ], [ 35.543689820000054, 31.864540739000063 ], [ 35.543806541000038, 31.864629068 ], [ 35.543981357000121, 31.864710199000058 ], [ 35.544185129000084, 31.864762793000182 ], [ 35.54448024800007, 31.864825855000049 ], [ 35.544729657, 31.864850003000072 ], [ 35.544995449000169, 31.86479252100014 ], [ 35.545186354000066, 31.864710571000103 ], [ 35.545380904000183, 31.86453984100018 ], [ 35.545604591000142, 31.864344372000062 ], [ 35.545720622000033, 31.864241204000052 ], [ 35.545882074000076, 31.864095498000097 ], [ 35.546121313000071, 31.863909993000107 ], [ 35.5463038850001, 31.863806791000115 ], [ 35.54645324500018, 31.863742565000109 ], [ 35.546752116000107, 31.863702745000182 ], [ 35.546872993000079, 31.863798106 ], [ 35.546915071, 31.86392805700018 ], [ 35.546923422000077, 31.863953963000029 ], [ 35.546923432000085, 31.863956595000047 ], [ 35.546923973000048, 31.864106429 ], [ 35.546816732000138, 31.864312300999984 ], [ 35.546659448000071, 31.864468564000049 ], [ 35.546456392000152, 31.864614518000053 ], [ 35.546307132999971, 31.864707067000154 ], [ 35.546182792000081, 31.864796028000171 ], [ 35.545934162000151, 31.864988039000139 ], [ 35.54560667200019, 31.865198012000178 ], [ 35.545469796000077, 31.86529052800006 ], [ 35.54532473900008, 31.865404341000101 ], [ 35.545200450000152, 31.865507534000074 ], [ 35.545049892000122, 31.865698442000053 ], [ 35.544984226000054, 31.865897018000112 ], [ 35.544951358000162, 31.866031816000088 ], [ 35.544923088000132, 31.866251713000054 ], [ 35.544948644000101, 31.866425249000031 ], [ 35.545026447000055, 31.866471782000076 ], [ 35.545034030000068, 31.866476318000082 ], [ 35.545131821000098, 31.86653467900004 ], [ 35.54538541200003, 31.866526971000098 ], [ 35.545539033000011, 31.866498105 ], [ 35.545796230000064, 31.866391182000143 ], [ 35.546020060000103, 31.866234604000169 ], [ 35.546148478000077, 31.866131539999969 ], [ 35.546343195000134, 31.865960808000068 ], [ 35.546542075000048, 31.865800772000171 ], [ 35.546653842000183, 31.8657048 ], [ 35.546865221000132, 31.865530499999977 ], [ 35.547039398000095, 31.86543436200003 ], [ 35.547354713000175, 31.865327284000045 ], [ 35.547594253000057, 31.865316083000096 ], [ 35.547852071000079, 31.865382759000113 ], [ 35.547997895000094, 31.865481576000036 ], [ 35.548118854000052, 31.865598214000102 ], [ 35.548365192000176, 31.865913062 ], [ 35.548374378000062, 31.865941927 ], [ 35.548377594000158, 31.865952056000083 ], [ 35.548428160000071, 31.86611130100016 ], [ 35.548362276000148, 31.866292265000027 ], [ 35.548134350999987, 31.86645590400019 ], [ 35.547935198000118, 31.866541540000185 ], [ 35.547607398000025, 31.866666408000185 ], [ 35.547453830999984, 31.866709367000112 ], [ 35.547304404000158, 31.866755841000042 ], [ 35.547142629000177, 31.86681305400009 ], [ 35.546893612000133, 31.866898820000074 ], [ 35.546632007000028, 31.866973911000116 ], [ 35.546445405000043, 31.867059512000026 ], [ 35.546308601000135, 31.867173165000111 ], [ 35.546267734000025, 31.867332786000077 ], [ 35.546305601000029, 31.867485152000086 ], [ 35.546348291000186, 31.867527985000152 ], [ 35.546356309000146, 31.867536029000121 ], [ 35.546418287000108, 31.867598291000093 ], [ 35.546639105000111, 31.867750178000165 ], [ 35.547079298000028, 31.867974478000065 ], [ 35.547162742000182, 31.868081633000145 ], [ 35.547173552000174, 31.868095485000026 ], [ 35.547233742000174, 31.868172614000116 ], [ 35.547234409000168, 31.868356925000171 ], [ 35.54718508100018, 31.868506001000071 ], [ 35.547002768000084, 31.868637528000193 ], [ 35.546857517000035, 31.868698221000159 ], [ 35.546645786000056, 31.868776703000094 ], [ 35.546388584000056, 31.86888376800016 ], [ 35.546172865000074, 31.869001291000188 ], [ 35.546044392000169, 31.869090264000192 ], [ 35.545820491000029, 31.869229085000029 ], [ 35.545683901000132, 31.869356969000137 ], [ 35.545559746000038, 31.869499193000024 ], [ 35.545468756000162, 31.869634002000055 ], [ 35.545360091000134, 31.869814091000137 ], [ 35.545277813999974, 31.870030467000106 ], [ 35.545216632000063, 31.870328373000063 ], [ 35.545196542000042, 31.870526969000139 ], [ 35.545179708000035, 31.87066722100019 ], [ 35.545176674000174, 31.870924677000176 ], [ 35.545255159000192, 31.871214890000147 ], [ 35.545340804000034, 31.871383055000081 ], [ 35.54541225700018, 31.871451039000192 ], [ 35.545446849000029, 31.871483951000073 ], [ 35.545500036000078, 31.87153440100019 ], [ 35.545744387000127, 31.871662552000032 ], [ 35.545895526000152, 31.871721621000063 ], [ 35.546135713000183, 31.871793559000139 ], [ 35.546302111000102, 31.871826095000131 ], [ 35.546731959000169, 31.871924026000158 ], [ 35.546933366000189, 31.871956469000111 ], [ 35.547111515000097, 31.871995596000033 ], [ 35.547281853000186, 31.872021638999968 ], [ 35.547576188999983, 31.872090051000157 ], [ 35.547835714000087, 31.872165317000167 ], [ 35.548018039000169, 31.872263898000028 ], [ 35.548316610000086, 31.872451226000123 ], [ 35.548578305000149, 31.872670073000165 ], [ 35.548729568000113, 31.872762110000053 ], [ 35.54896213100011, 31.87287042000014 ], [ 35.549264510000171, 31.873014758000181 ], [ 35.549279067000043, 31.873067420000098 ], [ 35.549281152000106, 31.873075004000043 ], [ 35.549315383000192, 31.873199499000123 ], [ 35.54920381300019, 31.873351699000068 ], [ 35.54903789500014, 31.87349727700007 ], [ 35.548833333000118, 31.873643098000116 ], [ 35.548624914000186, 31.873772302000134 ], [ 35.548501368000075, 31.873855204000108 ], [ 35.548277413000108, 31.873981207000099 ], [ 35.548076242000093, 31.874014714000168 ], [ 35.547889054000052, 31.874033245000192 ], [ 35.547718649000046, 31.873990856000148 ], [ 35.547563648000107, 31.873915314000101 ], [ 35.547361976000161, 31.87381016300003 ], [ 35.547044026000094, 31.87365261500014 ], [ 35.546846400000106, 31.873570562000168 ], [ 35.546691531000192, 31.873531373000048 ], [ 35.546412736000093, 31.873469401000079 ], [ 35.546246155000119, 31.873433624000029 ], [ 35.546013844000129, 31.873394637999979 ], [ 35.545859250000149, 31.873431257999982 ], [ 35.545712492000064, 31.87353394600018 ], [ 35.545535055000073, 31.87369293900008 ], [ 35.54542321800011, 31.873818643000163 ], [ 35.545246171000144, 31.874040197000056 ], [ 35.545088075000024, 31.874205618000133 ], [ 35.544864222000058, 31.874361349000139 ], [ 35.544686592000119, 31.874467497000012 ], [ 35.544508988000132, 31.874580127000115 ], [ 35.544358424000109, 31.874682824000161 ], [ 35.544196093000096, 31.874772445000019 ], [ 35.544026153000061, 31.874858703000086 ], [ 35.543852507000111, 31.874971322000079 ], [ 35.543653063000136, 31.875119519000179 ], [ 35.543494573000146, 31.875176155000077 ], [ 35.543293502000154, 31.875193165000042 ], [ 35.543022265000161, 31.875121161000095 ], [ 35.542762618000097, 31.875012913000035 ], [ 35.542557187000057, 31.87491776700017 ], [ 35.542324754000106, 31.874845802000152 ], [ 35.542030283000145, 31.874740883000072 ], [ 35.541867535000165, 31.874668736000103 ], [ 35.541388513000186, 31.874489892000042 ], [ 35.541171440000028, 31.874417742999981 ], [ 35.541008707000174, 31.874348835000148 ], [ 35.540718271000117, 31.874263771000074 ], [ 35.540524529000095, 31.874204948000056 ], [ 35.540334773000041, 31.874152595999988 ], [ 35.54004797000016, 31.874067520000096 ], [ 35.539827394000042, 31.874031732000105 ], [ 35.539579680000145, 31.874025750000158 ], [ 35.539227695000079, 31.874092743000119 ], [ 35.539076997000052, 31.874159078 ], [ 35.538891790000093, 31.874271861000182 ], [ 35.538760647000174, 31.874404233000121 ], [ 35.538668273000155, 31.874572719000014 ], [ 35.538634142000092, 31.874774169000034 ], [ 35.538631287000101, 31.875041627000087 ], [ 35.538651130000062, 31.875190097000143 ], [ 35.538682712000025, 31.875341775999971 ], [ 35.538725088000149, 31.87555881500009 ], [ 35.538795415000038, 31.875740269000175 ], [ 35.538836361000051, 31.875804458000061 ], [ 35.538854414000184, 31.875832758000115 ], [ 35.538873129000024, 31.875862098000027 ], [ 35.538970290000179, 31.875974155000165 ], [ 35.538998706000029, 31.876004388000126 ], [ 35.539041900000086, 31.876050345000067 ], [ 35.539106212000036, 31.87611894600019 ], [ 35.539284715000178, 31.876257143000146 ], [ 35.53949437, 31.876424993000171 ], [ 35.539686430000131, 31.876614590000145 ], [ 35.539688088000048, 31.876616135000177 ], [ 35.539790658000186, 31.876762420000091 ], [ 35.539817050000067, 31.876800396000078 ], [ 35.539817569000036, 31.876809878000131 ], [ 35.539825173000111, 31.876948896999977 ], [ 35.539682443000061, 31.877074675000131 ], [ 35.539504697999973, 31.877151084000104 ], [ 35.539361832000054, 31.877237269000034 ], [ 35.539265656000111, 31.877405906000092 ], [ 35.539246825000077, 31.8775444690001 ], [ 35.539189165999971, 31.87767665299998 ], [ 35.53905030500016, 31.877776072000131 ], [ 35.538887473000159, 31.877914726000085 ], [ 35.538853178000068, 31.878069815 ], [ 35.538880798000037, 31.878221648000078 ], [ 35.538943213000152, 31.878360145000045 ], [ 35.539059873000042, 31.87852161100011 ], [ 35.53916904700003, 31.87871268900011 ], [ 35.53926247000004, 31.878887460000101 ], [ 35.539278624000133, 31.879065532000084 ], [ 35.539225204000161, 31.879277038000168 ], [ 35.539121209000143, 31.879429067000046 ], [ 35.539013345000114, 31.87956137700013 ], [ 35.538831980000111, 31.879736857000125 ], [ 35.538693162000186, 31.87984938000011 ], [ 35.538565636000101, 31.879932282000027 ], [ 35.538298943000143, 31.880028645000095 ], [ 35.538039825, 31.880072146000032 ], [ 35.537771824000117, 31.880125251000095 ], [ 35.537558102000048, 31.880163424000159 ], [ 35.537059353000075, 31.880251641000086 ], [ 35.536859203000063, 31.880298513000014 ], [ 35.536679382000159, 31.880351110000049 ], [ 35.53646231200014, 31.880424092000055 ], [ 35.536292832000186, 31.880505548000031 ], [ 35.536164159000066, 31.880592679000017 ], [ 35.536021835000042, 31.880694498000025 ], [ 35.535896631000128, 31.880781618000128 ], [ 35.535774585000183, 31.88087465000018 ], [ 35.535584965000112, 31.881005477000087 ], [ 35.53537473300014, 31.881098590000079 ], [ 35.535130606999985, 31.881180375000156 ], [ 35.534896514000081, 31.881250438 ], [ 35.534694063000131, 31.881301823000115 ], [ 35.534365203999982, 31.88142722200007 ], [ 35.534138060000032, 31.881549404000054 ], [ 35.533924827000078, 31.881729466000024 ], [ 35.533714964000012, 31.881929810000088 ], [ 35.533593110000083, 31.882031433000066 ], [ 35.533467767000104, 31.882127288000106 ], [ 35.533220424000149, 31.882275984000159 ], [ 35.533196837000048, 31.882290164000096 ], [ 35.533150147000129, 31.882313249000106 ], [ 35.532973118000086, 31.882400779000079 ], [ 35.532837475000179, 31.882479328999977 ], [ 35.532695197000123, 31.882549157000085 ], [ 35.532495359000109, 31.882688742000028 ], [ 35.532410905000063, 31.882813379000083 ], [ 35.532390762000091, 31.883003283 ], [ 35.532388195000124, 31.883027480000123 ], [ 35.532387556000174, 31.883033399 ], [ 35.532386596000094, 31.883043126000189 ], [ 35.532382760000132, 31.88307920799997 ], [ 35.532390238, 31.883093280000082 ], [ 35.532458062000103, 31.883220917000074 ], [ 35.532590664000111, 31.883313301999976 ], [ 35.532886560000065, 31.883442758000058 ], [ 35.533134793000102, 31.883543588000066 ], [ 35.533321825000087, 31.883615544000122 ], [ 35.53347136900004, 31.883687453000107 ], [ 35.533597368000073, 31.883779855000114 ], [ 35.533696157000179, 31.883883879000052 ], [ 35.533906408000064, 31.884174472000041 ], [ 35.534066425000049, 31.884313147000057 ], [ 35.534277602000031, 31.884489175000056 ], [ 35.534403724000185, 31.884616381000058 ], [ 35.534526235000101, 31.884702870000012 ], [ 35.534675772000128, 31.884771961000183 ], [ 35.535008997000091, 31.884901457000012 ], [ 35.535189355000057, 31.884999497000138 ], [ 35.535322106000137, 31.88508596000014 ], [ 35.535361363000106, 31.885119680000059 ], [ 35.535380735000103, 31.885136356000032 ], [ 35.535494285000084, 31.885234103000187 ], [ 35.535538609000184, 31.885272259000146 ], [ 35.53554689200007, 31.885279426000125 ], [ 35.535547566000162, 31.885286798000038 ], [ 35.53555096000008, 31.885323905000178 ], [ 35.535565433000102, 31.885482148000051 ], [ 35.535559363000118, 31.885496831000069 ], [ 35.535497144000033, 31.88564733200019 ], [ 35.535338086000024, 31.885783857000035 ], [ 35.535117718000095, 31.885862622000047 ], [ 35.53486986900009, 31.885874806000174 ], [ 35.534706855000138, 31.885872402000189 ], [ 35.534540375, 31.885869866000121 ], [ 35.534163554000031, 31.885885334000193 ], [ 35.533909031000178, 31.88592656000003 ], [ 35.533732639000164, 31.885970409000038 ], [ 35.533566512000164, 31.886022966000041 ], [ 35.533393544999967, 31.886101610000139 ], [ 35.533202225000139, 31.8862234180001 ], [ 35.533026029000155, 31.88632517700006 ], [ 35.532771909000076, 31.886482231000116 ], [ 35.532561978000047, 31.886618881 ], [ 35.532368672000189, 31.886691797000026 ], [ 35.532165016000022, 31.886732751000011 ], [ 35.531927512000095, 31.886776891000125 ], [ 35.531754368000179, 31.886806213000057 ], [ 35.531598391000159, 31.886832674000061 ], [ 35.531401525000035, 31.886879528000179 ], [ 35.531286571000123, 31.887021716000049 ], [ 35.531251650000115, 31.887223743000163 ], [ 35.531247388000168, 31.887248399000043 ], [ 35.531246580000072, 31.887253476000069 ], [ 35.531252230000177, 31.887263605999976 ], [ 35.531355929000142, 31.887450055000045 ], [ 35.53150935900004, 31.887594526000044 ], [ 35.531652347000147, 31.887727328000153 ], [ 35.531860050000034, 31.887900549000051 ], [ 35.531866025000056, 31.88795718199998 ], [ 35.531866946000093, 31.887965923000081 ], [ 35.53187858900003, 31.888076369000032 ], [ 35.531878663000043, 31.88807706700004 ], [ 35.531877629000178, 31.88807827800008 ], [ 35.531752499000106, 31.888224917000059 ], [ 35.531605061000164, 31.888286585000174 ], [ 35.53138593400007, 31.888391551000154 ], [ 35.531166877000146, 31.88851807500015 ], [ 35.530985743000087, 31.888626468000155 ], [ 35.530870513000139, 31.888736245000075 ], [ 35.530749151000066, 31.888840261000155 ], [ 35.530735659000186, 31.888856748000023 ], [ 35.53072234300015, 31.888873019000187 ], [ 35.53071938100004, 31.888876549000145 ], [ 35.530709514000023, 31.888888691999966 ], [ 35.530656567, 31.888953118000188 ], [ 35.5306448770001, 31.888967342000115 ], [ 35.530640790000064, 31.888975694000067 ], [ 35.530622575000052, 31.889012913000045 ], [ 35.530574357000148, 31.889111672000126 ], [ 35.530490391000114, 31.889284781000185 ], [ 35.530423369000061, 31.889437697 ], [ 35.530359698000041, 31.88960511900018 ], [ 35.530275971000151, 31.889847413000155 ], [ 35.530209397000135, 31.89008304400005 ], [ 35.53019928000009, 31.890118580000149 ], [ 35.530191648000027, 31.890155191000076 ], [ 35.530130063000172, 31.890450600000065 ], [ 35.530120268000132, 31.890635036000049 ], [ 35.530117033000124, 31.890695959000027 ], [ 35.530116254000177, 31.89070977 ], [ 35.530155581000145, 31.890811269000153 ], [ 35.53017945300013, 31.890885469000068 ], [ 35.530189243000052, 31.890898550000031 ], [ 35.530195408000168, 31.890914456000075 ], [ 35.530227406000108, 31.89094974600016 ], [ 35.530334341000184, 31.891067704000136 ], [ 35.53033910400012, 31.891072907000137 ], [ 35.530342962000077, 31.891077123000116 ], [ 35.530351952000103, 31.891080165 ], [ 35.530363630000011, 31.891084117000162 ], [ 35.530490291000092, 31.89112692000009 ], [ 35.53074526100005, 31.891163762000133 ], [ 35.530789703000039, 31.891170352000131 ], [ 35.530802269000162, 31.891172214999983 ], [ 35.531024690000038, 31.891204911000045 ], [ 35.531245487000092, 31.891246209000087 ], [ 35.53132957400004, 31.891258708000123 ], [ 35.531331249000061, 31.891258957000105 ], [ 35.531466087000013, 31.891279050000037 ], [ 35.531696618000183, 31.891316095000036 ], [ 35.53185871800008, 31.89135290300004 ], [ 35.531859263000058, 31.891353027000036 ], [ 35.532005545000061, 31.891386337000142 ], [ 35.532353840000042, 31.891473247000022 ], [ 35.532705684000177, 31.891583117999971 ], [ 35.532867581000176, 31.891641186000186 ], [ 35.533024700000112, 31.891703496000162 ], [ 35.533211213000186, 31.891811668000059 ], [ 35.533422449000057, 31.891953314000091 ], [ 35.533614360000058, 31.892140946000154 ], [ 35.533727171000066, 31.89226157600018 ], [ 35.53372742199997, 31.892261844000188 ], [ 35.533835692000082, 31.892382753000163 ], [ 35.533867574000055, 31.892431568 ], [ 35.533988454999985, 31.892616419000149 ], [ 35.534056689000124, 31.892764767000131 ], [ 35.534063179000157, 31.892778984000188 ], [ 35.534066340000152, 31.892785177000064 ], [ 35.534084169000096, 31.892829941000059 ], [ 35.534126797000113, 31.892929599000126 ], [ 35.534157687000175, 31.893025905000059 ], [ 35.534176388, 31.893084052000177 ], [ 35.534179809000193, 31.893101698000066 ], [ 35.534211202000051, 31.89326362700001 ], [ 35.534226380000064, 31.893401539000081 ], [ 35.53422678600009, 31.893457761000093 ], [ 35.534227345000033, 31.893535263000103 ], [ 35.534212005000029, 31.893636899000171 ], [ 35.534202970000081, 31.893698359000098 ], [ 35.534159411000132, 31.893853191000119 ], [ 35.534089066999968, 31.893952571 ], [ 35.534049290000155, 31.89400875400014 ], [ 35.534008203000042, 31.894066772000144 ], [ 35.533792891000189, 31.894180047000191 ], [ 35.533783811000148, 31.89418147900011 ], [ 35.533771646000105, 31.894183338000175 ], [ 35.533626324000181, 31.894205552000074 ], [ 35.533430317000182, 31.894218588000115 ], [ 35.533238962000098, 31.894143824000139 ], [ 35.533062101000098, 31.894010547 ], [ 35.532958827000073, 31.893902163000121 ], [ 35.532821068000146, 31.893756245000134 ], [ 35.532707812000183, 31.893626893000089 ], [ 35.532580038000106, 31.89350194400015 ], [ 35.532348997000099, 31.893318496000063 ], [ 35.532127926000157, 31.893151933000013 ], [ 35.532080571000051, 31.893117809000046 ], [ 35.53204047100013, 31.893088787000124 ], [ 35.531960859000094, 31.893031169000153 ], [ 35.531823289000101, 31.892939501000058 ], [ 35.531636670000182, 31.89284809500009 ], [ 35.531499158000031, 31.892773194000029 ], [ 35.531199899000057, 31.892681930000151 ], [ 35.531003779000173, 31.892661567000118 ], [ 35.53078892000002, 31.892667179000057 ], [ 35.530775477000077, 31.892667534000168 ], [ 35.530765303000123, 31.892667802 ], [ 35.530694389000132, 31.892687922999983 ], [ 35.530614987000149, 31.89271045300012 ], [ 35.530603603000088, 31.89271372200011 ], [ 35.530483095000079, 31.892779829000176 ], [ 35.530456884000102, 31.892793985000083 ], [ 35.530451625000126, 31.892802171000028 ], [ 35.530367188000127, 31.892934699000193 ], [ 35.530357988000105, 31.89294909500012 ], [ 35.530350765000094, 31.892960421000168 ], [ 35.530344847000151, 31.892969700000151 ], [ 35.53032568000009, 31.893111930000032 ], [ 35.530316439000103, 31.893258219000131 ], [ 35.530356058000109, 31.893396073000133 ], [ 35.530386174000114, 31.893432944000097 ], [ 35.530399016000104, 31.893448665000051 ], [ 35.530489079000176, 31.893558772 ], [ 35.530641281000158, 31.893679577000171 ], [ 35.530793563000145, 31.893775294000193 ], [ 35.530965572000071, 31.893891962000055 ], [ 35.531206557000075, 31.894133723999971 ], [ 35.531324501000029, 31.894233758000098 ], [ 35.531570413000111, 31.894467195000118 ], [ 35.531654090000018, 31.894592395000188 ], [ 35.531728231000045, 31.894730160000165 ], [ 35.531784078000157, 31.894879246000016 ], [ 35.531787578000092, 31.89488881800014 ], [ 35.53180034900015, 31.894915841000113 ], [ 35.531896061000054, 31.895118371000024 ], [ 35.531985220000081, 31.895347976000096 ], [ 35.532044469000084, 31.89547746400018 ], [ 35.532085319000089, 31.895540668000081 ], [ 35.532095115, 31.895555825000145 ], [ 35.532128160000184, 31.895606750000184 ], [ 35.532261405000099, 31.895737041000075 ], [ 35.532277103000183, 31.895752415000061 ], [ 35.532296707000171, 31.895771615000058 ], [ 35.532477760000177, 31.896006576000048 ], [ 35.532494810000173, 31.896028703000184 ], [ 35.532518370000162, 31.896059361000084 ], [ 35.532522806000145, 31.89610021600015 ], [ 35.532525254000177, 31.89612292400011 ], [ 35.532543624000084, 31.89629335300009 ], [ 35.532490369000072, 31.896510912000053 ], [ 35.532290145000161, 31.896691080000039 ], [ 35.532123892000186, 31.896808595000095 ], [ 35.531874361000064, 31.896963804000052 ], [ 35.531712906000109, 31.897035368000104 ], [ 35.531536592000066, 31.897060896000085 ], [ 35.531270508000091, 31.897062690000041 ], [ 35.531266709000079, 31.897062700000049 ], [ 35.531252988000062, 31.897059352000099 ], [ 35.531248322000067, 31.897058620000053 ], [ 35.530979647000095, 31.897016497000038 ], [ 35.530977663000101, 31.897016361000055 ], [ 35.530975682000019, 31.897016365000013 ], [ 35.530809896000164, 31.897029463000024 ], [ 35.530789379000169, 31.897031082000069 ], [ 35.530649391000111, 31.897042125000041 ], [ 35.530508164000082, 31.897154603000104 ], [ 35.53049142600014, 31.897167934000038 ], [ 35.530476163000174, 31.897180077000087 ], [ 35.530443988000115, 31.897205675000066 ], [ 35.530437169000152, 31.897230272000058 ], [ 35.530432729000154, 31.897246285000051 ], [ 35.530389657000114, 31.897401115000093 ], [ 35.530389789000139, 31.897439722000172 ], [ 35.530389907000142, 31.897474000000159 ], [ 35.530390232000116, 31.897568236000154 ], [ 35.530426520000105, 31.897698064000053 ], [ 35.530560785000091, 31.897883870000157 ], [ 35.530677195000123, 31.898016460000065 ], [ 35.53081583900007, 31.898179427000173 ], [ 35.530833131000065, 31.898264397000105 ], [ 35.530840202000036, 31.89829914 ], [ 35.530842891000134, 31.898312378000071 ], [ 35.530840287000103, 31.898323659000027 ], [ 35.530840344000012, 31.898340427000164 ], [ 35.530834102000028, 31.898350448000031 ], [ 35.530803507000087, 31.89848340400016 ], [ 35.530670394000026, 31.89863183600005 ], [ 35.530465728000138, 31.898723519000043 ], [ 35.530171904000156, 31.898777378000148 ], [ 35.529993952000154, 31.898808260000067 ], [ 35.529820217000122, 31.898816305000082 ], [ 35.529530718000046, 31.898832104000064 ], [ 35.529254575000039, 31.898840402000076 ], [ 35.528938564000043, 31.898879238000063 ], [ 35.528671444000167, 31.898917949000179 ], [ 35.528484445000061, 31.898960125000087 ], [ 35.528342096000074, 31.899017407000031 ], [ 35.528093216000116, 31.899173734000101 ], [ 35.52798680300009, 31.899307018000115 ], [ 35.527911468000184, 31.899447694 ], [ 35.527791959000126, 31.899664573000109 ], [ 35.527716737000162, 31.89979002900003 ], [ 35.527638424000145, 31.89992986600015 ], [ 35.52763349900016, 31.899938615000053 ], [ 35.5276315320001, 31.899942847000034 ], [ 35.527629247000164, 31.899951025000178 ], [ 35.527584226000101, 31.900116991000061 ], [ 35.527567098000077, 31.900326006000057 ], [ 35.527566642000068, 31.900579223000136 ], [ 35.527572970000051, 31.900691515000176 ], [ 35.527577646000111, 31.900773353000034 ], [ 35.527580876000172, 31.900829871000099 ], [ 35.52760358300003, 31.900946214000044 ], [ 35.527617188000136, 31.901015924000092 ], [ 35.527617365000083, 31.901019587000121 ], [ 35.5276354720001, 31.901194414000145 ], [ 35.527645014000143, 31.901376728000116 ], [ 35.52765305700018, 31.901507474000084 ], [ 35.527653228000133, 31.901509165000164 ], [ 35.527659171000153, 31.901604547000034 ], [ 35.52768356100006, 31.901830086000132 ], [ 35.527685780000127, 31.901851356000122 ], [ 35.527687705000062, 31.901882353000133 ], [ 35.527691762000131, 31.902007049000133 ], [ 35.527701358, 31.902108765000037 ], [ 35.52771027600005, 31.902204562000065 ], [ 35.527723944000115, 31.902337408000051 ], [ 35.527711235000027, 31.902485678000062 ], [ 35.527704336000113, 31.902541521000103 ], [ 35.527702152000074, 31.902559199000166 ], [ 35.527698054000098, 31.902592378000179 ], [ 35.527693552000073, 31.902628604000142 ], [ 35.527675970000075, 31.902655704000097 ], [ 35.527651270000149, 31.902726644000097 ], [ 35.527569496000126, 31.902820270000177 ], [ 35.527555035999967, 31.902842571000178 ], [ 35.527549421000174, 31.902843290000135 ], [ 35.527540190000025, 31.902844451000135 ], [ 35.527358554000102, 31.902867296000181 ], [ 35.527151683000113, 31.902897399000096 ], [ 35.526868597000146, 31.90295658000008 ], [ 35.526450495000176, 31.903191667000101 ], [ 35.52628226600018, 31.903267612000093 ], [ 35.526108130000182, 31.903352521000102 ], [ 35.526046117000135, 31.903382758000191 ], [ 35.525954426000055, 31.903427371000078 ], [ 35.525688936000108, 31.903609520000145 ], [ 35.52546753300004, 31.90373871800017 ], [ 35.525281899000106, 31.903943497000114 ], [ 35.525229505000027, 31.904178101000184 ], [ 35.525292279999974, 31.904374661000077 ], [ 35.525426184000082, 31.904601197000034 ], [ 35.525586636000185, 31.904812732000039 ], [ 35.525598919000061, 31.90482989200018 ], [ 35.525614174000168, 31.904851173000111 ], [ 35.525738167000043, 31.905024148000109 ], [ 35.525881141000127, 31.90534155000006 ], [ 35.525935074000074, 31.905560816000104 ], [ 35.525937581, 31.905591442000173 ], [ 35.525941105000129, 31.905634496000175 ], [ 35.525953685000104, 31.905787635000138 ], [ 35.525899934000165, 31.9060609980001 ], [ 35.525892624000107, 31.906097934000115 ], [ 35.525882595000098, 31.906136925000055 ], [ 35.525822519000087, 31.906370488000107 ], [ 35.525763348000055, 31.906534736000026 ], [ 35.525749862, 31.906572170000118 ], [ 35.525728585000138, 31.906630984000174 ], [ 35.52565131800003, 31.906788853000023 ], [ 35.525559807000036, 31.906936613000141 ], [ 35.525446739000074, 31.907107675000077 ], [ 35.525344413000141, 31.90723249500013 ], [ 35.525231155000029, 31.90734803800018 ], [ 35.525101674000041, 31.907454464000125 ], [ 35.524918289000027, 31.907593289000147 ], [ 35.524804965999977, 31.907690374000083 ], [ 35.524659133000114, 31.907796840000174 ], [ 35.524464935000026, 31.907963452000104 ], [ 35.524454681000066, 31.908106502000066 ], [ 35.524558131000106, 31.908313810000152 ], [ 35.524661457000093, 31.908484199000156 ], [ 35.524725196000134, 31.908575211000027 ], [ 35.524819315000059, 31.908709692000059 ], [ 35.524884759000145, 31.908818007000036 ], [ 35.52492796000007, 31.908889509000119 ], [ 35.525053264000121, 31.909110571999975 ], [ 35.525140401000158, 31.909281142000054 ], [ 35.525184196000112, 31.909433219000164 ], [ 35.525233250000099, 31.909576121000043 ], [ 35.525299011000129, 31.909824950000143 ], [ 35.525430179000125, 31.910215936000156 ], [ 35.525556175000077, 31.910640051000144 ], [ 35.525735990000101, 31.911054730000103 ], [ 35.525845119000167, 31.911326560000191 ], [ 35.525954310000088, 31.911616991000187 ], [ 35.526052525000125, 31.911838120000084 ], [ 35.526226622000024, 31.912123738999981 ], [ 35.526367879000077, 31.912321652000117 ], [ 35.526448819000052, 31.912455522000187 ], [ 35.526473706000047, 31.912496684000018 ], [ 35.526482178000037, 31.912510613000052 ], [ 35.526569277000078, 31.912667231 ], [ 35.526640153000073, 31.912814590000039 ], [ 35.526738556000112, 31.91299302200008 ], [ 35.526782453000123, 31.913172858000053 ], [ 35.526816503000077, 31.913323969000032 ], [ 35.526820864000172, 31.913343405000035 ], [ 35.526823488000048, 31.91336141700009 ], [ 35.526865183000041, 31.913647662000074 ], [ 35.526887531999989, 31.913855311000077 ], [ 35.526899140000069, 31.914062845000046 ], [ 35.526916005000146, 31.914261064000186 ], [ 35.526943664000044, 31.914427131000139 ], [ 35.526968402000136, 31.914530955000032 ], [ 35.526976346000083, 31.91456429700014 ], [ 35.526977016000103, 31.91456697100017 ], [ 35.526983273000042, 31.914593346000117 ], [ 35.526987574000088, 31.914611474000026 ], [ 35.527123857000106, 31.914947913000105 ], [ 35.527227533000143, 31.91516902800015 ], [ 35.527298184000074, 31.915298067000094 ], [ 35.527428664000183, 31.915482196000141 ], [ 35.527597306000132, 31.915715407000164 ], [ 35.527727959000174, 31.915950264000173 ], [ 35.52782055900019, 31.916120678000027 ], [ 35.527907790000029, 31.916314213000135 ], [ 35.527924514000176, 31.916471005000176 ], [ 35.527935987000149, 31.91663711200016 ], [ 35.527925649, 31.916803131000108 ], [ 35.527899400000081, 31.917001597000024 ], [ 35.527862104000178, 31.917158525000048 ], [ 35.52779769000017, 31.917357087000084 ], [ 35.527604059000055, 31.917694205000089 ], [ 35.527490702000193, 31.917832014000055 ], [ 35.527264283000193, 31.918049439000185 ], [ 35.527134932000024, 31.918197434000092 ], [ 35.526994584000136, 31.918317698000124 ], [ 35.526886860000104, 31.918460990000028 ], [ 35.526811618000124, 31.918585600000085 ], [ 35.526736952000135, 31.918742955000027 ], [ 35.526721820000148, 31.918774844999973 ], [ 35.526704176000123, 31.918812028000161 ], [ 35.526672494000138, 31.91906574799998 ], [ 35.526668016000144, 31.919351807000112 ], [ 35.526657765000095, 31.919494858000178 ], [ 35.526680238000097, 31.919739283000013 ], [ 35.526757222000072, 31.920126455000116 ], [ 35.526823, 31.920375423999985 ], [ 35.526883269999985, 31.920559868000169 ], [ 35.526959408000096, 31.920698053000137 ], [ 35.527037077000045, 31.920856695000111 ], [ 35.527044092000153, 31.920871023000075 ], [ 35.527057735000142, 31.920898889000057 ], [ 35.527074608000191, 31.921051031000047 ], [ 35.527044343999989, 31.921187226000029 ], [ 35.527035627000089, 31.921226428000068 ], [ 35.527021238000032, 31.921291135 ], [ 35.527005611000106, 31.921457168000131 ], [ 35.526990144000138, 31.921669415000054 ], [ 35.526964164000105, 31.921996958000079 ], [ 35.526970512000105, 31.922259883000038 ], [ 35.527036008000039, 31.922425854000039 ], [ 35.5270872050001, 31.922525372000052 ], [ 35.527108189000046, 31.92256616300017 ], [ 35.527113694000093, 31.922581790000152 ], [ 35.527128313000105, 31.922605286000135 ], [ 35.527144947000068, 31.922637795000071 ], [ 35.527157390000127, 31.922652420000134 ], [ 35.527258905999986, 31.922771238000166 ], [ 35.527476094, 31.922992070000134 ], [ 35.527651608000156, 31.923201168000048 ], [ 35.527870250000149, 31.923411147000081 ], [ 35.528000815000041, 31.923520731999986 ], [ 35.528009609000037, 31.923528130000079 ], [ 35.528022024000109, 31.923538574000077 ], [ 35.528298170000028, 31.92370233000014 ], [ 35.528518890000157, 31.923795769000094 ], [ 35.528805866000084, 31.923889041 ], [ 35.529087062000087, 31.923935263000089 ], [ 35.529246876000173, 31.923948956000118 ], [ 35.529461858000047, 31.923957859000041 ], [ 35.529809032000173, 31.923924019000083 ], [ 35.529985125000053, 31.923867214000097 ], [ 35.530182971999977, 31.923697624000056 ], [ 35.530336667000029, 31.923518707000085 ], [ 35.530457258000126, 31.923321130000033 ], [ 35.530648884000186, 31.922977671000126 ], [ 35.530708886000184, 31.922794195000051 ], [ 35.53086754900005, 31.922474354000144 ], [ 35.530966308000131, 31.922319103000177 ], [ 35.531042979000176, 31.922178 ], [ 35.531147285000145, 31.922050777000152 ], [ 35.531350396000164, 31.921829459000151 ], [ 35.53147133900012, 31.921735169000158 ], [ 35.531603071000177, 31.921608017000096 ], [ 35.531878057000029, 31.921483887000136 ], [ 35.53229723700008, 31.921540465000191 ], [ 35.532457343000146, 31.921591776000128 ], [ 35.532685762000142, 31.921713227000112 ], [ 35.532917321000184, 31.921921912000073 ], [ 35.53292276000019, 31.921926813000027 ], [ 35.532945004000112, 31.921955624000191 ], [ 35.532956796000178, 31.921970897000108 ], [ 35.532975205000184, 31.921994740000059 ], [ 35.533008564, 31.922037916000079 ], [ 35.533084422000059, 31.92218779600006 ], [ 35.53308731900006, 31.92221287000018 ], [ 35.533092309000097, 31.922222579000163 ], [ 35.533092423000141, 31.922255554000117 ], [ 35.533110293000163, 31.922406141000067 ], [ 35.533050839000055, 31.922650490000137 ], [ 35.532955923000031, 31.922817852000094 ], [ 35.532765619000088, 31.923015466000152 ], [ 35.53264039600009, 31.923114277000025 ], [ 35.532490494000172, 31.923242883 ], [ 35.532460319000052, 31.923268771000039 ], [ 35.532434979000072, 31.923290511000062 ], [ 35.532358689000148, 31.923388636000084 ], [ 35.532279214000084, 31.923490857000104 ], [ 35.532254870000031, 31.92352234100008 ], [ 35.532179811000105, 31.923651041000028 ], [ 35.53213052000001, 31.923778267000102 ], [ 35.532117566000181, 31.92381173900003 ], [ 35.53209514800011, 31.923869668000123 ], [ 35.532095455000047, 31.923958291000076 ], [ 35.532095624000135, 31.924007195 ], [ 35.532095668000181, 31.924019735000172 ], [ 35.532103377000169, 31.924050997999984 ], [ 35.532110025000179, 31.924078125000051 ], [ 35.532131365000168, 31.924165205000122 ], [ 35.532207209000092, 31.924310717000083 ], [ 35.532325914000012, 31.92442331899997 ], [ 35.532342474000131, 31.924439028000165 ], [ 35.53234744700012, 31.92444380600017 ], [ 35.532470218000071, 31.924542980000012 ], [ 35.532478056000173, 31.924549401000149 ], [ 35.532499712, 31.924567142000058 ], [ 35.532716219000065, 31.924682143000098 ], [ 35.532751299000154, 31.924696667000035 ], [ 35.532769329000018, 31.924704131000112 ], [ 35.532817334000185, 31.924730079000142 ], [ 35.532868109000049, 31.924745170000051 ], [ 35.532872021000173, 31.924746791000132 ], [ 35.532962752000117, 31.924784384000134 ], [ 35.5331438770001, 31.924843954000096 ], [ 35.53366318000019, 31.924990879000063 ], [ 35.533884633000127, 31.925054573000182 ], [ 35.534136188000048, 31.925126789000103 ], [ 35.534288394000043, 31.925165482000011 ], [ 35.534299737000026, 31.925168364000115 ], [ 35.534453032000158, 31.925207431000047 ], [ 35.53448494200012, 31.925213690000135 ], [ 35.534779899000114, 31.925270856000054 ], [ 35.534955871000136, 31.925274635999983 ], [ 35.535146762000181, 31.925244136000117 ], [ 35.535287290000099, 31.925175296000134 ], [ 35.535472607000088, 31.925016301000028 ], [ 35.535552618, 31.924887587000057 ], [ 35.535607308000124, 31.924745972000153 ], [ 35.535641975000033, 31.924595955000086 ], [ 35.535647089000122, 31.924499419000085 ], [ 35.535650641000075, 31.924434329000178 ], [ 35.535654339000189, 31.924366553000084 ], [ 35.535655164000161, 31.924351442000159 ], [ 35.535656245000155, 31.92433030300009 ], [ 35.535640986000033, 31.924313292000022 ], [ 35.535630117000153, 31.924301171000025 ], [ 35.53544924199997, 31.9240994540001 ], [ 35.53528818500007, 31.92401419000015 ], [ 35.535111942000128, 31.923933191000117 ], [ 35.534925820000012, 31.923860812999976 ], [ 35.534659144000159, 31.923762995000061 ], [ 35.534477993, 31.923694972000021 ], [ 35.534221200000161, 31.92358839100018 ], [ 35.534055719000094, 31.923512859000141 ], [ 35.533934811, 31.923427490000108 ], [ 35.533919045000118, 31.923264779000078 ], [ 35.533941651000021, 31.92323925900007 ], [ 35.533983722000073, 31.92319176500007 ], [ 35.53401416700018, 31.923157446000175 ], [ 35.53421998400006, 31.923049831000014 ], [ 35.534400523000159, 31.922942282000122 ], [ 35.534535849000179, 31.922851896000111 ], [ 35.534671192000076, 31.922765879000167 ], [ 35.534901822000165, 31.922619590000068 ], [ 35.535107665000055, 31.922520571000121 ], [ 35.535328558000117, 31.922472804000165 ], [ 35.535630033000132, 31.922459214000128 ], [ 35.53614272599998, 31.922466503000066 ], [ 35.536399198000083, 31.922530103000042 ], [ 35.536535127000036, 31.922611202000098 ], [ 35.536666174000118, 31.922713733000137 ], [ 35.536827499000083, 31.922828869000057 ], [ 35.536958547000097, 31.922931399 ], [ 35.537195378000035, 31.923140749000083 ], [ 35.537407159000054, 31.923320150000109 ], [ 35.537583313000084, 31.923422565000124 ], [ 35.537850153000136, 31.92352037600017 ], [ 35.538238764000027, 31.923618581000028 ], [ 35.538460096000051, 31.923694668 ], [ 35.538743816000078, 31.923799903000088 ], [ 35.538916864000043, 31.923864278 ], [ 35.539193754, 31.923998979000032 ], [ 35.539318329000139, 31.924092929000039 ], [ 35.539381116000072, 31.924234100000035 ], [ 35.539326334000179, 31.9243933300001 ], [ 35.53914028100013, 31.924529366000172 ], [ 35.538988550999989, 31.924606271000016 ], [ 35.538802206000128, 31.924659733 ], [ 35.53876238600003, 31.924669792000032 ], [ 35.53872049600011, 31.924680374000047 ], [ 35.538401739000108, 31.924760949000017 ], [ 35.538242923000155, 31.924796726000068 ], [ 35.538084063000156, 31.924820666000073 ], [ 35.537897697000176, 31.924868347000029 ], [ 35.537738903000161, 31.924909902000024 ], [ 35.53744185700009, 31.92501014700008 ], [ 35.537283496000043, 31.92508185100013 ], [ 35.537118476000103, 31.925139061000039 ], [ 35.537111051000068, 31.92514161600019 ], [ 35.537108905000082, 31.925142466000068 ], [ 35.537009323, 31.925202327000136 ], [ 35.536980410000012, 31.925219700000071 ], [ 35.536973050000142, 31.925224122000088 ], [ 35.536958195000068, 31.925238751000165 ], [ 35.536899452000057, 31.925296597000113 ], [ 35.536844130000134, 31.925351129000035 ], [ 35.536835237, 31.925359887000013 ], [ 35.536814521000053, 31.92543603200005 ], [ 35.536780757000145, 31.925560401000098 ], [ 35.536789318000046, 31.925598286000138 ], [ 35.536794463000035, 31.925621337000166 ], [ 35.536822891000043, 31.925748692000127 ], [ 35.536899368000093, 31.925884053000061 ], [ 35.537003499999969, 31.926036956000189 ], [ 35.537101171000188, 31.926278229000161 ], [ 35.537107388000038, 31.92633658200009 ], [ 35.537110056000074, 31.926361626000073 ], [ 35.537120650000077, 31.926461221000011 ], [ 35.537058773000012, 31.926625258 ], [ 35.536908726000149, 31.926807278000183 ], [ 35.536758713000097, 31.92699817200014 ], [ 35.536650029000157, 31.927149084000177 ], [ 35.53656737200015, 31.927277805000074 ], [ 35.536458953000135, 31.927503961000184 ], [ 35.536381787000153, 31.927690303000134 ], [ 35.536340679000148, 31.927841040000089 ], [ 35.536294464000093, 31.927996160000134 ], [ 35.53626374900017, 31.928142502000128 ], [ 35.536171412000044, 31.928479514000117 ], [ 35.536125445999971, 31.928705514000171 ], [ 35.536110293000092, 31.928860694000036 ], [ 35.536084867000113, 31.929006884000103 ], [ 35.536044053000069, 31.929241884000135 ], [ 35.536018576, 31.92942175200011 ], [ 35.536029684000084, 31.929621113000167 ], [ 35.536040736000075, 31.929851475000078 ], [ 35.536061398000186, 31.929994867 ], [ 35.536063090000141, 31.930006277000075 ], [ 35.536067452000168, 31.930025149000016 ], [ 35.536135866000166, 31.930263253000192 ], [ 35.53616675, 31.930306012000074 ], [ 35.536191232000078, 31.930339900000035 ], [ 35.536292441000057, 31.930479997000191 ], [ 35.536495659000138, 31.930616727000142 ], [ 35.536503749000133, 31.930618781000135 ], [ 35.536511039000175, 31.930620632 ], [ 35.53669967400009, 31.930668042000036 ], [ 35.536705852000068, 31.930669595000097 ], [ 35.536740087000112, 31.930678243000102 ], [ 35.536911563000103, 31.930668927 ], [ 35.537083097999982, 31.930628611000031 ], [ 35.537352904000102, 31.93053041100012 ], [ 35.537565739000058, 31.930441233000181 ], [ 35.537866743999984, 31.93033421400014 ], [ 35.538053680000189, 31.930258346000073 ], [ 35.538240548000033, 31.930209112000057 ], [ 35.538931144000117, 31.930003580000118 ], [ 35.539180388000148, 31.929932062000091 ], [ 35.539525248000075, 31.929845498000191 ], [ 35.539881055000137, 31.929817668 ], [ 35.540078657000151, 31.92981377600006 ], [ 35.54027217099997, 31.929776215000061 ], [ 35.54046979300017, 31.929731883000102 ], [ 35.540679124000178, 31.92968075400006 ], [ 35.540860670000086, 31.929623075000165 ], [ 35.541018590000192, 31.929565314000115 ], [ 35.541184426000086, 31.929504293000093 ], [ 35.541346360000148, 31.929460050000102 ], [ 35.541599081000186, 31.929391898000119 ], [ 35.541749105000179, 31.929344447 ], [ 35.542041567000183, 31.929299864000143 ], [ 35.54229649500013, 31.92934006500019 ], [ 35.542442997000194, 31.929417185000034 ], [ 35.542641284000183, 31.929605348000052 ], [ 35.542740572000014, 31.92973994200014 ], [ 35.542812654000159, 31.929982403000054 ], [ 35.542785685000126, 31.930168968000146 ], [ 35.542783311000107, 31.930185390000076 ], [ 35.542726207000158, 31.930262608000078 ], [ 35.542644033000101, 31.930373727000131 ], [ 35.54245519400007, 31.930610103000106 ], [ 35.542292089000114, 31.930806658000108 ], [ 35.542289848000053, 31.930809359000079 ], [ 35.542239601000063, 31.930850776000057 ], [ 35.542096765000167, 31.930968243000109 ], [ 35.541927140000041, 31.931079862000161 ], [ 35.541875203000131, 31.931111140000098 ], [ 35.541849988000081, 31.931129099000088 ], [ 35.541834808000033, 31.931135481000069 ], [ 35.541781058000026, 31.931167888000175 ], [ 35.541627223000035, 31.931259314000101 ], [ 35.541469372, 31.931337226000153 ], [ 35.54122860200016, 31.931422115000146 ], [ 35.541023340000038, 31.931503528000064 ], [ 35.540861502000155, 31.93157468600009 ], [ 35.540694193000093, 31.931641627000033 ], [ 35.540500665000081, 31.931723009 ], [ 35.540340134000189, 31.931790640000031 ], [ 35.540307301000041, 31.93180439200006 ], [ 35.540268714000149, 31.931826053000179 ], [ 35.540169111000182, 31.931882251000047 ], [ 35.539983714000186, 31.93197375900013 ], [ 35.539833806000047, 31.932055028000036 ], [ 35.539683896000099, 31.932136297000113 ], [ 35.539541694000036, 31.932200637999983 ], [ 35.539403642000138, 31.932271731000128 ], [ 35.539323030000048, 31.93232435800013 ], [ 35.539260259000116, 31.932365271000037 ], [ 35.539206477999983, 31.932400324000184 ], [ 35.53908039900017, 31.93253874300018 ], [ 35.539049423000051, 31.932703969000158 ], [ 35.539101479000124, 31.93289265500016 ], [ 35.539212699000075, 31.933037224000145 ], [ 35.539343452000139, 31.933144684000126 ], [ 35.539664584000093, 31.933400033000055 ], [ 35.539973507000127, 31.933567624000148 ], [ 35.540259993000063, 31.933697509000126 ], [ 35.540402467000092, 31.933754350000129 ], [ 35.540624062000063, 31.933804364000025 ], [ 35.540869033000149, 31.933783439000138 ], [ 35.540899068000101, 31.933772933000171 ], [ 35.540904769000122, 31.933770954000067 ], [ 35.541034889000059, 31.933725799000172 ], [ 35.541206693000049, 31.933610496000142 ], [ 35.541226272000131, 31.933597356000121 ], [ 35.541251822000106, 31.93358024000014 ], [ 35.541311182000072, 31.933498500000098 ], [ 35.541356698000129, 31.933435845000133 ], [ 35.541421022000122, 31.933347299000104 ], [ 35.541515434000075, 31.933225731000164 ], [ 35.541537124000115, 31.9332010870001 ], [ 35.541626782000094, 31.933099215000027 ], [ 35.541672924000181, 31.933046788000013 ], [ 35.541818657000022, 31.932893116000116 ], [ 35.541863551, 31.932845777000182 ], [ 35.54190273100005, 31.932804531000158 ], [ 35.542036642000028, 31.932686241000113 ], [ 35.542154930000095, 31.932588140000121 ], [ 35.542273197000156, 31.93248341900005 ], [ 35.542454421000059, 31.932334710000077 ], [ 35.542675350000138, 31.932199284000092 ], [ 35.542852956000104, 31.932101170000124 ], [ 35.543006828000046, 31.932019887000081 ], [ 35.54315276900013, 31.931938624000168 ], [ 35.543413260000079, 31.93182338400004 ], [ 35.543587104000096, 31.931782489000113 ], [ 35.54386777000002, 31.931764848000171 ], [ 35.544140822000088, 31.931834872000138 ], [ 35.544255741000086, 31.931949131000067 ], [ 35.544283974, 31.932080527000096 ], [ 35.544276744000115, 31.932275989000118 ], [ 35.544229, 31.932386407000024 ], [ 35.544218735000015, 31.932410146000109 ], [ 35.544213983000191, 31.932421150000152 ], [ 35.544186004999972, 31.932452365000131 ], [ 35.544125863000147, 31.932519159000151 ], [ 35.544111854000164, 31.93253471700001 ], [ 35.54410766500007, 31.93253936900004 ], [ 35.544041315000072, 31.932606053000086 ], [ 35.543993403000059, 31.93265422900015 ], [ 35.543875460000152, 31.932755429000167 ], [ 35.543867883000132, 31.932761932000062 ], [ 35.543865741000161, 31.932763768000086 ], [ 35.543820110000183, 31.932802919000039 ], [ 35.543658489000052, 31.932934811999985 ], [ 35.543504809000126, 31.933069922000186 ], [ 35.543452425000055, 31.933114727000032 ], [ 35.543402215000128, 31.933157809000079 ], [ 35.543264305000093, 31.933276139999975 ], [ 35.54312137800008, 31.933434910000187 ], [ 35.543091002000097, 31.933468653000034 ], [ 35.543016419000026, 31.933543950000114 ], [ 35.542982011000049, 31.933578705000059 ], [ 35.542979047000131, 31.93358181300016 ], [ 35.542962264000096, 31.93359870200004 ], [ 35.542957148000028, 31.933603850000111 ], [ 35.542818723000039, 31.933846438000103 ], [ 35.542803417000187, 31.933905440000046 ], [ 35.542794763000188, 31.933938797000053 ], [ 35.542750309000041, 31.934029376000126 ], [ 35.542744403000086, 31.934133384000063 ], [ 35.542735309000022, 31.9341683560001 ], [ 35.542729405999978, 31.934191056000031 ], [ 35.54273133200013, 31.934236752000061 ], [ 35.542737714000168, 31.934388449000096 ], [ 35.542805734000069, 31.93464923900018 ], [ 35.542925960000105, 31.934814494000079 ], [ 35.543188138000119, 31.935030250000182 ], [ 35.543352659000163, 31.93510619400007 ], [ 35.543621843000039, 31.935201030000087 ], [ 35.54378641500017, 31.935245127000087 ], [ 35.543950844000165, 31.935295708000126 ], [ 35.544257169, 31.935333093000111 ], [ 35.544892448999974, 31.935452333 ], [ 35.545079281000028, 31.935483689000137 ], [ 35.545393341000079, 31.935603767000146 ], [ 35.545498350000116, 31.935718190999978 ], [ 35.545581003000109, 31.935864380999988 ], [ 35.545611623000184, 31.936061575000167 ], [ 35.545590120999975, 31.936284552000075 ], [ 35.545545958000162, 31.93650110700014 ], [ 35.545494409000071, 31.936685834000059 ], [ 35.545435280000049, 31.93687692200001 ], [ 35.545347768000113, 31.937185874000193 ], [ 35.545346845000097, 31.937189131000025 ], [ 35.545345973000053, 31.937191353 ], [ 35.54527082900006, 31.937382746000139 ], [ 35.545256132000134, 31.937420181000107 ], [ 35.545184088000042, 31.937603411 ], [ 35.545102492000069, 31.937750032000167 ], [ 35.544908669999984, 31.937890605000177 ], [ 35.544751925000071, 31.937910180000074 ], [ 35.544587536000108, 31.937872423000044 ], [ 35.544370445000141, 31.937745607000068 ], [ 35.544257975000107, 31.937624860000085 ], [ 35.54413814000003, 31.937523437000152 ], [ 35.543891094000173, 31.937384016000067 ], [ 35.543734235000102, 31.937371604000134 ], [ 35.5433949990001, 31.937373758000092 ], [ 35.543186461000062, 31.937374300000158 ], [ 35.542769044000067, 31.937324660000115 ], [ 35.54233190400015, 31.937304521000158 ], [ 35.542088566000075, 31.937322202000132 ], [ 35.541943167000056, 31.937326385000176 ], [ 35.54192466100011, 31.937326856000141 ], [ 35.541837138000062, 31.937342582000042 ], [ 35.541796678000082, 31.937349875000166 ], [ 35.541661597000029, 31.937374039000019 ], [ 35.541448180000032, 31.937442372000078 ], [ 35.541255014000058, 31.937582515000088 ], [ 35.541135243000156, 31.937730640000154 ], [ 35.541105147000167, 31.937816813000097 ], [ 35.541068044000042, 31.937918708000097 ], [ 35.541057691000162, 31.937947139000016 ], [ 35.54105502900012, 31.938039066999977 ], [ 35.541053276000071, 31.938099616000102 ], [ 35.541054310000106, 31.938111449000132 ], [ 35.541068798000083, 31.938281631000166 ], [ 35.541072155000109, 31.938342917000114 ], [ 35.541076304000171, 31.938419196000098 ], [ 35.541084709000074, 31.938573696999981 ], [ 35.541139888000089, 31.938708970000107 ], [ 35.541244791000167, 31.938886526000033 ], [ 35.54132983400018, 31.939055679000091 ], [ 35.541390153000123, 31.939241808000133 ], [ 35.541519857000026, 31.939423527000145 ], [ 35.541798886000095, 31.93968095200006 ], [ 35.541938357000163, 31.939773732000106 ], [ 35.542128642000193, 31.939936834000093 ], [ 35.542427643000167, 31.940185890000066 ], [ 35.542520840000122, 31.940246794000132 ], [ 35.542542758000025, 31.94026111800008 ], [ 35.54256778600012, 31.94028247100016 ], [ 35.542621933000078, 31.940312909 ], [ 35.542647265000028, 31.940329485000177 ], [ 35.542711376000113, 31.940371435000088 ], [ 35.542880639000145, 31.940476817999979 ], [ 35.543149396000103, 31.940632670000127 ], [ 35.543318598000099, 31.940721143000076 ], [ 35.543632032000062, 31.940847427 ], [ 35.543830919000072, 31.940918771000042 ], [ 35.544099483000139, 31.941019666000159 ], [ 35.544323458000065, 31.941129273000058 ], [ 35.544602135000162, 31.941285095000183 ], [ 35.544826206000096, 31.941420062000077 ], [ 35.544970627000055, 31.941555099000141 ], [ 35.545011123000052, 31.941741278000165 ], [ 35.54493878, 31.941869618000112 ], [ 35.544937067000149, 31.94187265700009 ], [ 35.544908366000186, 31.941888592999987 ], [ 35.544772239000167, 31.941964176000113 ], [ 35.544768516000147, 31.941966243000024 ], [ 35.544745579000107, 31.941974898000126 ], [ 35.54461421700006, 31.942024419000063 ], [ 35.544331403000115, 31.942097165000064 ], [ 35.544112885000175, 31.942127466000159 ], [ 35.543949017000102, 31.942144807000091 ], [ 35.543790122000189, 31.942166357000076 ], [ 35.543596601000047, 31.942209137000077 ], [ 35.543363344000056, 31.942277521000051 ], [ 35.543219760000056, 31.942375267000159 ], [ 35.543175473000019, 31.942467397000144 ], [ 35.54316422800008, 31.9424907450001 ], [ 35.543125935000035, 31.942570248000038 ], [ 35.543022017000112, 31.942669861000184 ], [ 35.542902696000112, 31.942851241000085 ], [ 35.54273247000009, 31.942940176000093 ], [ 35.54251011100007, 31.942959638000104 ], [ 35.541961037000078, 31.942885255000078 ], [ 35.541545460000066, 31.94284843000014 ], [ 35.541227231000164, 31.943000875000052 ], [ 35.541101684000125, 31.943152958999974 ], [ 35.541072434000057, 31.943291973000157 ], [ 35.54109684000008, 31.943361376000098 ], [ 35.541103821000036, 31.943381228000135 ], [ 35.541132369000081, 31.943462461000024 ], [ 35.54121452000004, 31.943607526000051 ], [ 35.541326120000065, 31.94371475100013 ], [ 35.541601078000099, 31.943846635 ], [ 35.542098057000089, 31.943908614000065 ], [ 35.542513616000065, 31.943939095000189 ], [ 35.542891850000103, 31.943976016000136 ], [ 35.543270320000147, 31.94403195700005 ], [ 35.543648834000066, 31.944100438000135 ], [ 35.543960589000164, 31.944169095000063 ], [ 35.544124148000094, 31.944295062000094 ], [ 35.544198939000182, 31.944459167000048 ], [ 35.54417542200008, 31.944537295000146 ], [ 35.544172157999981, 31.944548073000135 ], [ 35.544155009000065, 31.944604704000142 ], [ 35.543977574000053, 31.944756784999981 ], [ 35.543814415000156, 31.944788776000053 ], [ 35.54356251400003, 31.944820997000193 ], [ 35.543161890000079, 31.944809502 ], [ 35.542649959000073, 31.944772791000105 ], [ 35.542123503000028, 31.944786841000166 ], [ 35.541834465000136, 31.944831838000084 ], [ 35.541590242000041, 31.944977750000078 ], [ 35.541339007000147, 31.945243876000063 ], [ 35.541265438000039, 31.945421050000164 ], [ 35.541251151000154, 31.945585247000167 ], [ 35.541265643000145, 31.945626578000144 ], [ 35.541280868000058, 31.945669998000142 ], [ 35.541303741000092, 31.945735182000021 ], [ 35.54136356500004, 31.945873962000178 ], [ 35.541586293000194, 31.945955537000088 ], [ 35.541934911000055, 31.94597999500013 ], [ 35.542483572000094, 31.945934322000028 ], [ 35.543061910000176, 31.945869548000132 ], [ 35.543321528000149, 31.945868871000187 ], [ 35.543477337000127, 31.945906371000092 ], [ 35.543559428000094, 31.94603255100003 ], [ 35.543559587, 31.94607693800009 ], [ 35.543559605000041, 31.946082054000158 ], [ 35.543559995000066, 31.946190512000044 ], [ 35.543426873000044, 31.946304714000121 ], [ 35.543049438000025, 31.946539469000072 ], [ 35.542612740000095, 31.946793401000093 ], [ 35.542346524000095, 31.946983616000125 ], [ 35.542088055000136, 31.947306549000132 ], [ 35.541999726000029, 31.947515326000087 ], [ 35.541993040000193, 31.947679644000175 ], [ 35.542013111000131, 31.947728527000038 ], [ 35.54202188000005, 31.947749885 ], [ 35.542060394000089, 31.94784377100018 ], [ 35.542313364000051, 31.94810845000012 ], [ 35.5424472360001, 31.948202932000129 ], [ 35.542878114000018, 31.948352303000149 ], [ 35.543294263000121, 31.948540883000135 ], [ 35.543732391000106, 31.948729263000075 ], [ 35.543948151000052, 31.948893001000101 ], [ 35.544000610000182, 31.949050826000132 ], [ 35.544001428000058, 31.94927825100018 ], [ 35.543960742000081, 31.949407010000073 ], [ 35.54394509500014, 31.949456406000081 ], [ 35.54393541200011, 31.949486973000035 ], [ 35.543802335000066, 31.949613716000158 ], [ 35.543587304000084, 31.949607936 ], [ 35.5432232550001, 31.949432043000115 ], [ 35.542962970000133, 31.949249399000109 ], [ 35.542635714000085, 31.949010140000098 ], [ 35.542420323000101, 31.948903327000096 ], [ 35.5422199140001, 31.948872283000185 ], [ 35.542019704000097, 31.948898026000109 ], [ 35.54183487500012, 31.949018561 ], [ 35.541686897000147, 31.949139001000049 ], [ 35.541606070000114, 31.94936664100004 ], [ 35.541554922000159, 31.949575320000179 ], [ 35.541511637000042, 31.949904036000191 ], [ 35.541386578000072, 31.95019505900018 ], [ 35.541157845999976, 31.950517913000112 ], [ 35.540943434000042, 31.950733357000161 ], [ 35.540669834000141, 31.950942471000019 ], [ 35.540285204000099, 31.951253186000088 ], [ 35.539943922000077, 31.951577455000177 ], [ 35.539722365000159, 31.951783194000086 ], [ 35.539500836, 31.95199682100008 ], [ 35.539150438000149, 31.952455541000177 ], [ 35.539058726000064, 31.95273985200015 ], [ 35.539031911000052, 31.953008215000068 ], [ 35.539116409000087, 31.953145551000091 ], [ 35.539153094000028, 31.953205176000097 ], [ 35.539181352000071, 31.953250900000171 ], [ 35.539206134000153, 31.953295223 ], [ 35.539217091000069, 31.953308580000169 ], [ 35.539234683000132, 31.953337070000032 ], [ 35.539255488000151, 31.953370763000066 ], [ 35.539264195000101, 31.95337341700008 ], [ 35.539271536000058, 31.953375655000116 ], [ 35.53945965600019, 31.95343336500008 ], [ 35.539616994000028, 31.953432959000054 ], [ 35.53993157900004, 31.953313783000112 ], [ 35.540134711000178, 31.953131624999969 ], [ 35.540254689000164, 31.952989278000189 ], [ 35.540346564000174, 31.952799657000071 ], [ 35.54036426100015, 31.952570774000037 ], [ 35.540418806000105, 31.952247103000161 ], [ 35.54050145500014, 31.952065257000015 ], [ 35.540621486000191, 31.951938689000031 ], [ 35.540787792000117, 31.951812005000022 ], [ 35.541083948000107, 31.951763891000155 ], [ 35.541408118999982, 31.951739378000184 ], [ 35.541575098000067, 31.951802073000124 ], [ 35.541705397000101, 31.951959554000098 ], [ 35.541712059000133, 31.952020549000054 ], [ 35.541724529000078, 31.952133245000141 ], [ 35.541719998000133, 31.95216073500012 ], [ 35.541715206000106, 31.952189992000172 ], [ 35.541688296000189, 31.952354287000162 ], [ 35.541432814000189, 31.952778385000045 ], [ 35.541267213000083, 31.953102486000148 ], [ 35.541286977000084, 31.95331685900004 ], [ 35.541298500999972, 31.953441857000087 ], [ 35.541305725000086, 31.953520606000097 ], [ 35.541371128000037, 31.953646693000167 ], [ 35.541528995000078, 31.95374886500008 ], [ 35.541751424999973, 31.953787743000078 ], [ 35.54218691900013, 31.953833958000075 ], [ 35.542622524000024, 31.953864389000046 ], [ 35.543224719000193, 31.953894384000137 ], [ 35.543576832000099, 31.953917139000168 ], [ 35.543789951000065, 31.953940253000098 ], [ 35.54403126200009, 31.954081661000089 ], [ 35.544161939000105, 31.954341861000103 ], [ 35.54415023100006, 31.954349783000055 ], [ 35.544145656000126, 31.954352862000064 ], [ 35.544032511000069, 31.954429001000051 ], [ 35.543865837000169, 31.954453107000063 ], [ 35.543523120000145, 31.954469785000015 ], [ 35.543282316000102, 31.954470413000081 ], [ 35.543041740999968, 31.954534169000055 ], [ 35.542875632000175, 31.954716093000172 ], [ 35.542860003000044, 31.954808448000108 ], [ 35.542857668000124, 31.954822247000095 ], [ 35.542850263000162, 31.95483156500012 ], [ 35.542847146000156, 31.954883851000034 ], [ 35.542839374000039, 31.954929245000017 ], [ 35.542842773000075, 31.954954882000095 ], [ 35.542871494000053, 31.955175049000104 ], [ 35.542877443000066, 31.955221110000139 ], [ 35.542881279000028, 31.955230683000138 ], [ 35.54303636200018, 31.955615386000034 ], [ 35.543182433000084, 31.956020544000182 ], [ 35.543195455000102, 31.956056865000107 ], [ 35.543196785000191, 31.956063001000075 ], [ 35.543287551000105, 31.956481610000139 ], [ 35.543242066000118, 31.956702674000155 ], [ 35.543215119000138, 31.956931583000141 ], [ 35.543085917000099, 31.957081990000063 ], [ 35.542873100000179, 31.957145672000024 ], [ 35.542558110000016, 31.957154384000034 ], [ 35.542307933000188, 31.957123471000045 ], [ 35.542085128000167, 31.956981871000039 ], [ 35.541834642000026, 31.956864157999973 ], [ 35.541621293000048, 31.956825257000048 ], [ 35.54145466600005, 31.956817799000135 ], [ 35.541232543000035, 31.956913068000119 ], [ 35.540955360000112, 31.957095417000062 ], [ 35.540539851000119, 31.957467367000106 ], [ 35.540327625000145, 31.957744100000127 ], [ 35.540244858000108, 31.957894243000055 ], [ 35.540218325000126, 31.958241654000119 ], [ 35.540249851000112, 31.958377837000114 ], [ 35.540261130000033, 31.958426560000134 ], [ 35.540284126000188, 31.958525558000133 ], [ 35.540386915000056, 31.958754130000045 ], [ 35.540637857000036, 31.958998101000077 ], [ 35.540842744000031, 31.959305319000123 ], [ 35.540898785000138, 31.959447353000144 ], [ 35.540908740000191, 31.959597255000119 ], [ 35.540902039000059, 31.959618830000181 ], [ 35.540901221000183, 31.959621229000106 ], [ 35.540894430000037, 31.959642947000134 ], [ 35.540844514000185, 31.959802585000034 ], [ 35.540771395000093, 31.960063176000176 ], [ 35.540762983000093, 31.960299927000165 ], [ 35.540768440000079, 31.960310341000138 ], [ 35.540774634000059, 31.960322161000192 ], [ 35.54083753600014, 31.960441772000081 ], [ 35.541173700000058, 31.960666638000191 ], [ 35.541453495000042, 31.960703535000164 ], [ 35.541887858000166, 31.960702408000145 ], [ 35.542528287000152, 31.960688201000096 ], [ 35.542756747000055, 31.96074411100011 ], [ 35.542859055000179, 31.960835014000111 ], [ 35.542892675000076, 31.960864959000162 ], [ 35.542936820000079, 31.960904279000033 ], [ 35.543041752000079, 31.961042255000109 ], [ 35.543081633000099, 31.961094694999986 ], [ 35.543092924000064, 31.961109461000149 ], [ 35.543209008000076, 31.961261905000185 ], [ 35.543224617000192, 31.961282437000079 ], [ 35.543261186000109, 31.961337586000127 ], [ 35.543380666000076, 31.961517773000025 ], [ 35.543402540999978, 31.961539641000059 ], [ 35.543420311000034, 31.961557405000121 ], [ 35.543580224000038, 31.961717907000036 ], [ 35.543801429000155, 31.961823997000124 ], [ 35.544169927000098, 31.961935905000132 ], [ 35.544671095000183, 31.962078743000063 ], [ 35.544995343000153, 31.962203444000181 ], [ 35.545128288000058, 31.962309622000078 ], [ 35.545153865000145, 31.962343233000126 ], [ 35.54515797300013, 31.962348618000078 ], [ 35.545276259000161, 31.962503690000119 ], [ 35.545276802000103, 31.962654182000165 ], [ 35.545152655000038, 31.962924208000118 ], [ 35.544925297000077, 31.963175623000041 ], [ 35.544550417000096, 31.963358380000159 ], [ 35.544094554000139, 31.963497664000158 ], [ 35.543792156000166, 31.963566373000049 ], [ 35.543108542000084, 31.963850260000186 ], [ 35.542550295000183, 31.964202860000057 ], [ 35.542102348000185, 31.964523891000056 ], [ 35.541801671000087, 31.964844539000126 ], [ 35.541728645000035, 31.965039183000044 ], [ 35.541700277000189, 31.965333900000189 ], [ 35.541730349000034, 31.965515736000157 ], [ 35.541767150000112, 31.965541492000114 ], [ 35.541776084000162, 31.965547744000105 ], [ 35.541900199000054, 31.965634505000082 ], [ 35.542113681000103, 31.965659032000076 ], [ 35.542459736000069, 31.965639249000162 ], [ 35.542864604000158, 31.965657077 ], [ 35.543181319000155, 31.965706417000035 ], [ 35.543608974000108, 31.965855791000138 ], [ 35.543889148, 31.96599301100008 ], [ 35.544236105000039, 31.966224183000065 ], [ 35.544236867000109, 31.966435826000065 ], [ 35.544236940000189, 31.966456117000064 ], [ 35.544210129000192, 31.966538197000091 ], [ 35.544180054000094, 31.966630603000112 ], [ 35.544145225000193, 31.966737614000181 ], [ 35.54395566200003, 31.967252289000044 ], [ 35.543905105000192, 31.967534662000048 ], [ 35.543922386000133, 31.967629418000058 ], [ 35.543928376000054, 31.967662266000104 ], [ 35.543942711000113, 31.967741561000025 ], [ 35.544075655000086, 31.967891704000067 ], [ 35.544363203999978, 31.968010021 ], [ 35.544650482000122, 31.968053233000035 ], [ 35.544967324000083, 31.968090027000073 ], [ 35.545446086000084, 31.968151474000081 ], [ 35.545674378000115, 31.96820104000011 ], [ 35.545939967000152, 31.968325750000133 ], [ 35.546139062, 31.968438095000067 ], [ 35.546404928000186, 31.968638050000038 ], [ 35.546692619000112, 31.968794124000169 ], [ 35.547068649000096, 31.968968707000101 ], [ 35.547378899000194, 31.969237588000055 ], [ 35.547571159000142, 31.969469018000041 ], [ 35.547585152000124, 31.969589459000133 ], [ 35.547586568000042, 31.96960170300008 ], [ 35.547591636000107, 31.969645524000043 ], [ 35.547534391000113, 31.969994568000175 ], [ 35.54746745000017, 31.970360266000057 ], [ 35.547397269000101, 31.970880125000178 ], [ 35.547339930000078, 31.971204229000136 ], [ 35.547204990000125, 31.971644787 ], [ 35.547079680000024, 31.972052064000081 ], [ 35.546945220000111, 31.97262549800007 ], [ 35.546721835000028, 31.972883531000036 ], [ 35.546478596000043, 31.973000421999984 ], [ 35.546273664000125, 31.972967846000131 ], [ 35.54585338000004, 31.97271968300015 ], [ 35.545286311999973, 31.972289285000045 ], [ 35.544846172000177, 31.971941688000186 ], [ 35.544562482000117, 31.971796590000054 ], [ 35.544551213000034, 31.971788869000022 ], [ 35.544542937000017, 31.971786498000085 ], [ 35.544426184000031, 31.971726775000036 ], [ 35.544162527000026, 31.971636155 ], [ 35.543870118000029, 31.971686660000046 ], [ 35.543675794000137, 31.971844988000157 ], [ 35.543520464999972, 31.9720447790001 ], [ 35.5434433960001, 31.972310738000147 ], [ 35.543396928000163, 31.972950447000073 ], [ 35.543408083000088, 31.973340739000037 ], [ 35.543370534000132, 31.973747783000135 ], [ 35.543293284000129, 31.973963999000091 ], [ 35.543108839000013, 31.974205295000161 ], [ 35.542844812000112, 31.974428340000031 ], [ 35.542474934999973, 31.974636861000135 ], [ 35.541949153000189, 31.97488749900009 ], [ 35.541667010000026, 31.975037737000093 ], [ 35.541443310000147, 31.975212763000172 ], [ 35.541307357, 31.975379249000127 ], [ 35.541162597000096, 31.975811513000167 ], [ 35.540998586000114, 31.976268767000136 ], [ 35.540795632000027, 31.976792489000161 ], [ 35.540679773000136, 31.977125054000055 ], [ 35.540622257000166, 31.977407585000037 ], [ 35.540697396999974, 31.977488481000194 ], [ 35.540709218000188, 31.977501207000159 ], [ 35.540729960000135, 31.977523556000165 ], [ 35.540876530000162, 31.977598001 ], [ 35.541081367000174, 31.977647210999976 ], [ 35.541412956000158, 31.977638037000133 ], [ 35.541676538000104, 31.977703863000045 ], [ 35.541705702, 31.977769450000096 ], [ 35.541706820000115, 31.977771967000024 ], [ 35.5417355350001, 31.977836587000013 ], [ 35.541736130000061, 31.978002719000074 ], [ 35.541668803000107, 31.978268648000153 ], [ 35.541571828000144, 31.978610887000173 ], [ 35.54142973800009, 31.978911393000146 ], [ 35.541265525000085, 31.979174476000139 ], [ 35.541056869000101, 31.979353267000135 ], [ 35.540683330000149, 31.979607589000182 ], [ 35.540551675000188, 31.979776740000091 ], [ 35.540563389000113, 31.979954960000043 ], [ 35.540599772000178, 31.97997309800013 ], [ 35.540608102000135, 31.979977251000037 ], [ 35.540751028999978, 31.980048319000048 ], [ 35.541257863000169, 31.980131411000173 ], [ 35.541588537, 31.980186776000039 ], [ 35.541615147000073, 31.980204810000146 ], [ 35.541615879000119, 31.980205306000187 ], [ 35.54175409100003, 31.980298934000132 ], [ 35.541810248000161, 31.980561443000056 ], [ 35.541612802000145, 31.980824612000106 ], [ 35.541294174000086, 31.981041170000083 ], [ 35.541096592000088, 31.981219933000034 ], [ 35.540966008000112, 31.981642436000072 ], [ 35.540835491000053, 31.982130604000133 ], [ 35.540660596000066, 31.982506299000022 ], [ 35.540386069000192, 31.982760224000174 ], [ 35.540089586000079, 31.982976724000139 ], [ 35.539869410000165, 31.983033657000135 ], [ 35.539681106000046, 31.983034142000122 ], [ 35.539678367000079, 31.983034149000048 ], [ 35.53964919900011, 31.983034224000107 ], [ 35.539567593000129, 31.982980607000059 ], [ 35.539560542000174, 31.982975974999988 ], [ 35.539550803000168, 31.982969562000108 ], [ 35.539450345000034, 31.982903410000119 ], [ 35.539306307000174, 31.982659866000063 ], [ 35.539150897000127, 31.982285024000134 ], [ 35.538962024000057, 31.981844604000116 ], [ 35.538773517000152, 31.981507331000159 ], [ 35.538587561000043, 31.981350191000161 ], [ 35.53857901300006, 31.981342967000046 ], [ 35.538436576000095, 31.981222574000128 ], [ 35.538365672000054, 31.981181328000105 ], [ 35.538354748000074, 31.981174969000051 ], [ 35.538343862000033, 31.98116863100006 ], [ 35.538339165000082, 31.981165897000153 ], [ 35.538122809000129, 31.98104005700003 ], [ 35.537809085000106, 31.980915876000154 ], [ 35.537603477000175, 31.980883009000024 ], [ 35.53758784900009, 31.980889654000123 ], [ 35.537586144000045, 31.98089037900013 ], [ 35.537522095000156, 31.980917880000163 ], [ 35.537471477000054, 31.980939614000192 ], [ 35.537447153000187, 31.980950058000133 ], [ 35.537444098000037, 31.98095444400019 ], [ 35.537437613000122, 31.980963752000036 ], [ 35.537330364000013, 31.981117054000094 ], [ 35.537266443000135, 31.981226845000037 ], [ 35.537246020000168, 31.981261882000183 ], [ 35.537194136000153, 31.981350891000034 ], [ 35.537095873000055, 31.98163664600014 ], [ 35.537032785000179, 31.98182011 ], [ 35.537027875000149, 31.981834214000116 ], [ 35.536874214000136, 31.982235211000159 ], [ 35.536679791000097, 31.982610669000167 ], [ 35.536455695000029, 31.982869669000081 ], [ 35.536408570000162, 31.982914178000158 ], [ 35.536353039000062, 31.982966685000122 ], [ 35.536172775000068, 31.983137135 ], [ 35.535800072000086, 31.983402855000179 ], [ 35.535715135000032, 31.983491269000183 ], [ 35.53567916500009, 31.983528712000179 ], [ 35.535672410000188, 31.983535776000053 ], [ 35.535409987000037, 31.983803891000093 ], [ 35.535225428000103, 31.984212718000094 ], [ 35.534943917000192, 31.984838649000096 ], [ 35.534749835000127, 31.9853141480001 ], [ 35.534585185000026, 31.985839736000059 ], [ 35.534537211000099, 31.986114914000098 ], [ 35.534557817000064, 31.986381602000165 ], [ 35.534656393000034, 31.986581302000161 ], [ 35.53486265500004, 31.986797497000168 ], [ 35.534875487000022, 31.986808680000138 ], [ 35.535129458000029, 31.987030011000058 ], [ 35.53515784800004, 31.987054752000063 ], [ 35.535163988000193, 31.987061217000132 ], [ 35.535343604000161, 31.987221397999974 ], [ 35.53538343200006, 31.987404618000085 ], [ 35.535343825000041, 31.987708379000082 ], [ 35.535278518000098, 31.987991070000078 ], [ 35.535269744000061, 31.988176810000027 ], [ 35.535290756000052, 31.988322597000092 ], [ 35.535292885000104, 31.988337235000017 ], [ 35.535298889000103, 31.988378518000161 ], [ 35.535422969000024, 31.98863663000003 ], [ 35.535594133000188, 31.988789644000065 ], [ 35.535812831000158, 31.988966631000096 ], [ 35.536135912000134, 31.989159559000029 ], [ 35.536498273000177, 31.98924976800015 ], [ 35.53650344800019, 31.989251056000057 ], [ 35.536553422000054, 31.989263468000047 ], [ 35.536635910000143, 31.98928928100014 ], [ 35.536642306000147, 31.989291283000114 ], [ 35.536885620000191, 31.989367596000136 ], [ 35.537113377000082, 31.989439722000043 ], [ 35.537210963000177, 31.989604682 ], [ 35.53721583500004, 31.989612918000148 ], [ 35.537246937000134, 31.989665397000181 ], [ 35.537143038000181, 31.989786707000064 ], [ 35.536896951000131, 31.989908518000107 ], [ 35.536291303000098, 31.990233032000162 ], [ 35.53597913800013, 31.990419547000045 ], [ 35.535789285000135, 31.99059475700011 ], [ 35.535771562000036, 31.990611073000082 ], [ 35.535733416000085, 31.99064619100011 ], [ 35.535735212000191, 31.990671698000028 ], [ 35.535736025000176, 31.990683242999978 ], [ 35.535753421000038, 31.990928665000069 ], [ 35.535877052000046, 31.991057563000084 ], [ 35.536019780000117, 31.991210648000049 ], [ 35.536183503000075, 31.991361848999986 ], [ 35.536411918000056, 31.991619694000121 ], [ 35.536479009, 31.991797068000039 ], [ 35.536451110000087, 31.991950589000055 ], [ 35.536356745000035, 31.992104139000162 ], [ 35.536025818000098, 31.992363412000032 ], [ 35.535770692000142, 31.992598254000086 ], [ 35.535764386000153, 31.992732558000171 ], [ 35.535763905000181, 31.992742572000111 ], [ 35.535761920000084, 31.992783856000187 ], [ 35.535876071000075, 31.992896714000096 ], [ 35.536122738000131, 31.992936385000064 ], [ 35.536388167000155, 31.992951911000148 ], [ 35.536644283000044, 31.992951255000094 ], [ 35.536928783000121, 31.992982796000092 ], [ 35.537099670000146, 31.993054926000013 ], [ 35.53720563100012, 31.993138142000191 ], [ 35.537213413000018, 31.993144253000025 ], [ 35.537232811000024, 31.993159562000187 ], [ 35.537290344000098, 31.993345135000141 ], [ 35.537310470000136, 31.99366001400017 ], [ 35.537330429000122, 31.993974756000114 ], [ 35.537341216000016, 31.994313895000175 ], [ 35.537398864000181, 31.994531735000123 ], [ 35.537420092000161, 31.994643845000155 ], [ 35.537421593000033, 31.994651836000173 ], [ 35.537427845000025, 31.994685111000024 ], [ 35.537492208000117, 31.994735515000059 ], [ 35.537509088000093, 31.994748734000041 ], [ 35.537524532000134, 31.994767857999989 ], [ 35.537565462000146, 31.994792835000055 ], [ 35.537570933000154, 31.994797189000053 ], [ 35.537574082000106, 31.99479915500018 ], [ 35.537765856000192, 31.994874510000102 ], [ 35.537768965000168, 31.994875732000025 ], [ 35.537836191000054, 31.994902049000189 ], [ 35.538027473000056, 31.994942845000025 ], [ 35.53834567500013, 31.99501065000004 ], [ 35.538738067000054, 31.995064171000081 ], [ 35.53902629300012, 31.995117820000189 ], [ 35.539402816000063, 31.995219151000128 ], [ 35.53977933800013, 31.99532033700018 ], [ 35.540059870999983, 31.995442345000129 ], [ 35.540420602000097, 31.995611771000085 ], [ 35.540645059000099, 31.99572701600016 ], [ 35.540781503, 31.995828965000157 ], [ 35.540966092000133, 31.99598517700008 ], [ 35.541086670000141, 31.996134791000031 ], [ 35.541071287000193, 31.996318858000109 ], [ 35.540960585000107, 31.996711719000189 ], [ 35.540917517000082, 31.996949992000054 ], [ 35.540908858000194, 31.996997897000028 ], [ 35.540897670000163, 31.997059506000085 ], [ 35.540885402000185, 31.997189737000099 ], [ 35.540882963000058, 31.997215668000024 ], [ 35.540874569000096, 31.997304887000041 ], [ 35.540963285000146, 31.997468113000025 ], [ 35.54110788700001, 31.997631331000036 ], [ 35.54133276400006, 31.997862544999975 ], [ 35.541533446000187, 31.998032383000179 ], [ 35.54170219800011, 31.998243166000123 ], [ 35.541629600000135, 31.998467791000166 ], [ 35.541625988000192, 31.998478965 ], [ 35.541607344000056, 31.99853650600005 ], [ 35.541375408000079, 31.99859840300013 ], [ 35.541119134000155, 31.998558205000165 ], [ 35.540982758000098, 31.998476689000029 ], [ 35.54075809800014, 31.998306912000089 ], [ 35.540508689000035, 31.997919072000172 ], [ 35.540186678000111, 31.997388394000097 ], [ 35.539937324000107, 31.997061990000134 ], [ 35.539584570000045, 31.996858442000132 ], [ 35.539328323000063, 31.996825002000037 ], [ 35.539096369000049, 31.996880133000047 ], [ 35.538945363000153, 31.996914902000185 ], [ 35.53892544200005, 31.996919469000147 ], [ 35.538856475999978, 31.996935281 ], [ 35.538577029000066, 31.997120028000097 ], [ 35.538465405000068, 31.997256575000108 ], [ 35.538426065000181, 31.997447467000143 ], [ 35.538466926000126, 31.997685921000141 ], [ 35.538587596000127, 31.997862735000183 ], [ 35.538804457000026, 31.998073398000145 ], [ 35.539085482000132, 31.99833166500008 ], [ 35.539310398000055, 31.998528782000164 ], [ 35.539446802000157, 31.99866468800019 ], [ 35.539583733000029, 31.998902895000128 ], [ 35.539608509000118, 31.999127722000139 ], [ 35.539590850000025, 31.999278282000148 ], [ 35.539588770000194, 31.999296018000052 ], [ 35.539585235000175, 31.99932533600014 ], [ 35.539481737000131, 31.999468767000053 ], [ 35.539431194000144, 31.999484398000163 ], [ 35.539407815000061, 31.999491606000049 ], [ 35.539372588000049, 31.999502467000127 ], [ 35.539345470000114, 31.999510827000108 ], [ 35.539169889999982, 31.999564968000072 ], [ 35.538881747000062, 31.999538514000051 ], [ 35.538697419000073, 31.999457120000045 ], [ 35.53859004200018, 31.999364459000105 ], [ 35.538582644000087, 31.999358075000089 ], [ 35.538387094000086, 31.999189484999988 ], [ 35.538058700000079, 31.998815513000181 ], [ 35.537789397999973, 31.998504794000098 ], [ 35.537502149000147, 31.998261758000069 ], [ 35.537466716000097, 31.998231744000066 ], [ 35.537357362000137, 31.998139117000164 ], [ 35.537336838000044, 31.998120761000052 ], [ 35.537306773000125, 31.998093872000027 ], [ 35.537063929000112, 31.997876931000121 ], [ 35.536944974000107, 31.997810586000071 ], [ 35.536930054000152, 31.997802178000086 ], [ 35.536685676000161, 31.997664461000113 ], [ 35.536681873000134, 31.997662318000039 ], [ 35.536679199000048, 31.997661868000193 ], [ 35.53636404700012, 31.997608882000065 ], [ 35.536079741000037, 31.997637368000085 ], [ 35.535844386000178, 31.997714059000145 ], [ 35.535780035000073, 31.997894164000058 ], [ 35.535789978000139, 31.998088734000135 ], [ 35.535790152000118, 31.998091552 ], [ 35.535811252000087, 31.998132837000185 ], [ 35.535854089000168, 31.998216656000068 ], [ 35.536025071000097, 31.99831302500013 ], [ 35.536316299000077, 31.998525259000132 ], [ 35.536318331000075, 31.998526740000159 ], [ 35.536356144000081, 31.998558771000035 ], [ 35.536546539000085, 31.998719906000133 ], [ 35.536750535000124, 31.998940893000054 ], [ 35.537052439000036, 31.999306767000121 ], [ 35.537240458000042, 31.999638549000053 ], [ 35.537412351000171, 31.999990945000093 ], [ 35.537478483000143, 32.000315993000129 ], [ 35.537495855000145, 32.000599740000098 ], [ 35.537496491000184, 32.000779539000121 ], [ 35.537448444, 32.000987219000081 ], [ 35.537318791000075, 32.00107759399998 ], [ 35.537156318000029, 32.001098724000144 ], [ 35.537097414000129, 32.001088024000182 ], [ 35.537087285000098, 32.001086180000186 ], [ 35.536969181000075, 32.001064680000184 ], [ 35.536735243000066, 32.000983270000177 ], [ 35.536726888000032, 32.00098037000015 ], [ 35.536692529000106, 32.000968442000044 ], [ 35.536575965000054, 32.000899107000066 ], [ 35.536547703, 32.000882295999986 ], [ 35.53639045400007, 32.000789978000171 ], [ 35.536354151000182, 32.000764566000043 ], [ 35.536294984000165, 32.000723109999967 ], [ 35.536163191000185, 32.000630769000054 ], [ 35.536156029000097, 32.00062151100019 ], [ 35.53615089800013, 32.000614878000079 ], [ 35.536040764000063, 32.000471854000182 ], [ 35.535892405000141, 32.000227473999985 ], [ 35.535753320000083, 31.999985605000177 ], [ 35.53567940500011, 31.999750476000145 ], [ 35.535621625000147, 31.99949459100003 ], [ 35.535604966000108, 31.999271011000189 ], [ 35.535605116000113, 31.999266361000139 ], [ 35.535605765000071, 31.999262836000128 ], [ 35.535660504000077, 31.998982428000033 ], [ 35.535667733000025, 31.99873342300009 ], [ 35.535613853000029, 31.998552493000091 ], [ 35.535611328000073, 31.998539678000157 ], [ 35.535602264000033, 31.99852685500008 ], [ 35.535528403000058, 31.998422369000139 ], [ 35.535146366000163, 31.998354156000062 ], [ 35.534894493000024, 31.998389321000047 ], [ 35.534699786000147, 31.998459002000061 ], [ 35.534619015000146, 31.998625338000124 ], [ 35.53461151700003, 31.998798252000086 ], [ 35.534677034000026, 31.998950409000145 ], [ 35.534710142000108, 31.999102507000089 ], [ 35.534759695000048, 31.999323892 ], [ 35.534742509000068, 31.999516136000125 ], [ 35.534589089000121, 31.999807079000107 ], [ 35.534346422000056, 32.00011220100015 ], [ 35.53408740600014, 32.000424268000131 ], [ 35.533901741000136, 32.000763765000045 ], [ 35.533708022000155, 32.001165565000065 ], [ 35.533538605999979, 32.001518974000135 ], [ 35.533360627000093, 32.001740792000192 ], [ 35.533133627000154, 32.001893689000099 ], [ 35.532897994000109, 32.001894286000095 ], [ 35.532790337000165, 32.001844534000043 ], [ 35.532787475000134, 32.001843214000132 ], [ 35.532718952000039, 32.001811601000099 ], [ 35.532575402000077, 32.001663868000037 ], [ 35.532501425000078, 32.001408023000067 ], [ 35.532443385000079, 32.00107604700014 ], [ 35.532385396000166, 32.000757880000037 ], [ 35.532343541000159, 32.000418816000035 ], [ 35.53235072700005, 32.000155864000135 ], [ 35.532375878999972, 32.000017567000157 ], [ 35.532398596000178, 31.999892805000115 ], [ 35.532405202000177, 31.999848443000189 ], [ 35.53243269800015, 31.999663794000071 ], [ 35.532442382000056, 31.99959875900015 ], [ 35.532478096000034, 31.999359827000092 ], [ 35.532420159000083, 31.999198773000046 ], [ 35.532407467000098, 31.999163641000166 ], [ 35.532395949000033, 31.999131761000058 ], [ 35.532216697000138, 31.998986796000054 ], [ 35.531924022000169, 31.998939201999974 ], [ 35.531688491000125, 31.998967414000049 ], [ 35.531404539999983, 31.9990995980001 ], [ 35.530877652000129, 31.999509135000153 ], [ 35.530456225000137, 31.999814698000137 ], [ 35.529912932000059, 32.000168897000037 ], [ 35.529572095000162, 32.000301218000061 ], [ 35.529336462000117, 32.000301807000028 ], [ 35.529149138999969, 32.000212377000082 ], [ 35.529010757000094, 32.000122822000037 ], [ 35.528855723000049, 31.999950172000183 ], [ 35.52867614400003, 31.999708398000053 ], [ 35.528454480000164, 31.999395828000104 ], [ 35.528436042000067, 31.999369828000113 ], [ 35.528433881000126, 31.999366874000032 ], [ 35.528430895000099, 31.999363360000075 ], [ 35.528426911999986, 31.999359284000093 ], [ 35.528403614000013, 31.999335787000064 ], [ 35.528300639000122, 31.999231935000125 ], [ 35.528105640999968, 31.999218611000117 ], [ 35.527917709000064, 31.999192307000044 ], [ 35.52789833800017, 31.999184887000183 ], [ 35.527892356, 31.999182590000089 ], [ 35.527656600000057, 31.999092064000024 ], [ 35.527289698000061, 31.99919386900018 ], [ 35.527065936000042, 31.999618137000141 ], [ 35.526890007000134, 32.000153324999985 ], [ 35.526843934000112, 32.000655217000144 ], [ 35.526844762, 32.000897436 ], [ 35.526987625, 32.001088860000038 ], [ 35.527272864999986, 32.001330235000012 ], [ 35.527558106000072, 32.00157174800006 ], [ 35.527902723000068, 32.001863418000028 ], [ 35.528200083000172, 32.002165492000131 ], [ 35.528343261000089, 32.002447657000118 ], [ 35.528438981000193, 32.002729940000108 ], [ 35.528392727000096, 32.00303272900004 ], [ 35.528251211000111, 32.003234863000046 ], [ 35.527990783000064, 32.003336404000038 ], [ 35.527969942000027, 32.003334623000171 ], [ 35.527962863000084, 32.003334005999989 ], [ 35.527765493000061, 32.00331681199998 ], [ 35.527551003000099, 32.002974235000181 ], [ 35.527348559000075, 32.002672063000034 ], [ 35.527040325000144, 32.002622385 ], [ 35.526479791000099, 32.002730865000103 ], [ 35.52645647900016, 32.002735366000024 ], [ 35.52635337300012, 32.00275527499997 ], [ 35.525974619000067, 32.002877253000122 ], [ 35.525537111000119, 32.003130704000057 ], [ 35.525206500000024, 32.0035047880001 ], [ 35.52506538800003, 32.003828099000145 ], [ 35.524911750000115, 32.003969669000128 ], [ 35.524604196999974, 32.004121763000057 ], [ 35.524603409000122, 32.004122283000129 ], [ 35.524584890000085, 32.004134494000141 ], [ 35.524540799000079, 32.004151792000187 ], [ 35.524210141000083, 32.004367069000125 ], [ 35.524186431000089, 32.004397001000143 ], [ 35.524168113000144, 32.004409061000047 ], [ 35.524143034000133, 32.004425572000059 ], [ 35.523824425000157, 32.004830060000131 ], [ 35.523647686000174, 32.005133166000178 ], [ 35.523636728000156, 32.005365270000027 ], [ 35.523732267000128, 32.005597113000135 ], [ 35.523946067000054, 32.005737919000069 ], [ 35.524087619000056, 32.005731567000055 ], [ 35.524088920000111, 32.005731509000043 ], [ 35.524182999000118, 32.005727191000062 ], [ 35.524192534000122, 32.005725454000185 ], [ 35.524287280000181, 32.005708194000135 ], [ 35.52440808800003, 32.005686197000045 ], [ 35.524421622000091, 32.005678413999988 ], [ 35.524432313000148, 32.005672312000058 ], [ 35.52462099700017, 32.005564629999981 ], [ 35.52493988100008, 32.005241023000167 ], [ 35.525282785000172, 32.005028249000134 ], [ 35.525626238000086, 32.004976955000132 ], [ 35.525851532000104, 32.004996547000189 ], [ 35.525971681000158, 32.00504067300011 ], [ 35.525976539000055, 32.005042457000059 ], [ 35.526124394000078, 32.005096765000133 ], [ 35.526150137000172, 32.005113117000064 ], [ 35.526191347000065, 32.005139294000173 ], [ 35.52636187600001, 32.005247512000039 ], [ 35.526380479000068, 32.005271560000097 ], [ 35.526391695000086, 32.005286042000023 ], [ 35.526588100000083, 32.00553961900016 ], [ 35.526606303000108, 32.005785039000045 ], [ 35.526583622000089, 32.005923044000156 ], [ 35.526562724000144, 32.005962093000107 ], [ 35.526545337000186, 32.005994581000152 ], [ 35.526488483000094, 32.006101107000063 ], [ 35.52624549300009, 32.006324064000125 ], [ 35.525828397000055, 32.006554918000063 ], [ 35.525607703000048, 32.006673124000088 ], [ 35.525553975000093, 32.006701855000017 ], [ 35.525550260000045, 32.006703842000093 ], [ 35.525548540000045, 32.006705454000098 ], [ 35.525523720000137, 32.006728708000026 ], [ 35.525411523000173, 32.006802963000041 ], [ 35.525375693000058, 32.006867447000047 ], [ 35.525358318000144, 32.00688369500017 ], [ 35.525272501000074, 32.006963943000073 ], [ 35.525099630000057, 32.007335099000045 ], [ 35.525100738000162, 32.00766116200009 ], [ 35.525249446000032, 32.007868354000038 ], [ 35.525380340000027, 32.007942148000097 ], [ 35.525580752000053, 32.007986180000159 ], [ 35.525772148999977, 32.007956118000152 ], [ 35.526136768000072, 32.007658601000173 ], [ 35.526345260000085, 32.007502521000049 ], [ 35.526666563000106, 32.007257107000157 ], [ 35.526979935000099, 32.007111474999988 ], [ 35.527005942000017, 32.007099413000049 ], [ 35.527083787000151, 32.007063308 ], [ 35.527414343000146, 32.007010632000117 ], [ 35.527623516000176, 32.007054499000105 ], [ 35.527832682000053, 32.007143032000045 ], [ 35.528050737000058, 32.007268463 ], [ 35.528121593000037, 32.007339725000065 ], [ 35.528122286000041, 32.00734042300013 ], [ 35.528234269000166, 32.007453301000055 ], [ 35.528435138000134, 32.007630766999966 ], [ 35.52860142600008, 32.007897094999976 ], [ 35.528654446000189, 32.008119456000031 ], [ 35.528647997000121, 32.008240188000059 ], [ 35.528647453000076, 32.008250379000117 ], [ 35.528638448000095, 32.008421043000169 ], [ 35.528578319000189, 32.008680605000166 ], [ 35.528335454000057, 32.008940765000034 ], [ 35.527919243000042, 32.009431038000173 ], [ 35.527897159000133, 32.009453498000084 ], [ 35.527892509000139, 32.009458226000106 ], [ 35.527780481999969, 32.009572152000146 ], [ 35.527746273000105, 32.009772327000064 ], [ 35.527781854000125, 32.00997247100014 ], [ 35.527930294000157, 32.010098073000051 ], [ 35.528104723000069, 32.010231081000029 ], [ 35.528375415000085, 32.010415701 ], [ 35.528559146000134, 32.010704387000089 ], [ 35.528577399000142, 32.010963756000137 ], [ 35.528517331000103, 32.011193727000091 ], [ 35.528388773000131, 32.011320304000151 ], [ 35.528384921000168, 32.011324101000014 ], [ 35.528343777000146, 32.011364661000187 ], [ 35.527952082000184, 32.011387899000169 ], [ 35.527471496000032, 32.011290319000068 ], [ 35.527219171000183, 32.011350267000068 ], [ 35.527075632000106, 32.011448698000152 ], [ 35.527059080000186, 32.011460022000165 ], [ 35.527002046000064, 32.011499043000128 ], [ 35.526863394000145, 32.011721742000191 ], [ 35.526716905000171, 32.012166955000168 ], [ 35.526562850000118, 32.012915986000053 ], [ 35.526399127, 32.013450014000171 ], [ 35.526304082000024, 32.013657809000051 ], [ 35.526147975000185, 32.013806572000192 ], [ 35.525990010000157, 32.013869849000173 ], [ 35.525984802000096, 32.013871935000168 ], [ 35.525982655000178, 32.013872785000046 ], [ 35.52564318300017, 32.013889266000092 ], [ 35.52562399500016, 32.013888187000077 ], [ 35.525585124000088, 32.013885885999969 ], [ 35.525023053000041, 32.013853597999969 ], [ 35.524999342000115, 32.013852238000027 ], [ 35.524902962000112, 32.013846708000131 ], [ 35.524101980000125, 32.013833743000191 ], [ 35.523692894000192, 32.013901540000063 ], [ 35.523284196000134, 32.014035984000145 ], [ 35.523221356000079, 32.014080822000153 ], [ 35.52321127200014, 32.01408801700012 ], [ 35.523115940000025, 32.014115306000122 ], [ 35.523091825999984, 32.014173278000158 ], [ 35.523080534000144, 32.014181276000102 ], [ 35.523075655000184, 32.014184732000047 ], [ 35.522954349000088, 32.014355530000103 ], [ 35.522946549000153, 32.014592698000058 ], [ 35.52300269400007, 32.014675608000118 ], [ 35.523009708000131, 32.014685965000183 ], [ 35.523018158000127, 32.014698440000075 ], [ 35.523076026000126, 32.014783876000024 ], [ 35.523240091000105, 32.01493199100014 ], [ 35.523436649000189, 32.015005767 ], [ 35.523818608000113, 32.015032729000097 ], [ 35.524309805000144, 32.015133681000123 ], [ 35.52455004900014, 32.015263148000088 ], [ 35.525063963000036, 32.015624016000118 ], [ 35.525828672000159, 32.015956363000157 ], [ 35.526726304000192, 32.016369963000102 ], [ 35.527545596000095, 32.016748522000057 ], [ 35.527950089000058, 32.017026232000148 ], [ 35.528135962000079, 32.017164987000172 ], [ 35.528431471000147, 32.017442826000149 ], [ 35.528628899000125, 32.017767410000147 ], [ 35.528782867000075, 32.018101263000176 ], [ 35.528870919000042, 32.0183610200001 ], [ 35.52888305099998, 32.01871382500002 ], [ 35.528872996000132, 32.018964666000102 ], [ 35.528808204000143, 32.019169006000141 ], [ 35.528613039000049, 32.01950387100004 ], [ 35.528123852000135, 32.01999728300018 ], [ 35.527892884000039, 32.02011791200016 ], [ 35.527552184000115, 32.020119466000097 ], [ 35.527263944000083, 32.019985755000107 ], [ 35.526867988000163, 32.019886267000061 ], [ 35.526850110000112, 32.019881806000114 ], [ 35.526820642000132, 32.019873847000099 ], [ 35.526046711000163, 32.019854489000124 ], [ 35.52447364000011, 32.019843858 ], [ 35.523206555000172, 32.019789058000129 ], [ 35.522534980000103, 32.019812405000152 ], [ 35.522276846000068, 32.019923086000176 ], [ 35.522266772000137, 32.01992733700007 ], [ 35.522263306000184, 32.019928897000057 ], [ 35.522247492000133, 32.019959504000155 ], [ 35.522077130000071, 32.020289233000028 ], [ 35.522086511000055, 32.020520862000069 ], [ 35.52211597500019, 32.020627336000189 ], [ 35.52212150400004, 32.020647315000133 ], [ 35.522139251000169, 32.02071110300011 ], [ 35.522142303000066, 32.020722190000015 ], [ 35.522146616000157, 32.020737858000075 ], [ 35.522171099000104, 32.020760481000082 ], [ 35.522188591000145, 32.020776645000183 ], [ 35.522325800000033, 32.020903832000158 ], [ 35.522372720000192, 32.020937675000027 ], [ 35.522378495000055, 32.020941841000024 ], [ 35.522555926000052, 32.021069824000051 ], [ 35.523006913000188, 32.021155517000125 ], [ 35.523372281000036, 32.021111221000183 ], [ 35.523678253000128, 32.02105974400007 ], [ 35.524205039000037, 32.020964462 ], [ 35.524825582000119, 32.020912208000141 ], [ 35.525055710000117, 32.021078193000108 ], [ 35.525131020000174, 32.02126855400013 ], [ 35.525132954000128, 32.021273443000098 ], [ 35.52514657200004, 32.021339213000033 ], [ 35.525147079000135, 32.021341608000114 ], [ 35.525176173000091, 32.021483149 ], [ 35.52513445500017, 32.021714907000046 ], [ 35.52494004800019, 32.02208456600016 ], [ 35.52466876200009, 32.022316890000184 ], [ 35.524286892000134, 32.022520458000145 ], [ 35.523828221000088, 32.022659112000099 ], [ 35.523479495, 32.022638268000151 ], [ 35.523266644000103, 32.022544664000179 ], [ 35.522806604000039, 32.02227792400015 ], [ 35.522320950000164, 32.021967988000085 ], [ 35.522073789000046, 32.0218020370001 ], [ 35.521724628000015, 32.021650849000025 ], [ 35.52126556900015, 32.021673668000062 ], [ 35.520891888000051, 32.021804921000182 ], [ 35.520625353000128, 32.021977618000165 ], [ 35.520621556000094, 32.021980022000037 ], [ 35.520609368000123, 32.021994425000059 ], [ 35.520569378, 32.022049264000088 ], [ 35.520493461000058, 32.022153371000059 ], [ 35.520460094000043, 32.022363406000125 ], [ 35.520494940000106, 32.022594835000177 ], [ 35.52066584, 32.022855099000026 ], [ 35.520870786000103, 32.023107954000068 ], [ 35.521271817000127, 32.023533932000134 ], [ 35.521629685999983, 32.023960997000074 ], [ 35.521834805000026, 32.024214696000172 ], [ 35.522213252000142, 32.024561535000032 ], [ 35.52250492200011, 32.024828405000051 ], [ 35.522639176000041, 32.025008721000063 ], [ 35.522645528000055, 32.025133004000111 ], [ 35.522649624, 32.025213154000028 ], [ 35.522655993000114, 32.02533643400011 ], [ 35.52244412400006, 32.025437420000117 ], [ 35.521910529000081, 32.025679538000077 ], [ 35.521471432000055, 32.025988355000095 ], [ 35.521283617000051, 32.02620947600019 ], [ 35.521251094000093, 32.026326369000174 ], [ 35.52124424200008, 32.026350977999982 ], [ 35.521237039000084, 32.026376849000087 ], [ 35.521244496000122, 32.026426586000071 ], [ 35.521250575000181, 32.026467137000111 ], [ 35.521251849000066, 32.02647560600019 ], [ 35.521269185000108, 32.026590809000027 ], [ 35.521381409000128, 32.026763149000089 ], [ 35.521539174000168, 32.026950032000173 ], [ 35.52183039900018, 32.027083043000118 ], [ 35.522090204000108, 32.027216272000032 ], [ 35.522341908000158, 32.027302598000063 ], [ 35.522601825000038, 32.027469218000135 ], [ 35.522775628000147, 32.027702984000143 ], [ 35.522870767000086, 32.027956950000032 ], [ 35.522950351000134, 32.028257735000125 ], [ 35.523061361000089, 32.028558443000122 ], [ 35.523211515000071, 32.028792267000142 ], [ 35.523377285000095, 32.029046058000063 ], [ 35.523637164000036, 32.029297505000159 ], [ 35.523834251000039, 32.029517824000038 ], [ 35.524015992000102, 32.029798348000156 ], [ 35.52406911900016, 32.030008158000101 ], [ 35.524071654000068, 32.03001817 ], [ 35.524025112000118, 32.030146089000027 ], [ 35.523931327000128, 32.030293570000083 ], [ 35.523797925000054, 32.030367451000075 ], [ 35.523499310000147, 32.030401579000056 ], [ 35.523239775999969, 32.030301889000157 ], [ 35.523034900000084, 32.03017529400006 ], [ 35.522869213000149, 32.029995056000075 ], [ 35.522703737000143, 32.02982834300002 ], [ 35.522357667000108, 32.029768881999985 ], [ 35.522035655000082, 32.029829978000066 ], [ 35.521816045000037, 32.029944226000111 ], [ 35.521588743000052, 32.03013205000002 ], [ 35.521298921000096, 32.030420352000078 ], [ 35.520985496000151, 32.030675314000064 ], [ 35.520515081000042, 32.031024363000085 ], [ 35.520052625000176, 32.031380011000181 ], [ 35.519888684000193, 32.031572467000103 ], [ 35.519882700000039, 32.031579483000144 ], [ 35.519841228000189, 32.031628101000081 ], [ 35.519881261000194, 32.031875581000122 ], [ 35.520102163000161, 32.032095707000053 ], [ 35.520283091000067, 32.032135426000082 ], [ 35.520463631000041, 32.032108214000118 ], [ 35.520652054000095, 32.032014193000066 ], [ 35.520903187000044, 32.031926500000168 ], [ 35.521130674000119, 32.031792224000071 ], [ 35.521452626000098, 32.031711121000058 ], [ 35.521821808000084, 32.031656676000068 ], [ 35.522018407000076, 32.031682966000119 ], [ 35.522435500000086, 32.031855970000038 ], [ 35.522585327000115, 32.03209049600008 ], [ 35.52267979200019, 32.032486641000105 ], [ 35.522685004000095, 32.032854259000146 ], [ 35.522543288000122, 32.032965076000153 ], [ 35.522309072999974, 32.033165459000088 ], [ 35.522245134000116, 32.033228171000133 ], [ 35.522222515000124, 32.03325035600011 ], [ 35.522013461000029, 32.033455466000021 ], [ 35.521993954000095, 32.033557110000118 ], [ 35.521993366000061, 32.033560195000064 ], [ 35.52198322400011, 32.033613359000071 ], [ 35.52213792800012, 32.033723451000071 ], [ 35.522317415000146, 32.033775571000149 ], [ 35.522577377000175, 32.033901190000165 ], [ 35.522837519000177, 32.034079367000061 ], [ 35.522915110000156, 32.034160567000185 ], [ 35.522936789000084, 32.03418325500013 ], [ 35.523048342000152, 32.034299794000106 ], [ 35.523123106000128, 32.034494204000168 ], [ 35.52312984800011, 32.03467821400011 ], [ 35.523029190000159, 32.034897433000083 ], [ 35.52291242299998, 32.035050183000067 ], [ 35.522597813000061, 32.035250902000087 ], [ 35.522525029000121, 32.03525136200011 ], [ 35.522509815000092, 32.035251381000023 ], [ 35.522302964000119, 32.035251637000044 ], [ 35.522291956000061, 32.035251651000067 ], [ 35.522285007000107, 32.035251668000171 ], [ 35.522258045000058, 32.035251734000155 ], [ 35.522218466000027, 32.035238725000056 ], [ 35.522210068000049, 32.035235948000093 ], [ 35.521973538000054, 32.03515773800018 ], [ 35.521785896000154, 32.035042510999972 ], [ 35.521766375000027, 32.035030520000134 ], [ 35.521589636000044, 32.034921950000069 ], [ 35.521221455000045, 32.034614932000068 ], [ 35.521213910000085, 32.034608641000148 ], [ 35.521155851000117, 32.034560170000134 ], [ 35.520877049000148, 32.034390348000102 ], [ 35.520862775000069, 32.034381642000085 ], [ 35.520846217000098, 32.034371542000144 ], [ 35.520568083000171, 32.034351223000158 ], [ 35.520321637000052, 32.034556844000065 ], [ 35.519945973000063, 32.034952302000079 ], [ 35.519665953000128, 32.035159834000183 ], [ 35.519608139000184, 32.035202659999982 ], [ 35.519212503000119, 32.035495732000072 ], [ 35.519096202000185, 32.035602226000037 ], [ 35.519071171000121, 32.035625147000076 ], [ 35.518947650000143, 32.035738312000092 ], [ 35.518905152000173, 32.035892429000171 ], [ 35.518900209000037, 32.035910488000127 ], [ 35.51889257, 32.035938395000016 ], [ 35.518907317000071, 32.035984928000062 ], [ 35.518916979000153, 32.03601541300003 ], [ 35.51894255600007, 32.036096091000104 ], [ 35.519134726000175, 32.036279652000133 ], [ 35.51953736500019, 32.036578530000156 ], [ 35.519742104000159, 32.036809406000089 ], [ 35.519879087, 32.037060736000115 ], [ 35.520096930000193, 32.037549300000023 ], [ 35.520265177000169, 32.037948647000121 ], [ 35.520364939000046, 32.038248258000124 ], [ 35.520347240000092, 32.038495454000156 ], [ 35.520281172000182, 32.038821817000041 ], [ 35.520273146000193, 32.038861154000188 ], [ 35.520268314000134, 32.03888483500009 ], [ 35.520277357000111, 32.03892652400009 ], [ 35.520287132000135, 32.038971591000177 ], [ 35.520318387000145, 32.039116086000149 ], [ 35.52045748900008, 32.039356842000188 ], [ 35.520717817000161, 32.0395877200001 ], [ 35.520872783000186, 32.039724025000112 ], [ 35.520990907000169, 32.039923545000079 ], [ 35.52107203900016, 32.040191637000078 ], [ 35.52107292300019, 32.04045456800003 ], [ 35.521148384000128, 32.040806796000084 ], [ 35.521241498000052, 32.04094860400005 ], [ 35.521371856000144, 32.041095536000171 ], [ 35.521613320000085, 32.041273760000138 ], [ 35.521823716000085, 32.041362723000134 ], [ 35.52204646500013, 32.041435732000082 ], [ 35.522275354000158, 32.041514082000162 ], [ 35.522560294000073, 32.041681769999968 ], [ 35.522598241000139, 32.041847667000127 ], [ 35.522443098000167, 32.04200389000016 ], [ 35.522412041000166, 32.042035172000112 ], [ 35.522348299000043, 32.042099376000067 ], [ 35.522171833000186, 32.042212816000074 ], [ 35.521918501000187, 32.042386359000091 ], [ 35.521881178, 32.042411927000103 ], [ 35.52150964700013, 32.042666327000177 ], [ 35.521352587000081, 32.042794092000179 ], [ 35.521247379000101, 32.042879553000034 ], [ 35.521215484000038, 32.042905462000135 ], [ 35.521039444, 32.043194613000026 ], [ 35.521036907000052, 32.043209993000062 ], [ 35.521033770000088, 32.043229006000104 ], [ 35.520981730000017, 32.043546178000042 ], [ 35.520982867000043, 32.043885059000104 ], [ 35.521014130000026, 32.04442480400013 ], [ 35.520911995000063, 32.044751395000048 ], [ 35.520900888000085, 32.044762091000052 ], [ 35.520676843000103, 32.04497784300014 ], [ 35.52020552700003, 32.04517978500013 ], [ 35.520133982000061, 32.045224570000187 ], [ 35.520109941000101, 32.045239619000085 ], [ 35.520095402000038, 32.045245434000151 ], [ 35.520067512000082, 32.045266214000094 ], [ 35.520000313000082, 32.045308252000041 ], [ 35.519822847000171, 32.045419272000117 ], [ 35.519484753000086, 32.04573389400008 ], [ 35.519377188000135, 32.046135449000133 ], [ 35.519353541000044, 32.046223726000107 ], [ 35.519352137000112, 32.046249094000075 ], [ 35.519325855000091, 32.046750931000076 ], [ 35.519445196000106, 32.047164912000142 ], [ 35.519578926000122, 32.047478392000187 ], [ 35.519697557000086, 32.047628733000067 ], [ 35.520022570000094, 32.047803657000145 ], [ 35.520243848000064, 32.047828201000073 ], [ 35.52064219, 32.04786485600016 ], [ 35.52105521500016, 32.047889072000032 ], [ 35.521586532000185, 32.047963020000111 ], [ 35.521824814000183, 32.048124201000064 ], [ 35.521950135000111, 32.048295381000173 ], [ 35.521950877, 32.048515759000111 ], [ 35.521894074000045, 32.048744451 ], [ 35.521841386000119, 32.048820247000094 ], [ 35.521827605000112, 32.048840127000119 ], [ 35.521684152000091, 32.049047070000086 ], [ 35.521326026000111, 32.04940965600008 ], [ 35.52078101800015, 32.049941644000057 ], [ 35.520571418000031, 32.050342193000063 ], [ 35.520501428000102, 32.050544149000075 ], [ 35.520480805000091, 32.050603656000135 ], [ 35.520409853000046, 32.050808005000079 ], [ 35.520418777000089, 32.050854341000161 ], [ 35.520424432000084, 32.050883910000039 ], [ 35.520448919000103, 32.051011945000027 ], [ 35.520496758000036, 32.051067960000182 ], [ 35.520507884000097, 32.051080987000091 ], [ 35.520574158000045, 32.051158606 ], [ 35.520814355000141, 32.051296816999979 ], [ 35.521054335000088, 32.051320750000116 ], [ 35.521284471000115, 32.051320189000137 ], [ 35.521581778000098, 32.051270428 ], [ 35.521936168000138, 32.051122594000049 ], [ 35.522367291000194, 32.05096654200014 ], [ 35.52266407500008, 32.050761639000143 ], [ 35.522912823000013, 32.050589545000093 ], [ 35.523314353000046, 32.050147799000115 ], [ 35.523343824000051, 32.050087011000073 ], [ 35.523389930000178, 32.049991909000028 ], [ 35.5234571310001, 32.049853515000109 ], [ 35.523454573000095, 32.049782644000061 ], [ 35.523453715000187, 32.049757765000038 ], [ 35.523448114000189, 32.049595311000076 ], [ 35.523447786000133, 32.049585812000089 ], [ 35.523446512000021, 32.049551432000101 ], [ 35.523342978000187, 32.049414865000074 ], [ 35.523313792000067, 32.04937640300011 ], [ 35.523118962000126, 32.049119648000044 ], [ 35.523117949000152, 32.049116972000036 ], [ 35.523113950000038, 32.049106416000029 ], [ 35.522935013999984, 32.048638334000032 ], [ 35.522972403000153, 32.048344450000059 ], [ 35.523163486000101, 32.04809894300007 ], [ 35.523267291000025, 32.0480227380001 ], [ 35.523279744000092, 32.048013605000108 ], [ 35.523431333000133, 32.047902423000153 ], [ 35.523853093000184, 32.047770763000131 ], [ 35.524007304000065, 32.047757272000126 ], [ 35.524025432000144, 32.047755686000187 ], [ 35.524040317000072, 32.047754380000072 ], [ 35.524051824000026, 32.04775337000018 ], [ 35.524332565000066, 32.047728720000066 ], [ 35.524658760000136, 32.047760607000157 ], [ 35.52498550700011, 32.047906769000178 ], [ 35.525148827000123, 32.048012469000014 ], [ 35.525264696000193, 32.048224390000087 ], [ 35.525265586000103, 32.048485631000119 ], [ 35.525228733000176, 32.048934796000026 ], [ 35.525134696000123, 32.049498380000159 ], [ 35.525155081000094, 32.049849333000111 ], [ 35.525204116000168, 32.050159490000112 ], [ 35.525310668000088, 32.050453018999974 ], [ 35.525484201000154, 32.050689457000033 ], [ 35.525772606000146, 32.050892779000151 ], [ 35.526072778000071, 32.050937137000062 ], [ 35.526081157000192, 32.050938374999987 ], [ 35.526099031000058, 32.050941009000042 ], [ 35.526249693000068, 32.050777322000101 ], [ 35.526347772000122, 32.050671256000044 ], [ 35.526353378000067, 32.050665748000085 ], [ 35.526411233000147, 32.050602476 ], [ 35.526479848, 32.05054087100018 ], [ 35.526538713000036, 32.050482669000132 ], [ 35.526548790000049, 32.050478559000169 ], [ 35.526560687000028, 32.050473598000167 ], [ 35.526695003000157, 32.050417723000066 ], [ 35.526854761000038, 32.050351265000074 ], [ 35.527104279000071, 32.050358817000188 ], [ 35.527296143000171, 32.050391031000174 ], [ 35.52766114800005, 32.0504962280001 ], [ 35.527901130000032, 32.050569043000166 ], [ 35.528086455000164, 32.050721044000056 ], [ 35.528262342000062, 32.050725959000033 ], [ 35.528412914000114, 32.050682748000099 ], [ 35.528487563000169, 32.050653456000134 ], [ 35.528515188000029, 32.050642616000118 ], [ 35.528701563000084, 32.050569724000127 ], [ 35.52896068900003, 32.050436480000144 ], [ 35.528989530000047, 32.050421662000133 ], [ 35.52904640200012, 32.050392444000067 ], [ 35.52939135400004, 32.050247291 ], [ 35.529686505000029, 32.050198361000071 ], [ 35.529875019000031, 32.050219309 ], [ 35.530089183000143, 32.050384478000069 ], [ 35.530070950000152, 32.050566297000103 ], [ 35.529908432000184, 32.050791311000069 ], [ 35.529677127000184, 32.051123305000033 ], [ 35.529489441000067, 32.051343029000066 ], [ 35.529395966999971, 32.051583793000134 ], [ 35.529402751000191, 32.051728207000167 ], [ 35.529409701000077, 32.051920529000085 ], [ 35.529479339000147, 32.052059431000032 ], [ 35.529574198000091, 32.052219547000163 ], [ 35.529744336000135, 32.052379475000066 ], [ 35.530096965000098, 32.052634620000106 ], [ 35.530254566000053, 32.052757235000058 ], [ 35.530418624000163, 32.052975937000042 ], [ 35.530437985000049, 32.053120319000072 ], [ 35.530432550000057, 32.053366216000086 ], [ 35.530395343000066, 32.05351609600001 ], [ 35.530283061000034, 32.053724781000142 ], [ 35.530126421000034, 32.05388031200016 ], [ 35.529863394000188, 32.054084022000154 ], [ 35.529612869000175, 32.05431461 ], [ 35.529525585000044, 32.05452858700005 ], [ 35.529520057000127, 32.054747852000162 ], [ 35.529609531000062, 32.055169227000135 ], [ 35.529654116000131, 32.055334822000077 ], [ 35.529730283000106, 32.055591225000057 ], [ 35.529794189000086, 32.055890494000039 ], [ 35.529833354, 32.056307342000082 ], [ 35.529796629000089, 32.056596155000079 ], [ 35.529728521000152, 32.05690110900008 ], [ 35.52962901300009, 32.057168659000183 ], [ 35.529474033000042, 32.057472282000163 ], [ 35.529361452000046, 32.057643627000061 ], [ 35.529055155000037, 32.058066693000058 ], [ 35.528980314000137, 32.058243297000104 ], [ 35.528980793000073, 32.058382373000086 ], [ 35.529100736000146, 32.058521008000071 ], [ 35.529258033000133, 32.058600932000104 ], [ 35.529522217000135, 32.058680447000029 ], [ 35.529716983000071, 32.058685313000069 ], [ 35.529924230000063, 32.058663377000016 ], [ 35.530131440000162, 32.058630729000186 ], [ 35.530684110000095, 32.058592 ], [ 35.531004715000051, 32.058623179999984 ], [ 35.531212277000179, 32.058692126000039 ], [ 35.53143248900011, 32.058782456000017 ], [ 35.531709363000061, 32.058894061000103 ], [ 35.53189851000019, 32.059091421000119 ], [ 35.53204987700019, 32.059272809 ], [ 35.532138740000164, 32.059513114000083 ], [ 35.53224560200016, 32.05988568600003 ], [ 35.53230284100016, 32.060072386000172 ], [ 35.532346163, 32.060301392000099 ], [ 35.532304437000107, 32.060530614000072 ], [ 35.532219810000129, 32.060651444000143 ], [ 35.532033570000181, 32.060673051000038 ], [ 35.53202258500005, 32.060674323000171 ], [ 35.53200743900004, 32.06067607600005 ], [ 35.531858164000028, 32.06057401400011 ], [ 35.531765728000039, 32.060447570000122 ], [ 35.531619251999984, 32.060102575000087 ], [ 35.531448371000181, 32.059734108999976 ], [ 35.531221814000162, 32.059627730000159 ], [ 35.531002044000104, 32.059665763 ], [ 35.53071342700008, 32.05979471500001 ], [ 35.530698869000162, 32.059811990000128 ], [ 35.530692006000038, 32.05982013400012 ], [ 35.53049591100006, 32.060052843000051 ], [ 35.530369090000136, 32.060221969000054 ], [ 35.530220841000187, 32.060415384000123 ], [ 35.530122480000159, 32.060632629000111 ], [ 35.529988817000174, 32.060928448000141 ], [ 35.529904478000049, 32.061133681000172 ], [ 35.529770683000095, 32.061344956000141 ], [ 35.529587210999978, 32.061592707000102 ], [ 35.529524150000043, 32.061779710000053 ], [ 35.529519866000044, 32.061928519 ], [ 35.529640576000077, 32.062048693000179 ], [ 35.530023840000183, 32.062204562000034 ], [ 35.530208233000053, 32.062270468000179 ], [ 35.530449213999987, 32.062287898000193 ], [ 35.531030311000052, 32.062280379000185 ], [ 35.531419942000014, 32.062267420000069 ], [ 35.532128550000039, 32.062289729000042 ], [ 35.532539801000041, 32.062354914000025 ], [ 35.532837685000175, 32.062414470000192 ], [ 35.533248895000099, 32.062516010000024 ], [ 35.533454616000142, 32.062575797000079 ], [ 35.533773871, 32.062689547000105 ], [ 35.5339798440001, 32.062821617 ], [ 35.534157609000147, 32.062977855000156 ], [ 35.534314176000066, 32.06317655800018 ], [ 35.534485001000064, 32.063429337 ], [ 35.534663106000153, 32.063682095000161 ], [ 35.534748707, 32.063838566000072 ], [ 35.534805912000081, 32.06401328600009 ], [ 35.534622675000094, 32.064279082999974 ], [ 35.534424722000153, 32.064406261000045 ], [ 35.534191123000085, 32.064467164000177 ], [ 35.534106906000147, 32.064469210000027 ], [ 35.534085223000034, 32.064469763000147 ], [ 35.533928874000139, 32.064473749000115 ], [ 35.533730222000031, 32.064401967000038 ], [ 35.533588095000084, 32.064263674000074 ], [ 35.533374772000116, 32.06406525500006 ], [ 35.533140163000155, 32.063836732000084 ], [ 35.53298376500004, 32.063686357000165 ], [ 35.532742444, 32.06357240900013 ], [ 35.532550994000189, 32.063524703000098 ], [ 35.532210622999969, 32.063477231999968 ], [ 35.531650550000109, 32.063394242000072 ], [ 35.531083674000115, 32.063353540000037 ], [ 35.531008544000088, 32.063373786000113 ], [ 35.53099870300008, 32.063376437999977 ], [ 35.53058806100006, 32.06348738000014 ], [ 35.530353984000101, 32.063696370000173 ], [ 35.53024136800002, 32.063907591000145 ], [ 35.530128857000079, 32.064149106000173 ], [ 35.529981057999976, 32.06442678600007 ], [ 35.529946462000169, 32.064662046000137 ], [ 35.529961048000132, 32.064812782 ], [ 35.530159927000113, 32.064950935000184 ], [ 35.530415041000083, 32.064938176000055 ], [ 35.53071464300001, 32.064889961000063 ], [ 35.530744147000178, 32.064885213000025 ], [ 35.53083295700003, 32.064870900000187 ], [ 35.531038076000073, 32.064804016000153 ], [ 35.531314179000049, 32.064736955000058 ], [ 35.531342288000189, 32.06473054200012 ], [ 35.531405813, 32.064716100000169 ], [ 35.531689505000031, 32.064651605000108 ], [ 35.531937421000123, 32.064614907000077 ], [ 35.532256302000121, 32.064620019000131 ], [ 35.532433396000044, 32.064631689 ], [ 35.532731311000077, 32.064697305000152 ], [ 35.532873395000138, 32.064823479000097 ], [ 35.532980760000044, 32.06510065700013 ], [ 35.53297415000003, 32.065245244000096 ], [ 35.53291107400014, 32.065426329000047 ], [ 35.532805330000087, 32.065613579000114 ], [ 35.532571980000114, 32.065746766000188 ], [ 35.532288926000149, 32.065862039000024 ], [ 35.531963257000143, 32.065953325000123 ], [ 35.531943243000057, 32.065955346000067 ], [ 35.531899739000039, 32.065959756000041 ], [ 35.531615390000013, 32.065988582000102 ], [ 35.531331997000109, 32.066007474000116 ], [ 35.530921047000049, 32.066032604000043 ], [ 35.530531524000082, 32.066081774 ], [ 35.530524734000039, 32.066084654000065 ], [ 35.530516159000115, 32.066088292000188 ], [ 35.530347625000047, 32.066160720000141 ], [ 35.530170925000164, 32.066311795000161 ], [ 35.530043866000028, 32.066462886000124 ], [ 35.529966598000044, 32.0666559820001 ], [ 35.529995872000143, 32.066891081000108 ], [ 35.530102752000118, 32.067077799000117 ], [ 35.530479257000081, 32.067330065000192 ], [ 35.530761933, 32.067359433000149 ], [ 35.530762655000103, 32.067359508000038 ], [ 35.53081691400007, 32.067354158000114 ], [ 35.530954047000137, 32.067340848000129 ], [ 35.531123865000154, 32.067304348000107 ], [ 35.531267344000184, 32.067259460000116 ], [ 35.531333324000173, 32.067238897000095 ], [ 35.531357596000191, 32.067231333 ], [ 35.531668994000029, 32.067128110000112 ], [ 35.532023002000187, 32.067048730000067 ], [ 35.53224260900015, 32.067054236 ], [ 35.532498128000043, 32.067156170000089 ], [ 35.532633392000093, 32.067318576000048 ], [ 35.532697710000036, 32.067493279000189 ], [ 35.532748300000151, 32.067764399000055 ], [ 35.532741982000175, 32.067993530000081 ], [ 35.532679222000127, 32.068265078000024 ], [ 35.532587618000036, 32.068428059000098 ], [ 35.53240415700003, 32.068633543000033 ], [ 35.532192127000087, 32.068808943000136 ], [ 35.532024910000189, 32.068832616000066 ], [ 35.532002356000078, 32.068835794000165 ], [ 35.531887464000192, 32.068851985000151 ], [ 35.531696048000128, 32.068816255000058 ], [ 35.531440667000084, 32.068708401000038 ], [ 35.531255949000069, 32.068600226000058 ], [ 35.530901264000079, 32.068486560000053 ], [ 35.530660413000135, 32.06851140100008 ], [ 35.530511941000157, 32.068596179000167 ], [ 35.53037044000007, 32.068686998000089 ], [ 35.530320232000179, 32.068743764000033 ], [ 35.530310111000119, 32.068755207000152 ], [ 35.530224893000025, 32.068851661000167 ], [ 35.530139130000123, 32.06912509700004 ], [ 35.530087464000076, 32.06930685500015 ], [ 35.530079233000038, 32.069462016000102 ], [ 35.530010637000032, 32.06967622600007 ], [ 35.529855498000074, 32.069986754000183 ], [ 35.529778845000067, 32.070407696000188 ], [ 35.529831967000177, 32.07069557900013 ], [ 35.529920111000024, 32.071108780000088 ], [ 35.530119061000107, 32.071406372000069 ], [ 35.530121552000082, 32.071410098000172 ], [ 35.530146839000111, 32.071447797000189 ], [ 35.530337855000141, 32.071462113000109 ], [ 35.530502344000126, 32.071365743000172 ], [ 35.530874866000033, 32.071180217000062 ], [ 35.531178013000158, 32.071031782000148 ], [ 35.531490108000128, 32.07093503800013 ], [ 35.531906627000069, 32.070933987000103 ], [ 35.532309569000176, 32.070931984000026 ], [ 35.532570065000073, 32.070938652000052 ], [ 35.532830316, 32.07092319800006 ], [ 35.533194343000048, 32.07081899100001 ], [ 35.53338474300017, 32.070656043000042 ], [ 35.533462168000085, 32.070508175000043 ], [ 35.533547985000155, 32.07020529000016 ], [ 35.533615979000103, 32.06982114300007 ], [ 35.533762294000041, 32.06945173500003 ], [ 35.533908364000069, 32.069060063000165 ], [ 35.534081098000115, 32.068815994000147 ], [ 35.53421944400003, 32.06867529900012 ], [ 35.534474858000181, 32.068651542 ], [ 35.534477566000078, 32.068651289000059 ], [ 35.534627048000175, 32.068637345000184 ], [ 35.534800945000086, 32.068725532000087 ], [ 35.535018406000063, 32.068872650000174 ], [ 35.535183819000167, 32.069042021000087 ], [ 35.535462635000101, 32.069366102000174 ], [ 35.535645660000057, 32.069601937000073 ], [ 35.535724677000132, 32.069860161000122 ], [ 35.535603864000166, 32.070045058 ], [ 35.535465623, 32.070215204000078 ], [ 35.535258461000126, 32.070503607000035 ], [ 35.535180980000177, 32.070681066000077 ], [ 35.53519887200008, 32.070828692000191 ], [ 35.535355579000168, 32.070968495000159 ], [ 35.535512229000119, 32.071137891000149 ], [ 35.535573555000042, 32.071307527000101 ], [ 35.535480009000139, 32.071481926000104 ], [ 35.535298308000108, 32.071622734000186 ], [ 35.535038858000121, 32.071867025000074 ], [ 35.534883240000056, 32.072037214000034 ], [ 35.534745566000026, 32.072369825000067 ], [ 35.534703117000163, 32.072628358000088 ], [ 35.534756023000114, 32.072849728999984 ], [ 35.534886741000093, 32.073033986000041 ], [ 35.535069651000128, 32.073188519000155 ], [ 35.535295702000099, 32.073328145000175 ], [ 35.535539390000167, 32.073541702000171 ], [ 35.535809278000102, 32.073769847000108 ], [ 35.535940129000039, 32.073991021000097 ], [ 35.53599290700015, 32.074175474000185 ], [ 35.535995435000132, 32.074469260000171 ], [ 35.535978838000119, 32.074690807000081 ], [ 35.535910253000054, 32.074905023000042 ], [ 35.535754786000041, 32.075119598000128 ], [ 35.535504379000031, 32.075489414000174 ], [ 35.53534069400007, 32.075814624000088 ], [ 35.535194477000118, 32.07621362500015 ], [ 35.535143707000032, 32.076553480000143 ], [ 35.535170625000148, 32.076819165000188 ], [ 35.535258313000099, 32.077047775000096 ], [ 35.535358281000185, 32.077122993000103 ], [ 35.535360032000085, 32.077124310000102 ], [ 35.535414787000093, 32.077165455000056 ], [ 35.535658001000115, 32.077194427000109 ], [ 35.535805220000157, 32.077127541000095 ], [ 35.536056624000139, 32.077038409000181 ], [ 35.536238285000024, 32.076882804000036 ], [ 35.536445509000089, 32.076609196000106 ], [ 35.53679109300009, 32.076150504000168 ], [ 35.537145252000187, 32.075684460000161 ], [ 35.537491265000085, 32.075395698000079 ], [ 35.537967619000085, 32.075136051000186 ], [ 35.538276474000156, 32.075056347000157 ], [ 35.538290900000106, 32.075052625000183 ], [ 35.538401138000154, 32.075024180000071 ], [ 35.538783157000069, 32.075089706000142 ], [ 35.539043947000152, 32.075221909000163 ], [ 35.539252769000029, 32.075354245000085 ], [ 35.539383635000036, 32.075575412000035 ], [ 35.539480042999969, 32.075833589000183 ], [ 35.539489359000072, 32.076032807000104 ], [ 35.539438184000176, 32.076254446000064 ], [ 35.539308783000024, 32.076491083 ], [ 35.539040543000056, 32.076683689000163 ], [ 35.538772005000055, 32.076839380000138 ], [ 35.538251942000102, 32.077003188000049 ], [ 35.537905349000084, 32.07712962700009 ], [ 35.537411607000081, 32.07738931800003 ], [ 35.537056659000029, 32.077633859000059 ], [ 35.536821192000161, 32.077876543000059 ], [ 35.536758675000044, 32.07816950900019 ], [ 35.536777561, 32.07836222200001 ], [ 35.536822514000107, 32.078532039000152 ], [ 35.53692378900007, 32.078716510000049 ], [ 35.53699518500008, 32.078782131000025 ], [ 35.536997297000084, 32.07878407100003 ], [ 35.537132829000143, 32.078908593000051 ], [ 35.537386754000067, 32.078969661000087 ], [ 35.537558840000088, 32.078961468000045 ], [ 35.537803472000121, 32.07892237100009 ], [ 35.538110887000016, 32.078759679000143 ], [ 35.538467012000126, 32.078612640000131 ], [ 35.538711313000135, 32.078527184000166 ], [ 35.538865305000115, 32.078503678000175 ], [ 35.539037393000115, 32.07849548400003 ], [ 35.539336744000138, 32.078579540000078 ], [ 35.539636262000045, 32.078709808000042 ], [ 35.540044650000084, 32.078878265000185 ], [ 35.540664061000086, 32.079143678000037 ], [ 35.540881964000107, 32.079266548000078 ], [ 35.54103388700014, 32.079386204 ], [ 35.541044946000056, 32.079394914000034 ], [ 35.541145354000037, 32.079473985000106 ], [ 35.541245618000175, 32.079604769000071 ], [ 35.541273423000064, 32.079789708000192 ], [ 35.541201599000146, 32.079974905000142 ], [ 35.541102519000106, 32.080129314000033 ], [ 35.540931010000065, 32.080345629000078 ], [ 35.54066924600005, 32.08059289800002 ], [ 35.540406764000181, 32.080686154000091 ], [ 35.540017509000052, 32.080779597000117 ], [ 35.539637137, 32.080857657000024 ], [ 35.539383784000108, 32.080958637000037 ], [ 35.539194117000136, 32.081097781000153 ], [ 35.539058348000026, 32.081267642000114 ], [ 35.538996062000024, 32.081483814000023 ], [ 35.538985346000175, 32.081541613000127 ], [ 35.538971855000057, 32.081614879000142 ], [ 35.538960503000169, 32.081676525999967 ], [ 35.538959964000014, 32.081692966000105 ], [ 35.538957967000158, 32.081753890000186 ], [ 35.538952305, 32.081931027000167 ], [ 35.538978777000068, 32.082160355000156 ], [ 35.538983916000063, 32.082204677000107 ], [ 35.538989704000187, 32.082254592000027 ], [ 35.539053941000077, 32.082447188000174 ], [ 35.53917210700007, 32.082585677000168 ], [ 35.539335679000146, 32.0826931900001 ], [ 35.539607599000078, 32.0827387060001 ], [ 35.539924729000177, 32.082699277000131 ], [ 35.540359094000166, 32.082582608000166 ], [ 35.540603404000137, 32.082450930000107 ], [ 35.540874467000094, 32.082257466000101 ], [ 35.541064022000057, 32.082041104000155 ], [ 35.541289653000149, 32.081778431000146 ], [ 35.54144268500005, 32.081531444000063 ], [ 35.541676754000093, 32.081083738000132 ], [ 35.541929054000036, 32.080689951000181 ], [ 35.542182041000103, 32.08048878000011 ], [ 35.54239010100008, 32.08040341200018 ], [ 35.542634541000041, 32.080356556000027 ], [ 35.542960432000086, 32.080270881000104 ], [ 35.543494657000167, 32.080177048999985 ], [ 35.543992887000172, 32.080106419 ], [ 35.544238700000164, 32.080118738000067 ], [ 35.544250905000013, 32.080119367 ], [ 35.544282896000084, 32.080121016000078 ], [ 35.544304761000035, 32.080126904000053 ], [ 35.544319176999977, 32.080130786000154 ], [ 35.544482350000067, 32.080174462000059 ], [ 35.544636624000077, 32.080228023000132 ], [ 35.544844961000138, 32.080343168000184 ], [ 35.544855356000028, 32.080348913000194 ], [ 35.544872603000158, 32.080358448000027 ], [ 35.544973699000138, 32.080443290000119 ], [ 35.544991296000092, 32.080457899000123 ], [ 35.544998600000156, 32.080463656000177 ], [ 35.54513614200016, 32.080558126000028 ], [ 35.545308623000153, 32.080657998000106 ], [ 35.545371368000076, 32.080693283000073 ], [ 35.545374962000039, 32.080695304000187 ], [ 35.545444942000131, 32.080734715000119 ], [ 35.545599025, 32.080780529000037 ], [ 35.545798563000176, 32.080810863000067 ], [ 35.545995862999973, 32.080862620000175 ], [ 35.546006468000087, 32.080865408000193 ], [ 35.546025526000051, 32.080872826000132 ], [ 35.546170421000056, 32.080940925000164 ], [ 35.546307974000172, 32.081057181000176 ], [ 35.546316013000194, 32.08106397600011 ], [ 35.546343240000056, 32.081086873000118 ], [ 35.546416205000128, 32.081217723000123 ], [ 35.546425843000065, 32.081410460000029 ], [ 35.5463631880001, 32.081610996000052 ], [ 35.546209806000036, 32.08180416100015 ], [ 35.545893380000109, 32.081990006000183 ], [ 35.545675937000169, 32.081998329000044 ], [ 35.545449503999976, 32.081991174000109 ], [ 35.545240721000027, 32.081922255000165 ], [ 35.545068403000187, 32.081868741000164 ], [ 35.545017605000055, 32.081825757000161 ], [ 35.545016538000027, 32.081824855000093 ], [ 35.544913848000078, 32.081738104000124 ], [ 35.544695655000055, 32.081538306000084 ], [ 35.544572973000015, 32.081434498000021 ], [ 35.544559690000085, 32.081423273999974 ], [ 35.544450292000079, 32.081330830000184 ], [ 35.544196161000116, 32.081215813000142 ], [ 35.543869932000064, 32.081209058000013 ], [ 35.543553141000189, 32.081294572 ], [ 35.543254584000124, 32.081434145000117 ], [ 35.542983858000071, 32.081720052000037 ], [ 35.542903153000054, 32.081966989000136 ], [ 35.542896594000126, 32.082029711000189 ], [ 35.542894449000073, 32.082050508 ], [ 35.542885561000048, 32.082136687000116 ], [ 35.542949640000074, 32.082282924000083 ], [ 35.5430496890001, 32.082398347000094 ], [ 35.543222312000125, 32.082536548000121 ], [ 35.543449218000035, 32.082628532000058 ], [ 35.543676070000174, 32.082705015000101 ], [ 35.544156666000163, 32.082834798000079 ], [ 35.544738248000101, 32.083017579 ], [ 35.544983281000043, 32.083132620000015 ], [ 35.545219489000033, 32.083278403000122 ], [ 35.545374480000191, 32.083371265000153 ], [ 35.545395806000158, 32.083384042000034 ], [ 35.545402605000106, 32.083388111000147 ], [ 35.545437439000125, 32.083408875000089 ], [ 35.545553250000069, 32.083534259000146 ], [ 35.545586703000083, 32.083570463000115 ], [ 35.545611528000052, 32.083597329000042 ], [ 35.545634169000095, 32.083621831000073 ], [ 35.545664744000021, 32.083655004000093 ], [ 35.545828657000186, 32.083854943 ], [ 35.545929134000062, 32.084085907000144 ], [ 35.54595697600007, 32.084278595000058 ], [ 35.54585815400003, 32.084502475000136 ], [ 35.545724730000188, 32.084586242000057 ], [ 35.545723412000086, 32.084587938000027 ], [ 35.545715807000079, 32.084585798000035 ], [ 35.545559227000126, 32.08454172800009 ], [ 35.545368555000152, 32.084403438000038 ], [ 35.545223068000098, 32.084265167000012 ], [ 35.545141681000189, 32.084230858000126 ], [ 35.545134633000146, 32.084227881000174 ], [ 35.54496896, 32.08415790000015 ], [ 35.544461074000083, 32.084035799000048 ], [ 35.544198167000104, 32.084013381000148 ], [ 35.543899238000165, 32.084052771000074 ], [ 35.543618711000136, 32.084145940000042 ], [ 35.543410759000153, 32.084262169000169 ], [ 35.543167197000059, 32.084555752000028 ], [ 35.543041171000141, 32.08481042000011 ], [ 35.543032707000123, 32.084987703000138 ], [ 35.543060707000166, 32.085180390000176 ], [ 35.543233365000049, 32.085326341000098 ], [ 35.543475548000117, 32.085440898000058 ], [ 35.543478073000017, 32.085442092000164 ], [ 35.543492161000131, 32.085447409000153 ], [ 35.543512052000096, 32.085456093000175 ], [ 35.543705342000123, 32.085540976000175 ], [ 35.544013939000138, 32.085702072000174 ], [ 35.54421387800005, 32.085840340000061 ], [ 35.544332140000108, 32.086001934000137 ], [ 35.544375432000095, 32.086083052000106 ], [ 35.544384631000071, 32.086100289000171 ], [ 35.544414293000045, 32.086155869000152 ], [ 35.544551180000099, 32.08643295700017 ], [ 35.544669526000121, 32.086571440000171 ], [ 35.544754022000177, 32.086686481000186 ], [ 35.544769605000113, 32.086707683000157 ], [ 35.544901725000045, 32.086887448000027 ], [ 35.545015444000114, 32.087027916000125 ], [ 35.545216138000058, 32.087190278000037 ], [ 35.545583066, 32.087552006000124 ], [ 35.54569493200006, 32.087678045000132 ], [ 35.545705717000146, 32.087690195999983 ], [ 35.545819062000191, 32.087817982000104 ], [ 35.545828288000052, 32.087988173000042 ], [ 35.545706928000129, 32.088114464000114 ], [ 35.545515620000117, 32.088166682000178 ], [ 35.545228564000183, 32.088197166000043 ], [ 35.54497604800008, 32.088168100000132 ], [ 35.544575245000033, 32.088050790000182 ], [ 35.544261714000129, 32.087992290000159 ], [ 35.543965995000065, 32.088052387000062 ], [ 35.543809846000045, 32.088171159000126 ], [ 35.54375813200005, 32.088334181999983 ], [ 35.54375072900001, 32.088667445000112 ], [ 35.543757898000024, 32.088864559000115 ], [ 35.543768116000138, 32.089264424000078 ], [ 35.54373439900013, 32.089553231000082 ], [ 35.543691617000093, 32.089760618000071 ], [ 35.543587873000035, 32.08995336800001 ], [ 35.543336048000072, 32.090116916000056 ], [ 35.543005582000092, 32.090228813000181 ], [ 35.542614211000171, 32.090296485000067 ], [ 35.541935562000049, 32.090335312000036 ], [ 35.540995752000072, 32.090382141000077 ], [ 35.540351561000136, 32.090383811000038 ], [ 35.539811766000184, 32.090326030000142 ], [ 35.539576424000074, 32.090193339000109 ], [ 35.539410378000184, 32.09004567400001 ], [ 35.539386584000169, 32.089989976000027 ], [ 35.539373159000036, 32.089958551 ], [ 35.539331431000107, 32.089860868000187 ], [ 35.539321735000044, 32.089833840000097 ], [ 35.539308457000175, 32.089796583000123 ], [ 35.539199519000078, 32.089490905000048 ], [ 35.539085681000074, 32.089269130000105 ], [ 35.538797987000066, 32.089121779000038 ], [ 35.538519453000106, 32.089129964000108 ], [ 35.538319312000169, 32.08916753900013 ], [ 35.537919702000124, 32.08933878199997 ], [ 35.53763336600008, 32.089620909000132 ], [ 35.537477734000163, 32.089887766000118 ], [ 35.537473469000076, 32.089945407000187 ], [ 35.537469940000051, 32.089992534000089 ], [ 35.537461141000108, 32.090110017000143 ], [ 35.537505277000037, 32.090280121000148 ], [ 35.537610400000119, 32.090472331000058 ], [ 35.537837396000043, 32.090679020000039 ], [ 35.53814244900019, 32.090819003000149 ], [ 35.538499854000179, 32.090973502000054 ], [ 35.53890082200013, 32.091135357000041 ], [ 35.539231819000065, 32.091215947000137 ], [ 35.539571613000135, 32.091303983000159 ], [ 35.539911382000071, 32.091384407000021 ], [ 35.540320854000186, 32.09151664400008 ], [ 35.540573797999969, 32.091664082000193 ], [ 35.540696203000095, 32.091826654000158 ], [ 35.540736266000124, 32.091974478000111 ], [ 35.540740316999972, 32.091989426000112 ], [ 35.54074311100004, 32.092063358000189 ], [ 35.540745434000144, 32.092124823 ], [ 35.540745988000026, 32.092139478999968 ], [ 35.540749272000141, 32.092225141000142 ], [ 35.540602464000074, 32.092551299000149 ], [ 35.540411910000103, 32.092818249 ], [ 35.540203895000047, 32.093063120000124 ], [ 35.53962232300006, 32.093501438000146 ], [ 35.539353788000142, 32.093857498000148 ], [ 35.539154823000104, 32.094228176000058 ], [ 35.539052337000157, 32.09473190000017 ], [ 35.539046525000174, 32.094772779000095 ], [ 35.539035865000187, 32.094847033000178 ], [ 35.538984339000024, 32.095205947000068 ], [ 35.539002801000095, 32.095509412000183 ], [ 35.539099160000035, 32.095701641 ], [ 35.53922194200004, 32.095922833000031 ], [ 35.539403192000123, 32.096108079000089 ], [ 35.539494004000176, 32.096229445000176 ], [ 35.539629954000077, 32.096382825999967 ], [ 35.539818729000103, 32.096542266000029 ], [ 35.539894685000036, 32.096721442000103 ], [ 35.539890418000084, 32.096760864000032 ], [ 35.539887316000033, 32.096789521000176 ], [ 35.539872739000145, 32.096926238000037 ], [ 35.539820856000063, 32.097137732000078 ], [ 35.53968613700016, 32.097330138000018 ], [ 35.539483462000192, 32.097497073000056 ], [ 35.539167825999982, 32.09764513500005 ], [ 35.538724454000089, 32.097761824000031 ], [ 35.538497337000024, 32.097852732000092 ], [ 35.53827005100004, 32.097943496000141 ], [ 35.538043095000091, 32.098079633000168 ], [ 35.537647907000121, 32.098388390000025 ], [ 35.537345842000093, 32.098724526000126 ], [ 35.537164489000077, 32.09893141900011 ], [ 35.537142587000062, 32.099150727000108 ], [ 35.537149596000177, 32.099167195000064 ], [ 35.537150428000075, 32.099169144000143 ], [ 35.537211357000047, 32.099311889000148 ], [ 35.537378787000023, 32.099472655000113 ], [ 35.537484272000142, 32.099571290000029 ], [ 35.537490895000076, 32.099577483000076 ], [ 35.537523279000084, 32.099607697000124 ], [ 35.537554265000153, 32.099755992000041 ], [ 35.537456155000029, 32.099911101000146 ], [ 35.537274621000108, 32.100021193000032 ], [ 35.537070154000162, 32.100105557000063 ], [ 35.536554628000147, 32.100139146000117 ], [ 35.535940445000051, 32.100172986000075 ], [ 35.53518224600009, 32.100207190000049 ], [ 35.534515090000127, 32.100241157000085 ], [ 35.534268306000172, 32.100248971000042 ], [ 35.533502376, 32.100250917000039 ], [ 35.532948760000068, 32.100232875000131 ], [ 35.532592546000046, 32.100285490000147 ], [ 35.532350344000122, 32.100421515000107 ], [ 35.532229321000102, 32.100512141000138 ], [ 35.531980188000034, 32.100796557000081 ], [ 35.531837042000063, 32.101093528000035 ], [ 35.531842347000065, 32.101143538000088 ], [ 35.531843069000161, 32.101150214000086 ], [ 35.531860650000056, 32.101312862000043 ], [ 35.532035477000079, 32.101460794000047 ], [ 35.532217768000123, 32.101518246000182 ], [ 35.532699759000138, 32.101644548000138 ], [ 35.533117064000123, 32.101733814000056 ], [ 35.533914073000062, 32.101905810000062 ], [ 35.534369288000164, 32.101994975000082 ], [ 35.534627468000053, 32.102071816000148 ], [ 35.534817280000084, 32.102148689000046 ], [ 35.534984573000031, 32.102270853000164 ], [ 35.535099024000147, 32.102476847000162 ], [ 35.535134576000075, 32.102589272000159 ], [ 35.535141544000112, 32.102611306000028 ], [ 35.535160292000057, 32.102670299000181 ], [ 35.535176088000128, 32.102831455 ], [ 35.535161609000113, 32.103044402000137 ], [ 35.53506395300019, 32.103283205000082 ], [ 35.534951021000097, 32.103509228000064 ], [ 35.534777744000053, 32.103851509000037 ], [ 35.534536377000052, 32.104226230000052 ], [ 35.534438491000117, 32.104400640999984 ], [ 35.534378644000071, 32.104658793000056 ], [ 35.534356639000123, 32.10494531400002 ], [ 35.534325745000046, 32.105152102000091 ], [ 35.534305472000028, 32.105412831000081 ], [ 35.534243236000066, 32.105745670000033 ], [ 35.534117304000119, 32.106042740000078 ], [ 35.533959731000095, 32.106285783000033 ], [ 35.533727958000043, 32.106520135000039 ], [ 35.533401029000061, 32.106763749000152 ], [ 35.532937172000175, 32.107097606000139 ], [ 35.532485089000147, 32.10743734800019 ], [ 35.532337494000103, 32.107554532000108 ], [ 35.532179401000064, 32.107698798000115 ], [ 35.532116531000042, 32.107851840000023 ], [ 35.532096063000097, 32.108058603000131 ], [ 35.532155832000171, 32.108202741000184 ], [ 35.532157020000113, 32.108205527000052 ], [ 35.532157333000043, 32.108206260000031 ], [ 35.532170688000178, 32.108238212000174 ], [ 35.53236134600013, 32.108363700000098 ], [ 35.532636698000147, 32.108470797000166 ], [ 35.533144611000182, 32.10861337700004 ], [ 35.53350433300011, 32.108702364000067 ], [ 35.534086029000093, 32.10878176600005 ], [ 35.534540777000075, 32.108870507000177 ], [ 35.534943072000033, 32.10901334800019 ], [ 35.535207639000191, 32.109111590000168 ], [ 35.535387841000158, 32.109228083000119 ], [ 35.535716226000034, 32.109442973000114 ], [ 35.536129306000134, 32.109684697000034 ], [ 35.536447264000174, 32.10989961100006 ], [ 35.536828536000087, 32.110087450000094 ], [ 35.537146078000035, 32.110230501000103 ], [ 35.537484882, 32.11034644199998 ], [ 35.537961122000183, 32.110516138000037 ], [ 35.53853922900015, 32.11065316000014 ], [ 35.538761332000149, 32.110679641000104 ], [ 35.538972743000102, 32.11067909500008 ], [ 35.539205313000025, 32.110669478000091 ], [ 35.539374380000027, 32.110633110000094 ], [ 35.539680497000063, 32.110542280000061 ], [ 35.539912844000185, 32.110469816000091 ], [ 35.540335149000043, 32.110324855999977 ], [ 35.540905432000045, 32.110125542000048 ], [ 35.541348986000173, 32.110043509999969 ], [ 35.541644929000086, 32.110024846000044 ], [ 35.541856436000046, 32.110051207000026 ], [ 35.542184422000048, 32.110104321000108 ], [ 35.542480786000056, 32.110202465999976 ], [ 35.542808836000177, 32.110318420000169 ], [ 35.542989047000049, 32.110434902000065 ], [ 35.543116574000067, 32.110632259000113 ], [ 35.543223238000166, 32.110874764000187 ], [ 35.543287458000179, 32.111099342000102 ], [ 35.543351739000059, 32.111341954000125 ], [ 35.543469389000052, 32.111737172000119 ], [ 35.543544627000017, 32.112078673000042 ], [ 35.543672222, 32.11229406800004 ], [ 35.543778792000126, 32.112509658000135 ], [ 35.543906161000109, 32.112662067000031 ], [ 35.544118846, 32.113012227000013 ], [ 35.544070402000102, 32.113149007000175 ], [ 35.544066896000174, 32.113158905000091 ], [ 35.544045590000167, 32.113219128000026 ], [ 35.543866448000131, 32.113354445000084 ], [ 35.543623696999987, 32.113480910000192 ], [ 35.543275873000027, 32.11376053400005 ], [ 35.543092727000101, 32.113979980000067 ], [ 35.542776192000133, 32.114281638000193 ], [ 35.542753501000107, 32.114303262000192 ], [ 35.542653557000051, 32.114455984000017 ], [ 35.542645651999976, 32.114468122000176 ], [ 35.542654027000083, 32.11463253800008 ], [ 35.54265507000008, 32.114922098000079 ], [ 35.542748825999979, 32.115165341000193 ], [ 35.54287335600003, 32.115355804000046 ], [ 35.543013327000153, 32.115559468000015 ], [ 35.54317667100014, 32.11581563500016 ], [ 35.54328643000008, 32.116086366000104 ], [ 35.543293940000183, 32.116104890000031 ], [ 35.543322063000119, 32.116190064000136 ], [ 35.543331435000141, 32.116218080000181 ], [ 35.543332773000088, 32.116222163000089 ], [ 35.543337410000049, 32.116236179000168 ], [ 35.543437060000088, 32.116537381000057 ], [ 35.543670752000082, 32.116971042000102 ], [ 35.543849755000053, 32.117253514000026 ], [ 35.543974791000096, 32.117628278000154 ], [ 35.544053608000127, 32.117996542000071 ], [ 35.544154538000157, 32.118114781000145 ], [ 35.544340994000095, 32.118305078 ], [ 35.544565815000169, 32.118436094000174 ], [ 35.544876020000174, 32.118599858000039 ], [ 35.545279019000191, 32.118782963 ], [ 35.545697749, 32.119012244000089 ], [ 35.545938019000175, 32.119156321 ], [ 35.546179989000109, 32.119312230000048 ], [ 35.546335444000135, 32.119489502000135 ], [ 35.546397920000118, 32.119686747 ], [ 35.546422009000082, 32.11989057500017 ], [ 35.546392246000039, 32.120219670000154 ], [ 35.546370434000153, 32.120594821 ], [ 35.546363610000128, 32.12085805300012 ], [ 35.546464690000164, 32.121015741 ], [ 35.54656583700006, 32.121147081000061 ], [ 35.546752065000192, 32.121271573000058 ], [ 35.546961428000031, 32.121428976 ], [ 35.547217530000069, 32.12159935699998 ], [ 35.547384909000186, 32.12173009900016 ], [ 35.547565323000185, 32.121939711000095 ], [ 35.547678937000171, 32.122264059000088 ], [ 35.54772541300008, 32.122703282000145 ], [ 35.547486609000032, 32.123117814000125 ], [ 35.547476642000049, 32.123135115000082 ], [ 35.54746726500008, 32.123151485000164 ], [ 35.54737103399998, 32.123233606000099 ], [ 35.547326632000079, 32.123271629000158 ], [ 35.547325086000114, 32.123272444000122 ], [ 35.546994130000087, 32.123446950000186 ], [ 35.546533749000105, 32.123698840000088 ], [ 35.546214192000036, 32.123928515000159 ], [ 35.546035302000121, 32.124092436000126 ], [ 35.545985237000025, 32.124170451999987 ], [ 35.545973890000027, 32.124188133000132 ], [ 35.545895190000124, 32.124310789000162 ], [ 35.545908772000132, 32.124539585000093 ], [ 35.545961094000063, 32.124811819000058 ], [ 35.54606450100016, 32.125062218000096 ], [ 35.546193214000084, 32.125214480000068 ], [ 35.546385850000036, 32.125322893000089 ], [ 35.546667991000163, 32.125365688000159 ], [ 35.546949805000054, 32.125364943000193 ], [ 35.54716763100015, 32.125342666 ], [ 35.547372457000051, 32.12529844300019 ], [ 35.547577132000185, 32.125167141000134 ], [ 35.547625291000145, 32.125133746000131 ], [ 35.547669125000084, 32.125103349000028 ], [ 35.54784552000018, 32.124981276000142 ], [ 35.548036839000133, 32.124730098000157 ], [ 35.548343243000033, 32.124391392000177 ], [ 35.548377346000109, 32.124344238000162 ], [ 35.548384621000082, 32.124334173000136 ], [ 35.548508974000185, 32.124162118000015 ], [ 35.548765049000167, 32.124096058000077 ], [ 35.548944330000154, 32.12408473000005 ], [ 35.549111305, 32.124149668000086 ], [ 35.54924002600012, 32.124301927000147 ], [ 35.549355788000071, 32.124443228000189 ], [ 35.54945936300004, 32.124737165999989 ], [ 35.549524282000164, 32.124965825000174 ], [ 35.549640293999971, 32.125128964999988 ], [ 35.549756297999977, 32.125335788000143 ], [ 35.549910845000113, 32.125531518000173 ], [ 35.550078141000085, 32.125727213000118 ], [ 35.550232568000126, 32.125890253000136 ], [ 35.550399785000025, 32.126064106 ], [ 35.550618374000123, 32.126248813000132 ], [ 35.550760049000189, 32.126455567000164 ], [ 35.55077368700006, 32.12665167200015 ], [ 35.550735836000058, 32.126804233000087 ], [ 35.550608159000035, 32.126935337000077 ], [ 35.550564338000072, 32.126951236000082 ], [ 35.550555736000092, 32.126954358000148 ], [ 35.550275283000019, 32.127056138000057 ], [ 35.549890963000053, 32.127100705000089 ], [ 35.549236200000109, 32.127089062000096 ], [ 35.548800265000011, 32.127057531000048 ], [ 35.548377526000138, 32.127102196000124 ], [ 35.548019068000144, 32.127201217000049 ], [ 35.547814469000173, 32.12735436100013 ], [ 35.547728579000193, 32.127459864000059 ], [ 35.547712268000168, 32.127479899000036 ], [ 35.547521048000135, 32.127714732000186 ], [ 35.547317130000181, 32.128009486000053 ], [ 35.547215791000042, 32.128325805000031 ], [ 35.547267432000126, 32.128456430000085 ], [ 35.547434416999977, 32.128521367000189 ], [ 35.547741868000116, 32.128509705000113 ], [ 35.548023660000183, 32.128454426000076 ], [ 35.548535953, 32.128354996000041 ], [ 35.548856319000038, 32.128343294000103 ], [ 35.549202505000096, 32.128418603000057 ], [ 35.549484898000117, 32.128526911000108 ], [ 35.549857440000039, 32.128743757000109 ], [ 35.55020411400011, 32.128949965000118 ], [ 35.550500027000169, 32.129221546000167 ], [ 35.550770151000108, 32.129504186000077 ], [ 35.550950448000037, 32.129765226000188 ], [ 35.551272392000044, 32.130178487000023 ], [ 35.551414400000056, 32.130428779000113 ], [ 35.551543738000078, 32.130744344 ], [ 35.551647406000143, 32.131060119000097 ], [ 35.551648335000152, 32.131310785999972 ], [ 35.551610605000064, 32.131496179000123 ], [ 35.551448699000161, 32.131686555999977 ], [ 35.551435140000024, 32.131702509000149 ], [ 35.551406328000098, 32.131736409000098 ], [ 35.551163714000097, 32.131955041000083 ], [ 35.550741437000056, 32.132130471000039 ], [ 35.550497970000094, 32.132163813000147 ], [ 35.550139014000024, 32.132132082000112 ], [ 35.549830663000193, 32.131947755 ], [ 35.549663396000142, 32.131762910000077 ], [ 35.549585678000085, 32.131523435000076 ], [ 35.54958511600006, 32.131370836000144 ], [ 35.549622650000117, 32.131130912 ], [ 35.549698603000138, 32.130891029000168 ], [ 35.549799944000085, 32.130531165000036 ], [ 35.549785903000043, 32.130226000000107 ], [ 35.549695271000189, 32.129986560000191 ], [ 35.549553634000119, 32.129790798000158 ], [ 35.549104738000096, 32.129704773000071 ], [ 35.548810710999987, 32.129901697000037 ], [ 35.548810214000071, 32.129906125000048 ], [ 35.548809429000073, 32.129913114000146 ], [ 35.54878584700009, 32.130119744000012 ], [ 35.548723124000162, 32.130490354000131 ], [ 35.548660400000074, 32.130861102999972 ], [ 35.548545831000126, 32.13104669900008 ], [ 35.548464052000043, 32.131098487000088 ], [ 35.548453558000062, 32.13110511800005 ], [ 35.548251760000028, 32.131232630000113 ], [ 35.548008537000101, 32.131331348000117 ], [ 35.547662732000163, 32.131408636000117 ], [ 35.547380897000039, 32.131409383000062 ], [ 35.547098258000176, 32.131235688000174 ], [ 35.546917803000042, 32.130974643000172 ], [ 35.546801281, 32.130626210000173 ], [ 35.546709861000068, 32.130168789000095 ], [ 35.546579788000088, 32.129646087000026 ], [ 35.54650171500009, 32.129352082000082 ], [ 35.546385157000032, 32.128992797000137 ], [ 35.546256358000164, 32.128818696000053 ], [ 35.546037730000194, 32.128623131000097 ], [ 35.545781048000094, 32.128525737000018 ], [ 35.545268039000177, 32.12842901700003 ], [ 35.544858010999974, 32.128419245000089 ], [ 35.544550433000097, 32.128441754000107 ], [ 35.544371256000147, 32.128529444000094 ], [ 35.544231013000172, 32.128715106000186 ], [ 35.544231124000078, 32.128745716000026 ], [ 35.544231150000087, 32.128752726000073 ], [ 35.544231685000057, 32.12890039500013 ], [ 35.544347649000031, 32.129052551000086 ], [ 35.544553081000174, 32.129171923000058 ], [ 35.544745523000074, 32.129225947000066 ], [ 35.544937847000028, 32.129247142000111 ], [ 35.545168630000035, 32.129279366000105 ], [ 35.545566310000083, 32.129398090000166 ], [ 35.545746599000154, 32.129615596000065 ], [ 35.545747154000082, 32.1297681960001 ], [ 35.54568374400003, 32.129953515000068 ], [ 35.545602758000086, 32.129995154000028 ], [ 35.54559509000012, 32.129999100000191 ], [ 35.545491854000147, 32.130052231000036 ], [ 35.545209936000049, 32.130074672000035 ], [ 35.544697238000083, 32.130065171000069 ], [ 35.544312584000068, 32.130022641000096 ], [ 35.543864093000025, 32.130001976000074 ], [ 35.543479794000064, 32.130057514000043 ], [ 35.543236449000119, 32.130123530000162 ], [ 35.542971401000045, 32.130317935000164 ], [ 35.542968076000193, 32.130320374000121 ], [ 35.542964465000182, 32.130329262000146 ], [ 35.542866480000157, 32.130571171000156 ], [ 35.542931666000015, 32.130876204000117 ], [ 35.543060137999987, 32.131006629000126 ], [ 35.543355764000125, 32.131201998000051 ], [ 35.543561236000073, 32.131332220000161 ], [ 35.543779786000016, 32.131505949000086 ], [ 35.543883152000092, 32.1317454980001 ], [ 35.543860852000194, 32.131989466 ], [ 35.543820705000144, 32.132197690000169 ], [ 35.543790603000161, 32.132345298000132 ], [ 35.543648459999986, 32.132510530000161 ], [ 35.543635082000151, 32.132520289000126 ], [ 35.543613218000132, 32.132536322000135 ], [ 35.543363565000163, 32.132719395000095 ], [ 35.543068497999968, 32.132954354000105 ], [ 35.54295675700007, 32.133102173000168 ], [ 35.542943368000124, 32.133190092000063 ], [ 35.542941065000036, 32.133205217000125 ], [ 35.542916960000071, 32.133362530000113 ], [ 35.542948786000011, 32.133692028000041 ], [ 35.543021065000062, 32.133943355000099 ], [ 35.543164945000058, 32.134211968000045 ], [ 35.543318770000099, 32.134437017000096 ], [ 35.543482477000055, 32.134601449000058 ], [ 35.543676892000065, 32.134739730000035 ], [ 35.544044656000096, 32.134868824000023 ], [ 35.544381411000188, 32.134894008000174 ], [ 35.544575324000164, 32.13489349800011 ], [ 35.544809912000176, 32.134875551000164 ], [ 35.544972897000093, 32.134840459000088 ], [ 35.54514634700007, 32.134813937000047 ], [ 35.545370449000131, 32.134735283000111 ], [ 35.545594423000182, 32.134621969000136 ], [ 35.545695985000066, 32.134535011000025 ], [ 35.545711629000095, 32.134521616000086 ], [ 35.545797970000024, 32.134447837000096 ], [ 35.545889140000156, 32.134291473000133 ], [ 35.545918734999987, 32.134005215000059 ], [ 35.545937332000051, 32.133519321000051 ], [ 35.54596705199998, 32.133267726999975 ], [ 35.546037148000096, 32.133099018000166 ], [ 35.546044043000052, 32.133082465000143 ], [ 35.546068171000115, 32.133024537000097 ], [ 35.546180033000155, 32.132911516000092 ], [ 35.546373397000139, 32.132806877000064 ], [ 35.546658856000022, 32.132754128000045 ], [ 35.546873227000106, 32.132779628000037 ], [ 35.547026427000162, 32.132831217000103 ], [ 35.547210482000025, 32.132943457000181 ], [ 35.547425266000062, 32.133081679000043 ], [ 35.547599118000051, 32.133211417000155 ], [ 35.547773106000022, 32.133332416000087 ], [ 35.548028756000065, 32.13350519200003 ], [ 35.548410923000176, 32.133768096000097 ], [ 35.548615476000123, 32.133915080000179 ], [ 35.548952961000055, 32.134139633000188 ], [ 35.549249710000026, 32.134364432000041 ], [ 35.549659429000087, 32.134823118000156 ], [ 35.549782802000038, 32.135048238000138 ], [ 35.549906681000095, 32.135455690000128 ], [ 35.549959094000087, 32.135837264000031 ], [ 35.549970959000063, 32.13627094300017 ], [ 35.549910741000076, 32.136557282000126 ], [ 35.549810013000069, 32.136904603000175 ], [ 35.549596620000102, 32.137147952000134 ], [ 35.549588850000191, 32.137151215000131 ], [ 35.549576657000159, 32.137156306000122 ], [ 35.549199287000192, 32.137313871000117 ], [ 35.54896463100016, 32.137314496000045 ], [ 35.548719553000126, 32.137228351000147 ], [ 35.548453242, 32.136951473000124 ], [ 35.54829885800001, 32.136578905000022 ], [ 35.548195353000096, 32.136171541000067 ], [ 35.548040941000068, 32.135790233000137 ], [ 35.547897555000134, 32.135660559000087 ], [ 35.547698822000143, 32.135566677000156 ], [ 35.54740303300008, 32.135558867000043 ], [ 35.547076724000135, 32.135629058000063 ], [ 35.546689725000192, 32.135812272000123 ], [ 35.54630288300018, 32.136038743000142 ], [ 35.546007652000185, 32.136230450000085 ], [ 35.545793650000064, 32.136309076000032 ], [ 35.545487656000148, 32.136318476999975 ], [ 35.544916431000047, 32.136346049000167 ], [ 35.544549195, 32.136364345000061 ], [ 35.544304587000056, 32.136451786000123 ], [ 35.544172454000034, 32.136547526000186 ], [ 35.544019809000076, 32.136695455999984 ], [ 35.543971097000167, 32.136782363000179 ], [ 35.54395629600009, 32.13680877000013 ], [ 35.543797021000159, 32.137092406000193 ], [ 35.543747516000053, 32.137370264000083 ], [ 35.543768735000128, 32.137604393000174 ], [ 35.543861333000109, 32.137794938000013 ], [ 35.544004835000123, 32.138002820000168 ], [ 35.544128010000065, 32.138175953000029 ], [ 35.544189809000102, 32.138366718999976 ], [ 35.544180588000188, 32.138609523000184 ], [ 35.544109583000079, 32.138757238000096 ], [ 35.544028569000091, 32.138930905000166 ], [ 35.54394010600015, 32.139060068000106 ], [ 35.543919321000146, 32.139090390000092 ], [ 35.543915674000118, 32.13909571 ], [ 35.543754611000168, 32.139330670000106 ], [ 35.543541386000015, 32.1396261430001 ], [ 35.543504337000059, 32.139684999000167 ], [ 35.543422337000038, 32.139815553000176 ], [ 35.543389797000032, 32.139867282000068 ], [ 35.543328315000053, 32.139965017000065 ], [ 35.543186598000148, 32.140251568000053 ], [ 35.54318057200004, 32.140303964000168 ], [ 35.543178087000058, 32.140325566000172 ], [ 35.543146946000093, 32.140598723000096 ], [ 35.543361651000168, 32.140710886000079 ], [ 35.543545309000081, 32.140710405000107 ], [ 35.543800093000016, 32.140640413000028 ], [ 35.543993704000172, 32.140553106000141 ], [ 35.544268607000049, 32.140413592000186 ], [ 35.544492853000179, 32.140326207000101 ], [ 35.544818951000138, 32.140238692000082 ], [ 35.545084157000076, 32.140211928000156 ], [ 35.545318790000181, 32.140202716000147 ], [ 35.54563519300018, 32.140227808000077 ], [ 35.545972090000078, 32.140287650000062 ], [ 35.546258017000184, 32.140356362000034 ], [ 35.546442022000065, 32.140451270000085 ], [ 35.546626123000067, 32.140572245000044 ], [ 35.546749045000126, 32.140719307000154 ], [ 35.54681095300009, 32.140892599000097 ], [ 35.546781788000089, 32.141159410000057 ], [ 35.546702954000125, 32.141294608000067 ], [ 35.546681303000014, 32.141306642000131 ], [ 35.546667164000041, 32.141314456000089 ], [ 35.546553213000095, 32.141377432000127 ], [ 35.546306180000158, 32.141393162000043 ], [ 35.545918214000039, 32.141409122000084 ], [ 35.545582775000071, 32.141387461000193 ], [ 35.545132870000089, 32.14140372300011 ], [ 35.544797815000152, 32.141442084000175 ], [ 35.544551138000088, 32.141510227000026 ], [ 35.544454769000026, 32.141579649000107 ], [ 35.544441788000086, 32.141589 ], [ 35.544383810999989, 32.141630719000034 ], [ 35.544287252000117, 32.141765960000157 ], [ 35.544252469000185, 32.141901039000061 ], [ 35.544235702000094, 32.142118642000185 ], [ 35.544245214000171, 32.142321097000149 ], [ 35.544298833000084, 32.142493425000055 ], [ 35.544422816000122, 32.142613153000184 ], [ 35.544617429000141, 32.142755099000169 ], [ 35.544758857000147, 32.142844764000074 ], [ 35.544979669000099, 32.142904209999983 ], [ 35.545209147000094, 32.142933620000122 ], [ 35.545376857000122, 32.142963190999978 ], [ 35.545606339000074, 32.142992600000014 ], [ 35.545835872000168, 32.14303694400013 ], [ 35.546065436000163, 32.143088755000065 ], [ 35.546427489000166, 32.143185305000088 ], [ 35.546789349000107, 32.143229441000187 ], [ 35.547027717000105, 32.143288836000011 ], [ 35.547274839000124, 32.143295647000173 ], [ 35.547459965000144, 32.143287692000115 ], [ 35.547750562000147, 32.143136855000137 ], [ 35.547857163000174, 32.143060853000065 ], [ 35.547876926000129, 32.143046763000143 ], [ 35.547908970000094, 32.143023993000043 ], [ 35.547964538000087, 32.142957901000102 ], [ 35.548017349000077, 32.142907034000075 ], [ 35.548030990000086, 32.14287881700011 ], [ 35.548067103000108, 32.142836026000055 ], [ 35.548259852000172, 32.142468033000057 ], [ 35.548420999000086, 32.142198757000187 ], [ 35.548429933000136, 32.142183792000083 ], [ 35.548435154000117, 32.142175047000137 ], [ 35.548602447000178, 32.142047082000147 ], [ 35.548813600000187, 32.141911532000108 ], [ 35.54905155400013, 32.141858341000045 ], [ 35.549236926, 32.14187292500003 ], [ 35.549412497000048, 32.141924593000056 ], [ 35.549637331000042, 32.142086034000158 ], [ 35.549727689, 32.142247977000125 ], [ 35.5498742690001, 32.142476276000139 ], [ 35.55004372500008, 32.142800048000083 ], [ 35.55016794900007, 32.143028547000085 ], [ 35.550329390000172, 32.143289073000119 ], [ 35.550521101000129, 32.143584182000154 ], [ 35.550713236000149, 32.143993562000048 ], [ 35.550894181000103, 32.144422136000173 ], [ 35.551007220000145, 32.144669687000146 ], [ 35.551119976000052, 32.144841009000118 ], [ 35.551299961000097, 32.144964384000104 ], [ 35.551445950000186, 32.145030781000173 ], [ 35.551647796000168, 32.145020658000135 ], [ 35.551838138000107, 32.144943917000091 ], [ 35.552140174000044, 32.144752460000177 ], [ 35.552352682000048, 32.144580265000059 ], [ 35.552676683000129, 32.144283774000087 ], [ 35.553034470000171, 32.143987331000176 ], [ 35.553170186000045, 32.14386421 ], [ 35.553239635000182, 32.143801206000148 ], [ 35.553403371000059, 32.143652672000087 ], [ 35.553478263000045, 32.143572999000185 ], [ 35.55353261199997, 32.143515214000104 ], [ 35.553771894000079, 32.143260804000192 ], [ 35.554219194000154, 32.142944953999972 ], [ 35.554588624000132, 32.142753308000124 ], [ 35.554857491000121, 32.14268579000003 ], [ 35.555238656000085, 32.142665737000073 ], [ 35.5555640930001, 32.142712481000046 ], [ 35.555788651000057, 32.142797682000094 ], [ 35.555957450000051, 32.142940244000158 ], [ 35.556025152000188, 32.143064057000174 ], [ 35.55605941500005, 32.143235585000127 ], [ 35.556050368000115, 32.143252096000026 ], [ 35.556046146000142, 32.14325979400013 ], [ 35.55597042800008, 32.143397870000172 ], [ 35.555814000000112, 32.143550755000092 ], [ 35.555433346000029, 32.143752015000075 ], [ 35.554918556000075, 32.144001265000099 ], [ 35.554705874000092, 32.144125837999979 ], [ 35.554673810999986, 32.144243459000052 ], [ 35.554666013000087, 32.144272064 ], [ 35.554661600000145, 32.144287998000095 ], [ 35.554684836000092, 32.144478582000033 ], [ 35.554798168000104, 32.144802498000047 ], [ 35.554900349000093, 32.145154908000052 ], [ 35.554980097000112, 32.145488358000136 ], [ 35.555171365000149, 32.145659464000062 ], [ 35.555429003000143, 32.145553930000062 ], [ 35.555563017000054, 32.145429569000157 ], [ 35.555640839999967, 32.145248294000169 ], [ 35.555785688000071, 32.145009489000188 ], [ 35.555919545000052, 32.144799456000158 ], [ 35.55614278500002, 32.144531835000123 ], [ 35.556399914999986, 32.144292862000157 ], [ 35.556627938000133, 32.144109066000055 ], [ 35.55682931900003, 32.143975078000153 ], [ 35.557109272000162, 32.143859901000098 ], [ 35.55735592700006, 32.143830625000192 ], [ 35.557580131000122, 32.143820571000049 ], [ 35.557939050000073, 32.143829033000031 ], [ 35.558129921000159, 32.143895299 ], [ 35.558298234000119, 32.143952048000187 ], [ 35.55846682400005, 32.144037398000137 ], [ 35.558759298000098, 32.144255847000181 ], [ 35.558871921000105, 32.14438897600013 ], [ 35.558928657000138, 32.144589048000114 ], [ 35.558918391000191, 32.144808325000099 ], [ 35.558897254000158, 32.144868691000113 ], [ 35.558890505000193, 32.144888024000181 ], [ 35.55885170900018, 32.144999152000139 ], [ 35.558651231000113, 32.145284331000028 ], [ 35.558461291000015, 32.145466058000068 ], [ 35.558070332000113, 32.145877021000047 ], [ 35.557969990000174, 32.146058358 ], [ 35.557903216000113, 32.146182539000108 ], [ 35.55788203700007, 32.146344309000142 ], [ 35.55787649500013, 32.146386643000085 ], [ 35.557859594000092, 32.146516322000082 ], [ 35.557840242000054, 32.146698143000094 ], [ 35.557833636000055, 32.146760262000043 ], [ 35.557827126000063, 32.146821472000113 ], [ 35.557834029000162, 32.146864468000103 ], [ 35.557841033000045, 32.146908091000057 ], [ 35.557841179000036, 32.146946700000171 ], [ 35.557872404000079, 32.147101891000148 ], [ 35.557873420000135, 32.147108230000015 ], [ 35.557974777000084, 32.147326356000121 ], [ 35.55812162400008, 32.147573808000175 ], [ 35.558234502000175, 32.147773727000128 ], [ 35.558425818000046, 32.147954407000157 ], [ 35.558628467000176, 32.14815408000004 ], [ 35.558830936000163, 32.148305985000093 ], [ 35.559010809000029, 32.148438931999976 ], [ 35.55931425000017, 32.148619303000089 ], [ 35.559584143000052, 32.148818790000178 ], [ 35.559843052000076, 32.149046909000106 ], [ 35.560045648000141, 32.149275042000056 ], [ 35.560147800000038, 32.149570381999979 ], [ 35.560137240000074, 32.149929297000142 ], [ 35.560218335000116, 32.15021807100004 ], [ 35.560289361000116, 32.150472915000137 ], [ 35.560380364000082, 32.150753067000096 ], [ 35.560541454000088, 32.151041621000161 ], [ 35.560672443000044, 32.151296300000183 ], [ 35.560833181000191, 32.15149129100007 ], [ 35.56109382600016, 32.151694605000159 ], [ 35.561344535000046, 32.151897804000043 ], [ 35.561645331000022, 32.152118054000141 ], [ 35.561815718000048, 32.152236508000158 ], [ 35.562006212000142, 32.152371955999968 ], [ 35.562096801000109, 32.152499226000032 ], [ 35.562084742000081, 32.152593804000048 ], [ 35.562083825000116, 32.152601069000013 ], [ 35.562067700000114, 32.15272884 ], [ 35.561807988000112, 32.152814524000178 ], [ 35.561368273000028, 32.152866747000189 ], [ 35.560958241000037, 32.152842373999988 ], [ 35.560427846000096, 32.152699267000173 ], [ 35.560109209000132, 32.152578399000106 ], [ 35.559891194000102, 32.152478674000122 ], [ 35.559600380000063, 32.152356180000083 ], [ 35.559337021000033, 32.152310547000127 ], [ 35.559019462000094, 32.152342276000184 ], [ 35.558593749000181, 32.152505483000141 ], [ 35.558403635000047, 32.152644797000107 ], [ 35.558205044000033, 32.152907564000088 ], [ 35.557843781000088, 32.153340568000033 ], [ 35.557563422000101, 32.153618917000074 ], [ 35.557255718000192, 32.153804907000165 ], [ 35.556676323000147, 32.15415353700007 ], [ 35.55626905500003, 32.15442461900011 ], [ 35.555771135000043, 32.154726806000156 ], [ 35.555499123000061, 32.154804763000129 ], [ 35.55528128800006, 32.154797603000077 ], [ 35.555090408000126, 32.154690046000098 ], [ 35.554990125000074, 32.154582383 ], [ 35.554893670000183, 32.154301962000147 ], [ 35.554891796, 32.154287735000139 ], [ 35.554880503000049, 32.154202608000105 ], [ 35.554820040000095, 32.153746851000164 ], [ 35.554805630000146, 32.153661474000103 ], [ 35.554795817000127, 32.153603334000081 ], [ 35.554754994000064, 32.153361369000038 ], [ 35.554599006000103, 32.152883558000042 ], [ 35.554480011000123, 32.15259854500016 ], [ 35.554261746000122, 32.15247570400004 ], [ 35.553962089000095, 32.152422544999979 ], [ 35.553680852000184, 32.152423304000138 ], [ 35.553526939000164, 32.152500794000161 ], [ 35.553391284000043, 32.152632345000143 ], [ 35.553310374000091, 32.152833071000032 ], [ 35.553138947000036, 32.153456336000033 ], [ 35.55305847, 32.153772744000094 ], [ 35.552960196000072, 32.154158670000015 ], [ 35.552843191000079, 32.154452068000126 ], [ 35.55268984900016, 32.154683987000055 ], [ 35.552527336000139, 32.154900292000093 ], [ 35.552355802000136, 32.155139872000063 ], [ 35.552157444000102, 32.155472097000086 ], [ 35.552085785000088, 32.155711404000101 ], [ 35.552077620000034, 32.155965903000094 ], [ 35.552114869000036, 32.156228168000041 ], [ 35.552188103000049, 32.156412982000063 ], [ 35.552240863000122, 32.156467314999986 ], [ 35.552251289000139, 32.156478051000192 ], [ 35.552397606000056, 32.156628425000179 ], [ 35.552574698000114, 32.156723906000025 ], [ 35.552810850000128, 32.156800347 ], [ 35.55300161800011, 32.156877049000173 ], [ 35.553274126000076, 32.15693028000004 ], [ 35.553600965000044, 32.156983367000066 ], [ 35.553854964000038, 32.156959572000119 ], [ 35.554127009000069, 32.156889372000023 ], [ 35.554317176000097, 32.156804032000082 ], [ 35.554579767000064, 32.156641278999984 ], [ 35.554787861000193, 32.156478816000174 ], [ 35.555068216000052, 32.156238939000104 ], [ 35.555330367000124, 32.155960504000063 ], [ 35.555538577000164, 32.155828896 ], [ 35.555710314000066, 32.155689497000139 ], [ 35.555882624000105, 32.15565817200013 ], [ 35.556082465000031, 32.155680879000101 ], [ 35.556246041000065, 32.155749759000116 ], [ 35.55636432200015, 32.155842013000154 ], [ 35.556473869000058, 32.156034613000088 ], [ 35.556482277000043, 32.156067843000187 ], [ 35.556497253000089, 32.156126802000188 ], [ 35.556538431000092, 32.156288912999969 ], [ 35.556567015000155, 32.156703261000189 ], [ 35.556567159000167, 32.156705350000095 ], [ 35.556566533000137, 32.156709275000139 ], [ 35.556522822000147, 32.156983198000148 ], [ 35.556514698000171, 32.157245444000182 ], [ 35.556525752000027, 32.157762114000093 ], [ 35.556527637999977, 32.158263592000026 ], [ 35.55650482700014, 32.158478154000193 ], [ 35.556501400000116, 32.15851039 ], [ 35.556496752000101, 32.15851934900013 ], [ 35.556393193000133, 32.158718943000167 ], [ 35.556260814000154, 32.159018725000067 ], [ 35.556040099000086, 32.159218003000035 ], [ 35.555831326000146, 32.159333690000096 ], [ 35.555548912, 32.159512279000069 ], [ 35.55486078600012, 32.159765099000026 ], [ 35.554344609000111, 32.159933889000115 ], [ 35.553914058000089, 32.159966476000079 ], [ 35.55340951300019, 32.159967838000171 ], [ 35.553003094000076, 32.159853815000076 ], [ 35.552719428000046, 32.159697749000145 ], [ 35.552373962000047, 32.159447587000045 ], [ 35.552040988000044, 32.159260232000065 ], [ 35.551744912000061, 32.159062349000124 ], [ 35.551463339000122, 32.158933191000131 ], [ 35.551241722000157, 32.158891935000042 ], [ 35.550884809000024, 32.158903319000103 ], [ 35.550625104000119, 32.159044356000152 ], [ 35.550416830000131, 32.15929600700008 ], [ 35.550343775000044, 32.15947402400019 ], [ 35.55029542, 32.159746102000156 ], [ 35.550235319000137, 32.160112334000075 ], [ 35.550125739000123, 32.160447279000152 ], [ 35.549979117000078, 32.160709190000034 ], [ 35.549635388000127, 32.160929780000174 ], [ 35.549242230000118, 32.161087655000188 ], [ 35.549070192000102, 32.161150818000181 ], [ 35.548836841000025, 32.16129797900004 ], [ 35.548689791000129, 32.161444772000152 ], [ 35.548628862000157, 32.161633184000152 ], [ 35.548593385000174, 32.162030772000151 ], [ 35.54859519200005, 32.162522385000045 ], [ 35.548695173000056, 32.162909047000085 ], [ 35.548868600000105, 32.163222381000082 ], [ 35.548964669000156, 32.163281400000074 ], [ 35.548975023000082, 32.163287761000163 ], [ 35.549004243000013, 32.163305718000117 ], [ 35.54940929900016, 32.163407219000078 ], [ 35.549713203000067, 32.163480100000186 ], [ 35.549973576000014, 32.163516322000135 ], [ 35.550251335000041, 32.163552358000118 ], [ 35.550476949000029, 32.163551755000128 ], [ 35.550711096000157, 32.163529006000147 ], [ 35.550875834000067, 32.163506441000152 ], [ 35.551240094000036, 32.163505465000071 ], [ 35.551439757000139, 32.163519726000061 ], [ 35.55179189200004, 32.163599660000102 ], [ 35.552035008000075, 32.163672843000029 ], [ 35.552208361000112, 32.163650254000061 ], [ 35.552459322000175, 32.16347260200007 ], [ 35.552554104000194, 32.163302698000052 ], [ 35.55265733900012, 32.163044280000179 ], [ 35.552690916000188, 32.162764070000094 ], [ 35.552672343000154, 32.162402697000118 ], [ 35.552661643000135, 32.16216982900005 ], [ 35.552655402000084, 32.162033994000069 ], [ 35.552656017, 32.16202145200009 ], [ 35.552668417000177, 32.161747922000188 ], [ 35.552669787000127, 32.161717182000132 ], [ 35.552669792000188, 32.161717059000068 ], [ 35.552669955000113, 32.161716638000087 ], [ 35.552701964, 32.16163401 ], [ 35.552729844000169, 32.161562043000174 ], [ 35.553232715000149, 32.16146473200007 ], [ 35.553406448000032, 32.161545425000043 ], [ 35.553539432000036, 32.161670330000163 ], [ 35.553546578000066, 32.161677075000114 ], [ 35.553561553000179, 32.161689946000024 ], [ 35.553622895999979, 32.161742671000013 ], [ 35.553645122000091, 32.161761774000126 ], [ 35.55373718200002, 32.161839445000055 ], [ 35.55390288100017, 32.162075015000028 ], [ 35.554051820000154, 32.16243589600009 ], [ 35.554077037000184, 32.162579548999986 ], [ 35.554084575000104, 32.162622673000044 ], [ 35.554113768000093, 32.162789682000096 ], [ 35.554192669000145, 32.162981241000182 ], [ 35.554314860000034, 32.163187337000181 ], [ 35.554331749000141, 32.163209475000087 ], [ 35.55435015300003, 32.163233599000137 ], [ 35.554367835999983, 32.163267086000133 ], [ 35.554426560000081, 32.16333357700006 ], [ 35.554437878000101, 32.163348481000014 ], [ 35.554440043, 32.163351011000088 ], [ 35.554619488000014, 32.163451978000182 ], [ 35.554775749999976, 32.163466350000078 ], [ 35.555053431000147, 32.16348025200017 ], [ 35.555261347000112, 32.16344291300004 ], [ 35.555530304000058, 32.163427387000183 ], [ 35.555998618000103, 32.163389198000118 ], [ 35.556241597000053, 32.163381210000182 ], [ 35.556432505000032, 32.163402813000062 ], [ 35.55666700900008, 32.163475867999978 ], [ 35.557032131000085, 32.163703563000126 ], [ 35.557232350000049, 32.163865198000053 ], [ 35.557458856000153, 32.164100457000075 ], [ 35.557524109000099, 32.164185525 ], [ 35.557543403000125, 32.164210721000131 ], [ 35.557650628000033, 32.164350744999979 ], [ 35.557841292000148, 32.164613715000087 ], [ 35.557937572000128, 32.164842001000125 ], [ 35.557981864000055, 32.165077896000014 ], [ 35.558000540000194, 32.165417005000108 ], [ 35.557914795000102, 32.165697500000135 ], [ 35.557794596, 32.166022193000117 ], [ 35.557604990000129, 32.166347216000077 ], [ 35.557311212000172, 32.166679850000094 ], [ 35.556982699000059, 32.16698298700004 ], [ 35.55680084200003, 32.167079440000066 ], [ 35.556402083000194, 32.167161545000056 ], [ 35.556193856000107, 32.167162111000096 ], [ 35.556052277, 32.167089227000076 ], [ 35.556045304000065, 32.167085628000052 ], [ 35.556037339, 32.167081517000156 ], [ 35.555915248000133, 32.166904873000135 ], [ 35.555862430000047, 32.16669112000011 ], [ 35.555835858000137, 32.166628224000078 ], [ 35.555805064000083, 32.166555336000044 ], [ 35.555770908999989, 32.166474491000031 ], [ 35.555765152000163, 32.166460864000044 ], [ 35.555722365000065, 32.166359671000123 ], [ 35.555600417000107, 32.166219941000122 ], [ 35.55537446600016, 32.166132066000046 ], [ 35.555009861000087, 32.166088811000122 ], [ 35.554558596000163, 32.16603832100003 ], [ 35.554306720000113, 32.16597263500006 ], [ 35.554174792000026, 32.165866327000174 ], [ 35.554153941000152, 32.165849490000085 ], [ 35.554115311000146, 32.165818296 ], [ 35.554027929000029, 32.165663820000191 ], [ 35.553931468000144, 32.165383819000056 ], [ 35.553852539000104, 32.165140689000168 ], [ 35.55375787000014, 32.164986091000173 ], [ 35.553757483000027, 32.164985458000046 ], [ 35.553712868000162, 32.164912517000118 ], [ 35.553495509000015, 32.164772903000141 ], [ 35.553165753000087, 32.164788589000182 ], [ 35.553010232000133, 32.164929068000163 ], [ 35.552924173000179, 32.165128400000128 ], [ 35.552847221000036, 32.165416194000159 ], [ 35.552718280000136, 32.16575570100008 ], [ 35.552641192000124, 32.166006720000155 ], [ 35.552564017000066, 32.166279719999977 ], [ 35.552383090000092, 32.166582589000086 ], [ 35.552314530000103, 32.166811322000115 ], [ 35.552297847000034, 32.167003139000087 ], [ 35.552315927000109, 32.167187395000042 ], [ 35.55231599300015, 32.167187766000154 ], [ 35.552319480000165, 32.167207253000072 ], [ 35.552321679000102, 32.167219647000081 ], [ 35.552323748000163, 32.16723110300012 ], [ 35.552342482000086, 32.167334852000067 ], [ 35.552430927000046, 32.167422688000045 ], [ 35.552441247000047, 32.167432937000115 ], [ 35.552490464000073, 32.167481839000061 ], [ 35.552655732000119, 32.167599333000055 ], [ 35.552829721000194, 32.167702149000036 ], [ 35.553107662000173, 32.167826805 ], [ 35.553420558000141, 32.167951225000024 ], [ 35.55360388400004, 32.168069374000083 ], [ 35.553613845000029, 32.168075796000096 ], [ 35.553616506000026, 32.168077512000082 ], [ 35.55378888000007, 32.16819005200017 ], [ 35.553957087000015, 32.168296546000079 ], [ 35.554133769000089, 32.168452895000144 ], [ 35.554276905000052, 32.168587919000117 ], [ 35.554403686000114, 32.168822887000033 ], [ 35.554530619000047, 32.169143384000165 ], [ 35.55459917800016, 32.16953533800006 ], [ 35.55458244800019, 32.169889480000052 ], [ 35.554574532000061, 32.17003209600017 ], [ 35.554474618000143, 32.170203426000114 ], [ 35.554265423000118, 32.170346587000154 ], [ 35.554030835000106, 32.170432752000067 ], [ 35.553477703000169, 32.170569797000155 ], [ 35.553075597000088, 32.170692060000022 ], [ 35.5527071140001, 32.170856925000066 ], [ 35.552389042000073, 32.171036025000149 ], [ 35.551852872000097, 32.171237129000133 ], [ 35.551425716000097, 32.171395103 ], [ 35.551224990000037, 32.171545422000122 ], [ 35.551183756000171, 32.17177365900011 ], [ 35.551184892000094, 32.172080126000139 ], [ 35.551244362000034, 32.172258211000042 ], [ 35.551354084000025, 32.17245039200003 ], [ 35.551438550000114, 32.172578531000056 ], [ 35.551590185000123, 32.172770600000092 ], [ 35.551859383000192, 32.172990819000063 ], [ 35.552044756000157, 32.17321140100006 ], [ 35.552179343000034, 32.173317985000153 ], [ 35.552356034000184, 32.173431503000131 ], [ 35.552451494000081, 32.173439982000048 ], [ 35.55245728, 32.173440493000157 ], [ 35.552590864000081, 32.173452288000135 ], [ 35.552825860000155, 32.173473074000128 ], [ 35.553069278, 32.173486649000097 ], [ 35.553404804000081, 32.173499976000187 ], [ 35.553606037000122, 32.173485201000119 ], [ 35.5537316220001, 32.173399332000031 ], [ 35.553932295000095, 32.173234777000175 ], [ 35.554116047000036, 32.173020385000029 ], [ 35.554316506000191, 32.172798904000103 ], [ 35.554477439000095, 32.172596693000173 ], [ 35.554610775000128, 32.17236820700009 ], [ 35.55476907700006, 32.172082586000158 ], [ 35.55495319900001, 32.171968094000079 ], [ 35.555137079000133, 32.171789352000076 ], [ 35.555396181999981, 32.171524874 ], [ 35.5555713440001, 32.171274855000036 ], [ 35.555838543000107, 32.170917639000152 ], [ 35.556055592, 32.170660461000182 ], [ 35.556323078000105, 32.170424421000178 ], [ 35.556616177000137, 32.17025975100006 ], [ 35.556892374000142, 32.170137820000036 ], [ 35.557118756000079, 32.170072950000133 ], [ 35.557420427000068, 32.170029432000092 ], [ 35.557638546000078, 32.170014465000179 ], [ 35.557906942999978, 32.170020919000024 ], [ 35.558259465000049, 32.170062788 ], [ 35.558519821000061, 32.170133374000159 ], [ 35.558754939000153, 32.170232491000093 ], [ 35.558796151000024, 32.170279461000121 ], [ 35.558797367000125, 32.170280846000139 ], [ 35.558975895000174, 32.170484528000088 ], [ 35.559052191999967, 32.170683841000141 ], [ 35.559036189000153, 32.170876362000172 ], [ 35.558978218000107, 32.171097601000099 ], [ 35.558853101000125, 32.171261817000186 ], [ 35.558677483000167, 32.171433498999988 ], [ 35.558426570999984, 32.171626662000108 ], [ 35.558225963000098, 32.171805455000083 ], [ 35.558059069000137, 32.172005433000095 ], [ 35.557984308000073, 32.172212486000092 ], [ 35.557959824000193, 32.172397844000159 ], [ 35.557994098, 32.172611643000153 ], [ 35.558020008000028, 32.172804049000092 ], [ 35.558061065000118, 32.172972319000166 ], [ 35.558154717000093, 32.173335598000108 ], [ 35.558147210000072, 32.173585161000062 ], [ 35.558114738000029, 32.173891720000086 ], [ 35.557981493000113, 32.174141627000097 ], [ 35.557739020000042, 32.174334766000186 ], [ 35.557582601000149, 32.174417926000103 ], [ 35.557564258000127, 32.174427678000029 ], [ 35.557496302000061, 32.174463793000086 ], [ 35.557442814000069, 32.174469575000046 ], [ 35.557418742000038, 32.174472206000189 ], [ 35.557093726000119, 32.174507728000094 ], [ 35.556808609000086, 32.174508505000063 ], [ 35.556271597000034, 32.174488548000113 ], [ 35.555868918000044, 32.17446103900005 ], [ 35.55524778400013, 32.174362965000114 ], [ 35.55483643700012, 32.17432138700002 ], [ 35.554316299000106, 32.174294190000182 ], [ 35.554006136000112, 32.174330678 ], [ 35.553670786000055, 32.174410069000089 ], [ 35.553394619000017, 32.174589058000095 ], [ 35.553244199, 32.174724874000106 ], [ 35.553135722000036, 32.174867764000055 ], [ 35.553119620000132, 32.175081700000135 ], [ 35.553170700000067, 32.175274039000158 ], [ 35.553255281000077, 32.17543063800008 ], [ 35.553423495000118, 32.175579827000092 ], [ 35.553667423000036, 32.17568414200008 ], [ 35.553675223000141, 32.17568750300012 ], [ 35.553701485000033, 32.17568944900006 ], [ 35.553935732000127, 32.175706809000076 ], [ 35.55416209700013, 32.175677732000111 ], [ 35.554467025000122, 32.175613642000087 ], [ 35.554835764000188, 32.17551288300001 ], [ 35.555011737000086, 32.175476756000137 ], [ 35.555255161000161, 32.175490326000045 ], [ 35.555523733000143, 32.175539479000122 ], [ 35.555525382000042, 32.175540304000094 ], [ 35.555532697, 32.175543963000109 ], [ 35.55572539800005, 32.17563883400004 ], [ 35.555977479000035, 32.175752140000043 ], [ 35.556263301000058, 32.175893959000121 ], [ 35.556557539000096, 32.176071402000161 ], [ 35.556782634000115, 32.176190697000152 ], [ 35.556789779000098, 32.176194484 ], [ 35.556918929000119, 32.176262894 ], [ 35.557330608000029, 32.176432831000113 ], [ 35.557574140000099, 32.176475002000132 ], [ 35.55777548500015, 32.176488682000013 ], [ 35.557934754000087, 32.176459783000041 ], [ 35.558127627000147, 32.176423607000061 ], [ 35.5583536420001, 32.176301811000144 ], [ 35.558612986000071, 32.176144274000137 ], [ 35.558847044000061, 32.175915507000127 ], [ 35.559081235000178, 32.175722248000056 ], [ 35.559407242000077, 32.175407699000061 ], [ 35.559607639000035, 32.175171977000048 ], [ 35.559758401000067, 32.175128727000072 ], [ 35.55992625, 32.175135452000177 ], [ 35.559963674000073, 32.175174379999987 ], [ 35.559967276, 32.175178120000112 ], [ 35.560035695000067, 32.175249145000066 ], [ 35.560120366000092, 32.175427156000126 ], [ 35.560176317000185, 32.175850422000167 ], [ 35.560222328000179, 32.17609941600017 ], [ 35.56023439500018, 32.176310033999982 ], [ 35.560337080000068, 32.17660663800001 ], [ 35.560405150000179, 32.176731013000108 ], [ 35.560529583000118, 32.176864811000144 ], [ 35.560714426, 32.177069458000119 ], [ 35.560888263000095, 32.177211295000063 ], [ 35.56104418700005, 32.177347964999967 ], [ 35.561278025000036, 32.177540218000161 ], [ 35.561404386999982, 32.177701065000065 ], [ 35.561536446, 32.177878523000174 ], [ 35.561608726000145, 32.178020496000102 ], [ 35.561627356000088, 32.178213483000036 ], [ 35.561604236000107, 32.17840644600011 ], [ 35.561539200000084, 32.178599668000061 ], [ 35.561468084000012, 32.178762467000126 ], [ 35.561319100000162, 32.178838967000104 ], [ 35.561101572999974, 32.178892456000142 ], [ 35.561086708000119, 32.178896111000029 ], [ 35.56106816800019, 32.178900671 ], [ 35.560906966000175, 32.178901116000134 ], [ 35.560530402999973, 32.17890722900006 ], [ 35.560116474000097, 32.17893373000004 ], [ 35.560080867000124, 32.17893602100014 ], [ 35.560006655000166, 32.178940796000063 ], [ 35.559778529000141, 32.178987498000026 ], [ 35.559561680000058, 32.1790805280001 ], [ 35.559431782000104, 32.179210093000052 ], [ 35.559399810000173, 32.179385749 ], [ 35.559444060000089, 32.179607130000136 ], [ 35.559488473000101, 32.179828651999969 ], [ 35.559619878000035, 32.180096153000193 ], [ 35.559784180000179, 32.180474311000012 ], [ 35.559893883000086, 32.180741870000077 ], [ 35.559970806000138, 32.18101585900007 ], [ 35.559960776000025, 32.181209915000125 ], [ 35.559830981, 32.1813672400001 ], [ 35.55958153000006, 32.181515594000132 ], [ 35.559364718000097, 32.181663998000147 ], [ 35.559061579000115, 32.181941849000111 ], [ 35.558834450000063, 32.182210332000068 ], [ 35.558650659000079, 32.182460097000046 ], [ 35.558380197000076, 32.182793373000038 ], [ 35.558087925000052, 32.183098810000047 ], [ 35.557871631000069, 32.183385719000057 ], [ 35.557850938000058, 32.183653495000158 ], [ 35.557949914000062, 32.1839764610001 ], [ 35.558081356000116, 32.18425312100004 ], [ 35.558397609999986, 32.184547872 ], [ 35.558560889000091, 32.184611961000087 ], [ 35.558756601000141, 32.18462072300008 ], [ 35.559060800000168, 32.184619889000032 ], [ 35.559120590000134, 32.184613384000102 ], [ 35.559188174000042, 32.184605994000037 ], [ 35.559321487000147, 32.184591416000046 ], [ 35.559582267000053, 32.184544622000089 ], [ 35.559897157000194, 32.184479082000166 ], [ 35.560120701000187, 32.184357008 ], [ 35.560377373000108, 32.184275000000184 ], [ 35.560697120000043, 32.1842355980001 ], [ 35.560715382000126, 32.184233348000078 ], [ 35.560755790000087, 32.184228444000041 ], [ 35.560927026000059, 32.184206273000086 ], [ 35.561202466000111, 32.18435388600011 ], [ 35.561263945000121, 32.184486167000159 ], [ 35.561291563000111, 32.184647145000156 ], [ 35.561278936000178, 32.184854310000162 ], [ 35.561286431000042, 32.185038452000128 ], [ 35.561226513, 32.185314792000042 ], [ 35.561186806000194, 32.185591216000034 ], [ 35.561106937000091, 32.185980052000048 ], [ 35.561096700000064, 32.186249630000134 ], [ 35.561120667000182, 32.186625076000098 ], [ 35.561167682000075, 32.187048645000061 ], [ 35.561350052000023, 32.187336996000056 ], [ 35.561544075000029, 32.187683088000085 ], [ 35.561760117000119, 32.187894271000062 ], [ 35.56201053500007, 32.188211319000175 ], [ 35.562419542000043, 32.188489460000028 ], [ 35.562896687000034, 32.188776992000157 ], [ 35.563316632000067, 32.188968444000182 ], [ 35.563725272999989, 32.189150201000075 ], [ 35.564269863000106, 32.189350885000124 ], [ 35.564855591000082, 32.189563145000136 ], [ 35.565502253000147, 32.189763539000182 ], [ 35.565955820000113, 32.189820042000122 ], [ 35.566227839000135, 32.189848165000058 ], [ 35.566511141000149, 32.189837791000116 ], [ 35.566749003999973, 32.189817819000041 ], [ 35.566846334000047, 32.189791762000084 ], [ 35.566877957000088, 32.189783267000053 ], [ 35.566930090000085, 32.18976926300013 ], [ 35.567088526000191, 32.189691744000186 ], [ 35.567235495000034, 32.189604674000066 ], [ 35.567495385000029, 32.189411328000062 ], [ 35.567834251000193, 32.189160129000186 ], [ 35.568297810000047, 32.18888913100011 ], [ 35.568523955000046, 32.188753790000192 ], [ 35.568772970000111, 32.188704899000129 ], [ 35.568790642000181, 32.188705362000121 ], [ 35.568806941, 32.188705789000039 ], [ 35.569101576000151, 32.188713553000184 ], [ 35.569283389000191, 32.188809418000176 ], [ 35.569419709000101, 32.188924575000044 ], [ 35.56948837300007, 32.189068809000048 ], [ 35.569568328000059, 32.189261058000056 ], [ 35.569580738000184, 32.189511412000172 ], [ 35.569524898000168, 32.18972334700004 ], [ 35.569446432000063, 32.189954654000076 ], [ 35.569176368000115, 32.190299788000061 ], [ 35.569038306000039, 32.190503363000118 ], [ 35.568973562000053, 32.190598938000107 ], [ 35.568748403000143, 32.190946199000166 ], [ 35.56872671800005, 32.191206229000159 ], [ 35.56873881100006, 32.191417975000093 ], [ 35.568807591000052, 32.191591092000124 ], [ 35.568966801999977, 32.191754375000073 ], [ 35.569148416000132, 32.191840518000163 ], [ 35.569295910000051, 32.191888150000182 ], [ 35.569613375000131, 32.191925861000186 ], [ 35.569704371000171, 32.191932228000098 ], [ 35.569734549000032, 32.191934372000105 ], [ 35.569847338000045, 32.191942387000154 ], [ 35.569874096000092, 32.191944288000059 ], [ 35.570117011000036, 32.191943600000172 ], [ 35.57017997600019, 32.191943421000076 ], [ 35.570463325000105, 32.191942620000077 ], [ 35.570725684000024, 32.191956812000171 ], [ 35.571075057000087, 32.191975970000158 ], [ 35.571337135000078, 32.192002278000018 ], [ 35.57159956300012, 32.192075790000104 ], [ 35.571790192000037, 32.192135836999967 ], [ 35.571973272000093, 32.192256775000033 ], [ 35.572148503999983, 32.192404650000128 ], [ 35.572252400000082, 32.19257301600004 ], [ 35.572308898000131, 32.192782100000102 ], [ 35.572301583000126, 32.192944019000095 ], [ 35.572254446000045, 32.193092525000111 ], [ 35.572151851000172, 32.193254716000126 ], [ 35.57185918100015, 32.193498329000079 ], [ 35.571590047000086, 32.193701576000137 ], [ 35.571162533000063, 32.194039974000077 ], [ 35.570744865000108, 32.194397226000149 ], [ 35.570530335000115, 32.19458072700013 ], [ 35.570259206000173, 32.194783695000069 ], [ 35.570098946000087, 32.194989868000164 ], [ 35.569795880000015, 32.195289583000147 ], [ 35.56962581199997, 32.19557272000003 ], [ 35.56947499600011, 32.19586397400019 ], [ 35.569409674000042, 32.196195283000122 ], [ 35.56940177600012, 32.196591107000188 ], [ 35.56940316400005, 32.19694646500011 ], [ 35.569433149000133, 32.197325975000069 ], [ 35.56950156, 32.197826697000096 ], [ 35.569580245000054, 32.19841320200004 ], [ 35.569572442000037, 32.198833260000185 ], [ 35.569564347000153, 32.199221052000098 ], [ 35.569441673000142, 32.199463615000184 ], [ 35.56928085800007, 32.199657953000099 ], [ 35.569110150000142, 32.199779613000032 ], [ 35.568849370000066, 32.199850860000026 ], [ 35.568825090000189, 32.199857493000081 ], [ 35.568692328000054, 32.199893796000026 ], [ 35.568331042000182, 32.199886783000068 ], [ 35.5680362760001, 32.199855346 ], [ 35.567636433000132, 32.19973529400005 ], [ 35.567267720000132, 32.199565696000036 ], [ 35.566943828000149, 32.199372719000166 ], [ 35.566600430000165, 32.199107233 ], [ 35.566323818000171, 32.198841416000164 ], [ 35.565894324000169, 32.198422582000148 ], [ 35.565493938000088, 32.19811681200008 ], [ 35.565045955000016, 32.197843438000177 ], [ 35.564741224000159, 32.197674641000162 ], [ 35.56426521000003, 32.197522522999975 ], [ 35.563922831000184, 32.197475005000172 ], [ 35.563580643000137, 32.197475956000119 ], [ 35.563314485000149, 32.197512909000068 ], [ 35.563294063000058, 32.197515733000159 ], [ 35.56310546900005, 32.197541810000075 ], [ 35.56283029400015, 32.197647689000064 ], [ 35.562640618000046, 32.197793486000137 ], [ 35.562422913999967, 32.198020384000074 ], [ 35.562337764000063, 32.198157860000094 ], [ 35.562262384, 32.198335749000137 ], [ 35.562254484999983, 32.198739603000149 ], [ 35.562312481000163, 32.198998003000042 ], [ 35.562380028000177, 32.199240031000159 ], [ 35.562485304000177, 32.199425591000079 ], [ 35.562628653000047, 32.199643315000174 ], [ 35.562819914000158, 32.199909234000017 ], [ 35.563001381000163, 32.200126852000096 ], [ 35.563289443000031, 32.200397856000166 ], [ 35.56351843900012, 32.200607309000134 ], [ 35.563661803000116, 32.200784591000058 ], [ 35.563891197000089, 32.201139315000091 ], [ 35.564054335000037, 32.201502395000148 ], [ 35.564188649000187, 32.201825114000087 ], [ 35.564284632000181, 32.202091298000084 ], [ 35.564361568000152, 32.202317235000066 ], [ 35.564447962000031, 32.202502846000073 ], [ 35.564534002000073, 32.202639848 ], [ 35.564686786999971, 32.202809071000047 ], [ 35.564810973000135, 32.202954137000177 ], [ 35.564944450000098, 32.20305874100012 ], [ 35.565125586000136, 32.203187444000037 ], [ 35.56536410200016, 32.203413069000135 ], [ 35.565602809000097, 32.203687026000125 ], [ 35.565758488000085, 32.20404730600012 ], [ 35.56581340200006, 32.204276403000165 ], [ 35.565770717000134, 32.204423205000069 ], [ 35.565695715000174, 32.204570235000119 ], [ 35.565491248, 32.204708329000027 ], [ 35.56538961900003, 32.204748912000071 ], [ 35.56536119000009, 32.204760264000129 ], [ 35.565167920000079, 32.204837597000051 ], [ 35.564949839000064, 32.204883437000092 ], [ 35.56489603000017, 32.204894746000093 ], [ 35.564725630000112, 32.204930560000037 ], [ 35.564229828000123, 32.205115259000081 ], [ 35.563755770000114, 32.205309194000051 ], [ 35.563378836000027, 32.205548653000108 ], [ 35.563206788000173, 32.20571427100009 ], [ 35.563056527000128, 32.205943938000189 ], [ 35.562991165000028, 32.206272146000174 ], [ 35.562981377000085, 32.206528901000183 ], [ 35.562961242000142, 32.206895872000075 ], [ 35.563037800000075, 32.207152387000065 ], [ 35.563114285999973, 32.207390585000098 ], [ 35.563201652000146, 32.20765622700003 ], [ 35.56337599800014, 32.208086772000058 ], [ 35.563572136000062, 32.208581505000041 ], [ 35.563713815000142, 32.208920407000164 ], [ 35.563854752000168, 32.209066698000129 ], [ 35.564120122000077, 32.209203481000145 ], [ 35.564325483000118, 32.209294638000131 ], [ 35.564671183000144, 32.209376105000047 ], [ 35.564848910000194, 32.209305860000029 ], [ 35.564864961000183, 32.209299511000097 ], [ 35.564951508000149, 32.209265275000121 ], [ 35.565026622000119, 32.209145859000159 ], [ 35.565079740000101, 32.208953236000127 ], [ 35.565089239000088, 32.208623072000194 ], [ 35.565087609000102, 32.208201210000084 ], [ 35.565226492000136, 32.207815730000164 ], [ 35.565387347000069, 32.20754009400008 ], [ 35.565473123000061, 32.207393173000128 ], [ 35.56568839199997, 32.207218273000024 ], [ 35.565989945000183, 32.207070747000103 ], [ 35.566291876000037, 32.206978173000039 ], [ 35.566550765000045, 32.206940812000084 ], [ 35.566569493000145, 32.206941672000141 ], [ 35.566588392000028, 32.206942539000124 ], [ 35.566734260000032, 32.206949457000178 ], [ 35.56693993000016, 32.207077244000175 ], [ 35.567070180000087, 32.207287811000072 ], [ 35.567135871000119, 32.207516878000149 ], [ 35.567320758000051, 32.207883134000042 ], [ 35.567472936000058, 32.208148731999984 ], [ 35.567635458000154, 32.208304116000079 ], [ 35.567787245000034, 32.208468687000106 ], [ 35.568003942000075, 32.208660693000184 ], [ 35.568296154000109, 32.208879963000186 ], [ 35.568653438000183, 32.209126526000091 ], [ 35.568858878000128, 32.209235991000185 ], [ 35.569140140000115, 32.209409497000138 ], [ 35.56943212800013, 32.209527876999971 ], [ 35.569680753000171, 32.209618903000035 ], [ 35.569918497000117, 32.209682342000065 ], [ 35.570253325000124, 32.209736486000111 ], [ 35.570523100000173, 32.209726423000063 ], [ 35.570691882000119, 32.209700864000183 ], [ 35.570708142, 32.209698434000131 ], [ 35.570722839000098, 32.20969623700006 ], [ 35.570803356000056, 32.209684203000108 ], [ 35.570820539000181, 32.209675183000115 ], [ 35.570991738000032, 32.209585317000119 ], [ 35.57114859700016, 32.209478067000134 ], [ 35.571263457000043, 32.209352897000088 ], [ 35.571409804000155, 32.209227781000038 ], [ 35.571566416000167, 32.209057970000117 ], [ 35.571733951000056, 32.208968442000128 ], [ 35.571996067999976, 32.208949942000061 ], [ 35.572103261000052, 32.208944922000171 ], [ 35.572130616000095, 32.208943641000133 ], [ 35.572405020000076, 32.208931306000125 ], [ 35.57242490800013, 32.208931389000043 ], [ 35.572761706000108, 32.208938741999987 ], [ 35.573087337000118, 32.209098302000086 ], [ 35.573193018000097, 32.209293999000181 ], [ 35.573172735000128, 32.209445529000106 ], [ 35.57313134400016, 32.20962375 ], [ 35.572995956000113, 32.209838031000061 ], [ 35.572734962000027, 32.210141718000045 ], [ 35.572526377000088, 32.210454134000145 ], [ 35.572506241000042, 32.210685838000131 ], [ 35.572507436000024, 32.210988778000171 ], [ 35.572508736000145, 32.211318492000089 ], [ 35.572520364000013, 32.211576876000152 ], [ 35.572416506000138, 32.211844468000095 ], [ 35.572281299000053, 32.212147795000021 ], [ 35.572240527000076, 32.212441980000165 ], [ 35.572273458000041, 32.212807110000142 ], [ 35.572284762000095, 32.213194424000051 ], [ 35.572198088, 32.213364319000164 ], [ 35.572086303000106, 32.21351314900005 ], [ 35.571962838000104, 32.213895351000019 ], [ 35.571764793000114, 32.214320178000094 ], [ 35.571504427000093, 32.214787594000086 ], [ 35.571118757000136, 32.215170539000042 ], [ 35.570720068000128, 32.215362595000101 ], [ 35.570532906999972, 32.215394969000158 ], [ 35.570245300000067, 32.215300254 ], [ 35.570032279000145, 32.215120641000169 ], [ 35.569819217000088, 32.214887905000126 ], [ 35.569530575000044, 32.21452800600008 ], [ 35.569367361, 32.214284561999989 ], [ 35.569104249000077, 32.214051969000025 ], [ 35.568916755000032, 32.21399937800004 ], [ 35.568567129000087, 32.214021640000112 ], [ 35.568130858000131, 32.214181951000114 ], [ 35.567756699000142, 32.214331517000062 ], [ 35.567457741000112, 32.214512716000058 ], [ 35.567171544000132, 32.214736148000043 ], [ 35.566810596000096, 32.215044754000189 ], [ 35.566399836000073, 32.215374776000147 ], [ 35.566001340000128, 32.215662351000049 ], [ 35.565552996000179, 32.215960491000033 ], [ 35.565279262000047, 32.216194593000012 ], [ 35.565030386999979, 32.216428625000049 ], [ 35.564831401000049, 32.216620106000164 ], [ 35.564734214999987, 32.216861745000188 ], [ 35.564723011000126, 32.217180081000038 ], [ 35.564767452000183, 32.217279789000145 ], [ 35.56477551100005, 32.217297870000095 ], [ 35.564874156000144, 32.217518954000127 ], [ 35.565037160000088, 32.217667012999982 ], [ 35.565299945000106, 32.217814790000091 ], [ 35.56561245600011, 32.217920020000065 ], [ 35.565912456000035, 32.218004004000079 ], [ 35.566162689000066, 32.218119971000192 ], [ 35.566350310000075, 32.218204270000115 ], [ 35.566625326000064, 32.218299032000175 ], [ 35.566862880000031, 32.218393759000094 ], [ 35.567000614000051, 32.218478337000192 ], [ 35.567150781000123, 32.218562738000116 ], [ 35.567326139000045, 32.218689484000151 ], [ 35.567589136000038, 32.21889023600005 ], [ 35.56790173800016, 32.219016734000036 ], [ 35.568201700000088, 32.219090147000145 ], [ 35.568514177000111, 32.219142246000104 ], [ 35.568763754000088, 32.219130973000176 ], [ 35.569088207, 32.219066368000085 ], [ 35.56954952600006, 32.218905986000095 ], [ 35.569811285000128, 32.218788577000055 ], [ 35.57021032300014, 32.218638935000115 ], [ 35.570696457000054, 32.218425495000076 ], [ 35.571058156000049, 32.218307657000082 ], [ 35.571494648000055, 32.218200459000116 ], [ 35.571894140000097, 32.218167478000112 ], [ 35.572144004000165, 32.218187902000011 ], [ 35.572393994000038, 32.218240312000091 ], [ 35.572606527000175, 32.218335096000146 ], [ 35.572807174000161, 32.21852544900014 ], [ 35.572957762000158, 32.218715945000099 ], [ 35.57307122900005, 32.21899136900015 ], [ 35.573059595000132, 32.219235448000177 ], [ 35.573024297000075, 32.219320375000052 ], [ 35.573017557000071, 32.219336586000054 ], [ 35.572935962000145, 32.219532827000023 ], [ 35.572724766000078, 32.219819747000145 ], [ 35.572501306000049, 32.220149254000148 ], [ 35.572327651000194, 32.220414789000188 ], [ 35.572260345000132, 32.220656583000107 ], [ 35.572253776000025, 32.220680181000091 ], [ 35.572210488000167, 32.220754308000096 ], [ 35.572117286999969, 32.220913906000135 ], [ 35.571955310000192, 32.220988625000018 ], [ 35.571667937000143, 32.220957739000141 ], [ 35.571430372000066, 32.22090529500008 ], [ 35.571143121000034, 32.220863697000027 ], [ 35.570705450000162, 32.22071642700007 ], [ 35.570442855000181, 32.220621780000158 ], [ 35.570055535000108, 32.220548622000138 ], [ 35.569718023000064, 32.220454044000121 ], [ 35.569268297000178, 32.220402335000188 ], [ 35.568993606999982, 32.220434956000133 ], [ 35.568756833000123, 32.2205417240001 ], [ 35.568557762000069, 32.220711935000054 ], [ 35.568421015000069, 32.220881969000118 ], [ 35.568334452000101, 32.22108384600017 ], [ 35.568285344000117, 32.221327889000065 ], [ 35.568285752000122, 32.221432259000153 ], [ 35.56828590300006, 32.221470906000036 ], [ 35.568286255000089, 32.221561223000151 ], [ 35.568287330000089, 32.22183697000014 ], [ 35.568354377000048, 32.222070400000121 ], [ 35.568403524000132, 32.222219620000033 ], [ 35.568586610000182, 32.222497388000079 ], [ 35.5686781120001, 32.222626057000184 ], [ 35.568867231000183, 32.222878023000021 ], [ 35.568995195000127, 32.22304759400015 ], [ 35.569159895000098, 32.223242986000116 ], [ 35.569330676999982, 32.223510501000135 ], [ 35.569472483000027, 32.22382826200004 ], [ 35.569509492000122, 32.224008514000047 ], [ 35.569534604000069, 32.224199085000123 ], [ 35.569517801000188, 32.224565062000124 ], [ 35.569531514000175, 32.224977308000121 ], [ 35.569537496000123, 32.225107344000037 ], [ 35.569537669000056, 32.225109600000053 ], [ 35.569551442000034, 32.225410109000109 ], [ 35.569564653000157, 32.225693427000124 ], [ 35.569609295000134, 32.226130103000173 ], [ 35.569677407000086, 32.226464840000062 ], [ 35.569758083000181, 32.22695932400012 ], [ 35.569789667000123, 32.227278664000096 ], [ 35.569833944000152, 32.22770632400011 ], [ 35.569877591000136, 32.228015343000038 ], [ 35.569928432000154, 32.228425369000036 ], [ 35.569923589000041, 32.228755239000122 ], [ 35.569924599000103, 32.229012951000129 ], [ 35.569949858000143, 32.22923959200017 ], [ 35.569981687000052, 32.229620787000158 ], [ 35.569938427000181, 32.229918359000123 ], [ 35.569930426000155, 32.229949661000035 ], [ 35.569918695000183, 32.229995078000115 ], [ 35.569866578000187, 32.230196847000059 ], [ 35.56983750500018, 32.230313179000063 ], [ 35.569830670000044, 32.230340530000149 ], [ 35.569818920000159, 32.230387625000049 ], [ 35.569794118000061, 32.230403336000165 ], [ 35.569779503000177, 32.230412567000144 ], [ 35.569540452000012, 32.230563555000174 ], [ 35.569255971000018, 32.230729217000032 ], [ 35.569025908000071, 32.230863867000153 ], [ 35.568632167000089, 32.231024764000097 ], [ 35.568304904000115, 32.231103042000143 ], [ 35.567886267000063, 32.231129865000128 ], [ 35.567498054000168, 32.231136173000152 ], [ 35.567200520000029, 32.231100937000065 ], [ 35.567036238000128, 32.23097261300012 ], [ 35.566991771000119, 32.230748982000193 ], [ 35.567027320000136, 32.23051188300019 ], [ 35.567038426000124, 32.230426744000169 ], [ 35.567049480000151, 32.230342547000191 ], [ 35.567068536000136, 32.230197409000084 ], [ 35.567115642000147, 32.229821063000031 ], [ 35.567144234000182, 32.229372770000168 ], [ 35.567136079000136, 32.229315388000032 ], [ 35.567131283000094, 32.229281641000171 ], [ 35.567104184000073, 32.229091213000061 ], [ 35.566994323000131, 32.228931736999982 ], [ 35.566817685000103, 32.228736376000086 ], [ 35.566550200000052, 32.228582556000163 ], [ 35.566185719000032, 32.228465077000124 ], [ 35.565869820999978, 32.228393819000075 ], [ 35.565602757000079, 32.228348210000149 ], [ 35.565086842000142, 32.22829300799998 ], [ 35.564728953000099, 32.228294008000091 ], [ 35.564298228999974, 32.228320994000171 ], [ 35.563989062000076, 32.228404284000135 ], [ 35.56378346300005, 32.228564499000186 ], [ 35.563551709000023, 32.22873380700014 ], [ 35.563297878000071, 32.228981938000175 ], [ 35.563128819000042, 32.229203910000024 ], [ 35.562978072000078, 32.229446542000062 ], [ 35.562845700000139, 32.229725193000093 ], [ 35.562731312000096, 32.229983225000126 ], [ 35.562677627000028, 32.230204875000027 ], [ 35.562641889000076, 32.2303957580001 ], [ 35.562606969000058, 32.230756569000164 ], [ 35.562558799000158, 32.231119811000042 ], [ 35.562529027000153, 32.231310115000156 ], [ 35.562489738000181, 32.231699400000139 ], [ 35.562470411000106, 32.231976189000193 ], [ 35.562431293000088, 32.23236547200014 ], [ 35.562391639000168, 32.232659508000154 ], [ 35.562291478000134, 32.233083483000144 ], [ 35.562191020000171, 32.233429679000039 ], [ 35.562080017000142, 32.233706721000033 ], [ 35.561918019000075, 32.233957980000127 ], [ 35.561735302000102, 32.234079521000126 ], [ 35.561552185000153, 32.234140617000037 ], [ 35.561358956000049, 32.234201739000127 ], [ 35.560951874000125, 32.234263311000063 ], [ 35.560575558000096, 32.234350864000135 ], [ 35.560351827000147, 32.234412071000122 ], [ 35.560205085000064, 32.234491381000112 ], [ 35.559988954000062, 32.23454707000019 ], [ 35.559578719000115, 32.234695159000069 ], [ 35.559308788000067, 32.234815248000189 ], [ 35.558888028000069, 32.235073552000074 ], [ 35.558791239000129, 32.235211482000068 ], [ 35.55869462600009, 32.235395484000037 ], [ 35.558501602999968, 32.235818444000017 ], [ 35.558362102999979, 32.236103451000076 ], [ 35.558233716000132, 32.236434362000182 ], [ 35.558018693000179, 32.236783969999976 ], [ 35.557955090000178, 32.237105547000056 ], [ 35.557967094000105, 32.237435339000172 ], [ 35.557967121000161, 32.237436073000026 ], [ 35.557981583000128, 32.237490282000181 ], [ 35.558033048000027, 32.237683883000102 ], [ 35.558152331000031, 32.237793742000065 ], [ 35.558325999000033, 32.237949388000118 ], [ 35.558499295000161, 32.238049943000192 ], [ 35.558770070000094, 32.238150228000052 ], [ 35.558932313000128, 32.238177259000054 ], [ 35.559246079000104, 32.238204013000143 ], [ 35.559548732000053, 32.238184724000064 ], [ 35.559948766000105, 32.238183624000158 ], [ 35.560287172000187, 32.238106744 ], [ 35.560594364000053, 32.238061090000144 ], [ 35.560778487000107, 32.238000980000152 ], [ 35.560962578000158, 32.237888594000083 ], [ 35.56111149000003, 32.237768837000033 ], [ 35.561224807000087, 32.237574501000097 ], [ 35.561294386000043, 32.237387892000072 ], [ 35.561293644000159, 32.237194011000099 ], [ 35.561389554000129, 32.236999721000188 ], [ 35.561485690000097, 32.236865175000048 ], [ 35.561669639000115, 32.236760255999968 ], [ 35.561880204000033, 32.236722476000068 ], [ 35.562257910000028, 32.236736223000037 ], [ 35.562521645000061, 32.236772833000032 ], [ 35.562723682000183, 32.236802143000148 ], [ 35.56296114200012, 32.236861086000147 ], [ 35.563189855000132, 32.236972330000128 ], [ 35.56336601300012, 32.237083717000189 ], [ 35.563586396000176, 32.23731432600016 ], [ 35.563601283000082, 32.237348103000045 ], [ 35.563601849000122, 32.23734939600007 ], [ 35.563648448000151, 32.237455904000171 ], [ 35.563675555000145, 32.237649852000061 ], [ 35.563658499000155, 32.237784040000122 ], [ 35.563527390000047, 32.237963493000166 ], [ 35.563396418000082, 32.238135337000188 ], [ 35.563265168000044, 32.238277452000091 ], [ 35.563134001000094, 32.238441970000054 ], [ 35.563011785000128, 32.238606319000041 ], [ 35.562933537000049, 32.238822964000121 ], [ 35.562899364000145, 32.239076546000149 ], [ 35.562883312000054, 32.239471965000064 ], [ 35.562831736000078, 32.239770401999976 ], [ 35.562796137000078, 32.240169821000109 ], [ 35.562811697000086, 32.240552051000122 ], [ 35.562841439000067, 32.240958193000154 ], [ 35.562870909000026, 32.241292617000113 ], [ 35.56294226000017, 32.241567180000175 ], [ 35.56309777000007, 32.241781908000178 ], [ 35.563138105000121, 32.241786299000069 ], [ 35.563143217000174, 32.241786855000157 ], [ 35.563308913000185, 32.241805134000117 ], [ 35.563730783000096, 32.241744218000065 ], [ 35.564222167000082, 32.241480064000086 ], [ 35.564615112000183, 32.241228020000165 ], [ 35.564951580000127, 32.240904551000142 ], [ 35.565105428000095, 32.240688964000128 ], [ 35.565202890000137, 32.240425905000166 ], [ 35.565243872000167, 32.240091286000109 ], [ 35.565264840000111, 32.239726426000118 ], [ 35.565290227000162, 32.239517535000118 ], [ 35.56534228400011, 32.239345913000136 ], [ 35.56551726400005, 32.239151397000057 ], [ 35.565788184000098, 32.238815005999982 ], [ 35.56602944600013, 32.238612698000111 ], [ 35.566397480000035, 32.238395381000032 ], [ 35.566783226000155, 32.238215352000111 ], [ 35.567046306000066, 32.2381251380001 ], [ 35.567449886000077, 32.238011985000071 ], [ 35.567687120000187, 32.238011318000133 ], [ 35.567898064000019, 32.238070467000114 ], [ 35.568162504000043, 32.238286010000081 ], [ 35.568391513999984, 32.238471782000033 ], [ 35.568673015000115, 32.238597799000047 ], [ 35.568972262000102, 32.238768576000041 ], [ 35.56904396300007, 32.238874190000104 ], [ 35.569048363000093, 32.238880679000033 ], [ 35.569113664000099, 32.238976994999973 ], [ 35.56911442300003, 32.239170878000152 ], [ 35.569062346000067, 32.239335177000157 ], [ 35.568913575000124, 32.239447472000109 ], [ 35.568659258000139, 32.239575005000063 ], [ 35.56843114600008, 32.239620455000136 ], [ 35.56818512000018, 32.239621149000186 ], [ 35.567912841000123, 32.239606982000169 ], [ 35.567702154000187, 32.239615040000103 ], [ 35.567412507000085, 32.239653056000066 ], [ 35.567210501000091, 32.239676025000108 ], [ 35.56700877500009, 32.239728867000053 ], [ 35.566833303000124, 32.239796431000116 ], [ 35.566666966000128, 32.239953583000158 ], [ 35.566586462000032, 32.240099927000188 ], [ 35.566545187000088, 32.240315200000111 ], [ 35.566531745000077, 32.240482491000193 ], [ 35.566584079000108, 32.240607102000126 ], [ 35.566586109000127, 32.240611936000164 ], [ 35.566616919000182, 32.240685295000105 ], [ 35.566694513000186, 32.240761514000098 ], [ 35.566705458000115, 32.240772265000032 ], [ 35.566799654000079, 32.240864716000146 ], [ 35.566812300000095, 32.240876092000178 ], [ 35.566829639, 32.240893629000141 ], [ 35.567012366000142, 32.241078433000155 ], [ 35.567059094000058, 32.241115944000114 ], [ 35.567073235000066, 32.241127295000069 ], [ 35.567308733000061, 32.241316574000052 ], [ 35.567572071000143, 32.241545927000118 ], [ 35.567575244000125, 32.241548690000059 ], [ 35.567746413000179, 32.241697753000039 ], [ 35.568070662000082, 32.241899883000087 ], [ 35.568381169000133, 32.242149955000173 ], [ 35.568478858000105, 32.242197973000032 ], [ 35.568481500000189, 32.24219927200005 ], [ 35.568550271000106, 32.242233035000083 ], [ 35.568747185000063, 32.242220643000167 ], [ 35.568802994000123, 32.242077045000144 ], [ 35.568914818000167, 32.241885526000033 ], [ 35.569097449000083, 32.241825266000035 ], [ 35.569448622999971, 32.241704787000117 ], [ 35.569659675000025, 32.241704189000018 ], [ 35.569997434000186, 32.241715211000042 ], [ 35.570236551000164, 32.241726510000035 ], [ 35.570319252000161, 32.241788010000164 ], [ 35.57032451200007, 32.241791921000186 ], [ 35.570476490000033, 32.241905060000079 ], [ 35.57056144000012, 32.242048116000149 ], [ 35.570689046000041, 32.242286725000099 ], [ 35.570706717000178, 32.242312464000179 ], [ 35.570741642000144, 32.24238182900018 ], [ 35.570815602000039, 32.242470951000087 ], [ 35.57083181500002, 32.242494605000047 ], [ 35.570844617000034, 32.242513282000118 ], [ 35.570922064000115, 32.242619869000123 ], [ 35.570936466999967, 32.242639692000068 ], [ 35.571170342000073, 32.242961839000031 ], [ 35.571228572000109, 32.243055514000048 ], [ 35.571232974999987, 32.24306260100019 ], [ 35.571322117000079, 32.243206070000042 ], [ 35.571340697000039, 32.243235974000015 ], [ 35.571377505000044, 32.243324838000092 ], [ 35.57143962300006, 32.243474807000155 ], [ 35.571468701000128, 32.243701720000047 ], [ 35.571371113000055, 32.243928993000111 ], [ 35.571216919000108, 32.244096683000123 ], [ 35.570908226000029, 32.244312580000098 ], [ 35.570655481000188, 32.244420807000097 ], [ 35.570374269000183, 32.244457536000027 ], [ 35.56993881000011, 32.24464983300004 ], [ 35.569518079000034, 32.244961717000081 ], [ 35.56922333100016, 32.245141778000175 ], [ 35.568971165000107, 32.245441206000066 ], [ 35.568831830000192, 32.245764127000029 ], [ 35.568804438000086, 32.245967247000181 ], [ 35.568833324000138, 32.246146395000039 ], [ 35.568862698000089, 32.246492793000129 ], [ 35.56886428700011, 32.246899015000167 ], [ 35.568810276000193, 32.247460808000028 ], [ 35.568699051000124, 32.247807602000137 ], [ 35.568587918000105, 32.248178211000152 ], [ 35.568448718000127, 32.24853706100015 ], [ 35.568166449000103, 32.249156000000141 ], [ 35.568016473000171, 32.249388490000172 ], [ 35.567847635000021, 32.249588908000078 ], [ 35.567678766000029, 32.249781435000102 ], [ 35.567425356000172, 32.25002224800005 ], [ 35.567086834000065, 32.250207219000174 ], [ 35.566776157000049, 32.250304188000086 ], [ 35.566432301000191, 32.250354327000082 ], [ 35.566159022000193, 32.25034706200006 ], [ 35.565951673000029, 32.250323689000027 ], [ 35.565527324000186, 32.250268797999979 ], [ 35.56499009700002, 32.250222392000069 ], [ 35.564707337000073, 32.250207118000048 ], [ 35.56398182300012, 32.250265221000177 ], [ 35.563727631, 32.25030594500015 ], [ 35.563482817000192, 32.250370596000096 ], [ 35.563210092000133, 32.250507326000047 ], [ 35.562928069000122, 32.250684240000112 ], [ 35.562806061000174, 32.250820550000185 ], [ 35.562674724000033, 32.250989012000105 ], [ 35.562487381999972, 32.251253585000029 ], [ 35.562346810000065, 32.251478012000064 ], [ 35.562234680000074, 32.251726451000081 ], [ 35.562188281000033, 32.252036146000023 ], [ 35.562160941000059, 32.252300274000049 ], [ 35.562171590000162, 32.252612344000113 ], [ 35.562229297000044, 32.252916255000116 ], [ 35.562296396000193, 32.253204216000029 ], [ 35.562382612000192, 32.253548063000153 ], [ 35.562487842000053, 32.25396386 ], [ 35.56258460600003, 32.254376719000163 ], [ 35.562651940000137, 32.254768666000189 ], [ 35.562700119999988, 32.255008633000045 ], [ 35.562785927000107, 32.255288369000084 ], [ 35.56288116900015, 32.255520170000182 ], [ 35.562985603000072, 32.255727995000086 ], [ 35.563156372000094, 32.256023558000095 ], [ 35.563261209000189, 32.256335368000123 ], [ 35.563384795000104, 32.256607109000129 ], [ 35.563442139000017, 32.256814923000093 ], [ 35.563546824000071, 32.25708671700005 ], [ 35.563641842000152, 32.257302597000148 ], [ 35.563727357000175, 32.257462426000131 ], [ 35.563850791999982, 32.25769401000008 ], [ 35.564011962, 32.257949721000045 ], [ 35.564111428000103, 32.258200675000182 ], [ 35.564208297, 32.258380197000122 ], [ 35.564285939000058, 32.258519053000043 ], [ 35.564363607000075, 32.25870680100013 ], [ 35.564451404000124, 32.258984558000122 ], [ 35.56450075500004, 32.259311457000081 ], [ 35.564540300000033, 32.259589207000147 ], [ 35.564540846000057, 32.259944705000066 ], [ 35.564552168000148, 32.260386122000114 ], [ 35.564553495000155, 32.260729498000103 ], [ 35.564602725000157, 32.261023568999974 ], [ 35.564681000000121, 32.261325868000029 ], [ 35.564749748000111, 32.261693574000105 ], [ 35.564740857, 32.261881706000054 ], [ 35.564587436000011, 32.262045581000166 ], [ 35.564318306000132, 32.262177089000033 ], [ 35.563933983000027, 32.262366266000129 ], [ 35.563482227000179, 32.262571833000038 ], [ 35.562837775000105, 32.262778075000028 ], [ 35.562328213000058, 32.262959281000121 ], [ 35.56184759700011, 32.263164922000158 ], [ 35.561174596000114, 32.263452959000119 ], [ 35.560684513000126, 32.263699625000072 ], [ 35.560529607000092, 32.263824469000099 ], [ 35.560408969000093, 32.264021643999968 ], [ 35.560275780000154, 32.264145020000058 ], [ 35.560131566000109, 32.264334650000137 ], [ 35.560042925000175, 32.264486224000052 ], [ 35.559966034000126, 32.264760914000021 ], [ 35.559911359000125, 32.265035405000106 ], [ 35.559857119000071, 32.265423458000157 ], [ 35.559814209000081, 32.265723016000095 ], [ 35.559808486, 32.265762970000026 ], [ 35.559792021000192, 32.265877910000086 ], [ 35.559760254000139, 32.266332127000112 ], [ 35.559661617000074, 32.266777089000129 ], [ 35.559569313000054, 32.267186525999989 ], [ 35.559480101000133, 32.267580453 ], [ 35.55945684500017, 32.267713291000177 ], [ 35.55941112, 32.267974466 ], [ 35.559361816000035, 32.268265709000048 ], [ 35.559292309000057, 32.268565460000048 ], [ 35.559252430000015, 32.268707614000107 ], [ 35.559226560000184, 32.268799831000024 ], [ 35.559222607000152, 32.268813923000096 ], [ 35.559221189000027, 32.268817395000042 ], [ 35.558982055000115, 32.26940271400008 ], [ 35.558832338000116, 32.269805541999972 ], [ 35.558673156000054, 32.270379454000079 ], [ 35.558553979000067, 32.270833488000164 ], [ 35.558434737000141, 32.271313168000063 ], [ 35.558284852999975, 32.271673164000163 ], [ 35.55820506200007, 32.271887273 ], [ 35.558125011000072, 32.272075880000102 ], [ 35.557954636000147, 32.272324617000152 ], [ 35.557905126000094, 32.272564429000113 ], [ 35.557945981000046, 32.272709869000039 ], [ 35.55801322700006, 32.272861578000061 ], [ 35.558197354000129, 32.272958297000173 ], [ 35.558401235000019, 32.272972251000112 ], [ 35.55875432300013, 32.272971283000174 ], [ 35.558791976000123, 32.272972588000187 ], [ 35.558843291000187, 32.272970355000098 ], [ 35.559182486000111, 32.27295559300012 ], [ 35.559556138000119, 32.27295456500002 ], [ 35.559600321000119, 32.272956112000088 ], [ 35.559660635000171, 32.272958224000092 ], [ 35.559946929000034, 32.272968004000177 ], [ 35.560399787, 32.273035234000076 ], [ 35.560673837000138, 32.273096475000045 ], [ 35.560929644000055, 32.273157767000157 ], [ 35.561112480000077, 32.273219257999983 ], [ 35.561368478000134, 32.273373544000151 ], [ 35.561597188000064, 32.273504656000171 ], [ 35.561743776000128, 32.273628104000068 ], [ 35.562009046000014, 32.273821110000085 ], [ 35.56223800000015, 32.274014216000069 ], [ 35.56243964500004, 32.274222758000064 ], [ 35.562686991000078, 32.274454562000074 ], [ 35.562925022000172, 32.274678641000037 ], [ 35.563172190000159, 32.274863804000177 ], [ 35.563318542000047, 32.274925393000046 ], [ 35.563610904000029, 32.275002078000057 ], [ 35.563793430000032, 32.275024819000123 ], [ 35.564040004000049, 32.275055130000055 ], [ 35.56411018700004, 32.275062120000086 ], [ 35.564153933000114, 32.275066442000082 ], [ 35.564268302000073, 32.275077742000121 ], [ 35.56433629300011, 32.275091369000108 ], [ 35.564361916, 32.275096504000089 ], [ 35.564496694000184, 32.27512360500009 ], [ 35.564661065000166, 32.275169642000094 ], [ 35.564935214, 32.275254124000128 ], [ 35.565163877000032, 32.275369730000136 ], [ 35.565410782000129, 32.275485142999969 ], [ 35.565740236000181, 32.275716712000076 ], [ 35.565962750000153, 32.276171484000031 ], [ 35.56600526200009, 32.276355948000173 ], [ 35.566022117000159, 32.276638553000055 ], [ 35.565989415000104, 32.276844643000061 ], [ 35.565897999000185, 32.277008206000176 ], [ 35.565823362000174, 32.277178765000144 ], [ 35.565693248000059, 32.277322385000105 ], [ 35.565674396000077, 32.277343193000092 ], [ 35.565623533000064, 32.277399415000104 ], [ 35.565482202000169, 32.277479985000184 ], [ 35.565438949000054, 32.277504639000085 ], [ 35.565373143000102, 32.277542148000123 ], [ 35.56526492100005, 32.277648971000133 ], [ 35.565165075000152, 32.277777050000168 ], [ 35.565098564000039, 32.277905035 ], [ 35.565074263000099, 32.278096731000062 ], [ 35.565084176000084, 32.278515749000121 ], [ 35.565094479000152, 32.278991406000102 ], [ 35.565129052000088, 32.279310737000174 ], [ 35.565188537000097, 32.279552077000062 ], [ 35.565276484000037, 32.279904933000125 ], [ 35.565369304000058, 32.280103488000123 ], [ 35.565596114000186, 32.280379727000138 ], [ 35.565764129000115, 32.280549607000182 ], [ 35.565990749000036, 32.280776249000098 ], [ 35.566125177000174, 32.280924946000027 ], [ 35.566267926000137, 32.281038115000058 ], [ 35.566377062000129, 32.281165608000038 ], [ 35.566545412000039, 32.281420731000139 ], [ 35.566638017000116, 32.281605054000181 ], [ 35.566705854000134, 32.281817910000029 ], [ 35.566748426000117, 32.282016603000045 ], [ 35.566791053000031, 32.282229527000084 ], [ 35.566833652000071, 32.282435268000143 ], [ 35.566876029000127, 32.282584223000129 ], [ 35.566926992000162, 32.28280825700017 ], [ 35.567078427000183, 32.283063429000151 ], [ 35.567180351000047, 32.283467815000051 ], [ 35.567206174000148, 32.28362400300017 ], [ 35.567190002000075, 32.283773124000163 ], [ 35.567140769000162, 32.284035903000131 ], [ 35.567108399000176, 32.284284546000038 ], [ 35.567084319000116, 32.284575720000134 ], [ 35.567068923000079, 32.284923652000145 ], [ 35.567021605999969, 32.285253496000053 ], [ 35.566986695000026, 32.28548848000014 ], [ 35.566907388000118, 32.285738804000061 ], [ 35.566819388000113, 32.286057208000159 ], [ 35.56665129400011, 32.286466862000111 ], [ 35.566474173000074, 32.28681595200004 ], [ 35.566314738000131, 32.287149636000095 ], [ 35.566172983000058, 32.287422821000064 ], [ 35.566011688000117, 32.287662946000125 ], [ 35.565780896000035, 32.287989362000133 ], [ 35.565621300000146, 32.288239769000143 ], [ 35.565488098000117, 32.288452341000152 ], [ 35.5652669320001, 32.288953023000033 ], [ 35.565054490000136, 32.28939309000009 ], [ 35.564956966000068, 32.289567660000159 ], [ 35.564832599000169, 32.289749772000107 ], [ 35.564610225000024, 32.289939767000135 ], [ 35.564441324000029, 32.290144829000042 ], [ 35.564281486000141, 32.290334788000052 ], [ 35.563960005000069, 32.290719644000092 ], [ 35.563835721000089, 32.29092458100007 ], [ 35.563711663000106, 32.291144594000059 ], [ 35.563596394000115, 32.291364721000093 ], [ 35.563472744000194, 32.291690833000075 ], [ 35.563375361, 32.291903303000083 ], [ 35.563313350000101, 32.292039869000178 ], [ 35.563162415000136, 32.292259953000098 ], [ 35.563118813000131, 32.29252525600009 ], [ 35.56310199700016, 32.292767794999975 ], [ 35.56280870300003, 32.293109453 ], [ 35.562551246000112, 32.293496663999974 ], [ 35.562453770000047, 32.293686306000041 ], [ 35.562244878000172, 32.294235983000135 ], [ 35.562170541000171, 32.294446697000183 ], [ 35.56211866600006, 32.294631847000062 ], [ 35.562112358000036, 32.294976371000132 ], [ 35.56206824100002, 32.29523814800001 ], [ 35.561978817000124, 32.29538506900019 ], [ 35.561978727999985, 32.29538521500001 ], [ 35.561936527000171, 32.295411401000081 ], [ 35.56181373000004, 32.295487687000161 ], [ 35.561363368000059, 32.295667596000044 ], [ 35.56066020500009, 32.296026588000075 ], [ 35.560480559000155, 32.296160096000108 ], [ 35.560222777000092, 32.296293678000154 ], [ 35.559847837000177, 32.296547208000163 ], [ 35.559597902000178, 32.296694010000067 ], [ 35.559277311000073, 32.296801275000121 ], [ 35.558980133000148, 32.296915095000145 ], [ 35.558722195000144, 32.297008799000082 ], [ 35.558304546000102, 32.297201291000192 ], [ 35.557952470000146, 32.297275383999988 ], [ 35.557749023000099, 32.297302572000149 ], [ 35.557256081000162, 32.297370285000113 ], [ 35.556841222000173, 32.297424540000122 ], [ 35.556269953000083, 32.297485982000012 ], [ 35.555917924000028, 32.297573314000147 ], [ 35.55572237399997, 32.297626966000166 ], [ 35.555588218000082, 32.297729346000096 ], [ 35.555479209000055, 32.297812634000081 ], [ 35.55517328000019, 32.298071317000051 ], [ 35.555047607, 32.298176827000077 ], [ 35.555043297, 32.298180446000117 ], [ 35.555038281000122, 32.29818568100012 ], [ 35.554920521000156, 32.298308578000047 ], [ 35.554725201000167, 32.29851243100012 ], [ 35.554692317000104, 32.298546758000043 ], [ 35.554658860000075, 32.29858657300008 ], [ 35.554513121000014, 32.298760007 ], [ 35.554450988000156, 32.298912913000038 ], [ 35.554475343000092, 32.299125472000128 ], [ 35.554655838000031, 32.299257993000026 ], [ 35.554820591000066, 32.299350541000024 ], [ 35.555095050000148, 32.299456175000046 ], [ 35.555322410000088, 32.299521924000089 ], [ 35.555675074000135, 32.299600716000043 ], [ 35.555957182000043, 32.299666452000167 ], [ 35.556231517000128, 32.299738694000098 ], [ 35.556482446000189, 32.299851013000023 ], [ 35.556800096000188, 32.300014860000033 ], [ 35.557019966000041, 32.300160374000143 ], [ 35.557169227000088, 32.300279593000141 ], [ 35.557224704000134, 32.300472195000111 ], [ 35.557264788000055, 32.300717962000078 ], [ 35.557257921000144, 32.300963854000031 ], [ 35.557274424000127, 32.30120292099997 ], [ 35.557282900000132, 32.301382407000119 ], [ 35.557362036000143, 32.301601433000087 ], [ 35.557480148000138, 32.301773857000171 ], [ 35.557645452000145, 32.301966157999971 ], [ 35.557779033000088, 32.302105287000074 ], [ 35.55795179200004, 32.302251071000057 ], [ 35.558124668000175, 32.302383468000073 ], [ 35.558367986000064, 32.302542302000063 ], [ 35.558713153999975, 32.302740730000153 ], [ 35.558972135000033, 32.302872891000163 ], [ 35.559160355000131, 32.302938878000191 ], [ 35.559340484000018, 32.302971495000122 ], [ 35.55959118700008, 32.30297756900012 ], [ 35.55981042000019, 32.302996833000122 ], [ 35.560037716000181, 32.303042705000166 ], [ 35.560171099000115, 32.303128709000191 ], [ 35.560328295000147, 32.303281154000103 ], [ 35.559864027000117, 32.303333511000062 ], [ 35.559819851000157, 32.303338493000126 ], [ 35.559167302000105, 32.303412150000099 ], [ 35.559381007000127, 32.303534550000109 ], [ 35.559390099000154, 32.30353975800017 ], [ 35.559483709000062, 32.303593326000168 ], [ 35.559807679000073, 32.303669930000126 ], [ 35.559999007000101, 32.30381016400014 ], [ 35.560120482000116, 32.303912536000098 ], [ 35.560129996000171, 32.303920553000125 ], [ 35.560182259000158, 32.303964652000161 ], [ 35.560227368000028, 32.304047520000097 ], [ 35.560239399000068, 32.304069466000101 ], [ 35.560274151000101, 32.304133339000145 ], [ 35.560274355000104, 32.304186741000137 ], [ 35.560274426000035, 32.304205296000191 ], [ 35.560274932000084, 32.304337504999978 ], [ 35.560206660000119, 32.304506785000171 ], [ 35.560200974000168, 32.304520883000066 ], [ 35.560151784000027, 32.304592151000122 ], [ 35.560011068999984, 32.304796024000041 ], [ 35.559912414000109, 32.30502864400006 ], [ 35.559896763000154, 32.305275125000151 ], [ 35.55997198600005, 32.305422723000106 ], [ 35.560090474999981, 32.30556090400006 ], [ 35.56031544300015, 32.305820812000093 ], [ 35.560394152000185, 32.305884533000096 ], [ 35.56040581100018, 32.305893972000092 ], [ 35.56045441100008, 32.305933431000085 ], [ 35.560459385000172, 32.305937457000027 ], [ 35.56053196300013, 32.305996201000085 ], [ 35.560716460000037, 32.306128140000112 ], [ 35.560759929000142, 32.306159237000088 ], [ 35.560788662000107, 32.306179793000183 ], [ 35.560920765000162, 32.30627679000014 ], [ 35.560925767000185, 32.306280552000089 ], [ 35.560928421000085, 32.30628254800007 ], [ 35.56101444300009, 32.306346983000026 ], [ 35.561338994000039, 32.306571387000076 ], [ 35.561613417000046, 32.306746615 ], [ 35.561896383000033, 32.306943094000189 ], [ 35.562245929000028, 32.307237879000184 ], [ 35.562569149000126, 32.307522267000081 ], [ 35.562580212000057, 32.30753200099997 ], [ 35.562598881000099, 32.307554633000109 ], [ 35.562796828000046, 32.307773609000094 ], [ 35.562808117000145, 32.307786089000047 ], [ 35.562845647000074, 32.307827578 ], [ 35.563137703000052, 32.308228199000041 ], [ 35.56322617100011, 32.308329474000175 ], [ 35.563239860000067, 32.308345145000146 ], [ 35.563371013, 32.308495121000078 ], [ 35.563613823000026, 32.308859665000057 ], [ 35.563705864000099, 32.309063575000039 ], [ 35.563790073000064, 32.30938727400013 ], [ 35.563774568000099, 32.309668982000176 ], [ 35.563700803000131, 32.309901535000108 ], [ 35.563568970000119, 32.31013425000009 ], [ 35.563271490000034, 32.310480147000192 ], [ 35.562742591000074, 32.311051988000031 ], [ 35.562518496000109, 32.311282562000088 ], [ 35.562440675000119, 32.311367743000119 ], [ 35.562405951000073, 32.311398414000053 ], [ 35.562337696000043, 32.311468633000118 ], [ 35.562007185000141, 32.311856747000093 ], [ 35.56171657100009, 32.312265464000063 ], [ 35.561456583000052, 32.312699880000082 ], [ 35.561234, 32.313197598000102 ], [ 35.561089807000087, 32.313542080000161 ], [ 35.561061200000097, 32.313610637000068 ], [ 35.561040562000187, 32.313723416000073 ], [ 35.560938982000152, 32.314277300000072 ], [ 35.560916345000123, 32.314518307000185 ], [ 35.560911046000115, 32.314574279000055 ], [ 35.560903109000094, 32.314658116000146 ], [ 35.560917729000039, 32.314824333000104 ], [ 35.560925833, 32.314916469000082 ], [ 35.560927047000121, 32.314929569000128 ], [ 35.560929131000137, 32.314954220000118 ], [ 35.56096756200003, 32.31519731200018 ], [ 35.561030636000055, 32.31541933900013 ], [ 35.56104709900012, 32.315471992000141 ], [ 35.561052809000046, 32.315490012000055 ], [ 35.561062265000146, 32.315520026000058 ], [ 35.561093792000179, 32.315620093000064 ], [ 35.561185705000014, 32.31581524500001 ], [ 35.561208050000175, 32.315862689000028 ], [ 35.561229369000102, 32.315935615000058 ], [ 35.561260253000171, 32.316041256000176 ], [ 35.561265384000137, 32.316058808000037 ], [ 35.561282697000081, 32.316116672000192 ], [ 35.561270861000139, 32.316275357999984 ], [ 35.561246416000188, 32.316434083000104 ], [ 35.561197124000159, 32.31656117 ], [ 35.561085568000181, 32.316720136000015 ], [ 35.560924551000085, 32.31700618800005 ], [ 35.560748723000131, 32.317367102000105 ], [ 35.560529005000035, 32.317750118000163 ], [ 35.560308982000038, 32.318053803000169 ], [ 35.560046534000037, 32.31832872300015 ], [ 35.559618441000055, 32.318765852000183 ], [ 35.559304860000111, 32.319033725000054 ], [ 35.558914666000135, 32.319316179000168 ], [ 35.558515899000099, 32.319569911000031 ], [ 35.558354666000184, 32.319671382000138 ], [ 35.55790478900019, 32.31988185400013 ], [ 35.557395232000033, 32.320063603000165 ], [ 35.556902572000126, 32.320238118000134 ], [ 35.556375863000142, 32.320405538000159 ], [ 35.555942824000113, 32.320551002000116 ], [ 35.55542452200001, 32.320704024000122 ], [ 35.554787351000186, 32.320886110000117 ], [ 35.554277593000108, 32.321017406000124 ], [ 35.554014274000053, 32.321111960000167 ], [ 35.553518469000153, 32.321336069000154 ], [ 35.553316111000129, 32.321447223000064 ], [ 35.553135672, 32.321607353 ], [ 35.553078615000175, 32.321746859000029 ], [ 35.553094040000133, 32.32201086800012 ], [ 35.553102425000191, 32.322299553000107 ], [ 35.553147167000191, 32.322637314000076 ], [ 35.553199483000071, 32.323091862000183 ], [ 35.553250691000187, 32.323251366000079 ], [ 35.553323944000113, 32.323447726000154 ], [ 35.553411399000026, 32.323625732000153 ], [ 35.553476390000128, 32.323742786000025 ], [ 35.553485104000174, 32.323758519000023 ], [ 35.55351348, 32.323809755000184 ], [ 35.553637230000106, 32.323975260000111 ], [ 35.553775416000178, 32.324140729000192 ], [ 35.553787070000112, 32.324153451000029 ], [ 35.553806574000077, 32.324174742000082 ], [ 35.553809074000128, 32.324177414000133 ], [ 35.553827736000073, 32.32419779300011 ], [ 35.553932963000193, 32.324312586000133 ], [ 35.554060678000155, 32.324451912000086 ], [ 35.554169758000114, 32.324599 ], [ 35.554308062000189, 32.324795182000059 ], [ 35.554453577000061, 32.324966829000175 ], [ 35.554635404000123, 32.325175151000167 ], [ 35.554663496000103, 32.325200963000157 ], [ 35.554676535000056, 32.325212943999986 ], [ 35.554795266000042, 32.32532224199997 ], [ 35.554991484000084, 32.32551826700012 ], [ 35.555129748000184, 32.325702191000062 ], [ 35.555202932000157, 32.325923066000144 ], [ 35.555218157000127, 32.326131982 ], [ 35.555226364000134, 32.326371493000011 ], [ 35.555191114000081, 32.326617321000128 ], [ 35.555184876999988, 32.32689998800015 ], [ 35.555142653000075, 32.327144426000132 ], [ 35.555114427000035, 32.327316544000155 ], [ 35.55507880600004, 32.327464024999983 ], [ 35.555021401000147, 32.327599305000035 ], [ 35.554906174000109, 32.327759400000048 ], [ 35.55481251700013, 32.327919296000118 ], [ 35.554791564000084, 32.328128311000057 ], [ 35.554792396000153, 32.328349382000169 ], [ 35.55475693700015, 32.328539979000027 ], [ 35.55469983100005, 32.328755151000053 ], [ 35.554642887000114, 32.329013296000028 ], [ 35.554672784, 32.329240490000188 ], [ 35.554752926000049, 32.329369337000117 ], [ 35.554787414000089, 32.329405315000031 ], [ 35.554797300000189, 32.329415606000111 ], [ 35.554876382000145, 32.329497927000091 ], [ 35.555050854, 32.32964497800009 ], [ 35.555268380000086, 32.329767251000135 ], [ 35.555457174000082, 32.329883406000079 ], [ 35.555645754000068, 32.329987301000074 ], [ 35.555934890000174, 32.330130796000105 ], [ 35.556266392000055, 32.330331099000091 ], [ 35.55649545000017, 32.330474054000092 ], [ 35.556699091000041, 32.330609890000176 ], [ 35.5570216590001, 32.330860374999986 ], [ 35.557107353000106, 32.330952657000182 ], [ 35.557114976000094, 32.330960865000122 ], [ 35.557174632000056, 32.331025096000019 ], [ 35.557285203000049, 32.331168512000033 ], [ 35.557344937000039, 32.331297557000141 ], [ 35.557405166000137, 32.331555945000162 ], [ 35.557363828000064, 32.331814614000166 ], [ 35.55721167500019, 32.332216035999977 ], [ 35.556976322000025, 32.332690531000083 ], [ 35.556825446000119, 32.333078705000048 ], [ 35.556581846000029, 32.333567736000077 ], [ 35.556372208000084, 32.334085416000107 ], [ 35.556238279000127, 32.334480728000131 ], [ 35.556096187000094, 32.334955107000042 ], [ 35.556029589000104, 32.335249633999979 ], [ 35.555955040000072, 32.335636752000028 ], [ 35.555922677000126, 32.336031788000071 ], [ 35.555824070000028, 32.336814904 ], [ 35.555741680000153, 32.337411143000054 ], [ 35.555658965000134, 32.337921149000124 ], [ 35.555601314000114, 32.338344998000139 ], [ 35.555509294000103, 32.338632547000032 ], [ 35.555392420000032, 32.339063741000189 ], [ 35.55527469000009, 32.339356573000089 ], [ 35.555163382000103, 32.339723078000134 ], [ 35.555005566000034, 32.340169320000086 ], [ 35.554848050000146, 32.34069517000006 ], [ 35.55469760200009, 32.341203244000042 ], [ 35.55465166800002, 32.341434167000045 ], [ 35.554559317000098, 32.341856276000044 ], [ 35.554476006000073, 32.342167050000171 ], [ 35.554420849000053, 32.342461683000124 ], [ 35.554328242999986, 32.342772481999987 ], [ 35.554160299000159, 32.343043607000141 ], [ 35.553983003000042, 32.34329883800001 ], [ 35.553824589999977, 32.343633484000179 ], [ 35.553825109000115, 32.343771568000079 ], [ 35.553825144000029, 32.343780768000101 ], [ 35.553825368000048, 32.34384046800011 ], [ 35.553938756000036, 32.344023333000052 ], [ 35.554080013000089, 32.344158214000061 ], [ 35.554305810000187, 32.344308930000125 ], [ 35.554559948000076, 32.344491272000084 ], [ 35.554810364000048, 32.344655165000063 ], [ 35.554979901000081, 32.344805891000135 ], [ 35.555121039000085, 32.34490906800005 ], [ 35.555327936000026, 32.345019959000069 ], [ 35.555601029000172, 32.345297779000134 ], [ 35.555808199000069, 32.345480384000041 ], [ 35.555987227000116, 32.345639116000029 ], [ 35.556269844000155, 32.345932830000038 ], [ 35.556575121000094, 32.346215770000128 ], [ 35.556599980000101, 32.346238810000102 ], [ 35.556646617000183, 32.346282081000027 ], [ 35.55671078000006, 32.346350525000048 ], [ 35.556744904000027, 32.346386963000043 ], [ 35.556929268000033, 32.346583824000049 ], [ 35.557230556000093, 32.346853671000076 ], [ 35.557418945000109, 32.347028297000122 ], [ 35.557607155000085, 32.347155155000166 ], [ 35.557811947000118, 32.347277883000174 ], [ 35.557942832000037, 32.347388273000092 ], [ 35.558182626000132, 32.347461447000114 ], [ 35.558378861000165, 32.347516283 ], [ 35.558640403000084, 32.347589539000069 ], [ 35.558923897000113, 32.347717965000186 ], [ 35.559251018999987, 32.347883186999979 ], [ 35.559399141000029, 32.348007978000112 ], [ 35.559407217000114, 32.348014782000121 ], [ 35.559469495000144, 32.348067307000122 ], [ 35.559469968000087, 32.348147620000134 ], [ 35.559470129000033, 32.348182488000191 ], [ 35.559470919999967, 32.34835333400008 ], [ 35.559484406000024, 32.348464188000037 ], [ 35.559487028000092, 32.348485736000043 ], [ 35.559489088000078, 32.348503061000144 ], [ 35.55947223600009, 32.348697834000177 ], [ 35.559419946000048, 32.348870159000114 ], [ 35.559288204000154, 32.34905763800009 ], [ 35.558971535000126, 32.349328055000171 ], [ 35.558760367000104, 32.34949334900017 ], [ 35.558513925000113, 32.349681141000076 ], [ 35.558337944000016, 32.349846337000088 ], [ 35.558144509000101, 32.350049062000039 ], [ 35.557933535000075, 32.350266769000029 ], [ 35.557597388000033, 32.35065545100008 ], [ 35.557289934000039, 32.351038134000191 ], [ 35.556999760000167, 32.351338344000169 ], [ 35.556771476000108, 32.351676004000012 ], [ 35.556587278000165, 32.351953518000073 ], [ 35.556403143000068, 32.352290915000026 ], [ 35.556236824999985, 32.352643200000102 ], [ 35.556008872000064, 32.353070611000021 ], [ 35.555868603000079, 32.35333307000019 ], [ 35.555737240000155, 32.353580426000065 ], [ 35.555632095000078, 32.353781215000026 ], [ 35.55541236900018, 32.354058825000095 ], [ 35.555192694000027, 32.354306564000069 ], [ 35.554999440000017, 32.354561558000057 ], [ 35.554866824000101, 32.354741565000097 ], [ 35.55485666300001, 32.354755326000088 ], [ 35.554850142000134, 32.354764156000101 ], [ 35.554824315000189, 32.354914003000147 ], [ 35.554826482000124, 32.354928040000175 ], [ 35.554830100000061, 32.354951469000071 ], [ 35.554834352000057, 32.354978652000113 ], [ 35.554837888000179, 32.355001384 ], [ 35.554860380999969, 32.355145970000081 ], [ 35.554931858000145, 32.355347968999979 ], [ 35.555073716000152, 32.35550482900004 ], [ 35.555233085000111, 32.35563909800004 ], [ 35.555410048000056, 32.355773316000125 ], [ 35.55562253800008, 32.35590758100011 ], [ 35.555817014000183, 32.356019349000121 ], [ 35.556002830000125, 32.35612367300007 ], [ 35.556135722000079, 32.356235609000066 ], [ 35.556330563000131, 32.356399790000069 ], [ 35.556525494000027, 32.356586375000177 ], [ 35.556632025, 32.356750797000075 ], [ 35.556756664000147, 32.357050013000162 ], [ 35.556756706000101, 32.35706102000006 ], [ 35.556756779000068, 32.357080023000151 ], [ 35.556757347000087, 32.357229659999973 ], [ 35.55670802200018, 32.357398594000131 ], [ 35.556581936000043, 32.357506303000036 ], [ 35.556419689000052, 32.357621723000193 ], [ 35.556173959000148, 32.357741173000136 ], [ 35.555903286000046, 32.357849279 ], [ 35.555668603000072, 32.357949534000056 ], [ 35.555424870000081, 32.358026849000169 ], [ 35.555126854000093, 32.358104310000044 ], [ 35.554720582000073, 32.358220388000063 ], [ 35.554504109000163, 32.358351311000149 ], [ 35.554360010000039, 32.358482034000076 ], [ 35.554153097999972, 32.358727906000126 ], [ 35.553955322000149, 32.359019683000042 ], [ 35.553748444000064, 32.359319237000136 ], [ 35.553668024, 32.359564763000037 ], [ 35.55357858300016, 32.359795098000177 ], [ 35.553543257000058, 32.360025143000087 ], [ 35.553543948000026, 32.360209017000045 ], [ 35.553535530000033, 32.360354731000029 ], [ 35.553509144000031, 32.36057714500015 ], [ 35.553425615000094, 32.360879322000187 ], [ 35.553420043000187, 32.360899345000121 ], [ 35.553426608000109, 32.361143930000026 ], [ 35.553427015000068, 32.361252282000123 ], [ 35.553429887000107, 32.361265519000085 ], [ 35.553430667000157, 32.361296317000097 ], [ 35.5534310540001, 32.361311591000117 ], [ 35.553440703000092, 32.361449506000099 ], [ 35.553486637, 32.361656366000148 ], [ 35.553550490000077, 32.361817242000143 ], [ 35.5536507650001, 32.36203917000006 ], [ 35.553759998000146, 32.362215282000022 ], [ 35.553887248000024, 32.362414172000172 ], [ 35.553989195000042, 32.362549015000013 ], [ 35.554005039000117, 32.362569972000074 ], [ 35.554014382000048, 32.362582487000111 ], [ 35.554105464000145, 32.362743289000093 ], [ 35.554241854000054, 32.362988229000109 ], [ 35.554260729000134, 32.363195160000089 ], [ 35.554297899000176, 32.363455586000157 ], [ 35.554289461000167, 32.363639624000143 ], [ 35.554254016000186, 32.363793021000106 ], [ 35.554182700000126, 32.364076848000082 ], [ 35.55411143800012, 32.364330099000142 ], [ 35.55394960000001, 32.364689554000108 ], [ 35.553869115000055, 32.364919721999968 ], [ 35.553689854000027, 32.365326426000081 ], [ 35.553564329000039, 32.365587433000087 ], [ 35.55342973400019, 32.365863822000108 ], [ 35.553259194000134, 32.36616327400003 ], [ 35.552998551000144, 32.366562589000125 ], [ 35.552917690000072, 32.366693140000166 ], [ 35.552873138000166, 32.366854169000078 ], [ 35.552873447000081, 32.366936596000073 ], [ 35.552873519000059, 32.366955901000154 ], [ 35.552873712000178, 32.367007469000157 ], [ 35.552964545000179, 32.367145306000111 ], [ 35.55310061400013, 32.367259913000055 ], [ 35.553371895000112, 32.367305112000167 ], [ 35.553615858000114, 32.367281483000113 ], [ 35.553868746000092, 32.367204149000088 ], [ 35.554121385000144, 32.36710384600002 ], [ 35.554346953000163, 32.366957544 ], [ 35.554527544000052, 32.366903371000092 ], [ 35.554726261000098, 32.366856897000105 ], [ 35.55492495500016, 32.366848607000179 ], [ 35.555196143000046, 32.366824905000158 ], [ 35.555494506000116, 32.366831701000024 ], [ 35.555928485999971, 32.366876592000096 ], [ 35.556163626000057, 32.366891309000152 ], [ 35.556326148000039, 32.36684479000013 ], [ 35.556578638000133, 32.366706159999978 ], [ 35.557052098000042, 32.3663496530001 ], [ 35.557358572000169, 32.366088288000014 ], [ 35.557574923000061, 32.365964973000075 ], [ 35.557845349000047, 32.365741889000049 ], [ 35.558169778000149, 32.365488082000127 ], [ 35.558376753000118, 32.365257565000149 ], [ 35.558547553000039, 32.364988680000181 ], [ 35.558700268000166, 32.364766058000043 ], [ 35.55886210400007, 32.364497197000105 ], [ 35.558942749000096, 32.364313100000061 ], [ 35.558924820000129, 32.364138996000065 ], [ 35.558868952000125, 32.363985851000052 ], [ 35.558863041000052, 32.363969613000165 ], [ 35.558824321000031, 32.363863248000143 ], [ 35.558807011000056, 32.363802674000112 ], [ 35.558792859000107, 32.363753151000026 ], [ 35.558723536000173, 32.363510990000123 ], [ 35.558641400999988, 32.363304234000054 ], [ 35.558527767000044, 32.363152655000079 ], [ 35.55851570599998, 32.363136581000163 ], [ 35.558423313000105, 32.363013449000107 ], [ 35.558323298000062, 32.362855653000167 ], [ 35.558307237000065, 32.362830314000121 ], [ 35.558277842000052, 32.362783897000099 ], [ 35.558240327000021, 32.362741450000044 ], [ 35.558219940000072, 32.362718360000088 ], [ 35.557987394000179, 32.362454987000092 ], [ 35.557769282000038, 32.362156734000166 ], [ 35.557711177000158, 32.362024710000071 ], [ 35.55770431000019, 32.362009108000052 ], [ 35.5576781850001, 32.36195 ], [ 35.557617262000122, 32.361819269000023 ], [ 35.557609293000041, 32.36180209500003 ], [ 35.557596171000057, 32.361773817000028 ], [ 35.557598640000151, 32.361689354000021 ], [ 35.557600137000179, 32.361638118000087 ], [ 35.557604115000174, 32.361505520000094 ], [ 35.557666022000035, 32.361152675000142 ], [ 35.557764585000143, 32.360922455000093 ], [ 35.557881419000182, 32.360738118000029 ], [ 35.558106683000176, 32.360561234000158 ], [ 35.558332005000182, 32.360399706000123 ], [ 35.558557668000105, 32.360283969000193 ], [ 35.55873824300005, 32.360229932000095 ], [ 35.558936952000067, 32.360229386000015 ], [ 35.559126920000153, 32.360244078 ], [ 35.559416456000122, 32.36033529000008 ], [ 35.559561574000043, 32.360472974000118 ], [ 35.559679722000055, 32.360633558000075 ], [ 35.559806896000055, 32.360809615000164 ], [ 35.559925132000103, 32.360993165000082 ], [ 35.559933568000076, 32.361006171000099 ], [ 35.559956696000029, 32.361041829000044 ], [ 35.560034347000169, 32.361161522000089 ], [ 35.560116455000184, 32.36136067000001 ], [ 35.560225768000123, 32.361597927000048 ], [ 35.560290047000024, 32.361866166000084 ], [ 35.560363279, 32.362088163000067 ], [ 35.560399849000191, 32.36223121800009 ], [ 35.560406264000108, 32.362256194000054 ], [ 35.560418220000031, 32.362302746000182 ], [ 35.56050948800015, 32.36250947800005 ], [ 35.560582400000101, 32.362647218000063 ], [ 35.560655231, 32.362808066000071 ], [ 35.560792354000057, 32.363066382000113 ], [ 35.560874627000032, 32.363264964000052 ], [ 35.560946775000161, 32.363463436000131 ], [ 35.561018791000095, 32.363670643000091 ], [ 35.561038119000102, 32.36372403900009 ], [ 35.561060571000155, 32.36378606400018 ], [ 35.56112181900005, 32.363955400000123 ], [ 35.561178540000071, 32.364113896000106 ], [ 35.561188313000059, 32.364141248000067 ], [ 35.561214452000172, 32.364214400000094 ], [ 35.561327542000129, 32.364481940000189 ], [ 35.561492064000049, 32.364870229000076 ], [ 35.56157810100018, 32.365064262000033 ], [ 35.561610127000165, 32.365136488000132 ], [ 35.561656517000074, 32.365241189000187 ], [ 35.561800221000055, 32.365525974000036 ], [ 35.561821994000184, 32.365575087000138 ], [ 35.561853361000033, 32.365645993000101 ], [ 35.561933867000107, 32.365827975000059 ], [ 35.562057087000028, 32.36609548600012 ], [ 35.562203942000167, 32.366378431000157 ], [ 35.562332680000168, 32.366569698999967 ], [ 35.562446255000054, 32.366703520000158 ], [ 35.562597451000158, 32.366862881000088 ], [ 35.562756283000112, 32.36702208100013 ], [ 35.562847356000134, 32.367175268000096 ], [ 35.562961136000126, 32.367404902000089 ], [ 35.56300152100016, 32.367476859000078 ], [ 35.563020983000172, 32.367511537000098 ], [ 35.563150877000112, 32.367742959000054 ], [ 35.563295122000056, 32.368036475000054 ], [ 35.563306844000124, 32.368062932000157 ], [ 35.563323047000154, 32.368099443000062 ], [ 35.563439490000064, 32.368361837000123 ], [ 35.563591400000064, 32.368661814000177 ], [ 35.56364206600017, 32.36879103800004 ], [ 35.56368278400015, 32.368894891000025 ], [ 35.56369653400003, 32.368930077000073 ], [ 35.563759024000035, 32.369075454000097 ], [ 35.563835264000147, 32.369298851000053 ], [ 35.563866232000066, 32.369535196000129 ], [ 35.563874635000104, 32.36973327700008 ], [ 35.563830103000157, 32.369937849000166 ], [ 35.563770701000067, 32.37016162499998 ], [ 35.563703755000176, 32.370366258000161 ], [ 35.563614185000063, 32.370602799000096 ], [ 35.563532602000123, 32.370928928000183 ], [ 35.563468190000151, 32.371145532000128 ], [ 35.563450817000046, 32.371203773000104 ], [ 35.563446267000188, 32.371272403999967 ], [ 35.563437969000063, 32.371316106000052 ], [ 35.563439685, 32.371373307000056 ], [ 35.56343827600017, 32.371395574000076 ], [ 35.563438330000167, 32.371409522000135 ], [ 35.563459722000175, 32.371574316000078 ], [ 35.563489917000084, 32.371740495999973 ], [ 35.563502395000057, 32.371789635000084 ], [ 35.563527685000167, 32.371889463000173 ], [ 35.563530213000035, 32.371899601999985 ], [ 35.563536774000113, 32.371926106000046 ], [ 35.563590091000037, 32.372141502000147 ], [ 35.563688766000098, 32.372326510000164 ], [ 35.563809820000188, 32.372460311000111 ], [ 35.563915844000064, 32.372613315000024 ], [ 35.564029600000083, 32.372791942000106 ], [ 35.564076403000115, 32.372919411000112 ], [ 35.564084641000079, 32.372941847000163 ], [ 35.564120887000058, 32.373040799000194 ], [ 35.564167326000074, 32.373328246000085 ], [ 35.564153309000062, 32.373609384000076 ], [ 35.564094055000169, 32.373871483000187 ], [ 35.564034850000155, 32.374146403 ], [ 35.56390756400009, 32.374376710000149 ], [ 35.563735706000102, 32.374715772000116 ], [ 35.563511079000079, 32.375106131 ], [ 35.563364363000176, 32.375379464000162 ], [ 35.56323714500013, 32.375585110000145 ], [ 35.563180543000044, 32.375718137000035 ], [ 35.563096042000097, 32.375935640000193 ], [ 35.563039932000038, 32.376153208000062 ], [ 35.562998895000135, 32.376575882000054 ], [ 35.562943577000169, 32.376998596000192 ], [ 35.56287342000013, 32.377276507000033 ], [ 35.562717708000037, 32.377542538000057 ], [ 35.562533348000045, 32.377700013000037 ], [ 35.562277868000081, 32.377930108000157 ], [ 35.561860537000086, 32.378298595000047 ], [ 35.561406198000043, 32.378674086999979 ], [ 35.561164903000076, 32.378880048000099 ], [ 35.560923818000106, 32.379097984000168 ], [ 35.560696816000188, 32.379352231000155 ], [ 35.560469936000061, 32.379594362000034 ], [ 35.56034235400017, 32.379751678000105 ], [ 35.560329027000193, 32.379956867000089 ], [ 35.560358068000028, 32.380125867000061 ], [ 35.560387601000059, 32.380379406000145 ], [ 35.560430876, 32.380536249000045 ], [ 35.560431942000093, 32.380813963000151 ], [ 35.560419236000143, 32.381224440000096 ], [ 35.560420348000036, 32.381514269000149 ], [ 35.560435278, 32.381683309000096 ], [ 35.560493204000181, 32.381936629000108 ], [ 35.560593526000162, 32.382117549000156 ], [ 35.560708314000067, 32.38234661700011 ], [ 35.560763475999977, 32.38244157400004 ], [ 35.560862433000125, 32.382612213000073 ], [ 35.561018444000126, 32.382895130000122 ], [ 35.561108642000136, 32.383033104000162 ], [ 35.561159126000064, 32.383121169000049 ], [ 35.561167034000164, 32.383134945000165 ], [ 35.56122348700012, 32.383233288000042 ], [ 35.56135858600004, 32.38336262200005 ], [ 35.561372150000068, 32.383375607000175 ], [ 35.561403484000039, 32.383405534000076 ], [ 35.56142802300019, 32.383439421000105 ], [ 35.561438897000187, 32.383454439000104 ], [ 35.56151833600012, 32.383564152000019 ], [ 35.561698415000194, 32.383757248000052 ], [ 35.5618947910001, 32.383957205000172 ], [ 35.562172861000192, 32.384198218000108 ], [ 35.562492529000167, 32.384547468000051 ], [ 35.562516206000055, 32.384571694000101 ], [ 35.562523705000046, 32.384579367000129 ], [ 35.562607227000058, 32.384664660000169 ], [ 35.562656953999976, 32.38489954500011 ], [ 35.562633131000041, 32.385051640000029 ], [ 35.562470654000037, 32.385204123000108 ], [ 35.562226540000097, 32.385329216000059 ], [ 35.561851887999978, 32.38540634300017 ], [ 35.56155035800009, 32.385455508000064 ], [ 35.56127340300003, 32.385504747000141 ], [ 35.561069949000057, 32.385580971000024 ], [ 35.560779503000163, 32.385749024000177 ], [ 35.560451513000032, 32.385957056000166 ], [ 35.560067018000098, 32.386109446000148 ], [ 35.559710442000096, 32.386182005000023 ], [ 35.559391303000041, 32.38623064900014 ], [ 35.559062519000065, 32.386231554000119 ], [ 35.558733671000027, 32.386216538000099 ], [ 35.55837688400004, 32.386233440000126 ], [ 35.558151625000164, 32.386297746000082 ], [ 35.557791132000091, 32.386519526000143 ], [ 35.557435162000104, 32.386751438000147 ], [ 35.557060439000111, 32.387031166000043 ], [ 35.556788836000123, 32.38722296800006 ], [ 35.556610780000142, 32.387342939000177 ], [ 35.556451804000119, 32.387502733000076 ], [ 35.556198794000125, 32.387694482000029 ], [ 35.555983512000125, 32.387894163000112 ], [ 35.555674764000116, 32.388189629000067 ], [ 35.555459476000067, 32.388389306000136 ], [ 35.555234756000118, 32.388597043000175 ], [ 35.555047726000112, 32.388804535000133 ], [ 35.554851139000107, 32.388988238000138 ], [ 35.554692158000194, 32.389148029000125 ], [ 35.554463296000108, 32.389359862000163 ], [ 35.554279289000021, 32.389180571000168 ], [ 35.554273260000173, 32.389174690000118 ], [ 35.554178452000144, 32.389082214000098 ], [ 35.554162614000063, 32.389066820000039 ], [ 35.55414361600009, 32.389048353000021 ], [ 35.553988605000143, 32.388896037000052 ], [ 35.553825019000101, 32.388714577000144 ], [ 35.553708601999972, 32.388580334000153 ], [ 35.553634225000167, 32.388500725000029 ], [ 35.553632573000186, 32.388498957000081 ], [ 35.55359672700007, 32.388460590000193 ], [ 35.553437495000026, 32.388333647000081 ], [ 35.553240015000029, 32.388279653000041 ], [ 35.553055497000059, 32.388272826000104 ], [ 35.552879847000099, 32.388327829000104 ], [ 35.552730004000182, 32.388401079000118 ], [ 35.55253286500016, 32.388481643000034 ], [ 35.552207451000015, 32.388631596000096 ], [ 35.552019177000091, 32.388730310000085 ], [ 35.551869305000139, 32.388796232000061 ], [ 35.551663501000178, 32.388825954000026 ], [ 35.551419065000175, 32.388826613000163 ], [ 35.551148693000187, 32.388820013000156 ], [ 35.550912889000017, 32.388820647000045 ], [ 35.550715461000038, 32.38882484100003 ], [ 35.550501012000154, 32.388807239000187 ], [ 35.55031645300005, 32.388789560000191 ], [ 35.550136184000166, 32.388764540000068 ], [ 35.549994083000058, 32.388771888000178 ], [ 35.549960859000123, 32.388773606000143 ], [ 35.549767437000128, 32.388783705000151 ], [ 35.549601322000171, 32.388813315000107 ], [ 35.549421067000083, 32.388791960000049 ], [ 35.549155071000087, 32.388756319000038 ], [ 35.549015881000116, 32.388747530000103 ], [ 35.54899710900014, 32.388746353000101 ], [ 35.548931836000179, 32.388742261000118 ], [ 35.548726088000024, 32.388742811000157 ], [ 35.54844722200005, 32.38872904100009 ], [ 35.548138301000165, 32.388715354000112 ], [ 35.547970862000057, 32.388701286000185 ], [ 35.547752094000089, 32.388683554000124 ], [ 35.5476072350001, 32.388647836000189 ], [ 35.547605662000024, 32.388647447999972 ], [ 35.547533193000163, 32.388629606000109 ], [ 35.547331478000103, 32.388597455000024 ], [ 35.547095388000116, 32.388565254000127 ], [ 35.546859343000051, 32.388545166000085 ], [ 35.546846554000126, 32.388544073000048 ], [ 35.546821056000169, 32.388540761000115 ], [ 35.546627581000052, 32.388515630000086 ], [ 35.546408777000067, 32.388487044000044 ], [ 35.546237159000043, 32.38846565800003 ], [ 35.546177380000188, 32.388455235000151 ], [ 35.546172685000045, 32.388454416000172 ], [ 35.546073983000042, 32.388437066000165 ], [ 35.545920287000115, 32.388366881000138 ], [ 35.545761147000121, 32.388261910000097 ], [ 35.545550778, 32.388178771000014 ], [ 35.54539603600017, 32.388095485000065 ], [ 35.545369411000024, 32.388080197000022 ], [ 35.54535497400019, 32.388071823000075 ], [ 35.545258413000056, 32.388015817000053 ], [ 35.545077975000083, 32.38794344900009 ], [ 35.544901895000066, 32.387882201000025 ], [ 35.544777404000172, 32.387843888000134 ], [ 35.544750277000162, 32.387835539000037 ], [ 35.54472583900008, 32.387827995000123 ], [ 35.544575578000149, 32.387788376000174 ], [ 35.54439088800018, 32.387734336000108 ], [ 35.544223483000053, 32.387683771000127 ], [ 35.544044257000166, 32.38762520400013 ], [ 35.543995480000149, 32.387609292999969 ], [ 35.543991555000048, 32.387608013000033 ], [ 35.543716746000143, 32.387521519000188 ], [ 35.543523589000074, 32.387467356000059 ], [ 35.543343206000145, 32.387409639000168 ], [ 35.543168991000016, 32.387358669000037 ], [ 35.542928496000116, 32.387301106000166 ], [ 35.542675230000157, 32.38724724400015 ], [ 35.542417617000069, 32.387186063000115 ], [ 35.542203081000082, 32.387142948000019 ], [ 35.541945628000178, 32.387125444 ], [ 35.54171400700011, 32.387133377000055 ], [ 35.541456794000055, 32.387181252000175 ], [ 35.541445205000059, 32.387185076000151 ], [ 35.541420636000055, 32.38719318200009 ], [ 35.541178318000107, 32.387272999000061 ], [ 35.54097277600016, 32.387375408000082 ], [ 35.540737398000033, 32.387492405000103 ], [ 35.54057031800005, 32.38757653600004 ], [ 35.540437502000088, 32.387630846000093 ], [ 35.540373331000183, 32.387657081000043 ], [ 35.540369589000079, 32.387658087000091 ], [ 35.540154846000121, 32.387715840000169 ], [ 35.540108161000092, 32.387730250000118 ], [ 35.540068756000096, 32.387742413000183 ], [ 35.539940536000188, 32.387781916000165 ], [ 35.539700654000058, 32.387847918000091 ], [ 35.53950771600006, 32.387899426000104 ], [ 35.539336388000095, 32.387958062000166 ], [ 35.539135058000113, 32.388031287999979 ], [ 35.53891649000019, 32.388068348000047 ], [ 35.538689499000157, 32.388163483000028 ], [ 35.538522494000063, 32.388269448000187 ], [ 35.538344570000106, 32.388387703000092 ], [ 35.538177652000172, 32.388471827000103 ], [ 35.53804056700011, 32.388541226000086 ], [ 35.537860799000157, 32.388654551000116 ], [ 35.537685426999985, 32.388789562000056 ], [ 35.53754444100008, 32.388928152000119 ], [ 35.537394806, 32.389063239000052 ], [ 35.537236550999978, 32.389201869000146 ], [ 35.537112613000033, 32.389325900000188 ], [ 35.53693318, 32.389533628000152 ], [ 35.536804992999976, 32.38967584400018 ], [ 35.536634065000044, 32.389847338000152 ], [ 35.53649288400004, 32.389978597000095 ], [ 35.536268349000181, 32.390159809000181 ], [ 35.536148499000035, 32.390265652000153 ], [ 35.535960529000135, 32.390455364 ], [ 35.535780829000146, 32.390590387000088 ], [ 35.535639671000013, 32.390681628999971 ], [ 35.535515587000077, 32.390765643000179 ], [ 35.535348612000178, 32.39088245500011 ], [ 35.53521179500018, 32.390981155000077 ], [ 35.535087557000168, 32.391068689000065 ], [ 35.53495062200011, 32.391134559000193 ], [ 35.534779378000167, 32.391218693000042 ], [ 35.534543764000034, 32.391321166000068 ], [ 35.534396732000118, 32.391396220000047 ], [ 35.534255543000086, 32.391480276000095 ], [ 35.53411002200005, 32.391560680000168 ], [ 35.533972933000143, 32.39163021100012 ], [ 35.533818673000155, 32.39168147100014 ], [ 35.533630257000027, 32.391747470000155 ], [ 35.533488849000037, 32.391817012000047 ], [ 35.53331331000004, 32.391908341000089 ], [ 35.533146496000086, 32.392025150000052 ], [ 35.532971068000109, 32.392149307000125 ], [ 35.532795451000084, 32.39221893600012 ], [ 35.532641142000159, 32.392255680000119 ], [ 35.532444061000149, 32.392314374000193 ], [ 35.532234052000092, 32.392380425000056 ], [ 35.532011246000081, 32.392442845000062 ], [ 35.531839842000124, 32.392483296000137 ], [ 35.531648997000048, 32.392521121000129 ], [ 35.531464573000108, 32.392543286000091 ], [ 35.53127605200001, 32.392580255000041 ], [ 35.531035870000039, 32.392613552000057 ], [ 35.530817302000059, 32.392654121000135 ], [ 35.530662963, 32.392683679000072 ], [ 35.530470252000157, 32.392756870000028 ], [ 35.530320319000111, 32.392811775000041 ], [ 35.530110371000148, 32.392896001000054 ], [ 35.529926114000091, 32.392965648000086 ], [ 35.529724792000081, 32.39304618500006 ], [ 35.529574846000116, 32.393097430000125 ], [ 35.529360501000099, 32.393159826000158 ], [ 35.529124105000051, 32.39313646700009 ], [ 35.529156091000061, 32.392927713 ], [ 35.529156739000086, 32.392923060000101 ], [ 35.529132369000024, 32.392934817000082 ], [ 35.528908720000061, 32.393042605000119 ], [ 35.528718141000013, 32.393109590000051 ], [ 35.528531257000054, 32.393187975000046 ], [ 35.528340807000063, 32.393292439 ], [ 35.528174358000058, 32.393373733000146 ], [ 35.52795337200007, 32.393483908000121 ], [ 35.527876948000142, 32.393522282000106 ], [ 35.527857258000154, 32.39353217200005 ], [ 35.527779966000139, 32.393570994000072 ], [ 35.527603211000155, 32.393649497000069 ], [ 35.527426465000076, 32.393730676000132 ], [ 35.527273414000149, 32.393797562000145 ], [ 35.527083047000133, 32.393870539000034 ], [ 35.527076219000094, 32.393873155999984 ], [ 35.5270365720001, 32.393885371000067 ], [ 35.527004374000057, 32.393891090000068 ], [ 35.526903361000166, 32.393926283000042 ], [ 35.526858569000183, 32.393940064000049 ], [ 35.526821865000159, 32.393947080000089 ], [ 35.526674851000109, 32.39397518300018 ], [ 35.526487628000154, 32.394004536000068 ], [ 35.526273332000187, 32.394033954000179 ], [ 35.526075800000172, 32.394060372000069 ], [ 35.525902371000143, 32.39409264700015 ], [ 35.525708407000081, 32.39414216300014 ], [ 35.525554123000063, 32.394189044000029 ], [ 35.52539581000002, 32.39422367800006 ], [ 35.525184663000061, 32.394250550000152 ], [ 35.524998267000115, 32.394280036999987 ], [ 35.524818156000038, 32.394301480000081 ], [ 35.524650461000078, 32.39431246200013 ], [ 35.524386477000121, 32.394331576000127 ], [ 35.524159673000156, 32.394345381000107 ], [ 35.524132403000067, 32.39434855200011 ], [ 35.524056915000187, 32.394357330000105 ], [ 35.523905022000122, 32.394374895000055 ], [ 35.523668891000057, 32.394380836000096 ], [ 35.523600782000187, 32.394375648 ], [ 35.523552500000108, 32.394371917000171 ], [ 35.523470051000118, 32.394365546000074 ], [ 35.523264936000146, 32.394360696000035 ], [ 35.52307229600018, 32.39436117200006 ], [ 35.522861103000025, 32.394374939000045 ], [ 35.522669377000113, 32.394399928000098 ], [ 35.522458235000101, 32.394429473000116 ], [ 35.52227501200008, 32.394464164000055 ], [ 35.52208859700005, 32.394488293 ], [ 35.521858847000033, 32.394515205000118 ], [ 35.521663233000027, 32.394568382000159 ], [ 35.521498828000176, 32.394618807000143 ], [ 35.521343724000133, 32.394669347000047 ], [ 35.521154315, 32.394740967000132 ], [ 35.520930852999982, 32.394809992000091 ], [ 35.520738498000185, 32.394894722000174 ], [ 35.520627212000193, 32.394941602000131 ], [ 35.520574322000073, 32.394963882000184 ], [ 35.52057067100003, 32.394964880000089 ], [ 35.520409610000115, 32.395022056000016 ], [ 35.52023277700016, 32.395080397000129 ], [ 35.520062913000118, 32.39513717300008 ], [ 35.520009989000187, 32.395153646000097 ], [ 35.519943022000064, 32.395174378000036 ], [ 35.51988291400005, 32.39519298700003 ], [ 35.519712132000166, 32.395224965000011 ], [ 35.519526043000099, 32.395296575000089 ], [ 35.519324217000133, 32.395331304000024 ], [ 35.519097597000041, 32.395400474999974 ], [ 35.518957998000076, 32.395469292000087 ], [ 35.518784344000096, 32.395535517000155 ], [ 35.518625949000068, 32.39559648900007 ], [ 35.518477005000193, 32.395652225000049 ], [ 35.518287747000159, 32.395721163000076 ], [ 35.518092319000175, 32.395782225000119 ], [ 35.517934084000103, 32.395840658000111 ], [ 35.517788154000129, 32.395904136000183 ], [ 35.517617486, 32.395970493000107 ], [ 35.517459276000068, 32.396036675000062 ], [ 35.517301549000081, 32.396099055000036 ], [ 35.517112264000161, 32.396160100000031 ], [ 35.516907422000088, 32.396237104000193 ], [ 35.516683998000076, 32.396319225000184 ], [ 35.516479354000182, 32.396406655000135 ], [ 35.516311703999975, 32.39648089100001 ], [ 35.516125615000135, 32.396555173000138 ], [ 35.516030475999969, 32.396593359000121 ], [ 35.515967395000189, 32.396618677000049 ], [ 35.515851280999982, 32.396649283000102 ], [ 35.515765626000132, 32.396671861000186 ], [ 35.515720242999976, 32.396690178000028 ], [ 35.515637092000134, 32.396723739000038 ], [ 35.515601101000073, 32.396738199000026 ], [ 35.515405687000055, 32.396804468000084 ], [ 35.515238006000175, 32.396870814000067 ], [ 35.515058071999988, 32.396947615000101 ], [ 35.514853392000134, 32.39702447500008 ], [ 35.514698149000139, 32.397085575000176 ], [ 35.514508887000147, 32.397154506000106 ], [ 35.514206015000127, 32.397170310000149 ], [ 35.514192068000114, 32.397171047000143 ], [ 35.514126710000028, 32.397193045000165 ], [ 35.514015894000124, 32.397230507000074 ], [ 35.513838974, 32.39726516800016 ], [ 35.513640192000082, 32.397318343000052 ], [ 35.513435439000148, 32.397374205000062 ], [ 35.513214891000189, 32.397424753000166 ], [ 35.513025513000116, 32.39745944200007 ], [ 35.512851606000027, 32.397501988000045 ], [ 35.51265298900006, 32.397555157999989 ], [ 35.512472956000181, 32.397603071000162 ], [ 35.512286786000061, 32.397653533000096 ], [ 35.512087959000041, 32.397693600000082 ], [ 35.511886132000086, 32.397730854000145 ], [ 35.511656458000118, 32.397784099000035 ], [ 35.511445368000068, 32.397832083000083 ], [ 35.511274604000107, 32.39787208100006 ], [ 35.511097568000025, 32.397922522000044 ], [ 35.510942936000049, 32.397968680000133 ], [ 35.510787741000058, 32.397995398000035 ], [ 35.510523871000089, 32.398053932000096 ], [ 35.51022266200016, 32.398120446000064 ], [ 35.50997127100004, 32.398186982000084 ], [ 35.509648330000061, 32.398261577000085 ], [ 35.509412350000048, 32.398317366000185 ], [ 35.509207558000185, 32.398362655000142 ], [ 35.508993334000024, 32.398418533000154 ], [ 35.508797695999988, 32.398469015000046 ], [ 35.508580473000052, 32.398522222999986 ], [ 35.508319561000121, 32.398572854000179 ], [ 35.508068127000115, 32.398626144000161 ], [ 35.507850652000172, 32.398653001000184 ], [ 35.507598466000104, 32.398679238000113 ], [ 35.507439125000133, 32.398708495000164 ], [ 35.507260848000044, 32.398736671000165 ], [ 35.50710849100011, 32.398768165000092 ], [ 35.506932555000162, 32.39880098500015 ], [ 35.506764143000055, 32.398849849000101 ], [ 35.506649110000069, 32.398867588000087 ], [ 35.506577895000078, 32.398878464000063 ], [ 35.506555690000141, 32.39888243200005 ], [ 35.506394154000077, 32.398911301000055 ], [ 35.506207793000044, 32.398956682000176 ], [ 35.506034852000028, 32.398991748000014 ], [ 35.505881154000122, 32.399019864000081 ], [ 35.505702888000087, 32.399051416000191 ], [ 35.505549021000036, 32.399078406000115 ], [ 35.505387027000154, 32.39910992300014 ], [ 35.505184509000117, 32.399140545000193 ], [ 35.505132703000072, 32.399150299000098 ], [ 35.505039779000185, 32.39916779400005 ], [ 35.50502251600011, 32.39917107600013 ], [ 35.504840295000065, 32.399213064000037 ], [ 35.504676319000168, 32.399246837000078 ], [ 35.504657565, 32.39925068600013 ], [ 35.504604108000137, 32.399265011000182 ], [ 35.504479349000178, 32.399298442000031 ], [ 35.504310581000084, 32.399340400000085 ], [ 35.504156882000075, 32.399368371000037 ], [ 35.503998845000069, 32.399390718000177 ], [ 35.503841057000159, 32.399438427000121 ], [ 35.503639250000049, 32.399496437000153 ], [ 35.503638461000094, 32.399496664000083 ], [ 35.503455218000113, 32.399530764000076 ], [ 35.50343312300015, 32.399534604 ], [ 35.503272798000125, 32.399562463999985 ], [ 35.503119110000171, 32.399593958000139 ], [ 35.502939402000038, 32.399642842999981 ], [ 35.50276250800016, 32.399689467000144 ], [ 35.502615083000137, 32.399738389000106 ], [ 35.502604735000148, 32.399741823 ], [ 35.502492896000035, 32.399773077000134 ], [ 35.502440627000112, 32.399787571000047 ], [ 35.50229159200012, 32.399820743000134 ], [ 35.502266863000102, 32.399826296000185 ], [ 35.502186252000115, 32.399840399000027 ], [ 35.502100379000183, 32.39985542300019 ], [ 35.501943856000082, 32.399883400000078 ], [ 35.501767600000107, 32.399922269 ], [ 35.501609766000172, 32.399956027000144 ], [ 35.501457267999967, 32.399996816000055 ], [ 35.501273584000046, 32.400049229000047 ], [ 35.501194436999981, 32.400070467000035 ], [ 35.501174021000111, 32.400075946000015 ], [ 35.50109536500014, 32.40009698199998 ], [ 35.500919785000178, 32.400138948000119 ], [ 35.500763442000164, 32.400172135999981 ], [ 35.500594661000093, 32.400211130000059 ], [ 35.500417397000035, 32.400246336000123 ], [ 35.500214031000041, 32.400272588000121 ], [ 35.500038962000076, 32.400318779000145 ], [ 35.499837849000187, 32.400374331000137 ], [ 35.499684339000112, 32.400411316000088 ], [ 35.499518503000047, 32.400436211000113 ], [ 35.499358471000164, 32.40045855700015 ], [ 35.499209305000079, 32.400502998000036 ], [ 35.499053633000131, 32.400538154000117 ], [ 35.498897913000064, 32.400558798000191 ], [ 35.498744426000087, 32.400603109000031 ], [ 35.498580156000173, 32.400651247000098 ], [ 35.498425642000143, 32.400684993000084 ], [ 35.498267790000057, 32.40071465800014 ], [ 35.498092697000061, 32.400753663000046 ], [ 35.497902324, 32.400792559000081 ], [ 35.497709956999984, 32.400831603000142 ], [ 35.49755210100011, 32.400859437000122 ], [ 35.497416650000162, 32.400882427000056 ], [ 35.497379995000074, 32.400888629000065 ], [ 35.497366020000072, 32.400890994000179 ], [ 35.497177617000034, 32.400923265000074 ], [ 35.496999850000122, 32.400956640000061 ], [ 35.496867421000104, 32.400986985000031 ], [ 35.496812310000053, 32.400999613000181 ], [ 35.496744430000149, 32.401015266000115 ], [ 35.496647014000075, 32.401041780000185 ], [ 35.496594090000144, 32.401056185000073 ], [ 35.496439078000094, 32.401091338000015 ], [ 35.496266980000087, 32.401133291000065 ], [ 35.496104043000173, 32.40118297500004 ], [ 35.495938921000175, 32.401224348000028 ], [ 35.495778347000055, 32.401286565000134 ], [ 35.49562905300013, 32.401344953000148 ], [ 35.495470628000078, 32.401403358000096 ], [ 35.495308853000097, 32.401454025000135 ], [ 35.495133352000039, 32.401523037000118 ], [ 35.494981918000121, 32.401587346000042 ], [ 35.494836289000091, 32.401649105000104 ], [ 35.494668908000165, 32.40171232299997 ], [ 35.494499042000143, 32.401777517000028 ], [ 35.494339622000098, 32.401837898000167 ], [ 35.494192632000193, 32.401889515000107 ], [ 35.494041203000052, 32.401955653000073 ], [ 35.493880467000054, 32.402019840000094 ], [ 35.493721352000136, 32.40207190700005 ], [ 35.493573194000135, 32.402122540999983 ], [ 35.493402294000191, 32.402176041000189 ], [ 35.493224614000042, 32.402239280000174 ], [ 35.493044611000187, 32.402304495000124 ], [ 35.492886525000074, 32.402366279000091 ], [ 35.492745376000187, 32.402427603000035 ], [ 35.492600829000025, 32.402494841000077 ], [ 35.492584671000145, 32.402502357000174 ], [ 35.492444171000045, 32.402558889000034 ], [ 35.492437204999987, 32.402561723000076 ], [ 35.492408176000026, 32.40257334000006 ], [ 35.492250911000042, 32.402633713 ], [ 35.492089976000159, 32.402687896000145 ], [ 35.491851484000108, 32.402743659000066 ], [ 35.491796223000108, 32.402758715000061 ], [ 35.491711082000052, 32.402781851000043 ], [ 35.491636250000056, 32.402802186000031 ], [ 35.49145390100017, 32.402860642000064 ], [ 35.491274076000138, 32.402929801000028 ], [ 35.491104383000049, 32.402998935000028 ], [ 35.49094737300004, 32.403033805000064 ], [ 35.490791640000168, 32.403106149000052 ], [ 35.490649966000035, 32.403213967000056 ], [ 35.490444940000089, 32.40335194000005 ], [ 35.490318463000051, 32.403431829000169 ], [ 35.490197177000141, 32.403526639000177 ], [ 35.490073209000172, 32.403613004000135 ], [ 35.489929107000137, 32.403742245000103 ], [ 35.489817793000157, 32.403839289000132 ], [ 35.489719235000166, 32.403924909000068 ], [ 35.489693889000023, 32.403946928000039 ], [ 35.489631444000111, 32.404002441000102 ], [ 35.48957512800007, 32.40405258300018 ], [ 35.489418244000035, 32.404184107000049 ], [ 35.489296784000146, 32.404276804000176 ], [ 35.48917549600003, 32.404371614000183 ], [ 35.489047564000145, 32.404465877000064 ], [ 35.488908523000077, 32.40456720800006 ], [ 35.488754245000109, 32.404681534000076 ], [ 35.488692749000165, 32.40472196900015 ], [ 35.488681144000168, 32.404729460000112 ], [ 35.488630502999968, 32.404762697000137 ], [ 35.488589812999976, 32.404789403000052 ], [ 35.488448120999976, 32.404892853000092 ], [ 35.488331801000129, 32.404983426000172 ], [ 35.488177346000043, 32.405095497000161 ], [ 35.488016922000099, 32.405210965000094 ], [ 35.487842414000056, 32.405338157000131 ], [ 35.487695753000082, 32.405445986000075 ], [ 35.487576789, 32.40554092900004 ], [ 35.487422523000021, 32.405661595000083 ], [ 35.487250481000046, 32.405780187000119 ], [ 35.487063343000159, 32.40590529300016 ], [ 35.486855859000059, 32.406058340000129 ], [ 35.486731879000104, 32.40614258700009 ], [ 35.486552246000088, 32.406278384000018 ], [ 35.486430780000148, 32.406371079000166 ], [ 35.486299380000105, 32.40647450400013 ], [ 35.486120764000077, 32.406562391000193 ], [ 35.485994118000065, 32.406645093000122 ], [ 35.485879463000117, 32.406737773000145 ], [ 35.485741080000082, 32.406838817000164 ], [ 35.485606543000074, 32.406948447000161 ], [ 35.485489902000097, 32.40704451300013 ], [ 35.485353525999983, 32.407150626000089 ], [ 35.485214946000099, 32.407241663999969 ], [ 35.485096297000155, 32.407332804000077 ], [ 35.48495991600015, 32.407437223999978 ], [ 35.484813594000116, 32.40755012000011 ], [ 35.484663947000058, 32.407662459000051 ], [ 35.48452735900014, 32.407753496000055 ], [ 35.484377029000143, 32.407859777000056 ], [ 35.484228663000124, 32.407955909000179 ], [ 35.484096301000193, 32.408072156000117 ], [ 35.483959762000154, 32.408179959000108 ], [ 35.483801593000123, 32.408276112000124 ], [ 35.483686773000045, 32.408370480000144 ], [ 35.48354042200009, 32.408475061000161 ], [ 35.483415764000085, 32.408557757999972 ], [ 35.483277371000099, 32.408657106000021 ], [ 35.48312998300014, 32.40874774200006 ], [ 35.482971651000184, 32.408845585000108 ], [ 35.482853003000173, 32.408938270000192 ], [ 35.482690822000166, 32.409025977000113 ], [ 35.482548233000159, 32.40911209300009 ], [ 35.482403826, 32.409199759000103 ], [ 35.482265398000095, 32.409289107000177 ], [ 35.482146763000173, 32.409386863000123 ], [ 35.482002370000032, 32.409479603000136 ], [ 35.481832075000057, 32.409577470000158 ], [ 35.481688505000079, 32.409668095000086 ], [ 35.481508378000171, 32.409754147000115 ], [ 35.481355976000032, 32.409836901000062 ], [ 35.481336163000037, 32.409848436 ], [ 35.481283351000116, 32.409879183000157 ], [ 35.481179720000171, 32.409939710000117 ], [ 35.481039238000108, 32.41000891300007 ], [ 35.480892793000123, 32.410083196000073 ], [ 35.480748281999979, 32.410137327000029 ], [ 35.480591916000037, 32.410226712000053 ], [ 35.480451404000121, 32.41028590500008 ], [ 35.480265292000183, 32.410371971000075 ], [ 35.480106918000047, 32.41045642500012 ], [ 35.47995643400003, 32.410513809000122 ], [ 35.479778698000075, 32.410567165000089 ], [ 35.479612230000157, 32.410611198000083 ], [ 35.479455963000078, 32.410678880000148 ], [ 35.479293538000093, 32.410743052000157 ], [ 35.479128985000045, 32.410760168000138 ], [ 35.47897464000016, 32.410804174000077 ], [ 35.47881811700006, 32.410841561000041 ], [ 35.478641881000044, 32.410897309 ], [ 35.478481326000178, 32.410919487000115 ], [ 35.47830568400002, 32.410950997000043 ], [ 35.478155164000043, 32.4109966850001 ], [ 35.477978748000169, 32.411047501000041 ], [ 35.477790670000047, 32.411086505000071 ], [ 35.477614406000043, 32.411132246000193 ], [ 35.477457832000084, 32.41115272400009 ], [ 35.477293294000106, 32.411176601000022 ], [ 35.47711296500006, 32.411195438999982 ], [ 35.476962448000108, 32.411242815000037 ], [ 35.476802044000181, 32.411260059000028 ], [ 35.47663553100017, 32.411290562000147 ], [ 35.476455181000119, 32.411302777000174 ], [ 35.476299101, 32.411321845000145 ], [ 35.476106943000104, 32.411328868000112 ], [ 35.475934314000142, 32.411312463000115 ], [ 35.475751989000059, 32.411331304000157 ], [ 35.475585561000116, 32.411333341000045 ], [ 35.475369527, 32.411355633000142 ], [ 35.475191195000036, 32.411376155000028 ], [ 35.47502857600017, 32.411374802000182 ], [ 35.474836409000147, 32.41137858500008 ], [ 35.474638080000148, 32.411377308000056 ], [ 35.474471674000085, 32.411387799000124 ], [ 35.474303645000134, 32.411410130000093 ], [ 35.474147076000065, 32.411432294000178 ], [ 35.473952976000135, 32.411457918000167 ], [ 35.473693247000085, 32.41147691600014 ], [ 35.473487130000137, 32.411482415000137 ], [ 35.473314764000122, 32.411499540000193 ], [ 35.4731324440001, 32.411520067000026 ], [ 35.472934358000089, 32.411545700000147 ], [ 35.472761845000093, 32.411569587000031 ], [ 35.472579545000087, 32.411596874999987 ], [ 35.472374111000136, 32.411609135000106 ], [ 35.472209547000034, 32.411624692000089 ], [ 35.472051141000065, 32.41164347800003 ], [ 35.471845066000185, 32.411664052000162 ], [ 35.471656793000136, 32.411694732 ], [ 35.471484463000081, 32.411723548000111 ], [ 35.471325844000035, 32.411727257000109 ], [ 35.471153456000138, 32.411736065000127 ], [ 35.470986891000109, 32.411748103000093 ], [ 35.470804606000058, 32.41178215400015 ], [ 35.470749970000156, 32.411786352000149 ], [ 35.470739030000118, 32.411787180000033 ], [ 35.47064285800019, 32.411794462000103 ], [ 35.470430774000022, 32.41180490000005 ], [ 35.470212641000046, 32.411790270000097 ], [ 35.469996551000065, 32.411794094000072 ], [ 35.469822143000044, 32.411794451 ], [ 35.469635751000055, 32.411784689000115 ], [ 35.469419637000158, 32.411780056000168 ], [ 35.46916601800018, 32.411787338000067 ], [ 35.468969985000058, 32.411775761000058 ], [ 35.468813495000063, 32.411767767000129 ], [ 35.468482440000116, 32.411763369000084 ], [ 35.468294094000157, 32.411768824000092 ], [ 35.468018543000028, 32.411774456000046 ], [ 35.46784012500018, 32.411764675000029 ], [ 35.46759026, 32.411748415000091 ], [ 35.46739622900003, 32.411799249000069 ], [ 35.467305374000091, 32.411918775000174 ], [ 35.46723237000009, 32.412065036000115 ], [ 35.46712777700003, 32.412201498 ], [ 35.467009845000064, 32.412320376000082 ], [ 35.466807654000092, 32.412364464000177 ], [ 35.466647114000125, 32.412334494 ], [ 35.466474452000057, 32.412306240000191 ], [ 35.46631179100001, 32.412230905000058 ], [ 35.466178666000133, 32.412143818000061 ], [ 35.466037745999984, 32.412061813000093 ], [ 35.463358964000065, 32.411689431000184 ], [ 35.463191136000034, 32.411665530000107 ], [ 35.462934645000189, 32.411656177000111 ], [ 35.462768627000116, 32.411686379000116 ], [ 35.462572588000171, 32.411732279000034 ], [ 35.462416702000041, 32.411762461000023 ], [ 35.46226413800008, 32.411794042000054 ], [ 35.462086478000117, 32.411818489000041 ], [ 35.461900706000165, 32.411854505000179 ], [ 35.461738168000068, 32.411881740000013 ], [ 35.461573660000113, 32.411857971000131 ], [ 35.461399147000179, 32.411819851000132 ], [ 35.461234761000071, 32.41177903300013 ], [ 35.461055061000138, 32.411726692000173 ], [ 35.460880595000049, 32.411705762000054 ], [ 35.460701181000161, 32.411697518000096 ], [ 35.460535121000078, 32.411713486000167 ], [ 35.460367595999969, 32.411739462000185 ], [ 35.4601714100001, 32.411793813000145 ], [ 35.460019248000094, 32.411850049000179 ], [ 35.45987345400016, 32.41192712600008 ], [ 35.459712711000066, 32.412004235000154 ], [ 35.459590527000103, 32.412089860000037 ], [ 35.459470110000154, 32.412213807000057 ], [ 35.459388229000069, 32.412339087000134 ], [ 35.459264452000184, 32.412450219000107 ], [ 35.459103591000144, 32.412484631000098 ], [ 35.458937628000172, 32.412536244000194 ], [ 35.458760055000141, 32.412594783000145 ], [ 35.458602994000159, 32.41262143900002 ], [ 35.458445410000081, 32.412638796000124 ], [ 35.458272718000046, 32.412660411000047 ], [ 35.458143931000109, 32.412761687999989 ], [ 35.45803856100008, 32.41286291800003 ], [ 35.45789462, 32.412949854000146 ], [ 35.457736840999985, 32.412957346000042 ], [ 35.45756747300004, 32.412917801000049 ], [ 35.457409711000139, 32.412871190000033 ], [ 35.457115010000166, 32.412859083000171 ], [ 35.456920534000062, 32.412870871000052 ], [ 35.456757955, 32.41288541900002 ], [ 35.456600255000126, 32.412860083000055 ], [ 35.456447438000168, 32.412797818000172 ], [ 35.456286314000181, 32.412735570000166 ], [ 35.456099989000109, 32.412690421000093 ], [ 35.455912052000087, 32.41266373100018 ], [ 35.455752691000157, 32.412638397000023 ], [ 35.455551335, 32.412624554000047 ], [ 35.455330409000055, 32.412621880000188 ], [ 35.455167825000103, 32.412633607000146 ], [ 35.454966541000147, 32.412646818000098 ], [ 35.454778646000136, 32.412634358000162 ], [ 35.454577433000054, 32.412612061000175 ], [ 35.454407402000129, 32.412634227000012 ], [ 35.454238010000154, 32.412647655000058 ], [ 35.454054719000169, 32.412680980000061 ], [ 35.453880709000146, 32.412704986000108 ], [ 35.453716057000065, 32.412751515000139 ], [ 35.453543568000043, 32.412787353000112 ], [ 35.453357187, 32.412844493000193 ], [ 35.45317222400007, 32.412875141000086 ], [ 35.452982966000036, 32.412850421000144 ], [ 35.452810238000154, 32.412795380000148 ], [ 35.452695019000089, 32.412691474000042 ], [ 35.452607577000151, 32.412540173000082 ], [ 35.452509122000095, 32.412369024000043 ], [ 35.452417066000123, 32.412230694000129 ], [ 35.452319891000172, 32.412103506999983 ], [ 35.452227914000105, 32.411994343 ], [ 35.452140574000168, 32.41187981700017 ], [ 35.451958509000121, 32.411811687000181 ], [ 35.451774869000189, 32.411775121000176 ], [ 35.451582088000123, 32.41173589400006 ], [ 35.451431159000151, 32.411695318000056 ], [ 35.451286456, 32.411621762000038 ], [ 35.451151383000138, 32.411547906000123 ], [ 35.450985420000166, 32.411474246000068 ], [ 35.450817840000127, 32.411417077000067 ], [ 35.450652071000036, 32.411353986000051 ], [ 35.45048610200007, 32.411278777000177 ], [ 35.45032725700014, 32.411195946000134 ], [ 35.450191696000047, 32.411123778000047 ], [ 35.450065056000028, 32.411033421000127 ], [ 35.449911501000031, 32.410941562000062 ], [ 35.449758196000062, 32.410879852999983 ], [ 35.449582479000128, 32.410823402000062 ], [ 35.449405874000036, 32.41074525200014 ], [ 35.449257844000044, 32.410668459000078 ], [ 35.449088398000015, 32.410596215000169 ], [ 35.448908394000057, 32.410551324000096 ], [ 35.448753340000053, 32.410519913000087 ], [ 35.448548263000191, 32.410477886000081 ], [ 35.448387906000164, 32.410450994000144 ], [ 35.448132034000139, 32.410484585000177 ], [ 35.447944956000129, 32.410530304000133 ], [ 35.447786648000147, 32.410587947000181 ], [ 35.447637136000026, 32.410644164000132 ], [ 35.447485795000034, 32.410698836000051 ], [ 35.447318535000079, 32.410764102000087 ], [ 35.447124490000078, 32.410812793000161 ], [ 35.446971284000028, 32.410853798000062 ], [ 35.446811016000083, 32.410861706 ], [ 35.446631397000033, 32.410836819000167 ], [ 35.446437230000072, 32.41083873000008 ], [ 35.446264368000129, 32.410857088000171 ], [ 35.44610764000015, 32.410886122000079 ], [ 35.445913641000175, 32.41095298900018 ], [ 35.445749861000138, 32.411015146000125 ], [ 35.445550458000071, 32.411048768000057 ], [ 35.44536863400009, 32.41107348200012 ], [ 35.445356022000112, 32.41107519600007 ], [ 35.445347387000027, 32.411076337999987 ], [ 35.445185328000036, 32.411097773000108 ], [ 35.445019644000183, 32.411066379000147 ], [ 35.444893694000086, 32.410984746000054 ], [ 35.444845252000164, 32.410942709000039 ], [ 35.444842757, 32.410940598000138 ], [ 35.444839630000047, 32.41093795800009 ], [ 35.444838761000028, 32.410937224000065 ], [ 35.444830414000137, 32.410929993000082 ], [ 35.444754360000104, 32.410864111000137 ], [ 35.444725327000072, 32.41079998400005 ], [ 35.444723957000122, 32.410796958000162 ], [ 35.444716014000107, 32.410779329000036 ], [ 35.444697061000056, 32.410737265000137 ], [ 35.444696899000064, 32.41067395500005 ], [ 35.44469681400011, 32.410640467000121 ], [ 35.444696516000079, 32.410524366000175 ], [ 35.444685297000149, 32.410359674000063 ], [ 35.444685951, 32.41029105500013 ], [ 35.444686253000043, 32.410264359000053 ], [ 35.444686763000107, 32.410219194000149 ], [ 35.44473749600013, 32.410053468000115 ], [ 35.444737991000068, 32.410051850000173 ], [ 35.444738048000147, 32.410049332000142 ], [ 35.444741087000125, 32.409916243000055 ], [ 35.444741128000032, 32.409914466000146 ], [ 35.444740881000143, 32.409914029000049 ], [ 35.444649854000147, 32.409752882000134 ], [ 35.444571118, 32.409620157000063 ], [ 35.44457038000013, 32.409618883000121 ], [ 35.444567613000174, 32.409614106000163 ], [ 35.444505005000167, 32.409488820000092 ], [ 35.444451136000055, 32.40933787300014 ], [ 35.444420175000062, 32.409183080000048 ], [ 35.44440021700018, 32.409042640000166 ], [ 35.444349826000177, 32.408888588000025 ], [ 35.444296103000113, 32.408730033000097 ], [ 35.444252850000169, 32.40857357200008 ], [ 35.44420610200018, 32.408415005000165 ], [ 35.444148544000029, 32.408250396000142 ], [ 35.444105480000019, 32.40810253300009 ], [ 35.444041025000104, 32.407969638000168 ], [ 35.443962306000117, 32.407842975000108 ], [ 35.443875097000102, 32.407709419000071 ], [ 35.443863932000113, 32.407696927000075 ], [ 35.443778689999988, 32.407601553000177 ], [ 35.443769489000033, 32.407591258000139 ], [ 35.443764903000044, 32.407588128000043 ], [ 35.443600441000115, 32.407475889000068 ], [ 35.443419008000092, 32.407322641 ], [ 35.443323335000059, 32.407256311000026 ], [ 35.443290823000041, 32.407233791000124 ], [ 35.443230822000146, 32.407192230000135 ], [ 35.44319382000009, 32.407168795000075 ], [ 35.443172928000138, 32.407155562000128 ], [ 35.443131835000031, 32.407129569000062 ], [ 35.44309324000011, 32.407105123000122 ], [ 35.443058324999981, 32.407082993000074 ], [ 35.443015882000111, 32.407056092000062 ], [ 35.442858839, 32.406957326000111 ], [ 35.442722116000141, 32.406881348000184 ], [ 35.442558731000076, 32.406771605000074 ], [ 35.44242196600004, 32.406678721000048 ], [ 35.442235339000092, 32.406571695000082 ], [ 35.442075321, 32.406478852000134 ], [ 35.441905310999971, 32.406374753000136 ], [ 35.44171517500007, 32.406259422000062 ], [ 35.441551817000061, 32.406157988000189 ], [ 35.441358582000134, 32.406065205000061 ], [ 35.441188730000135, 32.406023243000163 ], [ 35.440952246000109, 32.405969990000131 ], [ 35.440602653000042, 32.405981897000117 ], [ 35.440459665000105, 32.406055564000098 ], [ 35.440362704000165, 32.406075463000036 ], [ 35.440307271000108, 32.406086840000171 ], [ 35.440300669000067, 32.406087484000068 ], [ 35.440130759000056, 32.406104067000115 ], [ 35.439924642000165, 32.406172213000048 ], [ 35.439771592999989, 32.406206304000136 ], [ 35.439561894000178, 32.40623768200004 ], [ 35.43936903700012, 32.406294531000071 ], [ 35.439170417000184, 32.406358109000166 ], [ 35.439156111000045, 32.406362688000115 ], [ 35.439090228000055, 32.406385070000169 ], [ 35.438963276000038, 32.406427990000168 ], [ 35.438737062000143, 32.406496029000039 ], [ 35.438590702000113, 32.406549977000054 ], [ 35.438394355000128, 32.406606830000044 ], [ 35.438205796000034, 32.406656343000122 ], [ 35.438020925000103, 32.406719376000126 ], [ 35.437870216000192, 32.406760647000056 ], [ 35.437705202000188, 32.406794759000036 ], [ 35.437537386000145, 32.406836062000025 ], [ 35.437361002000159, 32.406906404000154 ], [ 35.437201825000045, 32.406950086 ], [ 35.437016930000084, 32.407003536000161 ], [ 35.436829221000096, 32.407061781000095 ], [ 35.436675485000194, 32.40708868500019 ], [ 35.436507714000072, 32.407149289000074 ], [ 35.436308734000136, 32.407217276000097 ], [ 35.436155046000181, 32.407263343000068 ], [ 35.435976011000037, 32.407336084000178 ], [ 35.435768399999972, 32.407406479000031 ], [ 35.435609097000054, 32.407467068000187 ], [ 35.435452773000065, 32.407522859000096 ], [ 35.435256590999984, 32.40758111700012 ], [ 35.435057355000026, 32.407612750000112 ], [ 35.434878133000154, 32.407678304000058 ], [ 35.434702403000188, 32.407744556000011 ], [ 35.434511880000116, 32.407807594000076 ], [ 35.434326954000085, 32.407851458000152 ], [ 35.43414507000017, 32.407914478000066 ], [ 35.433931584000049, 32.407960648000142 ], [ 35.433712656000068, 32.408023874000037 ], [ 35.433493570000053, 32.408089357000051 ], [ 35.433283120000056, 32.408154963000129 ], [ 35.4331352640001, 32.408210737000161 ], [ 35.432907772000078, 32.408302721000098 ], [ 35.432742843000028, 32.408373037000047 ], [ 35.43250901000016, 32.408454605000088 ], [ 35.432361965000155, 32.408502768000062 ], [ 35.432195341000011, 32.40855885600007 ], [ 35.432051786000159, 32.408608421000167 ], [ 35.43201228900017, 32.408622018000131 ], [ 35.432008624000105, 32.408623081000144 ], [ 35.431806640000104, 32.408681696000144 ], [ 35.431654306000098, 32.408741278999969 ], [ 35.431489822000174, 32.408790459000159 ], [ 35.431300675000102, 32.40887462500018 ], [ 35.43116499100006, 32.40894981800011 ], [ 35.431039615000145, 32.409030349000091 ], [ 35.430916270000182, 32.409126658000162 ], [ 35.430774505000045, 32.409229762000166 ], [ 35.43065530500013, 32.409322541000108 ], [ 35.430536301000075, 32.409429269000043 ], [ 35.430401185000107, 32.409533628000077 ], [ 35.430273681000187, 32.409628111000188 ], [ 35.430103199000143, 32.40974014000011 ], [ 35.429918089000068, 32.40984698200009 ], [ 35.429753707000145, 32.409939696000095 ], [ 35.429607846000067, 32.410067461000097 ], [ 35.429482578000034, 32.410193362000143 ], [ 35.429413772000032, 32.410257886000124 ], [ 35.429364415000123, 32.410304172000053 ], [ 35.429227835000177, 32.410424172000035 ], [ 35.429145083000094, 32.410479971000143 ], [ 35.42906962800015, 32.410530823999977 ], [ 35.428904170000123, 32.410659893000116 ], [ 35.428752140000142, 32.410778935000167 ], [ 35.428626830000098, 32.41088905200013 ], [ 35.428472654000132, 32.411013309000055 ], [ 35.428314506000163, 32.411144478000153 ], [ 35.428170738000176, 32.411245891000078 ], [ 35.428016499000137, 32.411345631000188 ], [ 35.427889217000086, 32.4114646270001 ], [ 35.427728908000063, 32.411595798000178 ], [ 35.427567784000018, 32.411733452000192 ], [ 35.427395194000155, 32.411869856000123 ], [ 35.427362108000068, 32.411894239000105 ], [ 35.42732754300016, 32.411919712000156 ], [ 35.427257569000062, 32.411971258000165 ], [ 35.427103546000183, 32.412091990000192 ], [ 35.42698309400015, 32.412188496 ], [ 35.426963787000091, 32.412203963000138 ], [ 35.426810874000125, 32.412303559 ], [ 35.426679802000081, 32.412436088000049 ], [ 35.426566984000033, 32.412562950000108 ], [ 35.426449674000082, 32.412686014000144 ], [ 35.426295998000171, 32.412814919000084 ], [ 35.426142242000026, 32.41290916000014 ], [ 35.426002150000159, 32.413022682000133 ], [ 35.425871150000148, 32.413116886000068 ], [ 35.425724248000108, 32.413230419000172 ], [ 35.425572887999977, 32.413355371000193 ], [ 35.425454558000183, 32.413469984000187 ], [ 35.425314452000123, 32.413577726000028 ], [ 35.42516767900014, 32.413675902000136 ], [ 35.425004916999967, 32.413756772000113 ], [ 35.42487372800008, 32.413841393000098 ], [ 35.424715424000112, 32.413910841000131 ], [ 35.424578617000066, 32.414009703000147 ], [ 35.424440781000044, 32.414094335000073 ], [ 35.424286961000121, 32.414163776 ], [ 35.424165101000142, 32.414261768000131 ], [ 35.424009019000039, 32.414357983 ], [ 35.423866697000165, 32.414442762000192 ], [ 35.423730997000121, 32.414517807000095 ], [ 35.423597644000154, 32.414602431000162 ], [ 35.42342592500006, 32.414689092000174 ], [ 35.423235902999977, 32.414764228000138 ], [ 35.423075456000106, 32.414841288000105 ], [ 35.422907979000058, 32.414895250000143 ], [ 35.422748284000079, 32.41486776 ], [ 35.422617787000036, 32.414894468000114 ], [ 35.422577913000111, 32.414902618000042 ], [ 35.422446111, 32.414929558000154 ], [ 35.422326553000062, 32.415014253000152 ], [ 35.422282432000088, 32.415045508000162 ], [ 35.422187400000041, 32.415110764000019 ], [ 35.422150085000055, 32.41513632900012 ], [ 35.422011939000129, 32.415232090000131 ], [ 35.421879744000137, 32.415316006000126 ], [ 35.421736747000125, 32.415397542000164 ], [ 35.421564900000192, 32.415503502000035 ], [ 35.421425893000162, 32.415586443000052 ], [ 35.42135888200005, 32.415628260000062 ], [ 35.421262505000129, 32.415686190000031 ], [ 35.421104951000075, 32.415794241000185 ], [ 35.420956844000159, 32.415893398000151 ], [ 35.420810910000171, 32.415999175000081 ], [ 35.420619329000033, 32.416120244000069 ], [ 35.420475194000119, 32.416214321000155 ], [ 35.420354796000083, 32.416299907000109 ], [ 35.420189931000039, 32.416408531000059 ], [ 35.420036017000086, 32.416512771000157 ], [ 35.419876116000069, 32.416613496000025 ], [ 35.419749742000135, 32.416700920000153 ], [ 35.419605650000108, 32.416815147000136 ], [ 35.419443965000141, 32.416934475000062 ], [ 35.419324729000039, 32.417021323000142 ], [ 35.419204345000026, 32.417115362000175 ], [ 35.419058400000097, 32.417217895000022 ], [ 35.418934097000033, 32.417340401000047 ], [ 35.418839579000064, 32.417486388000157 ], [ 35.418750900000077, 32.417644059000111 ], [ 35.418674146000114, 32.417785085000048 ], [ 35.418629463000059, 32.417859132000046 ], [ 35.418610167000054, 32.41789096500014 ], [ 35.418601164000108, 32.417905817000133 ], [ 35.418536336999978, 32.418033294999987 ], [ 35.418478494000112, 32.418163866000043 ], [ 35.418421341000055, 32.418304859000102 ], [ 35.418342597000105, 32.418449129000123 ], [ 35.41829939600018, 32.41858995900003 ], [ 35.418248432000041, 32.418750950000117 ], [ 35.418179493000139, 32.418896897000025 ], [ 35.418091016000176, 32.419069785000147 ], [ 35.418004244000088, 32.419263945000068 ], [ 35.417955271000039, 32.419423243000097 ], [ 35.417910134000124, 32.419590989000085 ], [ 35.417849130000093, 32.419720154000061 ], [ 35.417807897000102, 32.419850977000124 ], [ 35.417766699000083, 32.419996875000095 ], [ 35.417727491000051, 32.420141081000168 ], [ 35.417684125000164, 32.420283318000088 ], [ 35.41763893100017, 32.420425843000089 ], [ 35.417597803000149, 32.420603585000038 ], [ 35.417568588000108, 32.420759469000132 ], [ 35.417541245000109, 32.420935639000163 ], [ 35.417519796000192, 32.421073051000178 ], [ 35.417504332000135, 32.42121383500006 ], [ 35.417486883000038, 32.421356456000069 ], [ 35.417453514000044, 32.421513473000175 ], [ 35.417422160000115, 32.421677813000088 ], [ 35.417396773, 32.421838763000096 ], [ 35.417354242000158, 32.421983537000187 ], [ 35.41729350200012, 32.422156945000154 ], [ 35.4172664190001, 32.422301834000109 ], [ 35.417224024000063, 32.422433786000056 ], [ 35.417172545000142, 32.422589 ], [ 35.417117853000036, 32.422718436000139 ], [ 35.41704517900007, 32.422904824000113 ], [ 35.416984461000027, 32.423088516 ], [ 35.416939107000189, 32.423233435000043 ], [ 35.416887654999982, 32.423401613000067 ], [ 35.416860400000132, 32.423543968000047 ], [ 35.416817433000062, 32.423716641000055 ], [ 35.416768934000061, 32.423869314000171 ], [ 35.416708349000089, 32.424037507000151 ], [ 35.416638428000056, 32.424192890000086 ], [ 35.416568626000185, 32.424327424000069 ], [ 35.416510964, 32.424467150000055 ], [ 35.416437999000095, 32.424599292000153 ], [ 35.416368202000115, 32.424736359000065 ], [ 35.41628, 32.424889097000062 ], [ 35.416207273, 32.425052237000045 ], [ 35.416118771000185, 32.42521962800015 ], [ 35.416033743000071, 32.425380109000173 ], [ 35.415924347000043, 32.425564021000127 ], [ 35.415857581000068, 32.425719260999983 ], [ 35.415778537000051, 32.425882270999978 ], [ 35.415693508000061, 32.426042894000034 ], [ 35.415596131000086, 32.426180005000106 ], [ 35.415535452000142, 32.426309448999973 ], [ 35.415468754000131, 32.426495828000043 ], [ 35.415386116000036, 32.426686457000073 ], [ 35.41528899400015, 32.426862457000084 ], [ 35.415219016000037, 32.426994454000067 ], [ 35.415152173000138, 32.427116157000114 ], [ 35.415097674000151, 32.427261090000115 ], [ 35.415049128000192, 32.427393051000138 ], [ 35.414988464000146, 32.427530244000025 ], [ 35.414912486999981, 32.427654500000187 ], [ 35.414821271000108, 32.427799494000112 ], [ 35.414757436000059, 32.42792894300004 ], [ 35.414683966000041, 32.428060239000104 ], [ 35.414611154000056, 32.428262124000184 ], [ 35.414519866000091, 32.428375977000087 ], [ 35.414416409000182, 32.428544378000083 ], [ 35.414322295000034, 32.428730659000109 ], [ 35.41425861800019, 32.428857570000048 ], [ 35.414200921000088, 32.42898433300013 ], [ 35.41412504300007, 32.429155227000081 ], [ 35.414064246000066, 32.429307919000109 ], [ 35.413988399000118, 32.429491631000189 ], [ 35.413936894000187, 32.429639096000074 ], [ 35.41388124700012, 32.429791216000012 ], [ 35.413811518000102, 32.429962100000125 ], [ 35.413753932000134, 32.430140571000095 ], [ 35.413683969000147, 32.430280315000118 ], [ 35.41357455300016, 32.43046154600006 ], [ 35.413516423000146, 32.430618039000137 ], [ 35.41344134600007, 32.43077540500019 ], [ 35.413369402000114, 32.430922195999983 ], [ 35.413306766000119, 32.431071650000092 ], [ 35.413241105000111, 32.431205048000152 ], [ 35.413156385000036, 32.43135974900008 ], [ 35.413062593000063, 32.431543772999987 ], [ 35.412974950000034, 32.431727929000147 ], [ 35.412902797000186, 32.431855982000172 ], [ 35.412815162000129, 32.432045349000134 ], [ 35.412743234, 32.432200173000126 ], [ 35.412671102000104, 32.432338932000164 ], [ 35.41257913100003, 32.432519996000053 ], [ 35.412519649999979, 32.432669304000115 ], [ 35.412447720999978, 32.432824125000081 ], [ 35.412378728000078, 32.432954850000158 ], [ 35.412291002000075, 32.433104202000038 ], [ 35.412212731000068, 32.433245649000128 ], [ 35.412137662000191, 32.433408368000187 ], [ 35.412074989000075, 32.433541758000047 ], [ 35.412021837000111, 32.433699230000116 ], [ 35.411978127000054, 32.43384315600008 ], [ 35.411940707000156, 32.433976508000114 ], [ 35.411903334000158, 32.434131275000027 ], [ 35.41187804700013, 32.434267002000183 ], [ 35.411847069000032, 32.434458957000174 ], [ 35.411816044000034, 32.434629637000057 ], [ 35.411794271000133, 32.434776207000141 ], [ 35.41177583100017, 32.434928267000089 ], [ 35.41177913700011, 32.435072121000076 ], [ 35.411785771000098, 32.435216111000102 ], [ 35.411789284000122, 32.43537870200015 ], [ 35.411783323000066, 32.435538775000168 ], [ 35.411805733000165, 32.435679923000123 ], [ 35.411802875000092, 32.435815896000065 ], [ 35.411809594000033, 32.435999898000034 ], [ 35.411819469000079, 32.436183757000038 ], [ 35.411819851000075, 32.436356640000042 ], [ 35.41182344300006, 32.436553897000124 ], [ 35.411836471000072, 32.436735214000123 ], [ 35.411855829000046, 32.43692441200011 ], [ 35.411875004000137, 32.437105719000101 ], [ 35.411868994000145, 32.437244375000034 ], [ 35.411875609999981, 32.437380333000135 ], [ 35.411885392000102, 32.43752164000017 ], [ 35.4118983460001, 32.437670831000162 ], [ 35.411923807000164, 32.437838744000089 ], [ 35.411956402000101, 32.43800368899997 ], [ 35.412000805000162, 32.438171568000143 ], [ 35.412042040000074, 32.438336781000032 ], [ 35.412083239000026, 32.438483390000158 ], [ 35.412149744000146, 32.438653775000148 ], [ 35.412209676000089, 32.438781758000175 ], [ 35.412250884000116, 32.438933583 ], [ 35.412288965000187, 32.439098798000089 ], [ 35.412330318000159, 32.439240054000038 ], [ 35.412377682000169, 32.43939454700012 ], [ 35.412415918000136, 32.439554549000036 ], [ 35.412445639000168, 32.439771065000059 ], [ 35.412450976000173, 32.43993013100004 ], [ 35.412490816000116, 32.440064064000012 ], [ 35.412560401000064, 32.440273330000139 ], [ 35.412600241000177, 32.440407261000075 ], [ 35.412640093000107, 32.440545422000071 ], [ 35.412679980000121, 32.440700349000167 ], [ 35.41272466099997, 32.440842586000144 ], [ 35.412774471000034, 32.441051883000114 ], [ 35.412814378000064, 32.44121512300012 ], [ 35.412859309000112, 32.441395122000188 ], [ 35.412884400000166, 32.441545845000178 ], [ 35.412909304999971, 32.441688254000098 ], [ 35.412949223999988, 32.441855580000095 ], [ 35.413003854000067, 32.441989488000161 ], [ 35.413058569999976, 32.442161157999976 ], [ 35.41309347400005, 32.442316093000102 ], [ 35.413139741000066, 32.442499330000089 ], [ 35.413229127000193, 32.442721104000157 ], [ 35.413283833999969, 32.442888547000052 ], [ 35.413333536000039, 32.443047544000137 ], [ 35.413368582000089, 32.443189937000113 ], [ 35.413413253000101, 32.44332794900015 ], [ 35.413478041000133, 32.443545675000053 ], [ 35.413552689000142, 32.44378846800015 ], [ 35.413602355000137, 32.443930697000098 ], [ 35.413671943000054, 32.444139961000189 ], [ 35.413726577000091, 32.444273871000121 ], [ 35.413781257000039, 32.444428772000037 ], [ 35.413835929000129, 32.44457944800007 ], [ 35.41389080200014, 32.44474689000009 ], [ 35.413930585000116, 32.444926896000027 ], [ 35.413980713000171, 32.445126894000055 ], [ 35.414020672000049, 32.445310986000038 ], [ 35.414065566000033, 32.445474216000036 ], [ 35.414115275000142, 32.445633353000119 ], [ 35.414174912000192, 32.445775567000169 ], [ 35.414234532000137, 32.44590946600016 ], [ 35.41428924100012, 32.446076909000055 ], [ 35.414333993000128, 32.446248595000043 ], [ 35.414378982000187, 32.446453672000075 ], [ 35.414413946000082, 32.446633685000108 ], [ 35.414448810000124, 32.446767624000131 ], [ 35.414558082000099, 32.447035440000036 ], [ 35.414632622000056, 32.447227930000167 ], [ 35.414732062999974, 32.447483222000187 ], [ 35.414807314000086, 32.44769557800015 ], [ 35.414866976000042, 32.447846245999983 ], [ 35.414928891000102, 32.448039319000088 ], [ 35.414979053000025, 32.448179011000093 ], [ 35.415021551000166, 32.448308850999979 ], [ 35.415048626000157, 32.448451680000176 ], [ 35.415075856000101, 32.44859140900013 ], [ 35.415118248000056, 32.448747175000051 ], [ 35.415153119000024, 32.448883650000028 ], [ 35.415195661000155, 32.449032937000027 ], [ 35.415234172000055, 32.449162924000063 ], [ 35.415276700000049, 32.449305729000059 ], [ 35.415338462000193, 32.449503733000086 ], [ 35.415365723000036, 32.449656424000011 ], [ 35.415400455000054, 32.449805864000155 ], [ 35.415443093000192, 32.449997417000077 ], [ 35.415462583000021, 32.450166326000101 ], [ 35.415508942000088, 32.450312363000023 ], [ 35.41555563300011, 32.450458118000086 ], [ 35.41560976500017, 32.450662759000068 ], [ 35.415644574000112, 32.45084460400011 ], [ 35.415668002000075, 32.450990819000026 ], [ 35.415702749000047, 32.451146598000037 ], [ 35.415749167000115, 32.45131870299997 ], [ 35.415780230000109, 32.451461667000103 ], [ 35.415818838000121, 32.451633783000148 ], [ 35.4158690430001, 32.451789538000128 ], [ 35.415927028, 32.452007133000109 ], [ 35.41596587600003, 32.452211796000086 ], [ 35.416012310000156, 32.452390383000193 ], [ 35.416070201000025, 32.452565710000044 ], [ 35.416093726000156, 32.45275391399997 ], [ 35.416143913000099, 32.452903327000172 ], [ 35.416197979000117, 32.45307541800014 ], [ 35.416244414000175, 32.453328680000141 ], [ 35.416279332000045, 32.453484599000149 ], [ 35.416318064000052, 32.453637131000164 ], [ 35.416368238000132, 32.453780063000067 ], [ 35.416422283000031, 32.45394243100003 ], [ 35.416472358000192, 32.45411453000014 ], [ 35.416530267000098, 32.454296339000166 ], [ 35.416572836000171, 32.454455484000107 ], [ 35.416600102000132, 32.454608034000103 ], [ 35.416650152000159, 32.454767170000139 ], [ 35.416700438000078, 32.454958712000177 ], [ 35.416740118000121, 32.455162670000163 ], [ 35.416790304000017, 32.455308701000092 ], [ 35.416848228000049, 32.455496989000039 ], [ 35.416898466000077, 32.455665846000045 ], [ 35.416948665000064, 32.455818501000181 ], [ 35.417006620000166, 32.456019752000032 ], [ 35.417060734000188, 32.456211428000074 ], [ 35.417114793000167, 32.456380279000086 ], [ 35.417153541000175, 32.456539290000023 ], [ 35.417176843000107, 32.456701709000072 ], [ 35.417234085000075, 32.45688126400006 ], [ 35.417427343000099, 32.457093848000056 ], [ 35.417580132000182, 32.457195468000123 ], [ 35.417716580000103, 32.457272319000026 ], [ 35.417856386000153, 32.457365505999974 ], [ 35.418028807000098, 32.457475407000118 ], [ 35.418249848000187, 32.457626231000177 ], [ 35.418376675000104, 32.45771140700009 ], [ 35.418584759000112, 32.457865071000185 ], [ 35.418714951000027, 32.457966727000098 ], [ 35.418874241000083, 32.458076509000136 ], [ 35.419014077999975, 32.458180827000035 ], [ 35.419192854000073, 32.458307059000163 ], [ 35.419397745000026, 32.458444241000166 ], [ 35.419574691000093, 32.458569913000076 ], [ 35.419724188000146, 32.458682527000178 ], [ 35.419870507000098, 32.458786832000158 ], [ 35.420023467000135, 32.458888311000123 ], [ 35.420182840000052, 32.459031058000107 ], [ 35.420147474000146, 32.459190758000034 ], [ 35.420108928000161, 32.459339329000159 ], [ 35.420070254000166, 32.459504529000128 ], [ 35.420031815000073, 32.459699877000162 ], [ 35.419996551, 32.45987292000018 ], [ 35.419989908000105, 32.459905520000177 ], [ 35.419973324000125, 32.459993185000087 ], [ 35.419958218000147, 32.460073381000143 ], [ 35.419912798000098, 32.460268744000018 ], [ 35.419910997000045, 32.460274783000102 ], [ 35.419874206000088, 32.460398152000096 ], [ 35.419825911000089, 32.460571540000046 ], [ 35.419774341000107, 32.460766911000121 ], [ 35.419735778000188, 32.460910129000069 ], [ 35.419687482000143, 32.461083514000109 ], [ 35.41959370100011, 32.461352364000163 ], [ 35.419548459000055, 32.461481645000106 ], [ 35.419509911999967, 32.461630357000161 ], [ 35.419471171000055, 32.461767937 ], [ 35.419432605000054, 32.461908337000068 ], [ 35.419387591000088, 32.462065231999986 ], [ 35.419345694000071, 32.462202818000037 ], [ 35.419323429000087, 32.462287759000048 ], [ 35.419307305000189, 32.462349276000054 ], [ 35.419306811000126, 32.462351249000108 ], [ 35.41930549500006, 32.462356466000131 ], [ 35.419268478999982, 32.462522083000067 ], [ 35.419216830999972, 32.462684486000057 ], [ 35.419067744000188, 32.462753488000089 ], [ 35.41894448100004, 32.462850067000034 ], [ 35.418798609000191, 32.462943863000135 ], [ 35.418642936000026, 32.46304035300011 ], [ 35.418485774000146, 32.463139100000035 ], [ 35.418431180000084, 32.463177091000091 ], [ 35.418345534000082, 32.463236938000136 ], [ 35.418326357000012, 32.463250338000194 ], [ 35.418323655000165, 32.463252226000179 ], [ 35.418323398000041, 32.463252366000177 ], [ 35.418161649000069, 32.46334055300008 ], [ 35.417957299000022, 32.463445434000164 ], [ 35.417730248000169, 32.463580647000072 ], [ 35.417529282000089, 32.463712998000119 ], [ 35.417383530999984, 32.463861743000052 ], [ 35.41733852200008, 32.464021454000033 ], [ 35.417280412000082, 32.464194856000177 ], [ 35.417219108000154, 32.464351777000104 ], [ 35.417141586000128, 32.46453901600006 ], [ 35.417083438000134, 32.464695934000076 ], [ 35.417041703000166, 32.464833518999967 ], [ 35.416976858, 32.465042155000049 ], [ 35.416941479, 32.465199033000033 ], [ 35.416883580000103, 32.465391737000175 ], [ 35.416841663000127, 32.465523828000187 ], [ 35.41681274900003, 32.46567238300014 ], [ 35.416767587000038, 32.465840268000079 ], [ 35.416722506000099, 32.465969686000108 ], [ 35.416637643000115, 32.466146089000063 ], [ 35.416562837000129, 32.466285702000164 ], [ 35.416492815000026, 32.466410370000176 ], [ 35.416438928000105, 32.466541776000042 ], [ 35.416384884000081, 32.466675858000087 ], [ 35.416311536000194, 32.466800532000093 ], [ 35.416242904000057, 32.466951970000025 ], [ 35.416147355000021, 32.467107959000089 ], [ 35.416037556000106, 32.467282713000145 ], [ 35.415967538000189, 32.467410056000119 ], [ 35.415895856000077, 32.467536137000138 ], [ 35.415811587000121, 32.46768252600009 ], [ 35.415733593000084, 32.467811293000182 ], [ 35.415648582000074, 32.4679234460001 ], [ 35.415576935000104, 32.468065731000081 ], [ 35.415514932, 32.468209407000074 ], [ 35.415430657000059, 32.46835438800008 ], [ 35.415371779000168, 32.468483123000169 ], [ 35.415290694000134, 32.468643035000071 ], [ 35.4152203270001, 32.46876347500006 ], [ 35.415134395000052, 32.468909867000093 ], [ 35.415070861000117, 32.469038610000041 ], [ 35.414988056000141, 32.46917274000009 ], [ 35.414946796000095, 32.469302856000013 ], [ 35.414895889000036, 32.469430170000066 ], [ 35.414819561000115, 32.46956161200012 ], [ 35.414739876, 32.469678122000175 ], [ 35.414676041000178, 32.46982137800012 ], [ 35.414631623000048, 32.469952768000155 ], [ 35.414556826000137, 32.47010055100003 ], [ 35.414485162000062, 32.470236070000169 ], [ 35.414426308000031, 32.470376924000107 ], [ 35.414346538000189, 32.470531054000048 ], [ 35.414283106000084, 32.470707280000056 ], [ 35.414232200000129, 32.470835861000126 ], [ 35.414159042000108, 32.470972794000033 ], [ 35.414093881000156, 32.471119151000153 ], [ 35.414042972000118, 32.471246464999979 ], [ 35.413969335000104, 32.47139241300016 ], [ 35.413867455000059, 32.471545592000155 ], [ 35.41376871500006, 32.471690597000133 ], [ 35.413689101000045, 32.47184106300017 ], [ 35.413600011000142, 32.471990135000055 ], [ 35.413502759000096, 32.472130486000026 ], [ 35.413415168000029, 32.472282233999977 ], [ 35.413334034000059, 32.472421854000174 ], [ 35.413212856000143, 32.472568300000034 ], [ 35.413123713000175, 32.472694267000065 ], [ 35.41303243800013, 32.47283347900003 ], [ 35.412949643000161, 32.472974512000064 ], [ 35.412836449000167, 32.473123623000049 ], [ 35.412720005000153, 32.473232019000136 ], [ 35.412574988000131, 32.473346096000114 ], [ 35.412438028000167, 32.473454214000128 ], [ 35.412427977000164, 32.473462148000124 ], [ 35.41223804100008, 32.473559952000187 ], [ 35.412165995000123, 32.47360064500009 ], [ 35.412161844000082, 32.47360304800003 ], [ 35.412159686000052, 32.47360431900006 ], [ 35.412062569999989, 32.473659002000034 ], [ 35.411931658000185, 32.473764883000172 ], [ 35.411796454000182, 32.473883313000044 ], [ 35.411703737000096, 32.474048453000194 ], [ 35.411619567000059, 32.474245845000041 ], [ 35.411564884000029, 32.474396555000055 ], [ 35.411493455000084, 32.474644087000115 ], [ 35.411421918000144, 32.474841317000084 ], [ 35.411282738000125, 32.475042319000181 ], [ 35.411033472000156, 32.475222078000058 ], [ 35.41090575000004, 32.475267931000189 ], [ 35.410876271000177, 32.475278494000122 ], [ 35.410840974, 32.475291141000184 ], [ 35.410698382000135, 32.475377454000125 ], [ 35.410565489000021, 32.475490383000135 ], [ 35.410527167000055, 32.475535038000032 ], [ 35.410496351000177, 32.475570945000072 ], [ 35.410420085999988, 32.475659834000055 ], [ 35.410337927000057, 32.475791701000048 ], [ 35.410217890000126, 32.476006763000044 ], [ 35.410196675000066, 32.476035258000024 ], [ 35.41017900200012, 32.476058931000125 ], [ 35.410113478000028, 32.476146699000083 ], [ 35.410012398000049, 32.476291843000183 ], [ 35.40993024900007, 32.476426250000031 ], [ 35.409880593000025, 32.47656502500007 ], [ 35.40986779900004, 32.476600781000172 ], [ 35.409865981000053, 32.476605854000127 ], [ 35.409785253000166, 32.476783797000053 ], [ 35.409709411999984, 32.476915658000053 ], [ 35.409627406000141, 32.477040623000164 ], [ 35.409607192000067, 32.477071370000147 ], [ 35.409587272000181, 32.477104661000112 ], [ 35.409518751000121, 32.477219170000069 ], [ 35.40948210300013, 32.477326485000162 ], [ 35.409474652000142, 32.477348305000191 ], [ 35.409444736000125, 32.477425846000131 ], [ 35.409402092000164, 32.477536376000046 ], [ 35.409335770000155, 32.477689639 ], [ 35.409272742000098, 32.477829367000027 ], [ 35.409206414000153, 32.477979952000169 ], [ 35.409140242000149, 32.478125181000166 ], [ 35.40907076100018, 32.478278447000093 ], [ 35.409004766000123, 32.478429594000033 ], [ 35.408988724000039, 32.478466535000166 ], [ 35.408981464000192, 32.478491909000127 ], [ 35.408944673000065, 32.478619763000097 ], [ 35.408906101000071, 32.478692104000118 ], [ 35.408875120000062, 32.478750076000097 ], [ 35.408865708000178, 32.478767687000072 ], [ 35.408786798000051, 32.478942386000028 ], [ 35.408744453000168, 32.479061570000113 ], [ 35.408739215000082, 32.479076313000178 ], [ 35.408670072000177, 32.479232396000043 ], [ 35.408667092000087, 32.479238461000079 ], [ 35.408600267000168, 32.479390877000128 ], [ 35.40852311000009, 32.479530066000166 ], [ 35.408499117000133, 32.479580825000028 ], [ 35.408458246000066, 32.479667823999989 ], [ 35.408395358000178, 32.479872086000057 ], [ 35.408344889000148, 32.480054768000059 ], [ 35.40829140500017, 32.480226749000167 ], [ 35.408250576000114, 32.480409560000112 ], [ 35.40820023100008, 32.480573503000073 ], [ 35.408162474000108, 32.48071587000004 ], [ 35.408080041000119, 32.480876622000039 ], [ 35.408032817000105, 32.481024358000184 ], [ 35.407985457999985, 32.48118562000019 ], [ 35.407938214000183, 32.481322790000149 ], [ 35.407856137000067, 32.481494812 ], [ 35.407783284000175, 32.481629063000184 ], [ 35.407782128000065, 32.481632024000191 ], [ 35.407737148000081, 32.481717463000052 ], [ 35.407701505000034, 32.481785166000066 ], [ 35.407656061000182, 32.481878709000057 ], [ 35.407641430000126, 32.481908827000098 ], [ 35.407632172000092, 32.481932513000061 ], [ 35.407587869000054, 32.482046005000029 ], [ 35.407505811000192, 32.482228735999968 ], [ 35.407436268000026, 32.482355091000045 ], [ 35.407321912000157, 32.482515893000027 ], [ 35.407279169999981, 32.482583028000192 ], [ 35.407242098000154, 32.482641218000026 ], [ 35.407220854000172, 32.482674562000113 ], [ 35.407163967000145, 32.48281174400006 ], [ 35.407116742000085, 32.482959480000034 ], [ 35.407050535000167, 32.483169239000063 ], [ 35.40700978100017, 32.483311610000044 ], [ 35.406987887000128, 32.483488896000154 ], [ 35.406978801000093, 32.483668980000118 ], [ 35.40696970200014, 32.483843566000189 ], [ 35.406974731000105, 32.484017145000053 ], [ 35.407046912000169, 32.484041854000054 ], [ 35.40705258700018, 32.484043796000037 ], [ 35.407242402000179, 32.484108596000112 ], [ 35.407229023000014, 32.484302918000026 ], [ 35.407215685000153, 32.484439046999967 ], [ 35.407193030000144, 32.48457124600003 ], [ 35.407159611000168, 32.484722906000115 ], [ 35.407149492000087, 32.484768718000169 ], [ 35.407147594000151, 32.484777309000094 ], [ 35.407106653000028, 32.484986466000066 ], [ 35.407052196000052, 32.485250878000102 ], [ 35.406974870000056, 32.485546463000162 ], [ 35.406933769000091, 32.485682635000046 ], [ 35.406883909000101, 32.485919845000126 ], [ 35.406863370000053, 32.48603105799998 ], [ 35.406856631000153, 32.486067549000097 ], [ 35.406846455000164, 32.486128292000046 ], [ 35.406833986000095, 32.486203693000164 ], [ 35.406815647000087, 32.48625669900008 ], [ 35.406796815000178, 32.486310996000043 ], [ 35.406774673000086, 32.486374837000085 ], [ 35.406752015000166, 32.486507035000045 ], [ 35.406702138000071, 32.486736354000072 ], [ 35.406661156000041, 32.486926912000058 ], [ 35.406634019000194, 32.487063062000118 ], [ 35.406569650999984, 32.487280005000059 ], [ 35.406524169000136, 32.487466625000025 ], [ 35.406483294000054, 32.487629992000109 ], [ 35.40644687200006, 32.487777710000103 ], [ 35.406405927000151, 32.487909937000097 ], [ 35.406337513000153, 32.488100536000161 ], [ 35.406291921000104, 32.488236715000141 ], [ 35.406236800000102, 32.488424899999984 ], [ 35.406173655000089, 32.488669457000071 ], [ 35.406130732000179, 32.488809436 ], [ 35.406120363000127, 32.488843281000072 ], [ 35.406081370000038, 32.488970559000109 ], [ 35.406071629, 32.489002136000181 ], [ 35.406025864000071, 32.489135214000157 ], [ 35.405953111000144, 32.489318777000165 ], [ 35.405899224000052, 32.489463423000018 ], [ 35.405831937000073, 32.489637817000073 ], [ 35.405786631000069, 32.48975314300003 ], [ 35.405781506000096, 32.489766397000039 ], [ 35.40573724800015, 32.489869206000151 ], [ 35.405724271000054, 32.489899351000076 ], [ 35.405648856000141, 32.490083059000142 ], [ 35.405575522999982, 32.490229565 ], [ 35.405508139000119, 32.490360423000027 ], [ 35.40545157300005, 32.490495771000042 ], [ 35.405397680000135, 32.490638023000088 ], [ 35.40533321200013, 32.490810159000091 ], [ 35.405265728000018, 32.49097088700006 ], [ 35.405206508000106, 32.491110750000189 ], [ 35.405152674000078, 32.491280614 ], [ 35.405096303000164, 32.491429772000117 ], [ 35.405031680000036, 32.491608813000084 ], [ 35.404980187000149, 32.491785156000049 ], [ 35.404938230000141, 32.491960462000122 ], [ 35.404937344000018, 32.49196416400008 ], [ 35.404877972000122, 32.492111070000192 ], [ 35.404847918000087, 32.492205660000025 ], [ 35.404810759000156, 32.492322099000148 ], [ 35.404740841000034, 32.49251255900009 ], [ 35.404652018000036, 32.492726018000099 ], [ 35.404595434000157, 32.492854605000161 ], [ 35.404523506000089, 32.493038444000149 ], [ 35.40439838500015, 32.49322617200005 ], [ 35.40439523800012, 32.493230827 ], [ 35.404360327000177, 32.493306293000046 ], [ 35.404312986999969, 32.493408627000179 ], [ 35.404287597000177, 32.493586620000031 ], [ 35.40433585, 32.493761543000062 ], [ 35.404380472000128, 32.4939488710001 ], [ 35.404488356, 32.494332795000048 ], [ 35.404536583000038, 32.494495178000079 ], [ 35.404483904000188, 32.494589092000012 ], [ 35.404474805000063, 32.494605313000022 ], [ 35.4044594020001, 32.494632670999977 ], [ 35.404254338000044, 32.494756131000088 ], [ 35.404245366000168, 32.49476153300003 ], [ 35.404131633000077, 32.494830008000065 ], [ 35.404172551999977, 32.494995502000108 ], [ 35.404172857000106, 32.49513921900018 ], [ 35.404173094000043, 32.495328867000069 ], [ 35.404180759000042, 32.495494411000095 ], [ 35.404192379000108, 32.495797326000172 ], [ 35.404226008000137, 32.4959753710001 ], [ 35.404274361000148, 32.49619693 ], [ 35.404296936000151, 32.496415571000057 ], [ 35.404312161000121, 32.496615483000085 ], [ 35.404342319000079, 32.49688088900001 ], [ 35.404353723000156, 32.497083908000036 ], [ 35.404398363000098, 32.497357605000047 ], [ 35.404420909, 32.497560606000036 ], [ 35.404436071000021, 32.497732339000152 ], [ 35.404447418000188, 32.497907175000023 ], [ 35.40445545700004, 32.498169518000168 ], [ 35.404467041000146, 32.498456931000078 ], [ 35.40446766000008, 32.498668139000131 ], [ 35.404420529000163, 32.498825968000119 ], [ 35.40441053800015, 32.498859426000024 ], [ 35.404346256000167, 32.498965760000146 ], [ 35.404295231000106, 32.499052633000133 ], [ 35.404286887000126, 32.499067523000122 ], [ 35.404184917000066, 32.499249495000072 ], [ 35.40413639000019, 32.499367017000054 ], [ 35.404115115000138, 32.499418539000033 ], [ 35.404093279000108, 32.499471409000137 ], [ 35.404005111000117, 32.499605821000102 ], [ 35.403971288000037, 32.499650115000179 ], [ 35.403952387000174, 32.499674801000083 ], [ 35.403861693000124, 32.499793436000061 ], [ 35.403721948, 32.499990484000193 ], [ 35.403611682000133, 32.500131268000132 ], [ 35.403501170000027, 32.500314605000085 ], [ 35.403409284000077, 32.500499040000193 ], [ 35.40333590500012, 32.500630327000124 ], [ 35.403236676000176, 32.500802374000045 ], [ 35.403144929000177, 32.500974269000153 ], [ 35.403056638000066, 32.501130519000128 ], [ 35.402991946000043, 32.501202475000184 ], [ 35.402971402999981, 32.50123745000019 ], [ 35.402943344000107, 32.501256372000114 ], [ 35.402913156000068, 32.501290093000193 ], [ 35.402791791000084, 32.501374534000149 ], [ 35.402603782000028, 32.501471757000104 ], [ 35.402438030000042, 32.501559365000048 ], [ 35.402279685000167, 32.501609623000149 ], [ 35.402051105000055, 32.501628708000055 ], [ 35.40174869100008, 32.501641704000065 ], [ 35.401536721000127, 32.501652732000082 ], [ 35.401359926000168, 32.50170611700014 ], [ 35.401197787000172, 32.5017720190001 ], [ 35.401046812000175, 32.501850304000072 ], [ 35.400869957000054, 32.501956807000113 ], [ 35.400664592000169, 32.50194499700018 ], [ 35.400418132000027, 32.501920850000033 ], [ 35.400254008000161, 32.501912923000191 ], [ 35.399856165000188, 32.501930284000139 ], [ 35.399605185000041, 32.501971521000087 ], [ 35.399448304000089, 32.502008529000079 ], [ 35.399276944000121, 32.502039498999977 ], [ 35.399045259000047, 32.502084932000116 ], [ 35.398700093000116, 32.5021692790001 ], [ 35.398446857000124, 32.502245315000152 ], [ 35.398263910000139, 32.502301101000171 ], [ 35.398224396000103, 32.502313115000106 ], [ 35.39818381800012, 32.502325453000026 ], [ 35.39796185, 32.502407504000189 ], [ 35.397778449000043, 32.502485550000074 ], [ 35.397748948000185, 32.502495483000075 ], [ 35.397679255000185, 32.502518947000056 ], [ 35.397677262000116, 32.502519657000107 ], [ 35.397593686000107, 32.502547819000142 ], [ 35.397436782000113, 32.502574678000144 ], [ 35.397243632000084, 32.502601593000122 ], [ 35.396939398000143, 32.502620357000126 ], [ 35.396751097000106, 32.502579772000047 ], [ 35.396549397000115, 32.502571333000105 ], [ 35.396546569000066, 32.502571197000123 ], [ 35.396544576000167, 32.502572045000193 ], [ 35.396386015000132, 32.502632116000086 ], [ 35.396376939000049, 32.502635554000051 ], [ 35.396224936000181, 32.502701153000032 ], [ 35.396150606000106, 32.50274745400003 ], [ 35.396078471000067, 32.502792388000046 ], [ 35.395944696000129, 32.502848339000138 ], [ 35.395913837000137, 32.502861246000066 ], [ 35.395639224000035, 32.502974928000015 ], [ 35.395371453, 32.503102129000183 ], [ 35.395180928000173, 32.503194413000188 ], [ 35.39503376600004, 32.50327029000016 ], [ 35.394886783000061, 32.503352364000193 ], [ 35.394708224000112, 32.503442659000086 ], [ 35.394549096000105, 32.503522639000153 ], [ 35.394377845000065, 32.50360869300016 ], [ 35.39432083100013, 32.503638605000162 ], [ 35.394181518000039, 32.503711693000184 ], [ 35.394175041000153, 32.503715085000067 ], [ 35.394003982000129, 32.503813819000072 ], [ 35.393859293000105, 32.503881519000174 ], [ 35.39370727000005, 32.503938942000048 ], [ 35.393511816000057, 32.504061948000071 ], [ 35.393317078000109, 32.504129156000147 ], [ 35.393105237999976, 32.504206955000086 ], [ 35.392899568000018, 32.504295312000067 ], [ 35.39270421700013, 32.504387599000154 ], [ 35.392626645000121, 32.504427022000129 ], [ 35.392566682000052, 32.504457400000149 ], [ 35.392530459000113, 32.504470133000041 ], [ 35.392425574000072, 32.504506959000082 ], [ 35.392414813000187, 32.504510737000032 ], [ 35.392171075000078, 32.504603092000082 ], [ 35.392085197000085, 32.504643263000162 ], [ 35.392036019999978, 32.504666267000118 ], [ 35.39195163100004, 32.504705699000169 ], [ 35.391777858000125, 32.504779636000137 ], [ 35.391510063000112, 32.504900627000097 ], [ 35.391278478, 32.505001135999976 ], [ 35.391090235000149, 32.505075096000098 ], [ 35.39092256400005, 32.505124789000035 ], [ 35.390717711000093, 32.505208351000192 ], [ 35.390560069000173, 32.50528494200006 ], [ 35.390394230000027, 32.505337168000096 ], [ 35.390214688000128, 32.50535489300006 ], [ 35.390011832000027, 32.505355181000084 ], [ 35.389852032000135, 32.50535019400013 ], [ 35.38968608100015, 32.505345216000023 ], [ 35.389526284000169, 32.505342059000043 ], [ 35.389231124000105, 32.505330358000037 ], [ 35.38906100100013, 32.505318339000041 ], [ 35.388763818000143, 32.505292831000077 ], [ 35.388554784000064, 32.505279176000101 ], [ 35.388349905000098, 32.505263823000178 ], [ 35.388083838, 32.50525010399997 ], [ 35.387919866000118, 32.505236386000092 ], [ 35.387556973000017, 32.50519518700014 ], [ 35.387309005000134, 32.505167776000121 ], [ 35.387099968000143, 32.505152566999982 ], [ 35.386858154000038, 32.505126836000102 ], [ 35.386644949000072, 32.50510459000003 ], [ 35.386319841000159, 32.50508207300004 ], [ 35.386018677000095, 32.505061778000027 ], [ 35.385663975000057, 32.505041415000051 ], [ 35.385303365000084, 32.505060932000163 ], [ 35.385094369, 32.505068265000148 ], [ 35.38491414300006, 32.505075418000104 ], [ 35.384733758000095, 32.505087782000089 ], [ 35.384576019000122, 32.505115756000066 ], [ 35.384420558000159, 32.50520628400011 ], [ 35.384292193000078, 32.505292549000046 ], [ 35.384161193000068, 32.50539333100005 ], [ 35.384054815000184, 32.505501122000169 ], [ 35.383940348000181, 32.505638373000068 ], [ 35.383878507000134, 32.505733001000067 ], [ 35.383848334000049, 32.505779114000063 ], [ 35.383821074000082, 32.50582004000006 ], [ 35.383752332000086, 32.50592324500019 ], [ 35.383627597000157, 32.506083193999984 ], [ 35.383498921000182, 32.506269073 ], [ 35.383377743000096, 32.506465087000095 ], [ 35.383267291000038, 32.506616281000163 ], [ 35.38316718599998, 32.506790004000038 ], [ 35.383099915, 32.506915072000083 ], [ 35.383016053000176, 32.507061017000183 ], [ 35.382958928000164, 32.507187761000182 ], [ 35.382871138000041, 32.507366681000065 ], [ 35.382839882000098, 32.507426932000158 ], [ 35.382799897000098, 32.50750401200014 ], [ 35.38278548400001, 32.507531649000043 ], [ 35.382703123000056, 32.507679 ], [ 35.382621414000141, 32.507821417 ], [ 35.38252942600019, 32.50797779800007 ], [ 35.382400669000106, 32.508123663000163 ], [ 35.382235005000041, 32.508274928000162 ], [ 35.38206521800015, 32.508443532000058 ], [ 35.381859984000187, 32.508597953000162 ], [ 35.381856832000096, 32.508600492000085 ], [ 35.381836574000033, 32.508616159000042 ], [ 35.381712252000057, 32.50870058300012 ], [ 35.381617031000076, 32.508765244000074 ], [ 35.381452658000057, 32.508896783000182 ], [ 35.381237773000123, 32.509048116000031 ], [ 35.380998292000129, 32.509206384000152 ], [ 35.380818234000174, 32.509309060000078 ], [ 35.380674913000121, 32.509406471999966 ], [ 35.380474320000133, 32.509554261000062 ], [ 35.380204588000026, 32.509721163000165 ], [ 35.380066400000146, 32.509806028000185 ], [ 35.379924229000153, 32.509897379 ], [ 35.379889543000161, 32.509918313000128 ], [ 35.379778232000092, 32.509985494000091 ], [ 35.379632226000069, 32.510070368000015 ], [ 35.379355660000101, 32.510230374000116 ], [ 35.379294654000034, 32.510258329000067 ], [ 35.379109269000082, 32.510343279000153 ], [ 35.378878176000057, 32.510455741000044 ], [ 35.378656053000043, 32.510563682000168 ], [ 35.378504365000083, 32.510634051000068 ], [ 35.378287592000049, 32.510758470000098 ], [ 35.378050039000186, 32.510885168000129 ], [ 35.377820953000025, 32.511006502000043 ], [ 35.377683392000108, 32.511073892000127 ], [ 35.377383533000113, 32.511229839000123 ], [ 35.377194297000074, 32.511341187000085 ], [ 35.377159619000054, 32.511361591000025 ], [ 35.377112110000098, 32.511388000000181 ], [ 35.376997490000065, 32.511451555000178 ], [ 35.376822892000177, 32.511544354000137 ], [ 35.376660750000042, 32.511628402000156 ], [ 35.376479137000047, 32.51170486400008 ], [ 35.376299643000095, 32.511756808000143 ], [ 35.37615858099997, 32.511819834 ], [ 35.37600175100016, 32.511900773000036 ], [ 35.375827144000027, 32.511989203000098 ], [ 35.375659656000039, 32.512059587000067 ], [ 35.375502621000066, 32.512118123999983 ], [ 35.375306860000137, 32.512188685000069 ], [ 35.375088199000061, 32.512284498000099 ], [ 35.374941868000121, 32.512377398000126 ], [ 35.374788520000038, 32.512452415000041 ], [ 35.374628671000039, 32.512519409000049 ], [ 35.37445222600013, 32.512604879000037 ], [ 35.374305916000083, 32.512709614000073 ], [ 35.374164931000053, 32.512817443000017 ], [ 35.374054036000018, 32.512922272000083 ], [ 35.3739235540001, 32.513045023000018 ], [ 35.373782594000147, 32.513167785000064 ], [ 35.373627551000027, 32.513318887000139 ], [ 35.373513034000041, 32.513443165000126 ], [ 35.373388627000111, 32.513525186000095 ], [ 35.373210548000031, 32.513627144000168 ], [ 35.37307488600004, 32.513737922000075 ], [ 35.372893397000041, 32.513889057000085 ], [ 35.372766543000182, 32.513995456000089 ], [ 35.37265546600014, 32.514092677000065 ], [ 35.372514471000102, 32.514197545000172 ], [ 35.37237510600005, 32.514282825000123 ], [ 35.372190027999977, 32.514378729999976 ], [ 35.372019603000183, 32.514487721000023 ], [ 35.371869609000044, 32.514580621999983 ], [ 35.371695188999979, 32.514686942000083 ], [ 35.371506463000173, 32.514790317 ], [ 35.371262402000184, 32.514916872000128 ], [ 35.371093108000025, 32.515006696000057 ], [ 35.370899074000135, 32.515117548000035 ], [ 35.370722811000178, 32.515216397000131 ], [ 35.370488181000155, 32.515316871999971 ], [ 35.370264190000171, 32.515414375000148 ], [ 35.370048987000018, 32.515499748000025 ], [ 35.369853230999979, 32.515577768000071 ], [ 35.369705985000053, 32.515629522000097 ], [ 35.369277546000092, 32.515782791000106 ], [ 35.369102062000138, 32.515853039000035 ], [ 35.36893007000009, 32.515923138000062 ], [ 35.36876155300007, 32.515984639000067 ], [ 35.368603344000064, 32.516043168000067 ], [ 35.36842085700016, 32.516104544000143 ], [ 35.368162913000106, 32.516189402000066 ], [ 35.367922091000082, 32.516268464 ], [ 35.367626261000112, 32.516370842000129 ], [ 35.367492027000026, 32.516446809000115 ], [ 35.367282306000163, 32.516531609000026 ], [ 35.367103291000035, 32.516581425000084 ], [ 35.366755739000041, 32.516680905000158 ], [ 35.366473689000145, 32.516771707000032 ], [ 35.36626727100014, 32.516841847000137 ], [ 35.366043580000166, 32.516926660000138 ], [ 35.365885401000128, 32.517005614000084 ], [ 35.365710039000192, 32.517052466000052 ], [ 35.365514045000168, 32.517094129000043 ], [ 35.365324683000097, 32.517123526999967 ], [ 35.365107881000142, 32.517152957000121 ], [ 35.364891094000029, 32.517191121000053 ], [ 35.364608965000059, 32.517235142000061 ], [ 35.364309543000161, 32.517282143000159 ], [ 35.364027251000039, 32.517329123000138 ], [ 35.363848360000077, 32.517355685000041 ], [ 35.363676283000132, 32.517379141000163 ], [ 35.363438878000125, 32.51742028700005 ], [ 35.363228900000024, 32.517452524000134 ], [ 35.36296389600011, 32.517496661000109 ], [ 35.362760915000081, 32.517537624000056 ], [ 35.362571556000148, 32.517569975000185 ], [ 35.362337480000122, 32.517613934000167 ], [ 35.362151776000076, 32.517643321000037 ], [ 35.361814437000135, 32.517690360000074 ], [ 35.361645835000047, 32.517705215000149 ], [ 35.361332773000072, 32.517750816000103 ], [ 35.361136601000169, 32.517786131000094 ], [ 35.360895694000021, 32.517821358999981 ], [ 35.360727082000096, 32.51783029500001 ], [ 35.360496502000046, 32.517877203000182 ], [ 35.360327858000119, 32.517967860000113 ], [ 35.360166346000085, 32.518046669000171 ], [ 35.359935870000186, 32.518154869000057 ], [ 35.359708737000176, 32.518277577000106 ], [ 35.359464575, 32.51835648600013 ], [ 35.359202941000035, 32.518429777000051 ], [ 35.359018254000148, 32.518475502000058 ], [ 35.358838401000071, 32.518525873000044 ], [ 35.358655049, 32.5185704700001 ], [ 35.358475333000058, 32.518604776000075 ], [ 35.358288480000169, 32.518646419000049 ], [ 35.35808764900014, 32.518682155000192 ], [ 35.357873005000158, 32.518713403000106 ], [ 35.357701760000111, 32.518740230999981 ], [ 35.357536006000032, 32.518768603000012 ], [ 35.357307405000086, 32.518806205000146 ], [ 35.357118707000097, 32.518838970000104 ], [ 35.356940631999976, 32.518859887000133 ], [ 35.35673113200005, 32.518882250000104 ], [ 35.356565189000094, 32.518897235 ], [ 35.35635402000014, 32.518918189000146 ], [ 35.355968087000065, 32.518949771000109 ], [ 35.355587300000138, 32.518973875000142 ], [ 35.355388251000079, 32.518981429000064 ], [ 35.355215477000172, 32.518989233000184 ], [ 35.354927293000117, 32.51899843700005 ], [ 35.354597206000108, 32.51900909800014 ], [ 35.354398153000034, 32.519013832000155 ], [ 35.35408202300016, 32.519018557000095 ], [ 35.353841078000073, 32.519033624000031 ], [ 35.353596617000164, 32.519033899000135 ], [ 35.353399195000179, 32.519019326000091 ], [ 35.35324763300008, 32.518979199000057 ], [ 35.353006537000169, 32.518898173000082 ], [ 35.352772470000104, 32.518843765000042 ], [ 35.35245091000013, 32.518777481000086 ], [ 35.352209874999971, 32.518734915000095 ], [ 35.352028200000177, 32.518684816000132 ], [ 35.351837675000127, 32.518614017000061 ], [ 35.35163872600009, 32.518578026000171 ], [ 35.351333017000115, 32.518544407000149 ], [ 35.35106056300009, 32.518509202000132 ], [ 35.350810682000144, 32.518444384000134 ], [ 35.350562621000108, 32.518372235000129 ], [ 35.350358154000162, 32.518316242000026 ], [ 35.350185119000173, 32.518261763 ], [ 35.349904035000179, 32.518235442000048 ], [ 35.349682559000144, 32.518257664000146 ], [ 35.349403259000098, 32.51831122800013 ], [ 35.349167507000175, 32.518351359000178 ], [ 35.348956207000072, 32.518394564000062 ], [ 35.348724142000151, 32.518452443000172 ], [ 35.348551254000085, 32.518494056000122 ], [ 35.34836272299998, 32.518528216000107 ], [ 35.348132496000062, 32.518594125000163 ], [ 35.347941857000194, 32.518664217000094 ], [ 35.347774304999973, 32.518716811 ], [ 35.347552728000039, 32.518784681000113 ], [ 35.347336294000058, 32.518841696000152 ], [ 35.347130140000047, 32.518881229000101 ], [ 35.346944606000193, 32.518918482000117 ], [ 35.346756423000159, 32.518964617999984 ], [ 35.346578712999985, 32.519006232000095 ], [ 35.346416445000102, 32.519035993000159 ], [ 35.346179180999968, 32.519066822000127 ], [ 35.345926653000049, 32.519121619000089 ], [ 35.345730828000114, 32.519174242000133 ], [ 35.345532350000042, 32.519231234000017 ], [ 35.345341691000158, 32.519290333000015 ], [ 35.345133042000043, 32.519329862 ], [ 35.344877822000058, 32.519365075000167 ], [ 35.344534951000185, 32.519393757000046 ], [ 35.344230807000088, 32.51940718000003 ], [ 35.344032257000151, 32.519416126000067 ], [ 35.343784793000111, 32.519409903000167 ], [ 35.343550615000083, 32.519392255000128 ], [ 35.343372812000041, 32.519372856000189 ], [ 35.343091706000052, 32.519333838000193 ], [ 35.342893106000133, 32.519307836000166 ], [ 35.342529506000062, 32.519262282000113 ], [ 35.342351691000033, 32.519234146000088 ], [ 35.34206540200006, 32.51917554500011 ], [ 35.341895199000078, 32.519121052000173 ], [ 35.341608854000128, 32.519020887000124 ], [ 35.341379368000162, 32.518912068000077 ], [ 35.341165215999979, 32.518824930000164 ], [ 35.341002634000063, 32.518748730000084 ], [ 35.340853018000132, 32.51867026400015 ], [ 35.340713717000028, 32.518593899000166 ], [ 35.340561939000111, 32.51851416400001 ], [ 35.340304019000087, 32.518405370000096 ], [ 35.340066735000164, 32.51830515100005 ], [ 35.339834468000049, 32.518224653000175 ], [ 35.339571436000142, 32.518144045000042 ], [ 35.339290279000011, 32.518063595000172 ], [ 35.339006630000085, 32.517985259000056 ], [ 35.338844259000098, 32.517939632000093 ], [ 35.338565596000024, 32.517859037000107 ], [ 35.338325858000076, 32.517785164000088 ], [ 35.338060150000103, 32.517691452000179 ], [ 35.33783884200011, 32.517596990000186 ], [ 35.33765048000015, 32.517514187000188 ], [ 35.337449276000029, 32.517407448000142 ], [ 35.337214669000048, 32.517315956000175 ], [ 35.337011006000182, 32.517231902000162 ], [ 35.336822825000183, 32.51715825600013 ], [ 35.336652451000077, 32.517096430000151 ], [ 35.336505873000021, 32.517044583000029 ], [ 35.336349300000165, 32.516981052000176 ], [ 35.336170944000116, 32.516919093000126 ], [ 35.336024352000095, 32.516857240999968 ], [ 35.33587776100012, 32.51679525100019 ], [ 35.335703391000095, 32.516728353000133 ], [ 35.335538986000074, 32.51665313400008 ], [ 35.335379189999969, 32.516539868000109 ], [ 35.335256147000052, 32.516429383000116 ], [ 35.335087750000014, 32.516352335000136 ], [ 35.334885816000053, 32.516315617000089 ], [ 35.33472332000008, 32.516295628000137 ], [ 35.334414499000047, 32.516287616 ], [ 35.3342342360001, 32.516287791000138 ], [ 35.334087659000147, 32.516234250000025 ], [ 35.334068018000039, 32.516221870000095 ], [ 35.334054877000085, 32.51621878200018 ], [ 35.334049263000168, 32.516212683000106 ], [ 35.334043217000044, 32.516206113000123 ], [ 35.334041540000158, 32.516205054000125 ], [ 35.333903745000043, 32.516118046000031 ], [ 35.333776922000141, 32.516039408000097 ], [ 35.333698370000036, 32.515995946000032 ], [ 35.333552923000127, 32.515915493000023 ], [ 35.333321100000035, 32.515784961000065 ], [ 35.333156692000159, 32.515704667000193 ], [ 35.333017895000125, 32.515622515000132 ], [ 35.332869280000182, 32.515538823000156 ], [ 35.332673144000069, 32.515480399000126 ], [ 35.332467273000191, 32.515482145000078 ], [ 35.33227924, 32.515514309000082 ], [ 35.332124808, 32.515556304000086 ], [ 35.331909003000192, 32.515591451000034 ], [ 35.331870416000129, 32.51558500800013 ], [ 35.331849699000088, 32.515581596000061 ], [ 35.331707081, 32.515558111000132 ], [ 35.331620122000174, 32.515549077000117 ], [ 35.331608953000057, 32.515547917 ], [ 35.331530783000176, 32.515539819000026 ], [ 35.331370474000153, 32.515538282000193 ], [ 35.331192251000061, 32.51557029300011 ], [ 35.331017995000025, 32.515585535000127 ], [ 35.330833862000134, 32.51555048400013 ], [ 35.330811897, 32.515541770000141 ], [ 35.33078325200006, 32.515530439000145 ], [ 35.330673304000186, 32.515486949000092 ], [ 35.330441517000111, 32.515379802000041 ], [ 35.330302820999975, 32.51532035800011 ], [ 35.330280787000106, 32.515310914000054 ], [ 35.330187945000091, 32.51527112600013 ], [ 35.329997771000137, 32.515195783000024 ], [ 35.329727075000164, 32.515089800000055 ], [ 35.329586477000078, 32.515029486000174 ], [ 35.329378309000049, 32.514924005000069 ], [ 35.329213938000066, 32.514865546000124 ], [ 35.329033787000128, 32.514822035000179 ], [ 35.328865232000169, 32.514745118000121 ], [ 35.328696999000158, 32.514659749000089 ], [ 35.328686352000091, 32.51465595500008 ], [ 35.328549192000139, 32.514603556000111 ], [ 35.328538446000096, 32.514599451000038 ], [ 35.328375895000079, 32.51453422600008 ], [ 35.328195724000182, 32.514473946000066 ], [ 35.32798010700003, 32.51439425600006 ], [ 35.327819727000076, 32.514335788000153 ], [ 35.327597799000159, 32.514262163000012 ], [ 35.327529963000075, 32.514247687000079 ], [ 35.327499826000178, 32.514241256000162 ], [ 35.327494005000119, 32.514239995000139 ], [ 35.327433957000096, 32.514225677000013 ], [ 35.327162159000181, 32.514165340000091 ], [ 35.327007801000036, 32.514135189000172 ], [ 35.326843783000129, 32.514090957000064 ], [ 35.326604736000149, 32.514023261000148 ], [ 35.326358531000153, 32.513948103000132 ], [ 35.326171886000054, 32.513895155000057 ], [ 35.325976253000135, 32.513836155000149 ], [ 35.325798243000122, 32.513772770000116 ], [ 35.325597647000052, 32.513734486000146 ], [ 35.325413016000141, 32.513695623000046 ], [ 35.325257654999973, 32.513657297000066 ], [ 35.325084786000161, 32.513583623000045 ], [ 35.324863214000118, 32.513524644000029 ], [ 35.324658942000099, 32.513470158000132 ], [ 35.324472317000016, 32.513430450000044 ], [ 35.324283683000033, 32.513381868000124 ], [ 35.324011538000036, 32.513306729000192 ], [ 35.323833369000113, 32.513246300999981 ], [ 35.323580546000073, 32.513197071000036 ], [ 35.323296123000034, 32.513141104000113 ], [ 35.323020342000063, 32.513080762000072 ], [ 35.322845850000192, 32.513036673000045 ], [ 35.322664382000085, 32.51299836700008 ], [ 35.32237462500018, 32.512932118000037 ], [ 35.322053610000182, 32.512868853000043 ], [ 35.321863339000174, 32.512839430000156 ], [ 35.32167371100013, 32.512790563000124 ], [ 35.321490569000048, 32.512743379000142 ], [ 35.321249708000096, 32.5126786350001 ], [ 35.321017484000095, 32.512609374000135 ], [ 35.320774944999982, 32.51253420300003 ], [ 35.320523611000169, 32.512473834000104 ], [ 35.320404679000092, 32.512443360000077 ], [ 35.320304044000011, 32.512417664000111 ], [ 35.320296698000107, 32.512415471000168 ], [ 35.320071990000031, 32.512348398000029 ], [ 35.319839793000085, 32.512298439000062 ], [ 35.319565834000059, 32.512229210000157 ], [ 35.319351106000056, 32.512187968000092 ], [ 35.319063177000146, 32.512115792000145 ], [ 35.318926263000151, 32.512103246000038 ], [ 35.318892547000019, 32.512100156000088 ], [ 35.318850806000057, 32.512096246000169 ], [ 35.318646562000026, 32.512060912000038 ], [ 35.318484387000183, 32.512022726999987 ], [ 35.318283632000032, 32.511981473000162 ], [ 35.318075869000154, 32.511922470000172 ], [ 35.31792582900016, 32.511881312000128 ], [ 35.317650078000156, 32.511840119000169 ], [ 35.317404071000169, 32.511781289000112 ], [ 35.317370636000135, 32.511771877000058 ], [ 35.317336070000124, 32.511762139000098 ], [ 35.317156719000138, 32.51171161100001 ], [ 35.316990892000149, 32.51167765100007 ], [ 35.316919336000126, 32.511711664000131 ], [ 35.316910122000081, 32.511716044000138 ], [ 35.316654015000097, 32.511838133000026 ], [ 35.316491328000041, 32.511786277000169 ], [ 35.316153435000047, 32.511789234000162 ], [ 35.315981441000019, 32.511742455999979 ], [ 35.315781859000026, 32.511708807000161 ], [ 35.315437776000067, 32.511677949999978 ], [ 35.315278125000134, 32.511665119999975 ], [ 35.315100019000113, 32.511652162000189 ], [ 35.314866525000184, 32.51162896400001 ], [ 35.31450115500013, 32.511595445000182 ], [ 35.314326036000125, 32.511577413000111 ], [ 35.314089540999987, 32.511546466000141 ], [ 35.313856219000058, 32.511525802 ], [ 35.313598097000181, 32.511486980000029 ], [ 35.313319524000178, 32.51144789500006 ], [ 35.313153717000034, 32.511429853000152 ], [ 35.312938851000183, 32.511406636000117 ], [ 35.312717648000103, 32.51137032000014 ], [ 35.312527220000163, 32.511341870000081 ], [ 35.312198571000067, 32.511282391000066 ], [ 35.31199582000005, 32.51123831000001 ], [ 35.311762478000105, 32.511199466 ], [ 35.311596491000159, 32.511168317 ], [ 35.311384589, 32.511119170000143 ], [ 35.311212602000069, 32.511075064000011 ], [ 35.310972932000141, 32.51102847500016 ], [ 35.310750900000073, 32.510990888000151 ], [ 35.310538342000086, 32.510950617000105 ], [ 35.310486614000069, 32.51093811800007 ], [ 35.31044072200018, 32.510926977000111 ], [ 35.31029799900017, 32.510892331000093 ], [ 35.310120707000067, 32.510864009000045 ], [ 35.309900514000049, 32.51083304000008 ], [ 35.309738500000151, 32.510786531000065 ], [ 35.309521442000118, 32.510734988000138 ], [ 35.309279943000149, 32.510686000000192 ], [ 35.309056717000146, 32.510618824000119 ], [ 35.308900878000145, 32.51059048400009 ], [ 35.308699132000129, 32.510549213000104 ], [ 35.308420877000117, 32.510492504000126 ], [ 35.308235578000165, 32.510437553000145 ], [ 35.307936032000043, 32.51040728300012 ], [ 35.307929748000049, 32.510406648000128 ], [ 35.307858725000131, 32.510389232000136 ], [ 35.307853072000114, 32.510387827000102 ], [ 35.307761589000108, 32.510365351000189 ], [ 35.307608731000073, 32.510324045000175 ], [ 35.307434574000126, 32.510269929000117 ], [ 35.307226634000131, 32.510189775000072 ], [ 35.307070619000115, 32.510151006000115 ], [ 35.306905641000128, 32.510125345000063 ], [ 35.306709893000118, 32.510097031000043 ], [ 35.306483712000158, 32.510063527000113 ], [ 35.306288134000113, 32.510035213000037 ], [ 35.306012109000108, 32.510039928000026 ], [ 35.305725991000088, 32.510095371000034 ], [ 35.305421209000087, 32.510110393000048 ], [ 35.305240611000045, 32.510095731000092 ], [ 35.305029402000059, 32.510070104000192 ], [ 35.304713776000085, 32.510051878000127 ], [ 35.304537512000081, 32.51004651400018 ], [ 35.30420010500012, 32.510030136000069 ], [ 35.303989076000164, 32.510015636000105 ], [ 35.30381928200012, 32.509997303000091 ], [ 35.303592787000127, 32.509980840000082 ], [ 35.303364461000058, 32.509962550000182 ], [ 35.303151099, 32.509942415000182 ], [ 35.302881198000136, 32.509918658000117 ], [ 35.302615631000094, 32.509905887000173 ], [ 35.302397957000039, 32.509896883000181 ], [ 35.302219514000114, 32.509876722000172 ], [ 35.301858171000163, 32.509869512000137 ], [ 35.301599100000089, 32.509866033000094 ], [ 35.301412035000169, 32.509871662000137 ], [ 35.301092115000188, 32.509881188000179 ], [ 35.300911528000086, 32.509877652000057 ], [ 35.300724291000108, 32.50987412000012 ], [ 35.300560992000044, 32.509866767000176 ], [ 35.30023239000019, 32.509839384000088 ], [ 35.299786233000134, 32.509821237000097 ], [ 35.299607659000117, 32.509834324000053 ], [ 35.299411782000163, 32.509839957000054 ], [ 35.299226862000125, 32.509827120000182 ], [ 35.299041777000184, 32.509814427000094 ], [ 35.29883291900012, 32.509807104000117 ], [ 35.298654316000182, 32.50979257400013 ], [ 35.298426351000046, 32.50980188900013 ], [ 35.298265229000037, 32.50980763400014 ], [ 35.297988866000026, 32.50980965600013 ], [ 35.297657959000048, 32.509806077000121 ], [ 35.297414178000054, 32.509795252000174 ], [ 35.29713996400011, 32.509780642000067 ], [ 35.296965853000188, 32.509767938000039 ], [ 35.296756825000102, 32.509756948000017 ], [ 35.296524024000121, 32.509751610000137 ], [ 35.296309034000103, 32.509768239000152 ], [ 35.296097860000032, 32.509772044000044 ], [ 35.295832300000086, 32.509768557000029 ], [ 35.295571239000083, 32.509772395000141 ], [ 35.295301357000142, 32.509767079000085 ], [ 35.295104482000113, 32.509769885000139 ], [ 35.294922563000057, 32.509766766000155 ], [ 35.294697909000092, 32.509758316000159 ], [ 35.294517832000054, 32.509766466000087 ], [ 35.294337768000048, 32.509792511000057 ], [ 35.294228029000124, 32.50979962700012 ], [ 35.294161520000046, 32.50980403900013 ], [ 35.294160931000079, 32.509804074000044 ], [ 35.293889496000133, 32.50982041900005 ], [ 35.293671184000175, 32.509840005000058 ], [ 35.293447058000083, 32.509867764000148 ], [ 35.293234419000157, 32.509910173000037 ], [ 35.292966231000037, 32.509941062000166 ], [ 35.292823220000173, 32.509962498000164 ], [ 35.292801967000116, 32.509965684000065 ], [ 35.292710523000153, 32.509981101 ], [ 35.29252232000016, 32.51001292400008 ], [ 35.292306368000027, 32.510070547000112 ], [ 35.292282927000144, 32.510076761000107 ], [ 35.292249180999988, 32.510086505000061 ], [ 35.292053018000047, 32.510146230000089 ], [ 35.291874796000059, 32.510183681000058 ], [ 35.291720665000184, 32.510199982000074 ], [ 35.291717837000078, 32.51020026600014 ], [ 35.29161673100009, 32.51021194700013 ], [ 35.291551071000185, 32.510219533000054 ], [ 35.291353712999978, 32.510244033000106 ], [ 35.291282392000028, 32.510275258000092 ], [ 35.291253483000048, 32.510287915000163 ], [ 35.291170872000066, 32.510324038000078 ], [ 35.290938592000032, 32.510345037000093 ], [ 35.290915979000033, 32.510347024000168 ], [ 35.290887550000036, 32.510354226000061 ], [ 35.290680406000149, 32.510407195000084 ], [ 35.290490881000039, 32.510452681000118 ], [ 35.290274411000041, 32.510490154000138 ], [ 35.290084725000156, 32.510542263000104 ], [ 35.28993144400016, 32.510579557000142 ], [ 35.289568164000116, 32.510640649000038 ], [ 35.289390103000073, 32.510678095000117 ], [ 35.289160178000145, 32.510730088000059 ], [ 35.288982122000164, 32.510772468000027 ], [ 35.28880972200011, 32.510816390000116 ], [ 35.288585620000049, 32.510876549000045 ], [ 35.288143077000086, 32.511003345000063 ], [ 35.287898516000041, 32.511059289000059 ], [ 35.287707012000169, 32.511127459000193 ], [ 35.287546082000176, 32.511169823000159 ], [ 35.28718981500009, 32.511268948000065 ], [ 35.286952260000078, 32.51134869800012 ], [ 35.286699403000171, 32.511429864000092 ], [ 35.286431262000121, 32.511522593 ], [ 35.285838109000167, 32.511716116000116 ], [ 35.285217484000043, 32.511869072000025 ], [ 35.284993199000041, 32.511915274000103 ], [ 35.284899362000033, 32.511934576999977 ], [ 35.284355761000086, 32.512046397000177 ], [ 35.284162252000158, 32.512108643000033 ], [ 35.28394647600004, 32.51219175600005 ], [ 35.283755292000023, 32.512248366000108 ], [ 35.283577226000034, 32.512286085000142 ], [ 35.28338370300014, 32.51233142600006 ], [ 35.28314130800004, 32.512397503000102 ], [ 35.282990021000046, 32.512442816000032 ], [ 35.282745465000062, 32.512512699000069 ], [ 35.282516372000032, 32.512578768000083 ], [ 35.282362925000029, 32.512627888000054 ], [ 35.282156098000087, 32.512675062000085 ], [ 35.281875951000075, 32.512738481000099 ], [ 35.281449015000078, 32.512859185000138 ], [ 35.281237693000037, 32.512900866000109 ], [ 35.281046336000088, 32.512953669000126 ], [ 35.280868452000107, 32.513014071000157 ], [ 35.280643855000108, 32.513091406000058 ], [ 35.280468112, 32.513123485000165 ], [ 35.280203419000031, 32.513176465000072 ], [ 35.279978794000044, 32.513219843000115 ], [ 35.27973191600006, 32.51330296600014 ], [ 35.279500652000081, 32.51336339400018 ], [ 35.279287840000052, 32.513416627000083 ], [ 35.279067540000142, 32.513463805000072 ], [ 35.278856225000141, 32.513514780000094 ], [ 35.278611659000148, 32.513579018000087 ], [ 35.278395862000139, 32.513645074000067 ], [ 35.27814231900004, 32.513711148000027 ], [ 35.27771539600019, 32.513865797000108 ], [ 35.27746933800006, 32.513938487000075 ], [ 35.277309227000046, 32.513974359000031 ], [ 35.276993323, 32.514042294000035 ], [ 35.276735282000061, 32.514102732000083 ], [ 35.276550742999973, 32.514165102000106 ], [ 35.276363869000136, 32.514216063000106 ], [ 35.276179331000151, 32.514280125000084 ], [ 35.276030208000179, 32.514340506000053 ], [ 35.275858948000064, 32.514366942000095 ], [ 35.275648630000035, 32.514426224000033 ], [ 35.275426172000095, 32.514484669000126 ], [ 35.275212698000018, 32.514548885000124 ], [ 35.274912431000132, 32.514628221000123 ], [ 35.274721071000101, 32.514690452000025 ], [ 35.274494324000102, 32.51480173300007 ], [ 35.273897447000024, 32.514965049000125 ], [ 35.273702602000128, 32.51503813 ], [ 35.273534520999988, 32.515100769000128 ], [ 35.273358134000091, 32.515172010000072 ], [ 35.273169441000164, 32.515246778000062 ], [ 35.27297061600018, 32.515337190000082 ], [ 35.27268151200002, 32.515457234000053 ], [ 35.272456074000047, 32.515542445000108 ], [ 35.27218326000019, 32.515650222000033 ], [ 35.271970127000088, 32.515735429000074 ], [ 35.271320247000119, 32.515988931000095 ], [ 35.270768629000145, 32.516218431000084 ], [ 35.270467206000149, 32.516321002000097 ], [ 35.27005107399998, 32.516484497000079 ], [ 35.269569100000069, 32.51667056499997 ], [ 35.269268172000068, 32.516777643000125 ], [ 35.268714536000061, 32.516986423 ], [ 35.268333143000064, 32.517134114000044 ], [ 35.268064645000038, 32.51724540400005 ], [ 35.267775519000111, 32.517349798000168 ], [ 35.267560204000119, 32.517415832000097 ], [ 35.267326607000086, 32.517498643000124 ], [ 35.267021175000025, 32.517592614000193 ], [ 35.266775112000175, 32.517686562000108 ], [ 35.266467534000128, 32.517806458000109 ], [ 35.266092278000031, 32.517938643000093 ], [ 35.265635049000082, 32.518093402000034 ], [ 35.265290563000178, 32.518237688000056 ], [ 35.264995619000103, 32.518355180000185 ], [ 35.264601897000034, 32.518482155000129 ], [ 35.264444107000145, 32.518532522000157 ], [ 35.264230780000162, 32.518593478000184 ], [ 35.263999015000081, 32.518692483000109 ], [ 35.263406464000184, 32.51893761000008 ], [ 35.263038871000049, 32.519112613000061 ], [ 35.262675088000037, 32.519258873000126 ], [ 35.262339559999987, 32.519378631000052 ], [ 35.262000710000052, 32.51950360100011 ], [ 35.261696607000033, 32.519620667000027 ], [ 35.261473808000119, 32.519703038000159 ], [ 35.26093760100008, 32.519913187000043 ], [ 35.260192697000093, 32.520157933000064 ], [ 35.260023930999978, 32.52021421600017 ], [ 35.259596767000176, 32.520344145000024 ], [ 35.259202029000051, 32.520464199000173 ], [ 35.258825427000147, 32.520609745000115 ], [ 35.258533300000011, 32.520742580000046 ], [ 35.258334436000098, 32.520811554000034 ], [ 35.258087350999972, 32.520893365000177 ], [ 35.257864554000093, 32.520990384000129 ], [ 35.257677664000084, 32.521064425000077 ], [ 35.257461017000026, 32.521152987000164 ], [ 35.257210944000065, 32.521252552000135 ], [ 35.257015067000111, 32.521313771000109 ], [ 35.256761997000126, 32.521403190000171 ], [ 35.256521067000051, 32.521495142000106 ], [ 35.256301085000189, 32.521576939000056 ], [ 35.255993813000146, 32.521702026000185 ], [ 35.255707652000183, 32.521804275000193 ], [ 35.255328051000106, 32.521957422000185 ], [ 35.255005808000192, 32.522077437000064 ], [ 35.254626206000069, 32.522240867999983 ], [ 35.254388104000043, 32.522340564000103 ], [ 35.254374195000082, 32.522346387000141 ], [ 35.254217674000188, 32.522411916000124 ], [ 35.254162303000101, 32.522435040000062 ], [ 35.253668964000099, 32.52263274500018 ], [ 35.253571689000125, 32.522667579000029 ], [ 35.253433844000142, 32.522717080000177 ], [ 35.253386114000136, 32.52273518800007 ], [ 35.253204879000123, 32.52280394700017 ], [ 35.253018145000112, 32.522870372000057 ], [ 35.252753089000066, 32.522954574999972 ], [ 35.252564370000186, 32.523044809000169 ], [ 35.252422040000113, 32.52310981100004 ], [ 35.252272575000063, 32.523208627000031 ], [ 35.252111973000126, 32.523326188999988 ], [ 35.251955205000115, 32.523459106000075 ], [ 35.251820208000026, 32.523567218000153 ] ] ], [ [ [ 34.559441236000055, 31.527266036000128 ], [ 34.559610258000191, 31.527683946000082 ], [ 34.560259710000082, 31.528221045 ], [ 34.561564254000189, 31.529246169000089 ], [ 34.562683931000038, 31.530059024000138 ], [ 34.563843273000032, 31.530746778000037 ], [ 34.564264810000168, 31.53109333000009 ], [ 34.565209850000031, 31.532044171000166 ], [ 34.565947125000037, 31.532816063000098 ], [ 34.566499356000122, 31.533829497000113 ], [ 34.566775068000027, 31.534633430000099 ], [ 34.566801070000054, 31.535348232000047 ], [ 34.566886885000145, 31.536046857000031 ], [ 34.567153253000185, 31.53708889100011 ], [ 34.567510433000052, 31.538343244000089 ], [ 34.567870672000083, 31.539366837000102 ], [ 34.568023765000078, 31.539987232000044 ], [ 34.567923733000157, 31.540770020000139 ], [ 34.567622222000125, 31.541513365000071 ], [ 34.566901324000185, 31.542070169000169 ], [ 34.564718788000107, 31.543525907000173 ], [ 34.5640461590001, 31.543991322000068 ], [ 34.562904572000093, 31.544878652000079 ], [ 34.56117988900013, 31.545815342000139 ], [ 34.559341298000106, 31.546877056000085 ], [ 34.557820593000145, 31.547829429000103 ], [ 34.557149174000131, 31.548319787000139 ], [ 34.556700163000187, 31.548674215000176 ], [ 34.556357565000098, 31.549147675000086 ], [ 34.555850290000137, 31.549469276000139 ], [ 34.554962793000129, 31.550038400000176 ], [ 34.553794580000044, 31.550896252000086 ], [ 34.553221341000096, 31.551253246000158 ], [ 34.552927743000168, 31.551600614999984 ], [ 34.552493886000036, 31.552332256000057 ], [ 34.551988993000123, 31.552892395000129 ], [ 34.551302421000116, 31.553420176000031 ], [ 34.548507996000126, 31.555237030000058 ], [ 34.546884915000192, 31.556505786000059 ], [ 34.545896343000152, 31.557393865000108 ], [ 34.545180692000145, 31.557840838 ], [ 34.544248826000171, 31.558374927000102 ], [ 34.542596903000174, 31.559279047000075 ], [ 34.53989839400009, 31.561274969000067 ], [ 34.537531157000046, 31.563068051000073 ], [ 34.535009773000183, 31.564913198000056 ], [ 34.53294882900019, 31.566394927000033 ], [ 34.530276444000094, 31.568185652000125 ], [ 34.527510855000173, 31.570237020000036 ], [ 34.524773164000067, 31.572186244000193 ], [ 34.52274434800006, 31.573536452000155 ], [ 34.519834925000112, 31.575524871000141 ], [ 34.516576119000149, 31.577862187000051 ], [ 34.513656186000048, 31.579834985000048 ], [ 34.511197174000131, 31.58157433100007 ], [ 34.509382319000167, 31.582821196000111 ], [ 34.507817876000161, 31.583857205000129 ], [ 34.505818006000027, 31.585442384000089 ], [ 34.50375632000015, 31.586793238000155 ], [ 34.500022244000093, 31.589408479999975 ], [ 34.497868439000172, 31.591045281000163 ], [ 34.495499756000186, 31.592655269000147 ], [ 34.493615742000088, 31.593984984000087 ], [ 34.491457288000049, 31.594919346000154 ], [ 34.491454581000085, 31.594915687000139 ], [ 34.490289682000082, 31.593341150000128 ], [ 34.488656046000074, 31.591029406000189 ], [ 34.487567672000068, 31.589401023000164 ], [ 34.486899767000182, 31.588769279000132 ], [ 34.486325426000178, 31.587902583000186 ], [ 34.483955528000024, 31.584733150000034 ], [ 34.482955170000025, 31.5836023600001 ], [ 34.482380088000014, 31.58284029500004 ], [ 34.481714706000048, 31.581894563000105 ], [ 34.480775976000189, 31.580711778000193 ], [ 34.47989801000017, 31.579581668000117 ], [ 34.478655606000075, 31.578135472000042 ], [ 34.477504965000151, 31.576689799000064 ], [ 34.476234320000117, 31.574955612000167 ], [ 34.475719881000089, 31.574272364000137 ], [ 34.47538704100009, 31.573825644000124 ], [ 34.473443365000037, 31.57117834200011 ], [ 34.471324445, 31.568471099000192 ], [ 34.468509737000034, 31.564844008000193 ], [ 34.467178691000186, 31.56305704500005 ], [ 34.465270789000044, 31.560769571000151 ], [ 34.464271749000034, 31.559533987000066 ], [ 34.463423503000172, 31.558560918000126 ], [ 34.463231436000171, 31.558328882000069 ], [ 34.462870340000165, 31.557892641000137 ], [ 34.462727077000125, 31.557719565000014 ], [ 34.46120491, 31.555727065000042 ], [ 34.459449306000067, 31.553545060000033 ], [ 34.458692865000103, 31.55257250700015 ], [ 34.4579041880001, 31.551809076000097 ], [ 34.457419729000094, 31.551230587000134 ], [ 34.456966480000176, 31.550573791000147 ], [ 34.456362287000161, 31.549680614000067 ], [ 34.455573442000173, 31.548943332000135 ], [ 34.455512405000036, 31.548881136000148 ], [ 34.454876101000139, 31.548232754000139 ], [ 34.454179190000104, 31.547469843000158 ], [ 34.454011464000075, 31.54728955700017 ], [ 34.453542787000117, 31.54678578100004 ], [ 34.453297299000042, 31.546430724000061 ], [ 34.453090536000104, 31.54612048700011 ], [ 34.452938653000047, 31.545892594000122 ], [ 34.451878595000096, 31.54468270600006 ], [ 34.450819403000025, 31.543368161999979 ], [ 34.450574704000132, 31.543135524000093 ], [ 34.450182421000079, 31.542762578000179 ], [ 34.449696779000021, 31.542341043000192 ], [ 34.448786000999974, 31.54157683000011 ], [ 34.44677605000004, 31.539266859 ], [ 34.444654325999977, 31.537082461000125 ], [ 34.442987285000186, 31.535371728000086 ], [ 34.441716965000069, 31.533741862000056 ], [ 34.440505015000156, 31.532452475000184 ], [ 34.439746141000057, 31.53181993700008 ], [ 34.439473545000055, 31.531472421000103 ], [ 34.43883877900015, 31.530663196000035 ], [ 34.436961273, 31.528558642000178 ], [ 34.436268487000063, 31.527585973000043 ], [ 34.435994278000067, 31.527496781000139 ], [ 34.435988563000024, 31.527494923000177 ], [ 34.435660347000066, 31.527221051000083 ], [ 34.435249495000164, 31.527012342000091 ], [ 34.434139666000078, 31.526616241000113 ], [ 34.433800014000042, 31.526665809000121 ], [ 34.433311244000095, 31.527070977000108 ], [ 34.433004617000051, 31.527239288000089 ], [ 34.432819347000191, 31.527340984000148 ], [ 34.432484443000192, 31.527633373000072 ], [ 34.432484276000082, 31.527633517000083 ], [ 34.431996063999975, 31.528045615000053 ], [ 34.431833485000141, 31.527956258000074 ], [ 34.431940991000147, 31.527823110000043 ], [ 34.432232803000147, 31.527461695000056 ], [ 34.432266606000155, 31.527439593000054 ], [ 34.432906929000126, 31.527020891 ], [ 34.433432202000176, 31.526655364000078 ], [ 34.434107564999977, 31.526185387000169 ], [ 34.434258494000119, 31.52601044700009 ], [ 34.434278438000035, 31.525987330000021 ], [ 34.434483174999968, 31.525750020000146 ], [ 34.43449286300006, 31.525738789000172 ], [ 34.434291297000073, 31.525464148000083 ], [ 34.433682502000067, 31.525172635000047 ], [ 34.433135032000109, 31.524855324000157 ], [ 34.432678381000073, 31.524643223000112 ], [ 34.432281981000131, 31.524536145000127 ], [ 34.432284372000026, 31.524248349000118 ], [ 34.43222651800005, 31.523855518000062 ], [ 34.431830339000044, 31.52372227900014 ], [ 34.431813814000179, 31.523724023000113 ], [ 34.431126828000174, 31.523796478000122 ], [ 34.430482477000055, 31.524106526000025 ], [ 34.429929798999979, 31.524417126000174 ], [ 34.429921644000103, 31.524413756000058 ], [ 34.429393343000186, 31.524195536000093 ], [ 34.42938493500003, 31.524200724000025 ], [ 34.42862622500013, 31.524668850000182 ], [ 34.428625946000011, 31.524669020000033 ], [ 34.428220798999973, 31.525044747000095 ], [ 34.427987202000111, 31.525577721000161 ], [ 34.428009810000049, 31.525970912000105 ], [ 34.428105389000052, 31.526059869999983 ], [ 34.428587244000028, 31.526552066000022 ], [ 34.42858727600003, 31.52655210000006 ], [ 34.428954770000075, 31.527019444000189 ], [ 34.428954801000145, 31.527019487000075 ], [ 34.429037396000126, 31.527429859000108 ], [ 34.429037435000055, 31.527430064000043 ], [ 34.429227044000015, 31.527567622000049 ], [ 34.429666743999974, 31.527913341000158 ], [ 34.430407258000173, 31.528623811000159 ], [ 34.430931650000048, 31.529214734000107 ], [ 34.430747790999988, 31.529385904000037 ], [ 34.43021321000009, 31.529015928000149 ], [ 34.429693851000025, 31.528516626000055 ], [ 34.429278029000102, 31.528099386000179 ], [ 34.429136624000193, 31.528060304000121 ], [ 34.428944582000099, 31.528007228000035 ], [ 34.428783832000136, 31.527771365000149 ], [ 34.42869463400001, 31.527347112000086 ], [ 34.428560570000116, 31.527177243000153 ], [ 34.428010782000115, 31.52648062999998 ], [ 34.42783233900019, 31.526303582000082 ], [ 34.427513611000109, 31.525987350000037 ], [ 34.42771339900014, 31.525318597000023 ], [ 34.42793725000007, 31.524905978000106 ], [ 34.428443323000124, 31.524431972000116 ], [ 34.428747995000094, 31.524262758000191 ], [ 34.429127928000185, 31.524051745 ], [ 34.429138315000046, 31.52404597400016 ], [ 34.429477956000028, 31.523629412000162 ], [ 34.429970167000135, 31.523239949000185 ], [ 34.430248030000143, 31.522901507000086 ], [ 34.430251953000038, 31.522430563000171 ], [ 34.429950728000051, 31.521905421000099 ], [ 34.429587733000119, 31.521458398000107 ], [ 34.42907523000008, 31.520617986000047 ], [ 34.428349705000187, 31.519671606000088 ], [ 34.42789767700009, 31.518910053000013 ], [ 34.427111068000102, 31.517963290000125 ], [ 34.425779266000063, 31.516437543999984 ], [ 34.424650568000118, 31.515003597000089 ], [ 34.423802243000182, 31.514134934000083 ], [ 34.423684202000061, 31.513637073000041 ], [ 34.423441949, 31.513373930000171 ], [ 34.423047587000042, 31.51303135500018 ], [ 34.422623767000175, 31.51255777200015 ], [ 34.42137915800015, 31.511581985000134 ], [ 34.420472436000068, 31.510398953000163 ], [ 34.419140849000144, 31.508873145000052 ], [ 34.418204072000151, 31.507637581000097 ], [ 34.416597583000168, 31.506110038000088 ], [ 34.415053146000048, 31.504478200999984 ], [ 34.413954153000134, 31.503258271000163 ], [ 34.413085695000063, 31.502294244000041 ], [ 34.411951070000043, 31.501253980000115 ], [ 34.411254633000055, 31.500517004000073 ], [ 34.410408125000174, 31.499465108000095 ], [ 34.409620062999977, 31.498727551000059 ], [ 34.408893334000027, 31.497964207000166 ], [ 34.407681843000034, 31.496726847000104 ], [ 34.406407496000043, 31.495698393000112 ], [ 34.405376001000036, 31.494854623000094 ], [ 34.404860928000119, 31.494354240000177 ], [ 34.403618318000156, 31.493195138000033 ], [ 34.402194476000147, 31.491799394000168 ], [ 34.401134545000104, 31.49071992 ], [ 34.399732266000171, 31.489170492000085 ], [ 34.397855101000175, 31.487222358000167 ], [ 34.396583024000165, 31.485958343000107 ], [ 34.395432946000085, 31.484721255000068 ], [ 34.394039444000043, 31.483377946000076 ], [ 34.392920660000186, 31.482062544000087 ], [ 34.391346020000128, 31.480482558000119 ], [ 34.390588350000144, 31.479797411 ], [ 34.389680258000169, 31.478849643000103 ], [ 34.388561127000173, 31.477586531000043 ], [ 34.387167596999973, 31.476269308000042 ], [ 34.386563632000048, 31.475480465000032 ], [ 34.38608046100012, 31.474849391000078 ], [ 34.38505074700015, 31.473848475000182 ], [ 34.383073939000042, 31.471798664000175 ], [ 34.381892512000093, 31.470692082000085 ], [ 34.380530872, 31.469244173999982 ], [ 34.37928982, 31.46798018800007 ], [ 34.378381493000063, 31.467084667000108 ], [ 34.377625879999982, 31.466190139000162 ], [ 34.377303140000151, 31.46578703900002 ], [ 34.376659062000101, 31.465006405000111 ], [ 34.375658709000049, 31.464162599000076 ], [ 34.374478397000075, 31.462951289000046 ], [ 34.373419101000025, 31.461871597000084 ], [ 34.372692482000048, 31.461160378000102 ], [ 34.37202554900017, 31.460606540000128 ], [ 34.371509442, 31.460263011000052 ], [ 34.370933202000117, 31.459814421000033 ], [ 34.370479114000034, 31.459366634000048 ], [ 34.369813611000097, 31.458655803000113 ], [ 34.368905697000116, 31.45773405500006 ], [ 34.367757025000117, 31.456418237000037 ], [ 34.367002307000064, 31.455445159000192 ], [ 34.365872439000157, 31.454187587000035 ], [ 34.365297435, 31.453608157000076 ], [ 34.364661610999974, 31.453002158000118 ], [ 34.364239061000035, 31.452449897000179 ], [ 34.363603241000192, 31.451843891000124 ], [ 34.363209823000147, 31.451448805000098 ], [ 34.362969560000067, 31.45100241300014 ], [ 34.362121202000026, 31.450264168000047 ], [ 34.361000650000051, 31.44923628700019 ], [ 34.359275852000167, 31.44749792500005 ], [ 34.357007927000154, 31.445049464000078 ], [ 34.355585501000064, 31.443653217000076 ], [ 34.354617283999971, 31.442678633000128 ], [ 34.353769778000014, 31.441861846000108 ], [ 34.352304064000066, 31.440261285000133 ], [ 34.35203406100004, 31.439736173000028 ], [ 34.351368118000096, 31.43910374100011 ], [ 34.35021704400009, 31.438101728000049 ], [ 34.349188598000069, 31.437048207000032 ], [ 34.348341429000016, 31.436205219000044 ], [ 34.347858714000154, 31.435574003000056 ], [ 34.346890661000089, 31.434599366000157 ], [ 34.345982479999975, 31.433755947000122 ], [ 34.345044987000165, 31.432781503000115 ], [ 34.344289244000038, 31.431965269000102 ], [ 34.343442168000138, 31.431122247000133 ], [ 34.342200904000094, 31.429988731000151 ], [ 34.340929861000177, 31.428776506000133 ], [ 34.339719184000103, 31.427643173000035 ], [ 34.339083699000184, 31.427037050000081 ], [ 34.338568131000159, 31.426667224000028 ], [ 34.338265536999984, 31.426377345000105 ], [ 34.337934359000144, 31.425877953 ], [ 34.337571437000122, 31.42550916700003 ], [ 34.336512262000156, 31.424507659000142 ], [ 34.335380076000092, 31.423590165000064 ], [ 34.333533381000166, 31.42192911900014 ], [ 34.332595402999971, 31.421033077000061 ], [ 34.331717764000132, 31.42021593000004 ], [ 34.330931951000025, 31.419373254000163 ], [ 34.330204514000116, 31.418818784999985 ], [ 34.329506869000056, 31.418343008000136 ], [ 34.328839754, 31.417867442000045 ], [ 34.328204159000109, 31.417287429000112 ], [ 34.326962270000081, 31.416258422000169 ], [ 34.325417894000054, 31.414939497000034 ], [ 34.324146780000035, 31.413779436000027 ], [ 34.32281466000012, 31.412618942000108 ], [ 34.321591893000118, 31.411679591000109 ], [ 34.320078191000107, 31.410360811000089 ], [ 34.317773216999967, 31.408801014000062 ], [ 34.316440744000147, 31.407692781000094 ], [ 34.315079522000133, 31.406401176000088 ], [ 34.313506953000115, 31.404872591000185 ], [ 34.311963692000063, 31.403475016000129 ], [ 34.310965320000093, 31.402552227000058 ], [ 34.310087537000186, 31.401787266000099 ], [ 34.309270306000144, 31.401075055000035 ], [ 34.308635185000128, 31.400468790000048 ], [ 34.30751480400005, 31.39954511000019 ], [ 34.306939743000157, 31.39904391500005 ], [ 34.30630289100003, 31.39862078200008 ], [ 34.305528523000078, 31.398206557000037 ], [ 34.304678577000118, 31.397729570000081 ], [ 34.304102526000122, 31.397333021000065 ], [ 34.303617029, 31.397041766000029 ], [ 34.303253099000131, 31.396803703000103 ], [ 34.302616535000027, 31.396354380000162 ], [ 34.30179838700019, 31.395746779000092 ], [ 34.300828186000103, 31.395085757000061 ], [ 34.30013061600016, 31.394635998000069 ], [ 34.299615133000032, 31.394292185000154 ], [ 34.29910067000003, 31.393843716000106 ], [ 34.298829320000095, 31.393501637000099 ], [ 34.298645024000166, 31.393232744000159 ], [ 34.298558231000129, 31.393133394000131 ], [ 34.298195840000119, 31.392738339000175 ], [ 34.297802437000144, 31.392395390000161 ], [ 34.297408529000052, 31.392104764000067 ], [ 34.297046153999986, 31.391709704000107 ], [ 34.296440682000025, 31.391208243000051 ], [ 34.295805204000033, 31.390654238000138 ], [ 34.294956894000165, 31.390020215000163 ], [ 34.294624799000132, 31.389651529000048 ], [ 34.294353477000072, 31.389309439000158 ], [ 34.293838803000085, 31.388887117000024 ], [ 34.292901789000041, 31.38796463000017 ], [ 34.292024802000014, 31.387147221000134 ], [ 34.291297843, 31.386592538000173 ], [ 34.290874739000174, 31.386170858000071 ], [ 34.290603958000077, 31.385776438000164 ], [ 34.289755979000176, 31.385116216000029 ], [ 34.289077079000094, 31.384625002000064 ], [ 34.288198105000049, 31.384016873000121 ], [ 34.287440932000038, 31.383435787 ], [ 34.286803506000012, 31.383091047000107 ], [ 34.286349417000054, 31.382721459000038 ], [ 34.285776368000143, 31.382037029000116 ], [ 34.285263579000059, 31.381431525000096 ], [ 34.284417222000116, 31.380614294000054 ], [ 34.282425888000034, 31.378323517000126 ], [ 34.281216563000044, 31.377189648000012 ], [ 34.28018929100017, 31.376161752000087 ], [ 34.279192548000026, 31.375134068000136 ], [ 34.277804388000106, 31.373580229000083 ], [ 34.276949482000077, 31.372400446000086 ], [ 34.276435249000031, 31.371951890000105 ], [ 34.275043280000091, 31.370790465000027 ], [ 34.273952798000096, 31.369997547000139 ], [ 34.27334836000017, 31.369417491000092 ], [ 34.272743928000068, 31.368837433000067 ], [ 34.271896498000103, 31.368150934000028 ], [ 34.270776598000168, 31.367253112000185 ], [ 34.270230867000066, 31.366908959 ], [ 34.269777705000024, 31.366460829000061 ], [ 34.268779866000159, 31.365563881000128 ], [ 34.268235200000049, 31.365115070000172 ], [ 34.267721827000116, 31.36458799400009 ], [ 34.266894369000056, 31.363920027000177 ], [ 34.266258197000184, 31.363470533000111 ], [ 34.265682001000073, 31.363126135000186 ], [ 34.26519679900008, 31.362834742000132 ], [ 34.264682136000033, 31.36243846300016 ], [ 34.264197466000098, 31.362094736000017 ], [ 34.263019070000098, 31.360960934 ], [ 34.261325813999974, 31.359456986999987 ], [ 34.260208488000103, 31.358323606000113 ], [ 34.258483502, 31.356950214000165 ], [ 34.256245302000082, 31.35504968000015 ], [ 34.254161561999979, 31.352967102000093 ], [ 34.252134937000108, 31.351277389000188 ], [ 34.250471729000139, 31.349852025000018 ], [ 34.249313947000076, 31.348805953000181 ], [ 34.248071693000156, 31.347985510000058 ], [ 34.247587158000101, 31.347641724000027 ], [ 34.247134189000064, 31.34719351300015 ], [ 34.246469066000145, 31.346612877000098 ], [ 34.246219156000109, 31.346397189000186 ], [ 34.245773719000113, 31.346005851000143 ], [ 34.244653524000057, 31.345186292000108 ], [ 34.244200855000145, 31.344711908000079 ], [ 34.24371688399998, 31.344315784000173 ], [ 34.242901187000086, 31.343550840000148 ], [ 34.242205351000052, 31.342996117000155 ], [ 34.241177260000029, 31.342124893000175 ], [ 34.239938116000133, 31.341016584000045 ], [ 34.239000751000162, 31.34022453100016 ], [ 34.238123868000173, 31.339485257000092 ], [ 34.237489081000092, 31.338930972000128 ], [ 34.237066700000071, 31.338482959000089 ], [ 34.236370391000094, 31.337980532000188 ], [ 34.235734003, 31.337583215000109 ], [ 34.235129203999975, 31.337081479000176 ], [ 34.234373276000156, 31.336447762000034 ], [ 34.233526678000089, 31.335734851000097 ], [ 34.232607157000132, 31.334875712000155 ], [ 34.231428654000069, 31.333820112000069 ], [ 34.2306722350001, 31.333238700000095 ], [ 34.230340863000038, 31.332843691000164 ], [ 34.229827878000094, 31.332316465000076 ], [ 34.229162149, 31.331814231000067 ], [ 34.228465932000063, 31.331311765000066 ], [ 34.227740045000132, 31.330730567000103 ], [ 34.227134235000108, 31.330333448000033 ], [ 34.226771850000034, 31.32999052200006 ], [ 34.226500664000184, 31.329674456000021 ], [ 34.226168227000073, 31.329384087000108 ], [ 34.225804204000099, 31.329198137000162 ], [ 34.22544046400003, 31.328986020000116 ], [ 34.224533561000044, 31.328220264000151 ], [ 34.22326294100003, 31.327242374999969 ], [ 34.222174203, 31.32637053600007 ], [ 34.221116539000093, 31.325446603000103 ], [ 34.220027845000061, 31.324574745000064 ], [ 34.219772170000169, 31.324452007000048 ], [ 34.219348294000099, 31.324160918000189 ], [ 34.218773334000105, 31.323737828 ], [ 34.221110532000068, 31.320464037000136 ], [ 34.224029245000054, 31.316217859000176 ], [ 34.22684308900017, 31.311401650000164 ], [ 34.229482971000095, 31.307342916000096 ], [ 34.232801469000037, 31.301771539000185 ], [ 34.233477835000031, 31.300496090000081 ], [ 34.235567157000105, 31.296874426000102 ], [ 34.235956638000062, 31.296593 ], [ 34.235956897000165, 31.296592813000132 ], [ 34.238224926000157, 31.29637287800017 ], [ 34.239418379000028, 31.296335376000059 ], [ 34.239441095000132, 31.296334662000163 ], [ 34.239773617000139, 31.296242322000182 ], [ 34.240220062000049, 31.295818829000041 ], [ 34.240730521000103, 31.294542079000109 ], [ 34.24124630600005, 31.29274363900015 ], [ 34.242664115000025, 31.289197095000191 ], [ 34.244878580000034, 31.283379891000038 ], [ 34.247036555000136, 31.277657070000032 ], [ 34.247210990999974, 31.276804639000147 ], [ 34.250627081, 31.267078224000159 ], [ 34.253014862000157, 31.260408397999981 ], [ 34.254380790000027, 31.256434434000028 ], [ 34.255235152000182, 31.253879562000179 ], [ 34.257740745000092, 31.247363756000027 ], [ 34.258140709000145, 31.246038673000044 ], [ 34.258992484000032, 31.243720899000152 ], [ 34.259897071000182, 31.24164066000003 ], [ 34.261435690000042, 31.236908994000032 ], [ 34.262741892000122, 31.233313917000032 ], [ 34.264216011000144, 31.229482917000155 ], [ 34.265182653000181, 31.226691634000019 ], [ 34.265807064000057, 31.224988720000169 ], [ 34.266070336000155, 31.224381584000014 ], [ 34.266076091, 31.22436831300007 ], [ 34.266721821000147, 31.221800449000057 ], [ 34.267565427000136, 31.219972015000167 ], [ 34.269841881000048, 31.221561916000155 ], [ 34.273861933000092, 31.2247303420001 ], [ 34.275726352000106, 31.226220468000122 ], [ 34.276466256000049, 31.22670963000013 ], [ 34.279954313000076, 31.228953548000163 ], [ 34.280607075999967, 31.229196480000155 ], [ 34.281823040000063, 31.230452027000069 ], [ 34.283406235000029, 31.231834844000161 ], [ 34.285273676000088, 31.233322039000029 ], [ 34.286370627000167, 31.234520116000112 ], [ 34.288286343000038, 31.236480422000113 ], [ 34.289650625000149, 31.238150058000087 ], [ 34.291395187000091, 31.23991186100011 ], [ 34.292100996000102, 31.240528175000122 ], [ 34.293348943000069, 31.241428616000064 ], [ 34.296528573999979, 31.242774892000114 ], [ 34.299829226000043, 31.244221553000159 ], [ 34.304565228000058, 31.246297107000146 ], [ 34.306383269000094, 31.247356517000185 ], [ 34.308189278000043, 31.24840886700008 ], [ 34.309716185000184, 31.249030709000181 ], [ 34.311876614000141, 31.249620270000037 ], [ 34.313775893000184, 31.250397597000131 ], [ 34.315627357000096, 31.251099490000172 ], [ 34.316977353000027, 31.251617899000166 ], [ 34.317908644999989, 31.252025871000171 ], [ 34.319642509000118, 31.252913623000097 ], [ 34.321580993000111, 31.254274742000177 ], [ 34.322798634000037, 31.255190843000037 ], [ 34.323792286000185, 31.255915780000066 ], [ 34.324921703000086, 31.256755419000172 ], [ 34.326140921000103, 31.257489858000099 ], [ 34.327489823000121, 31.258519794000051 ], [ 34.328372043000115, 31.259252862000153 ], [ 34.329251557000077, 31.259983661000149 ], [ 34.330469197000127, 31.26093615700006 ], [ 34.330698851000079, 31.261177362000012 ], [ 34.331355287000065, 31.261709185000086 ], [ 34.332279006000192, 31.262698517000047 ], [ 34.333076474000109, 31.263540920000025 ], [ 34.334078727000133, 31.264780779000034 ], [ 34.335083149000127, 31.265803189000053 ], [ 34.335960887000113, 31.266861428000141 ], [ 34.336719604000052, 31.267633690000082 ], [ 34.337307221000117, 31.26862579200008 ], [ 34.338056503000132, 31.269827667000186 ], [ 34.339221981000094, 31.27172159700018 ], [ 34.340054621000036, 31.272995787000127 ], [ 34.340761852000071, 31.27405050700014 ], [ 34.341472912000086, 31.275000363000061 ], [ 34.341852562000042, 31.275627902 ], [ 34.342393435000133, 31.276834339000118 ], [ 34.342766081000036, 31.277708263000079 ], [ 34.343069151000066, 31.278412736000064 ], [ 34.345264508000071, 31.279388235 ], [ 34.348214185000188, 31.280887052000139 ], [ 34.354518526000163, 31.284061105000092 ], [ 34.356095625000194, 31.284780837000142 ], [ 34.358325122000167, 31.285889915000098 ], [ 34.359424886000056, 31.286430567000082 ], [ 34.36045810700017, 31.287019888000032 ], [ 34.362335042000154, 31.288092241000072 ], [ 34.364905528000179, 31.289083362999975 ], [ 34.366746073000172, 31.289993658000071 ], [ 34.367274702000088, 31.290608391000035 ], [ 34.368945146000101, 31.293260377000081 ], [ 34.370333970000104, 31.296352980000108 ], [ 34.370837798000025, 31.297957010000118 ], [ 34.371236598000166, 31.299250763000146 ], [ 34.371950731000027, 31.300440108000032 ], [ 34.372117421000155, 31.301153972000122 ], [ 34.372428359000082, 31.301787070000103 ], [ 34.372797504000175, 31.302822538000157 ], [ 34.373306075000073, 31.303772385000173 ], [ 34.373644142000046, 31.304787248000025 ], [ 34.373949475000188, 31.305808470000159 ], [ 34.373866784000029, 31.30727372500013 ], [ 34.373392200000183, 31.310230550000085 ], [ 34.373102106000147, 31.311911299000144 ], [ 34.372769281000046, 31.315000346000033 ], [ 34.37247869700019, 31.316683761000149 ], [ 34.372181868000041, 31.319048729000087 ], [ 34.37153800700014, 31.321734074000119 ], [ 34.371205304000057, 31.324357038000073 ], [ 34.371053991000053, 31.325864762000151 ], [ 34.370435626000187, 31.329634317000171 ], [ 34.36981931300005, 31.333059761000129 ], [ 34.36924156800012, 31.336040962000141 ], [ 34.368915409000067, 31.337870002000102 ], [ 34.368696475000036, 31.339228821000177 ], [ 34.368190766000055, 31.341784487999973 ], [ 34.367902513000104, 31.343285668000192 ], [ 34.367671935000033, 31.345971930000076 ], [ 34.367048275000116, 31.350223221000192 ], [ 34.366930576000073, 31.351845263000087 ], [ 34.366773459000115, 31.353905391000012 ], [ 34.366515269000047, 31.355740410000067 ], [ 34.366189861000123, 31.357452275000071 ], [ 34.365968483000131, 31.359076977000029 ], [ 34.36564447700016, 31.360640567000075 ], [ 34.365534151000077, 31.361572739999986 ], [ 34.365597563000165, 31.36206779000014 ], [ 34.365659749000145, 31.362805803000185 ], [ 34.365854830000046, 31.364013797000098 ], [ 34.366116550000186, 31.365213099000016 ], [ 34.366454942000132, 31.365804852000053 ], [ 34.366592041000047, 31.366322369000159 ], [ 34.366657806000035, 31.366740055000093 ], [ 34.366755487000034, 31.367312182999967 ], [ 34.366921041000069, 31.36789920700005 ], [ 34.367084904000023, 31.368420601000025 ], [ 34.367383065000126, 31.368883470000071 ], [ 34.367743573999974, 31.369369402000132 ], [ 34.368087209000123, 31.369560134000096 ], [ 34.368462943999987, 31.369643322000059 ], [ 34.368848810000145, 31.369595004000132 ], [ 34.368869492000101, 31.369592414000067 ], [ 34.36930052200006, 31.369368822000069 ], [ 34.369800288000192, 31.369097909000118 ], [ 34.370128073000046, 31.369037695000088 ], [ 34.370145284000102, 31.369034533000047 ], [ 34.370558426, 31.369069480000178 ], [ 34.371020283000121, 31.369255976000147 ], [ 34.371575544000166, 31.369468659000063 ], [ 34.37204457200005, 31.369720442000187 ], [ 34.372269361000122, 31.369981606000124 ], [ 34.372411946000057, 31.370294193000177 ], [ 34.372552558000166, 31.37076065600013 ], [ 34.372474900000157, 31.371262295000122 ], [ 34.372084713999982, 31.372066031000031 ], [ 34.372001709000131, 31.372274262000133 ], [ 34.372640772000182, 31.372802911000065 ], [ 34.372947988000192, 31.373100176000094 ], [ 34.373465141999986, 31.373520469000141 ], [ 34.373807514000077, 31.373944144000063 ], [ 34.374145283000075, 31.374331497000071 ], [ 34.373992604000136, 31.375021702000083 ], [ 34.373817423000105, 31.375603726000065 ], [ 34.373813384000016, 31.376058569000179 ], [ 34.37387378700015, 31.376413189000175 ], [ 34.374088226000026, 31.376653367000188 ], [ 34.3745871160001, 31.37699480200007 ], [ 34.374667399000089, 31.377316123000128 ], [ 34.374494229000163, 31.377784254 ], [ 34.374456301, 31.378298976000167 ], [ 34.374485088000029, 31.378655319000075 ], [ 34.374644828999976, 31.37887824000012 ], [ 34.375189218000173, 31.379868855000097 ], [ 34.375842948000127, 31.38084074600016 ], [ 34.376668937000147, 31.381984833000047 ], [ 34.377327035000064, 31.3828346680001 ], [ 34.377961753000193, 31.383728924000025 ], [ 34.378398665000077, 31.38438553400016 ], [ 34.378736013000093, 31.384826624000084 ], [ 34.378970202000062, 31.385091801000101 ], [ 34.379315668, 31.385332481000091 ], [ 34.379675576000125, 31.385458641000071 ], [ 34.379988578999985, 31.385607675000131 ], [ 34.380171479000069, 31.38613732500005 ], [ 34.380241760000104, 31.386628213 ], [ 34.380308066000055, 31.386924075000138 ], [ 34.380462967000028, 31.38711690700012 ], [ 34.380795192000051, 31.387447465000093 ], [ 34.381034280000108, 31.387614019000068 ], [ 34.381225470000118, 31.387756698000032 ], [ 34.381396185000142, 31.388105483 ], [ 34.381251914000188, 31.388443762000065 ], [ 34.380875515000014, 31.388930534000167 ], [ 34.380764742, 31.389135364000083 ], [ 34.38078333600015, 31.389405202000034 ], [ 34.381078974000104, 31.389781743000185 ], [ 34.382246513000155, 31.390819201000056 ], [ 34.383147245000032, 31.391624413000045 ], [ 34.384278522000159, 31.392427293000026 ], [ 34.385042267000188, 31.393027751000147 ], [ 34.385511912000027, 31.393458033000059 ], [ 34.385882376000154, 31.393845063000128 ], [ 34.386295926000059, 31.394332373000111 ], [ 34.386733136000032, 31.394755219999979 ], [ 34.387047339000162, 31.395070799999985 ], [ 34.387297384000135, 31.395268649000116 ], [ 34.387801593000063, 31.395437049000179 ], [ 34.388348422999968, 31.395697351000081 ], [ 34.388756685000033, 31.395897707000131 ], [ 34.388994850000074, 31.396128024000063 ], [ 34.389293076000058, 31.396561489000135 ], [ 34.389557476000107, 31.396981038000149 ], [ 34.38988615300002, 31.397348977000092 ], [ 34.390316567000127, 31.397640436000188 ], [ 34.390734190000103, 31.397918494000066 ], [ 34.391276096000183, 31.39830444200004 ], [ 34.391720693000138, 31.398648379000178 ], [ 34.392164100000116, 31.399034238000183 ], [ 34.392654823000157, 31.399482622000164 ], [ 34.393173962000049, 31.399977432000071 ], [ 34.393595365000181, 31.400517314000183 ], [ 34.394012026999974, 31.401180336000152 ], [ 34.394450772000141, 31.401946812000119 ], [ 34.39484224000006, 31.402695602999984 ], [ 34.395061736000059, 31.403318226000124 ], [ 34.39518017600011, 31.403759179000076 ], [ 34.395377118000056, 31.404188718000171 ], [ 34.39567935700012, 31.404614295000158 ], [ 34.396130209000091, 31.404924112000117 ], [ 34.396788152000113, 31.405369558000189 ], [ 34.397338793000074, 31.405682426000112 ], [ 34.397792270000025, 31.405828929000108 ], [ 34.398207869000089, 31.405943166000043 ], [ 34.398576381000169, 31.406263789000036 ], [ 34.398849030000065, 31.406630927000037 ], [ 34.399405845000047, 31.407305510000128 ], [ 34.400210337000033, 31.408111594000047 ], [ 34.400845289000131, 31.408791701000098 ], [ 34.401358568000092, 31.409302105000052 ], [ 34.401685234000126, 31.409651993000068 ], [ 34.401913964000187, 31.41007392500012 ], [ 34.402012892000016, 31.410469290000094 ], [ 34.402056586000072, 31.410809210000139 ], [ 34.402246671000114, 31.411029832999986 ], [ 34.402693470000031, 31.411255351000193 ], [ 34.403727523000043, 31.411749275000034 ], [ 34.404391817000146, 31.412134975000129 ], [ 34.40495373300007, 31.412433044000181 ], [ 34.405321071000117, 31.412621389000037 ], [ 34.405325610000034, 31.412623716000155 ], [ 34.405826939000065, 31.412451588000124 ], [ 34.406286778000151, 31.412345200000061 ], [ 34.406300787000191, 31.412341959000059 ], [ 34.406597911000063, 31.412390204000189 ], [ 34.407052575000193, 31.412484923000136 ], [ 34.407360985000139, 31.412802041000077 ], [ 34.407433602000026, 31.413125549000029 ], [ 34.407637229000102, 31.413401487000101 ], [ 34.407956828000124, 31.413699353000084 ], [ 34.408264711000129, 31.413803078000058 ], [ 34.40850634700007, 31.413943365000193 ], [ 34.408722982000143, 31.414155371000163 ], [ 34.408876470000052, 31.414491386000179 ], [ 34.40896921600006, 31.414756644000079 ], [ 34.409124147000171, 31.414949339000145 ], [ 34.409424032000061, 31.415190126000084 ], [ 34.409918423000192, 31.415416060000098 ], [ 34.410562605000166, 31.415584064000143 ], [ 34.411114120999969, 31.415628643 ], [ 34.411671415000114, 31.415632124000012 ], [ 34.412039617000175, 31.415756159000068 ], [ 34.412373032000119, 31.416180455000188 ], [ 34.41263701000014, 31.416472785000053 ], [ 34.412917945, 31.416737497000099 ], [ 34.41322078200011, 31.416899850000107 ], [ 34.413517235000029, 31.417029221000064 ], [ 34.413785509000036, 31.417184943000166 ], [ 34.413834512000108, 31.417737418000172 ], [ 34.413854695000055, 31.418166118000102 ], [ 34.414069743000084, 31.418591725000056 ], [ 34.414836685000125, 31.419175406000136 ], [ 34.415789163000113, 31.41991882700006 ], [ 34.416492865000066, 31.420383316000027 ], [ 34.417399954000075, 31.420874457000082 ], [ 34.418382263000069, 31.421494209000059 ], [ 34.419264565000049, 31.422006283000144 ], [ 34.419916601000182, 31.422399183000152 ], [ 34.420481951000056, 31.423040746000027 ], [ 34.420864130000155, 31.423331555000175 ], [ 34.421318500999973, 31.423643586000139 ], [ 34.421768871000154, 31.423829841000043 ], [ 34.422142081000118, 31.423939032000078 ], [ 34.422439366000106, 31.424090131000071 ], [ 34.422701384000106, 31.424181841000177 ], [ 34.423064709000073, 31.424542925000026 ], [ 34.423266432000162, 31.424806338000053 ], [ 34.42346404500006, 31.42512948500007 ], [ 34.423702542000171, 31.425545735000071 ], [ 34.424224465000123, 31.426102834000062 ], [ 34.424572309000098, 31.426324769000018 ], [ 34.425169421000135, 31.426554335000048 ], [ 34.425769162000108, 31.426702239000178 ], [ 34.426304691000098, 31.426755675000152 ], [ 34.42643034800011, 31.426769308000132 ], [ 34.426835274000041, 31.426841303000117 ], [ 34.427104879000012, 31.427075694000109 ], [ 34.427448942000183, 31.427417605000016 ], [ 34.427918595000051, 31.427868927000077 ], [ 34.428334104000044, 31.428422146000116 ], [ 34.42887056, 31.428973429000166 ], [ 34.429236499000183, 31.429419193000115 ], [ 34.429857076000133, 31.430048544000044 ], [ 34.430662942000026, 31.430876650000187 ], [ 34.431367103000071, 31.431552148000094 ], [ 34.431951771000172, 31.431996916000116 ], [ 34.432307512000193, 31.432284074000108 ], [ 34.432514341000171, 31.432599435000157 ], [ 34.432664069000111, 31.432949147000159 ], [ 34.432808392000084, 31.433415669000169 ], [ 34.433192545000111, 31.434362810000152 ], [ 34.433431103000146, 31.434842282000034 ], [ 34.433815567000181, 31.435407386000065 ], [ 34.434325097000055, 31.436040675000129 ], [ 34.435154267000087, 31.437016414000141 ], [ 34.435834630000159, 31.43779829000016 ], [ 34.436183093000125, 31.438122812000188 ], [ 34.436436212000046, 31.43854209400007 ], [ 34.436651955, 31.439067255000111 ], [ 34.437082185000065, 31.439628836999987 ], [ 34.437392674000137, 31.439981901000067 ], [ 34.437843402999988, 31.440353023000057 ], [ 34.439333581000028, 31.441118838000079 ], [ 34.440220885000087, 31.441633501000126 ], [ 34.44120719100016, 31.44224518700014 ], [ 34.441783019000184, 31.442516961000081 ], [ 34.442359930000066, 31.442685610000069 ], [ 34.443538429000114, 31.442924496000103 ], [ 34.44437955799998, 31.443120699000076 ], [ 34.444993969000109, 31.443293242000095 ], [ 34.445388439000055, 31.443380267000066 ], [ 34.445836152000084, 31.443511129000058 ], [ 34.446195778000174, 31.443623623000121 ], [ 34.446486245000131, 31.44380731200016 ], [ 34.447056387000089, 31.444345825000028 ], [ 34.448501953000118, 31.445729730000039 ], [ 34.450043973000163, 31.447346434000053 ], [ 34.451485060000095, 31.448853532000044 ], [ 34.452346480000188, 31.449666133000051 ], [ 34.452721813000039, 31.450188715000138 ], [ 34.452990574000182, 31.450743681000063 ], [ 34.453274600000043, 31.451238935000163 ], [ 34.453723334000017, 31.45166985200018 ], [ 34.455610751000165, 31.452905572000134 ], [ 34.456742352000106, 31.453909968000119 ], [ 34.459331103000125, 31.456161325000096 ], [ 34.461191171000053, 31.457776988000148 ], [ 34.463151096000104, 31.459351677000143 ], [ 34.464595053000096, 31.460563268000101 ], [ 34.465408579000098, 31.461162863000084 ], [ 34.465914843000064, 31.461690601000043 ], [ 34.466259164000064, 31.462486517000173 ], [ 34.466595266000127, 31.463157057000046 ], [ 34.467345785000134, 31.464231234000181 ], [ 34.467880915000023, 31.464886611000168 ], [ 34.468558179000127, 31.465706428000033 ], [ 34.469703135000145, 31.466594987000121 ], [ 34.470787117000157, 31.46749348600008 ], [ 34.473538759000064, 31.470384223999986 ], [ 34.474445885000193, 31.471658865000052 ], [ 34.475016236000045, 31.472511566000151 ], [ 34.475706262000131, 31.473681960000192 ], [ 34.476495223000086, 31.474475610000127 ], [ 34.477205960000049, 31.475398286000086 ], [ 34.477864018000105, 31.476512514000092 ], [ 34.477990030000058, 31.477441934000069 ], [ 34.478471282999976, 31.477937616000077 ], [ 34.479592991000061, 31.478425895000044 ], [ 34.480621779000103, 31.478318526000123 ], [ 34.481759688000011, 31.478066672000068 ], [ 34.483410149000065, 31.478821732000029 ], [ 34.48492963700005, 31.479493743000091 ], [ 34.485701749000157, 31.479776258000129 ], [ 34.48662363800014, 31.480403670000157 ], [ 34.489051891000031, 31.482298496000112 ], [ 34.490188222000029, 31.483092003000138 ], [ 34.491245571000036, 31.484287656 ], [ 34.492283793000126, 31.485320109000099 ], [ 34.493773365000095, 31.48661279300012 ], [ 34.496911997000097, 31.48893247400008 ], [ 34.498726002000183, 31.490378948000057 ], [ 34.50169362400004, 31.492486186000122 ], [ 34.503976882000131, 31.494147936000161 ], [ 34.505647376000127, 31.495405526000127 ], [ 34.507902171000069, 31.497234048000053 ], [ 34.508830938000131, 31.497879465999972 ], [ 34.509773678000158, 31.498512837000078 ], [ 34.510595095000156, 31.49909356500018 ], [ 34.511058315000128, 31.499419021000108 ], [ 34.511379335000186, 31.49964315700015 ], [ 34.512495042000069, 31.500219575000074 ], [ 34.513304760000096, 31.500558911999974 ], [ 34.514175243000068, 31.500769674000026 ], [ 34.515393442000061, 31.500959092000073 ], [ 34.517162318000032, 31.501308738000034 ], [ 34.519600407000098, 31.501661602000127 ], [ 34.521403491000058, 31.501907127000095 ], [ 34.523175179000077, 31.502231005000056 ], [ 34.524617431000024, 31.50247556100004 ], [ 34.525363267000102, 31.502719650000074 ], [ 34.52613883700019, 31.503070323000031 ], [ 34.526848508000171, 31.503552100000036 ], [ 34.527732199000184, 31.504239136000024 ], [ 34.528610419000188, 31.504921901000102 ], [ 34.529671024000095, 31.50563161600013 ], [ 34.530395576000046, 31.506103019000136 ], [ 34.531273745000135, 31.506550155000184 ], [ 34.531724002000146, 31.506784764000145 ], [ 34.532905648000053, 31.507207240000128 ], [ 34.535015047000059, 31.50797959900018 ], [ 34.535966223000059, 31.508459285000072 ], [ 34.537513022000041, 31.509301786000037 ], [ 34.539897043000053, 31.510187307000024 ], [ 34.542273931000068, 31.510984454000038 ], [ 34.54407418500017, 31.511622513000134 ], [ 34.545622975000072, 31.512204198000063 ], [ 34.546373797, 31.512388438000187 ], [ 34.546905604000074, 31.512471654000137 ], [ 34.547367854000129, 31.512701023000034 ], [ 34.54804572200004, 31.513529501000164 ], [ 34.549227029000178, 31.514789940000128 ], [ 34.550527512000087, 31.516232090000074 ], [ 34.550864696000076, 31.516524312000058 ], [ 34.551464138000085, 31.516625286000078 ], [ 34.551800823000178, 31.516627024000059 ], [ 34.552650972000094, 31.516778213000066 ], [ 34.553280503000053, 31.516916416000186 ], [ 34.553823352000109, 31.517221156000176 ], [ 34.554288930000041, 31.517651520000072 ], [ 34.5546835990001, 31.518046190000064 ], [ 34.555105036999976, 31.518439492000084 ], [ 34.555101207000064, 31.518986680000069 ], [ 34.554816620000054, 31.519703320000019 ], [ 34.554573993000133, 31.520439134000185 ], [ 34.554715926000029, 31.521170108000092 ], [ 34.555098537000163, 31.522042505000059 ], [ 34.555627139000194, 31.522679100000062 ], [ 34.556801605000032, 31.523462221000102 ], [ 34.55777701400018, 31.524122733000013 ], [ 34.558607810000183, 31.524736007000172 ], [ 34.559051191000037, 31.525230130000068 ], [ 34.559270394000123, 31.525888119000115 ], [ 34.559267262000049, 31.526338332000137 ], [ 34.559441236000055, 31.527266036000128 ] ] ] ] } }
]
}
